{"credit":"Made with Blockbench","texture_size":[32,32],"textures":{"2":"mineinabyss:item/relics/spined_targe"},"elements":[{"name":"shield_cube","from":[7.25,4.83824,6.6868],"to":[8.75,7.08824,7.1868],"rotation":{"angle":22.5,"axis":"x","origin":[8,4,7.625]},"faces":{"north":{"uv":[3,4,4,5],"texture":"#2"},"east":{"uv":[8,8,8.5,9],"texture":"#2"},"south":{"uv":[4,4,5,5],"texture":"#2"},"west":{"uv":[0,8.5,0.5,9.5],"texture":"#2"},"up":{"uv":[1.5,9,0.5,8.5],"texture":"#2"},"down":{"uv":[9.5,0.5,8.5,1],"texture":"#2"}}},{"name":"shield_cube","from":[4.91176,3.25,6.6868],"to":[7.16176,4.75,7.1868],"rotation":{"angle":22.5,"axis":"y","origin":[8,4,7.625]},"faces":{"north":{"uv":[4.5,2,5.5,3],"texture":"#2"},"east":{"uv":[3.5,8.5,4,9.5],"texture":"#2"},"south":{"uv":[4.5,3,5.5,4],"texture":"#2"},"west":{"uv":[4,8.5,4.5,9.5],"texture":"#2"},"up":{"uv":[9.5,3.5,8.5,3],"texture":"#2"},"down":{"uv":[5.5,8.5,4.5,9],"texture":"#2"}}},{"name":"shield_cube","from":[7.25,0.91176,6.6868],"to":[8.75,3.16176,7.1868],"rotation":{"angle":-22.5,"axis":"x","origin":[8,4,7.625]},"faces":{"north":{"uv":[4.5,0,5.5,1],"texture":"#2"},"east":{"uv":[1.5,8.5,2,9.5],"texture":"#2"},"south":{"uv":[4.5,1,5.5,2],"texture":"#2"},"west":{"uv":[2,8.5,2.5,9.5],"texture":"#2"},"up":{"uv":[9.5,1.5,8.5,1],"texture":"#2"},"down":{"uv":[3.5,8.5,2.5,9],"texture":"#2"}}},{"name":"shield_cube","from":[8.83824,3.25,6.6868],"to":[11.08824,4.75,7.1868],"rotation":{"angle":-22.5,"axis":"y","origin":[8,4,7.625]},"faces":{"north":{"uv":[1.5,0,2.5,1],"texture":"#2"},"east":{"uv":[6,8,6.5,9],"texture":"#2"},"south":{"uv":[1.5,1,2.5,2],"texture":"#2"},"west":{"uv":[6.5,8,7,9],"texture":"#2"},"up":{"uv":[9,5.5,8,5],"texture":"#2"},"down":{"uv":[8,8,7,8.5],"texture":"#2"}}},{"name":"shield_cube","from":[6.5,6.75,7.75],"to":[7.25,7.75,8],"rotation":{"angle":0,"axis":"y","origin":[0,4,2]},"faces":{"north":{"uv":[6.5,11,7,11.5],"texture":"#2"},"east":{"uv":[7,11,7.5,11.5],"texture":"#2"},"south":{"uv":[7.5,11,8,11.5],"texture":"#2"},"west":{"uv":[11,7.5,11.5,8],"texture":"#2"},"up":{"uv":[8.5,11.5,8,11],"texture":"#2"},"down":{"uv":[9,11,8.5,11.5],"texture":"#2"}}},{"name":"shield_cube","from":[4.25,2.5,7.75],"to":[5.25,3.25,8],"rotation":{"angle":0,"axis":"y","origin":[8,4,7.875]},"faces":{"north":{"uv":[11.5,6,12,6.5],"texture":"#2"},"east":{"uv":[6.5,11.5,7,12],"texture":"#2"},"south":{"uv":[11.5,6.5,12,7],"texture":"#2"},"west":{"uv":[7,11.5,7.5,12],"texture":"#2"},"up":{"uv":[12,7.5,11.5,7],"texture":"#2"},"down":{"uv":[8,11.5,7.5,12],"texture":"#2"}}},{"name":"shield_cube","from":[6.5,0.25,7.75],"to":[7.25,1.25,8],"rotation":{"angle":0,"axis":"y","origin":[0,4,2]},"faces":{"north":{"uv":[11.5,1,12,1.5],"texture":"#2"},"east":{"uv":[1.5,11.5,2,12],"texture":"#2"},"south":{"uv":[2,11.5,2.5,12],"texture":"#2"},"west":{"uv":[2.5,11.5,3,12],"texture":"#2"},"up":{"uv":[12,3,11.5,2.5],"texture":"#2"},"down":{"uv":[3.5,11.5,3,12],"texture":"#2"}}},{"name":"shield_cube","from":[10.75,2.5,7.75],"to":[11.75,3.25,8],"rotation":{"angle":0,"axis":"y","origin":[8,4,7.875]},"faces":{"north":{"uv":[11.5,4.5,12,5],"texture":"#2"},"east":{"uv":[5,11.5,5.5,12],"texture":"#2"},"south":{"uv":[11.5,5,12,5.5],"texture":"#2"},"west":{"uv":[5.5,11.5,6,12],"texture":"#2"},"up":{"uv":[12,6,11.5,5.5],"texture":"#2"},"down":{"uv":[6.5,11.5,6,12],"texture":"#2"}}},{"name":"shield_cube","from":[8.75,6.75,7.75],"to":[9.5,7.75,8],"rotation":{"angle":0,"axis":"y","origin":[16,4,2]},"faces":{"north":{"uv":[9,11,9.5,11.5],"texture":"#2"},"east":{"uv":[9.5,11,10,11.5],"texture":"#2"},"south":{"uv":[10,11,10.5,11.5],"texture":"#2"},"west":{"uv":[11,10,11.5,10.5],"texture":"#2"},"up":{"uv":[11,11.5,10.5,11],"texture":"#2"},"down":{"uv":[11.5,10.5,11,11],"texture":"#2"}}},{"name":"shield_cube","from":[4.25,4.75,7.75],"to":[5.25,5.5,8],"rotation":{"angle":0,"axis":"y","origin":[8,4,7.875]},"faces":{"north":{"uv":[11.5,7.5,12,8],"texture":"#2"},"east":{"uv":[8,11.5,8.5,12],"texture":"#2"},"south":{"uv":[11.5,8,12,8.5],"texture":"#2"},"west":{"uv":[8.5,11.5,9,12],"texture":"#2"},"up":{"uv":[12,9,11.5,8.5],"texture":"#2"},"down":{"uv":[9.5,11.5,9,12],"texture":"#2"}}},{"name":"shield_cube","from":[8.75,0.25,7.75],"to":[9.5,1.25,8],"rotation":{"angle":0,"axis":"y","origin":[9.125,0.75,7.875]},"faces":{"north":{"uv":[11,11,11.5,11.5],"texture":"#2"},"east":{"uv":[0,11.5,0.5,12],"texture":"#2"},"south":{"uv":[11.5,0,12,0.5],"texture":"#2"},"west":{"uv":[0.5,11.5,1,12],"texture":"#2"},"up":{"uv":[12,1,11.5,0.5],"texture":"#2"},"down":{"uv":[1.5,11.5,1,12],"texture":"#2"}}},{"name":"shield_cube","from":[11.8,1.35,7.15],"to":[12.05,2.35,7.9],"rotation":{"angle":-22.5,"axis":"z","origin":[12.125,1.75,7.525]},"faces":{"north":{"uv":[0.5,11.5,1,12],"texture":"#2"},"east":{"uv":[11,11,11.5,11.5],"texture":"#2"},"south":{"uv":[0,11.5,0.5,12],"texture":"#2"},"west":{"uv":[11.5,0,12,0.5],"texture":"#2"},"up":{"uv":[12,1,11.5,0.5],"rotation":90,"texture":"#2"},"down":{"uv":[1.5,11.5,1,12],"rotation":270,"texture":"#2"}}},{"name":"shield_cube","from":[11.8,5.6,7.15],"to":[12.05,6.6,7.9],"rotation":{"angle":22.5,"axis":"z","origin":[11.925,6.1,7.525]},"faces":{"north":{"uv":[0.5,11.5,1,12],"texture":"#2"},"east":{"uv":[11,11,11.5,11.5],"texture":"#2"},"south":{"uv":[0,11.5,0.5,12],"texture":"#2"},"west":{"uv":[11.5,0,12,0.5],"texture":"#2"},"up":{"uv":[12,1,11.5,0.5],"rotation":90,"texture":"#2"},"down":{"uv":[1.5,11.5,1,12],"rotation":270,"texture":"#2"}}},{"name":"shield_cube","from":[8.15,3.5,5.15],"to":[8.9,4.5,5.4],"rotation":{"angle":-22.5,"axis":"y","origin":[8.925,4,5.525]},"faces":{"north":{"uv":[11,11,11.5,11.5],"texture":"#2"},"east":{"uv":[0,11.5,0.5,12],"texture":"#2"},"south":{"uv":[11.5,0,12,0.5],"texture":"#2"},"west":{"uv":[0.5,11.5,1,12],"texture":"#2"},"up":{"uv":[12,1,11.5,0.5],"texture":"#2"},"down":{"uv":[1.5,11.5,1,12],"texture":"#2"}}},{"name":"shield_cube","from":[10.75,4.75,7.75],"to":[11.75,5.5,8],"rotation":{"angle":0,"axis":"y","origin":[8,4,7.875]},"faces":{"north":{"uv":[11.5,3,12,3.5],"texture":"#2"},"east":{"uv":[3.5,11.5,4,12],"texture":"#2"},"south":{"uv":[11.5,3.5,12,4],"texture":"#2"},"west":{"uv":[4,11.5,4.5,12],"texture":"#2"},"up":{"uv":[12,4.5,11.5,4],"texture":"#2"},"down":{"uv":[5,11.5,4.5,12],"texture":"#2"}}},{"name":"shield_cube","from":[5.25,4.75,7.75],"to":[7.25,6.75,8],"rotation":{"angle":0,"axis":"y","origin":[0,4,2]},"faces":{"north":{"uv":[5.5,1,6.5,2],"texture":"#2"},"east":{"uv":[0,9.5,0.5,10.5],"texture":"#2"},"south":{"uv":[5.5,2,6.5,3],"texture":"#2"},"west":{"uv":[9.5,0,10,1],"texture":"#2"},"up":{"uv":[10,8,9,7.5],"texture":"#2"},"down":{"uv":[10.5,1,9.5,1.5],"texture":"#2"}}},{"name":"shield_cube","from":[8.75,4.75,7.75],"to":[10.75,6.75,8],"rotation":{"angle":0,"axis":"y","origin":[0,4,2]},"faces":{"north":{"uv":[0,5,1,6],"texture":"#2"},"east":{"uv":[5.5,8.5,6,9.5],"texture":"#2"},"south":{"uv":[3,5,4,6],"texture":"#2"},"west":{"uv":[7,8.5,7.5,9.5],"texture":"#2"},"up":{"uv":[9.5,8.5,8.5,8],"texture":"#2"},"down":{"uv":[9.5,8.5,8.5,9],"texture":"#2"}}},{"name":"shield_cube","from":[8.75,1.25,7.75],"to":[10.75,3.25,8],"rotation":{"angle":0,"axis":"y","origin":[0,4,2]},"faces":{"north":{"uv":[4,5,5,6],"texture":"#2"},"east":{"uv":[7.5,8.5,8,9.5],"texture":"#2"},"south":{"uv":[5,4,6,5],"texture":"#2"},"west":{"uv":[0.5,9,1,10],"texture":"#2"},"up":{"uv":[3.5,9.5,2.5,9],"texture":"#2"},"down":{"uv":[5.5,9,4.5,9.5],"texture":"#2"}}},{"name":"shield_cube","from":[5.25,1.25,7.75],"to":[7.25,3.25,8],"rotation":{"angle":0,"axis":"y","origin":[0,4,2]},"faces":{"north":{"uv":[5,5,6,6],"texture":"#2"},"east":{"uv":[1,9,1.5,10],"texture":"#2"},"south":{"uv":[5.5,0,6.5,1],"texture":"#2"},"west":{"uv":[9,5,9.5,6],"texture":"#2"},"up":{"uv":[7,9.5,6,9],"texture":"#2"},"down":{"uv":[10,6,9,6.5],"texture":"#2"}}},{"name":"shield_cube","from":[6.68934,3.33579,7.5],"to":[7.68934,5.33579,7.75],"rotation":{"angle":-45,"axis":"z","origin":[8,5.14645,7.625]},"faces":{"north":{"uv":[9,6.5,9.5,7.5],"texture":"#2"},"east":{"uv":[8,9,8.5,10],"texture":"#2"},"south":{"uv":[8.5,9,9,10],"texture":"#2"},"west":{"uv":[9,9,9.5,10],"texture":"#2"},"up":{"uv":[12,9.5,11.5,9],"texture":"#2"},"down":{"uv":[10,11.5,9.5,12],"texture":"#2"}}},{"name":"shield_cube","from":[8.31066,2.95711,7.5],"to":[9.31066,4.95711,7.75],"rotation":{"angle":-45,"axis":"z","origin":[8,3.14645,7.625]},"faces":{"north":{"uv":[4,9.5,4.5,10.5],"texture":"#2"},"east":{"uv":[4.5,9.5,5,10.5],"texture":"#2"},"south":{"uv":[9.5,4.5,10,5.5],"texture":"#2"},"west":{"uv":[5,9.5,5.5,10.5],"texture":"#2"},"up":{"uv":[12,11,11.5,10.5],"texture":"#2"},"down":{"uv":[11.5,11.5,11,12],"texture":"#2"}}},{"name":"shield_cube","from":[8.31066,3.33579,7.5],"to":[9.31066,5.33579,7.75],"rotation":{"angle":45,"axis":"z","origin":[8,5.14645,7.625]},"faces":{"north":{"uv":[1.5,9.5,2,10.5],"texture":"#2"},"east":{"uv":[9.5,1.5,10,2.5],"texture":"#2"},"south":{"uv":[2,9.5,2.5,10.5],"texture":"#2"},"west":{"uv":[2.5,9.5,3,10.5],"texture":"#2"},"up":{"uv":[12,10,11.5,9.5],"texture":"#2"},"down":{"uv":[10.5,11.5,10,12],"texture":"#2"}}},{"name":"shield_cube","from":[6.68934,2.95711,7.5],"to":[7.68934,4.95711,7.75],"rotation":{"angle":45,"axis":"z","origin":[8,3.14645,7.625]},"faces":{"north":{"uv":[9.5,2.5,10,3.5],"texture":"#2"},"east":{"uv":[3,9.5,3.5,10.5],"texture":"#2"},"south":{"uv":[3.5,9.5,4,10.5],"texture":"#2"},"west":{"uv":[9.5,3.5,10,4.5],"texture":"#2"},"up":{"uv":[12,10.5,11.5,10],"texture":"#2"},"down":{"uv":[11,11.5,10.5,12],"texture":"#2"}}},{"name":"shield_cube","from":[6.75,2.75,7],"to":[9.25,5.25,7.5],"rotation":{"angle":45,"axis":"z","origin":[8,4,7.25]},"faces":{"north":{"uv":[0,0,1.5,1.5],"texture":"#2"},"east":{"uv":[6,6.5,6.5,8],"texture":"#2"},"south":{"uv":[0,1.5,1.5,3],"texture":"#2"},"west":{"uv":[6.5,6.5,7,8],"texture":"#2"},"up":{"uv":[8,4,6.5,3.5],"texture":"#2"},"down":{"uv":[1.5,7,0,7.5],"texture":"#2"}}},{"name":"shield_cube","from":[7.25,3.25,6.75],"to":[8.75,4.75,7],"rotation":{"angle":45,"axis":"z","origin":[8,4,6.5]},"faces":{"north":{"uv":[5.5,3,6.5,4],"texture":"#2"},"east":{"uv":[5.5,9.5,6,10.5],"texture":"#2"},"south":{"uv":[0,6,1,7],"texture":"#2"},"west":{"uv":[6,9.5,6.5,10.5],"texture":"#2"},"up":{"uv":[10.5,6,9.5,5.5],"texture":"#2"},"down":{"uv":[7.5,9.5,6.5,10],"texture":"#2"}}},{"name":"shield_cube","from":[10.25,4.9,7],"to":[12,6.1,8],"rotation":{"angle":22.5,"axis":"z","origin":[10.52083,5.52946,7.64583]},"faces":{"north":{"uv":[9.5,6.5,10.5,7],"texture":"#2"},"east":{"uv":[11.5,11,12,11.5],"texture":"#2"},"south":{"uv":[9.5,7,10.5,7.5],"texture":"#2"},"west":{"uv":[11.5,11.5,12,12],"texture":"#2"},"up":{"uv":[10.5,8.5,9.5,8],"texture":"#2"},"down":{"uv":[10.5,8.5,9.5,9],"texture":"#2"}}},{"name":"shield_cube","from":[7.975,3.4,5.66667],"to":[9.05,4.6,7.41667],"rotation":{"angle":-22.5,"axis":"y","origin":[9.52083,2.4878,5.64583]},"faces":{"north":{"uv":[0,12,0.5,12.5],"texture":"#2"},"east":{"uv":[9.5,9,10.5,9.5],"texture":"#2"},"south":{"uv":[12,0,12.5,0.5],"texture":"#2"},"west":{"uv":[9.5,9.5,10.5,10],"texture":"#2"},"up":{"uv":[8,10.5,7.5,9.5],"texture":"#2"},"down":{"uv":[10.5,0,10,1],"texture":"#2"}}},{"name":"shield_cube","from":[10.25,1.9,7],"to":[12,3.1,8],"rotation":{"angle":-22.5,"axis":"z","origin":[10.52083,2.4878,7.64583]},"faces":{"north":{"uv":[1,11,2,11.5],"texture":"#2"},"east":{"uv":[12.5,3,13,3.5],"texture":"#2"},"south":{"uv":[11,1.5,12,2],"texture":"#2"},"west":{"uv":[3.5,12.5,4,13],"texture":"#2"},"up":{"uv":[3,11.5,2,11],"texture":"#2"},"down":{"uv":[12,2,11,2.5],"texture":"#2"}}},{"name":"shield_cube","from":[9.25,2.25,6.75],"to":[10.75,2.75,7.5],"rotation":{"angle":22.5,"axis":"y","origin":[10.5,2.5,7.25]},"faces":{"north":{"uv":[0.5,10,1.5,10.5],"texture":"#2"},"east":{"uv":[0.5,12,1,12.5],"texture":"#2"},"south":{"uv":[10,1.5,11,2],"texture":"#2"},"west":{"uv":[12,0.5,12.5,1],"texture":"#2"},"up":{"uv":[11,2.5,10,2],"texture":"#2"},"down":{"uv":[11,2.5,10,3],"texture":"#2"}}},{"name":"shield_cube","from":[6.36758,3.75,6.07063],"to":[8.36758,4.25,6.82063],"rotation":{"angle":45,"axis":"y","origin":[7.49258,4,6.19563]},"faces":{"north":{"uv":[4,10.5,5,11],"texture":"#2"},"east":{"uv":[11.5,12,12,12.5],"texture":"#2"},"south":{"uv":[5,10.5,6,11],"texture":"#2"},"west":{"uv":[12,11.5,12.5,12],"texture":"#2"},"up":{"uv":[11.5,6,10.5,5.5],"texture":"#2"},"down":{"uv":[11.5,6.5,10.5,7],"texture":"#2"}}},{"name":"shield_cube","from":[9.25,5.25,6.75],"to":[10.75,5.75,7.5],"rotation":{"angle":22.5,"axis":"y","origin":[10.5,3,7.25]},"faces":{"north":{"uv":[10,3,11,3.5],"texture":"#2"},"east":{"uv":[1,12,1.5,12.5],"texture":"#2"},"south":{"uv":[10,3.5,11,4],"texture":"#2"},"west":{"uv":[12,1,12.5,1.5],"texture":"#2"},"up":{"uv":[11,4.5,10,4],"texture":"#2"},"down":{"uv":[11,4.5,10,5],"texture":"#2"}}},{"name":"shield_cube","from":[8.75,5.25,7.25],"to":[9.5,5.75,7.75],"rotation":{"angle":0,"axis":"y","origin":[0,4,2]},"faces":{"north":{"uv":[1.5,12,2,12.5],"texture":"#2"},"east":{"uv":[12,1.5,12.5,2],"texture":"#2"},"south":{"uv":[2,12,2.5,12.5],"texture":"#2"},"west":{"uv":[12,2,12.5,2.5],"texture":"#2"},"up":{"uv":[3,12.5,2.5,12],"texture":"#2"},"down":{"uv":[12.5,2.5,12,3],"texture":"#2"}}},{"name":"shield_cube","from":[8.75,2.25,7.25],"to":[9.5,2.75,7.75],"rotation":{"angle":0,"axis":"y","origin":[0,4,2]},"faces":{"north":{"uv":[3,12,3.5,12.5],"texture":"#2"},"east":{"uv":[12,3,12.5,3.5],"texture":"#2"},"south":{"uv":[3.5,12,4,12.5],"texture":"#2"},"west":{"uv":[12,3.5,12.5,4],"texture":"#2"},"up":{"uv":[4.5,12.5,4,12],"texture":"#2"},"down":{"uv":[12.5,4,12,4.5],"texture":"#2"}}},{"name":"shield_cube","from":[7.5,5.25,8],"to":[8.5,5.75,9],"rotation":{"angle":22.5,"axis":"x","origin":[8,6.25,9.125]},"faces":{"north":{"uv":[12.5,3.5,13,4],"texture":"#2"},"east":{"uv":[4,12.5,4.5,13],"texture":"#2"},"south":{"uv":[12.5,4,13,4.5],"texture":"#2"},"west":{"uv":[4.5,12.5,5,13],"texture":"#2"},"up":{"uv":[13,5,12.5,4.5],"texture":"#2"},"down":{"uv":[5.5,12.5,5,13],"texture":"#2"}}},{"name":"shield_cube","from":[7.5,1.79627,7.76056],"to":[8.5,2.29627,8.76056],"rotation":{"angle":-22.5,"axis":"x","origin":[8,2.04627,8.26056]},"faces":{"north":{"uv":[12.5,5.5,13,6],"texture":"#2"},"east":{"uv":[6,12.5,6.5,13],"texture":"#2"},"south":{"uv":[12.5,6,13,6.5],"texture":"#2"},"west":{"uv":[6.5,12.5,7,13],"texture":"#2"},"up":{"uv":[13,7,12.5,6.5],"texture":"#2"},"down":{"uv":[7.5,12.5,7,13],"texture":"#2"}}},{"name":"shield_cube","from":[7.75,2.25,8.25],"to":[8.25,5.75,8.75],"rotation":{"angle":0,"axis":"y","origin":[8,4,8.625]},"faces":{"north":{"uv":[1,5,1.5,7],"texture":"#2"},"east":{"uv":[1.5,6,2,8],"texture":"#2"},"south":{"uv":[2,6,2.5,8],"texture":"#2"},"west":{"uv":[2.5,6,3,8],"texture":"#2"},"up":{"uv":[13,5.5,12.5,5],"texture":"#2"},"down":{"uv":[6,12.5,5.5,13],"texture":"#2"}}},{"name":"shield_cube","from":[6.5,0,8],"to":[9.5,1,8.25],"rotation":{"angle":0,"axis":"y","origin":[8,4,8.125]},"faces":{"north":{"uv":[3,6,4.5,6.5],"texture":"#2"},"east":{"uv":[6,10.5,6.5,11],"texture":"#2"},"south":{"uv":[6,4,7.5,4.5],"texture":"#2"},"west":{"uv":[8.5,10.5,9,11],"texture":"#2"},"up":{"uv":[6,6.5,4.5,6],"texture":"#2"},"down":{"uv":[7.5,4.5,6,5],"texture":"#2"}}},{"name":"shield_cube","from":[11,2.5,8],"to":[12,5.5,8.25],"rotation":{"angle":0,"axis":"y","origin":[8,4,8.125]},"faces":{"north":{"uv":[6.5,0.5,7,2],"texture":"#2"},"east":{"uv":[6.5,2,7,3.5],"texture":"#2"},"south":{"uv":[3,6.5,3.5,8],"texture":"#2"},"west":{"uv":[3.5,6.5,4,8],"texture":"#2"},"up":{"uv":[11.5,3.5,11,3],"texture":"#2"},"down":{"uv":[4,11,3.5,11.5],"texture":"#2"}}},{"name":"shield_cube","from":[11,2.25,8],"to":[12,5.75,8.25],"rotation":{"angle":45,"axis":"z","origin":[8,4,8.125]},"faces":{"north":{"uv":[1.5,2,2,4],"texture":"#2"},"east":{"uv":[2,2,2.5,4],"texture":"#2"},"south":{"uv":[2.5,0,3,2],"texture":"#2"},"west":{"uv":[2.5,2,3,4],"texture":"#2"},"up":{"uv":[11.5,4.5,11,4],"texture":"#2"},"down":{"uv":[5,11,4.5,11.5],"texture":"#2"}}},{"name":"shield_cube","from":[11,2.25,8],"to":[12,5.75,8.25],"rotation":{"angle":-45,"axis":"z","origin":[8,4,8.125]},"faces":{"north":{"uv":[3,2,3.5,4],"texture":"#2"},"east":{"uv":[3.5,0,4,2],"texture":"#2"},"south":{"uv":[3.5,2,4,4],"texture":"#2"},"west":{"uv":[4,0,4.5,2],"texture":"#2"},"up":{"uv":[11.5,5.5,11,5],"texture":"#2"},"down":{"uv":[6,11,5.5,11.5],"texture":"#2"}}},{"name":"shield_cube","from":[6.5,7,8],"to":[9.5,8,8.25],"rotation":{"angle":0,"axis":"y","origin":[8,4,8.125]},"faces":{"north":{"uv":[6,5,7.5,5.5],"texture":"#2"},"east":{"uv":[11,2.5,11.5,3],"texture":"#2"},"south":{"uv":[6,5.5,7.5,6],"texture":"#2"},"west":{"uv":[3,11,3.5,11.5],"texture":"#2"},"up":{"uv":[7.5,6.5,6,6],"texture":"#2"},"down":{"uv":[8,0,6.5,0.5],"texture":"#2"}}},{"name":"shield_cube","from":[4,2.5,8],"to":[5,5.5,8.25],"rotation":{"angle":0,"axis":"y","origin":[8,4,8.125]},"faces":{"north":{"uv":[4,6.5,4.5,8],"texture":"#2"},"east":{"uv":[4.5,6.5,5,8],"texture":"#2"},"south":{"uv":[5,6.5,5.5,8],"texture":"#2"},"west":{"uv":[5.5,6.5,6,8],"texture":"#2"},"up":{"uv":[11.5,4,11,3.5],"texture":"#2"},"down":{"uv":[4.5,11,4,11.5],"texture":"#2"}}},{"name":"shield_cube","from":[4,2.25,8],"to":[5,5.75,8.25],"rotation":{"angle":45,"axis":"z","origin":[8,4,8.125]},"faces":{"north":{"uv":[0,3,0.5,5],"texture":"#2"},"east":{"uv":[3,0,3.5,2],"texture":"#2"},"south":{"uv":[0.5,3,1,5],"texture":"#2"},"west":{"uv":[1,3,1.5,5],"texture":"#2"},"up":{"uv":[11.5,5,11,4.5],"texture":"#2"},"down":{"uv":[5.5,11,5,11.5],"texture":"#2"}}},{"name":"shield_cube","from":[4,2.25,8],"to":[5,5.75,8.25],"rotation":{"angle":-45,"axis":"z","origin":[8,4,8.125]},"faces":{"north":{"uv":[1.5,4,2,6],"texture":"#2"},"east":{"uv":[2,4,2.5,6],"texture":"#2"},"south":{"uv":[4,2,4.5,4],"texture":"#2"},"west":{"uv":[2.5,4,3,6],"texture":"#2"},"up":{"uv":[6.5,11.5,6,11],"texture":"#2"},"down":{"uv":[11.5,6,11,6.5],"texture":"#2"}}},{"name":"spine1_cube","from":[8.525,3.76036,-0.50833],"to":[8.775,4.01036,1.99167],"rotation":{"angle":-22.5,"axis":"y","origin":[9.52083,2.4878,5.64583]},"faces":{"north":{"uv":[4.5,12,5,12.5],"texture":"#2"},"east":{"uv":[7,0.5,8.5,1],"texture":"#2"},"south":{"uv":[12,4.5,12.5,5],"texture":"#2"},"west":{"uv":[7,1,8.5,1.5],"texture":"#2"},"up":{"uv":[7.5,3,7,1.5],"texture":"#2"},"down":{"uv":[7.5,6.5,7,8],"texture":"#2"}}},{"name":"spine1_cube","from":[8.275,3.76036,1.99167],"to":[8.775,4.26036,4.49167],"rotation":{"angle":-22.5,"axis":"y","origin":[9.52083,2.4878,5.64583]},"faces":{"north":{"uv":[5,12,5.5,12.5],"texture":"#2"},"east":{"uv":[7,3,8.5,3.5],"texture":"#2"},"south":{"uv":[12,5,12.5,5.5],"texture":"#2"},"west":{"uv":[0,7.5,1.5,8],"texture":"#2"},"up":{"uv":[8,3,7.5,1.5],"texture":"#2"},"down":{"uv":[8,4,7.5,5.5],"texture":"#2"}}},{"name":"spine1_cube","from":[8.275,3.61036,4.49167],"to":[8.775,4.41036,5.74167],"rotation":{"angle":-22.5,"axis":"y","origin":[9.52083,2.4878,5.64583]},"faces":{"north":{"uv":[5.5,12,6,12.5],"texture":"#2"},"east":{"uv":[12,5.5,12.5,6],"texture":"#2"},"south":{"uv":[6,12,6.5,12.5],"texture":"#2"},"west":{"uv":[12,6,12.5,6.5],"texture":"#2"},"up":{"uv":[7,12.5,6.5,12],"texture":"#2"},"down":{"uv":[12.5,6.5,12,7],"texture":"#2"}}},{"name":"spine1_cube","from":[8.725,4.01036,3.49167],"to":[8.925,4.26036,5.74167],"rotation":{"angle":-22.5,"axis":"y","origin":[9.52083,2.4878,5.64583]},"faces":{"north":{"uv":[7,12,7.5,12.5],"texture":"#2"},"east":{"uv":[10,5,11,5.5],"texture":"#2"},"south":{"uv":[12,7,12.5,7.5],"texture":"#2"},"west":{"uv":[10,6,11,6.5],"texture":"#2"},"up":{"uv":[7,11,6.5,10],"texture":"#2"},"down":{"uv":[7.5,10,7,11],"texture":"#2"}}},{"name":"spine1_cube","from":[8.125,3.76036,3.49167],"to":[8.325,4.01036,5.74167],"rotation":{"angle":-22.5,"axis":"y","origin":[9.52083,2.4878,5.64583]},"faces":{"north":{"uv":[7.5,12,8,12.5],"texture":"#2"},"east":{"uv":[10,7.5,11,8],"texture":"#2"},"south":{"uv":[12,7.5,12.5,8],"texture":"#2"},"west":{"uv":[8,10,9,10.5],"texture":"#2"},"up":{"uv":[9.5,11,9,10],"texture":"#2"},"down":{"uv":[10,10,9.5,11],"texture":"#2"}}},{"name":"spine2_cube","from":[15.675,5.51036,7.55],"to":[18.175,5.76036,7.8],"rotation":{"angle":22.5,"axis":"z","origin":[10.52083,5.52946,7.64583]},"faces":{"north":{"uv":[7.5,5.5,9,6],"texture":"#2"},"east":{"uv":[8,12,8.5,12.5],"texture":"#2"},"south":{"uv":[7.5,6,9,6.5],"texture":"#2"},"west":{"uv":[12,8,12.5,8.5],"texture":"#2"},"up":{"uv":[9,7,7.5,6.5],"texture":"#2"},"down":{"uv":[9,7,7.5,7.5],"texture":"#2"}}},{"name":"spine2_cube","from":[13.175,5.26036,7.3],"to":[15.675,5.76036,7.8],"rotation":{"angle":22.5,"axis":"z","origin":[10.52083,5.52946,7.64583]},"faces":{"north":{"uv":[7.5,7.5,9,8],"texture":"#2"},"east":{"uv":[8.5,12,9,12.5],"texture":"#2"},"south":{"uv":[0,8,1.5,8.5],"texture":"#2"},"west":{"uv":[12,8.5,12.5,9],"texture":"#2"},"up":{"uv":[9.5,0.5,8,0],"texture":"#2"},"down":{"uv":[3,8,1.5,8.5],"texture":"#2"}}},{"name":"spine2_cube","from":[11.925,5.11036,7.3],"to":[13.175,5.91036,7.8],"rotation":{"angle":22.5,"axis":"z","origin":[10.52083,5.52946,7.64583]},"faces":{"north":{"uv":[9,12,9.5,12.5],"texture":"#2"},"east":{"uv":[12,9,12.5,9.5],"texture":"#2"},"south":{"uv":[9.5,12,10,12.5],"texture":"#2"},"west":{"uv":[12,9.5,12.5,10],"texture":"#2"},"up":{"uv":[10.5,12.5,10,12],"texture":"#2"},"down":{"uv":[12.5,10,12,10.5],"texture":"#2"}}},{"name":"spine2_cube","from":[11.925,5.26036,7.75],"to":[14.175,5.51036,7.95],"rotation":{"angle":22.5,"axis":"z","origin":[10.52083,5.52946,7.64583]},"faces":{"north":{"uv":[10,10,11,10.5],"texture":"#2"},"east":{"uv":[10.5,12,11,12.5],"texture":"#2"},"south":{"uv":[0,10.5,1,11],"texture":"#2"},"west":{"uv":[12,10.5,12.5,11],"texture":"#2"},"up":{"uv":[11.5,0.5,10.5,0],"texture":"#2"},"down":{"uv":[11.5,0.5,10.5,1],"texture":"#2"}}},{"name":"spine2_cube","from":[11.925,5.51036,7.05],"to":[14.175,5.76036,7.35],"rotation":{"angle":22.5,"axis":"z","origin":[10.52083,5.52946,7.64583]},"faces":{"north":{"uv":[1,10.5,2,11],"texture":"#2"},"east":{"uv":[11,12,11.5,12.5],"texture":"#2"},"south":{"uv":[10.5,1,11.5,1.5],"texture":"#2"},"west":{"uv":[12,11,12.5,11.5],"texture":"#2"},"up":{"uv":[3,11,2,10.5],"texture":"#2"},"down":{"uv":[4,10.5,3,11],"texture":"#2"}}}],"display":{"thirdperson_righthand":{"rotation":[68,-28,-180],"translation":[1,-3,-5.5],"scale":[2,2,2]},"thirdperson_lefthand":{"rotation":[68,-28,0],"translation":[1,3.5,9],"scale":[2,2,2]},"firstperson_righthand":{"rotation":[34,-31,-180],"translation":[-1.5,-6.5,0],"scale":[2,2,2]},"firstperson_lefthand":{"rotation":[43,-31,7],"translation":[-0.5,7.5,9.75],"scale":[2,2,2]},"ground":{"rotation":[90,48,0],"translation":[0,4.5,8],"scale":[2,2,2]},"gui":{"rotation":[-40,-180,28],"translation":[5,0.75,0]},"fixed":{"translation":[-4.5,8,-2],"scale":[2,2,2]}},"groups":[{"name":"shield","origin":[8,8,8],"children":[0,1,2,3,4,5,6,7,8,9,10,11,12,13,14,15,16,17,18,19,20,21,22,23,24,25,26,27,28,29,30,31,32,33,34,35,36,37,38,39,40,41,42,43]},{"name":"spine1","origin":[8,0,4.5],"children":[44,45,46,47,48]},{"name":"spine2","origin":[8,0,4.5],"children":[49,50,51,52,53]}]}