{"providers":[{"type":"bitmap","file":"emotes:gifs/necoflap/1.png","ascent":9,"height":10,"chars":["\uebaf"]},{"type":"bitmap","file":"emotes:gifs/necoflap/2.png","ascent":9,"height":10,"chars":["\uebb0"]},{"type":"bitmap","file":"emotes:gifs/necoflap/3.png","ascent":9,"height":10,"chars":["\uebb1"]},{"type":"bitmap","file":"emotes:gifs/necoflap/4.png","ascent":9,"height":10,"chars":["\uebb2"]},{"type":"bitmap","file":"emotes:gifs/necoflap/5.png","ascent":9,"height":10,"chars":["\uebb3"]},{"type":"bitmap","file":"emotes:gifs/necoflap/6.png","ascent":9,"height":10,"chars":["\uebb4"]},{"type":"bitmap","file":"emotes:gifs/necoflap/7.png","ascent":9,"height":10,"chars":["\uebb5"]},{"type":"bitmap","file":"emotes:gifs/necoflap/8.png","ascent":9,"height":10,"chars":["\uebb6"]},{"type":"bitmap","file":"emotes:gifs/necoflap/9.png","ascent":9,"height":10,"chars":["\uebb7"]},{"type":"bitmap","file":"emotes:gifs/necoflap/10.png","ascent":9,"height":10,"chars":["\uebb8"]},{"type":"bitmap","file":"emotes:gifs/necoflap/11.png","ascent":9,"height":10,"chars":["\uebb9"]},{"type":"bitmap","file":"emotes:gifs/necoflap/12.png","ascent":9,"height":10,"chars":["\uebba"]}]}