{"providers":[{"type":"bitmap","file":"emotes:gifs/pepedance/1.png","ascent":9,"height":10,"chars":["\uebaf"]},{"type":"bitmap","file":"emotes:gifs/pepedance/2.png","ascent":9,"height":10,"chars":["\uebb0"]},{"type":"bitmap","file":"emotes:gifs/pepedance/3.png","ascent":9,"height":10,"chars":["\uebb1"]},{"type":"bitmap","file":"emotes:gifs/pepedance/4.png","ascent":9,"height":10,"chars":["\uebb2"]},{"type":"bitmap","file":"emotes:gifs/pepedance/5.png","ascent":9,"height":10,"chars":["\uebb3"]},{"type":"bitmap","file":"emotes:gifs/pepedance/6.png","ascent":9,"height":10,"chars":["\uebb4"]},{"type":"bitmap","file":"emotes:gifs/pepedance/7.png","ascent":9,"height":10,"chars":["\uebb5"]},{"type":"bitmap","file":"emotes:gifs/pepedance/8.png","ascent":9,"height":10,"chars":["\uebb6"]}]}