{"providers":[{"type":"bitmap","file":"emotes:gifs/rikopew/1.png","ascent":9,"height":10,"chars":["\uebaf"]},{"type":"bitmap","file":"emotes:gifs/rikopew/2.png","ascent":9,"height":10,"chars":["\uebb0"]},{"type":"bitmap","file":"emotes:gifs/rikopew/3.png","ascent":9,"height":10,"chars":["\uebb1"]},{"type":"bitmap","file":"emotes:gifs/rikopew/4.png","ascent":9,"height":10,"chars":["\uebb2"]},{"type":"bitmap","file":"emotes:gifs/rikopew/5.png","ascent":9,"height":10,"chars":["\uebb3"]},{"type":"bitmap","file":"emotes:gifs/rikopew/6.png","ascent":9,"height":10,"chars":["\uebb4"]}]}