{"credit":"Made with Blockbench","textures":{"0":"mineinabyss:tools/explosive_arrow","particle":"mineinabyss:tools/explosive_arrow"},"elements":[{"name":"body","from":[7.5,7.5,6],"to":[8.5,8.5,13],"faces":{"north":{"uv":[8,7,9,8],"texture":"#0"},"east":{"uv":[8,0,15,1],"texture":"#0"},"south":{"uv":[9,7,10,8],"texture":"#0"},"west":{"uv":[0,8,7,9],"texture":"#0"},"up":{"uv":[15,2,8,1],"rotation":270,"texture":"#0"},"down":{"uv":[15,2,8,3],"rotation":90,"texture":"#0"}}},{"name":"feather","from":[8,6,10],"to":[8,10,14],"faces":{"north":{"uv":[0,0,0,4],"texture":"#0"},"east":{"uv":[4,0,0,4],"texture":"#0"},"south":{"uv":[0,0,0,4],"texture":"#0"},"west":{"uv":[0,0,4,4],"texture":"#0"},"up":{"uv":[4,0,0,0],"rotation":270,"texture":"#0"},"down":{"uv":[4,0,0,0],"rotation":90,"texture":"#0"}}},{"name":"feather","from":[6,8,10],"to":[10,8,14],"faces":{"north":{"uv":[0,0,4,0],"texture":"#0"},"east":{"uv":[0,0,4,0],"texture":"#0"},"south":{"uv":[0,0,4,0],"texture":"#0"},"west":{"uv":[0,0,4,0],"texture":"#0"},"up":{"uv":[4,4,0,0],"rotation":270,"texture":"#0"},"down":{"uv":[4,0,0,4],"rotation":90,"texture":"#0"}}},{"name":"container","from":[7,7,3],"to":[9,9,6],"faces":{"north":{"uv":[3,9,5,11],"texture":"#0"},"east":{"uv":[8,5,11,7],"texture":"#0"},"south":{"uv":[5,9,7,11],"texture":"#0"},"west":{"uv":[8,3,11,5],"texture":"#0"},"up":{"uv":[10,10,7,8],"rotation":270,"texture":"#0"},"down":{"uv":[3,9,0,11],"rotation":90,"texture":"#0"}}},{"name":"marker","from":[7.05,7.05,5.65],"to":[8.95,8.95,6.55],"faces":{"north":{"uv":[7,10,9,12],"texture":"#0"},"east":{"uv":[6,6,7,8],"texture":"#0"},"south":{"uv":[4,6,6,8],"texture":"#0"},"west":{"uv":[6,6,7,8],"rotation":180,"texture":"#0"},"up":{"uv":[7,8,6,6],"rotation":90,"texture":"#0"},"down":{"uv":[7,6,6,8],"rotation":90,"texture":"#0"}}},{"name":"marker","from":[7.01,7.01,2.61],"to":[8.99,8.99,3.59],"faces":{"north":{"uv":[2,6,4,8],"texture":"#0"},"east":{"uv":[7,6,8,8],"texture":"#0"},"south":{"uv":[10,7,12,9],"texture":"#0"},"west":{"uv":[7,6,8,8],"rotation":180,"texture":"#0"},"up":{"uv":[8,8,7,6],"rotation":90,"texture":"#0"},"down":{"uv":[8,6,7,8],"rotation":90,"texture":"#0"}}},{"name":"nose","from":[7.1,7.1,1.2],"to":[8.9,8.9,7],"faces":{"north":{"uv":[11,3,13,5],"texture":"#0"},"east":{"uv":[4,11,6,13],"texture":"#0"},"south":{"uv":[11,5,13,7],"texture":"#0"},"west":{"uv":[2,11,4,13],"texture":"#0"},"up":{"uv":[13,11,11,9],"rotation":270,"texture":"#0"},"down":{"uv":[13,11,11,13],"rotation":90,"texture":"#0"}}},{"name":"tip","from":[7.3,7.3,0.2],"to":[8.7,8.7,1.6],"faces":{"north":{"uv":[12,7,14,9],"texture":"#0"},"east":{"uv":[8,12,10,14],"texture":"#0"},"south":{"uv":[0,13,2,15],"texture":"#0"},"west":{"uv":[6,12,8,14],"texture":"#0"},"up":{"uv":[4,15,2,13],"rotation":270,"texture":"#0"},"down":{"uv":[15,3,13,5],"rotation":90,"texture":"#0"}}}],"display":{"thirdperson_righthand":{"rotation":[90,0,0],"translation":[0,0,0.75],"scale":[0.7,0.7,0.7]},"thirdperson_lefthand":{"rotation":[90,0,0],"translation":[0,0,0.75],"scale":[0.7,0.7,0.7]},"firstperson_righthand":{"rotation":[75,0,0],"translation":[2.5,1.25,0],"scale":[0.7,0.7,0.7]},"firstperson_lefthand":{"rotation":[75,0,0],"translation":[2.5,1.25,0],"scale":[0.7,0.7,0.7]},"ground":{"rotation":[45,0,45],"translation":[0,2,0]},"gui":{"rotation":[90,-45,45],"translation":[-0.5,-0.5,0]},"head":{"rotation":[64,0,34.5],"translation":[0,-31.5,6.25]},"fixed":{"rotation":[90,45,0],"translation":[0,-0.75,-1]}}}