{"credit":"Made with Blockbench","textures":{"0":"mineinabyss:tools/netherite_tools","1":"mineinabyss:tools/wood_tools","particle":"mineinabyss:tools/netherite_tools"},"elements":[{"from":[5.44,21.755,6.405],"to":[10.56,26.875,11.525],"rotation":{"angle":0,"axis":"y","origin":[16.96,33.275,17.925]},"faces":{"north":{"uv":[0,5.5,6,11.5],"texture":"#0"},"east":{"uv":[0,5.5,6,11.5],"texture":"#0"},"south":{"uv":[0,5.5,6,11.5],"texture":"#0"},"west":{"uv":[0,5.5,6,11.5],"texture":"#0"},"up":{"uv":[0,5.5,6,11.5],"texture":"#0"},"down":{"uv":[0,5.5,6,11.5],"texture":"#0"}}},{"from":[4.8,23.035,7.685],"to":[11.2,25.595,10.245],"rotation":{"angle":0,"axis":"y","origin":[16.96,33.275,17.925]},"faces":{"north":{"uv":[0,6.5,3,9.5],"texture":"#0"},"east":{"uv":[0,6.5,3,9.5],"texture":"#0"},"south":{"uv":[0,6.5,3,9.5],"texture":"#0"},"west":{"uv":[0,6.5,3,9.5],"texture":"#0"},"up":{"uv":[0,6.5,3,9.5],"texture":"#0"},"down":{"uv":[0,6.5,3,9.5],"texture":"#0"}}},{"from":[3.8,24.035,8.685],"to":[12.2,24.595,9.245],"rotation":{"angle":0,"axis":"y","origin":[16.96,33.275,17.925]},"faces":{"north":{"uv":[7,0,7.5,0.5],"texture":"#0"},"east":{"uv":[7,0,7.5,0.5],"texture":"#0"},"south":{"uv":[7,0,7.5,0.5],"texture":"#0"},"west":{"uv":[7,0,7.5,0.5],"texture":"#0"},"up":{"uv":[7,0,7.5,0.5],"texture":"#0"},"down":{"uv":[7.5,0,8,0.5],"texture":"#0"}}},{"from":[-5.2,27.66,8.685],"to":[3.2,28.22,9.245],"rotation":{"angle":45,"axis":"z","origin":[7.96,36.9,17.925]},"faces":{"north":{"uv":[7,0,7.5,0.5],"texture":"#0"},"east":{"uv":[7,0,7.5,0.5],"texture":"#0"},"south":{"uv":[7,0,7.5,0.5],"texture":"#0"},"west":{"uv":[7,0,7.5,0.5],"texture":"#0"},"up":{"uv":[7,0,7.5,0.5],"texture":"#0"},"down":{"uv":[7.5,0,8,0.5],"texture":"#0"}}},{"from":[7.525,15.01,8.685],"to":[15.925,15.57,9.245],"rotation":{"angle":-45,"axis":"z","origin":[20.685,24.25,17.925]},"faces":{"north":{"uv":[7,0,7.5,0.5],"texture":"#0"},"east":{"uv":[7,0,7.5,0.5],"texture":"#0"},"south":{"uv":[7,0,7.5,0.5],"texture":"#0"},"west":{"uv":[7,0,7.5,0.5],"texture":"#0"},"up":{"uv":[7,0,7.5,0.5],"texture":"#0"},"down":{"uv":[7.5,0,8,0.5],"texture":"#0"}}},{"from":[6.72,23.035,5.765],"to":[9.28,25.595,12.165],"rotation":{"angle":0,"axis":"y","origin":[16.96,33.275,17.925]},"faces":{"north":{"uv":[0,6.5,3,9.5],"texture":"#0"},"east":{"uv":[0,6.5,3,9.5],"texture":"#0"},"south":{"uv":[0,6.5,3,9.5],"texture":"#0"},"west":{"uv":[0,6.5,3,9.5],"texture":"#0"},"up":{"uv":[0,6.5,3,9.5],"texture":"#0"},"down":{"uv":[0,6.5,3,9.5],"texture":"#0"}}},{"from":[7.72,24.035,4.765],"to":[8.28,24.595,13.165],"rotation":{"angle":0,"axis":"y","origin":[16.96,33.275,17.925]},"faces":{"north":{"uv":[7,0,7.5,0.5],"texture":"#0"},"east":{"uv":[7,0,7.5,0.5],"texture":"#0"},"south":{"uv":[7,0,7.5,0.5],"texture":"#0"},"west":{"uv":[7,0,7.5,0.5],"texture":"#0"},"up":{"uv":[7,0,7.5,0.5],"texture":"#0"},"down":{"uv":[7.5,0,8,0.5],"texture":"#0"}}},{"from":[7.72,27.735,-4.235],"to":[8.28,28.295,4.165],"rotation":{"angle":-45,"axis":"x","origin":[16.96,36.975,8.925]},"faces":{"north":{"uv":[7,0,7.5,0.5],"texture":"#0"},"east":{"uv":[7,0,7.5,0.5],"texture":"#0"},"south":{"uv":[7,0,7.5,0.5],"texture":"#0"},"west":{"uv":[7,0,7.5,0.5],"texture":"#0"},"up":{"uv":[7,0,7.5,0.5],"texture":"#0"},"down":{"uv":[7.5,0,8,0.5],"texture":"#0"}}},{"from":[7.72,27.735,-4.235],"to":[8.28,28.295,4.165],"rotation":{"angle":-45,"axis":"x","origin":[16.96,36.975,8.925]},"faces":{"north":{"uv":[7,0,7.5,0.5],"texture":"#0"},"east":{"uv":[7,0,7.5,0.5],"texture":"#0"},"south":{"uv":[7,0,7.5,0.5],"texture":"#0"},"west":{"uv":[7,0,7.5,0.5],"texture":"#0"},"up":{"uv":[7,0,7.5,0.5],"texture":"#0"},"down":{"uv":[7.5,0,8,0.5],"texture":"#0"}}},{"from":[7.72,14.785,8.515],"to":[8.28,15.345,16.915],"rotation":{"angle":45,"axis":"x","origin":[16.96,24.025,21.925]},"faces":{"north":{"uv":[7,0,7.5,0.5],"texture":"#0"},"east":{"uv":[7,0,7.5,0.5],"texture":"#0"},"south":{"uv":[7,0,7.5,0.5],"texture":"#0"},"west":{"uv":[7,0,7.5,0.5],"texture":"#0"},"up":{"uv":[7,0,7.5,0.5],"texture":"#0"},"down":{"uv":[7,0,7.5,0.5],"texture":"#0"}}},{"from":[6.72,21.115,7.685],"to":[9.28,27.515,10.245],"rotation":{"angle":0,"axis":"y","origin":[16.96,33.275,17.925]},"faces":{"north":{"uv":[0,6.5,3,9.5],"texture":"#0"},"east":{"uv":[0,6.5,3,9.5],"texture":"#0"},"south":{"uv":[0,6.5,3,9.5],"texture":"#0"},"west":{"uv":[0,6.5,3,9.5],"texture":"#0"},"up":{"uv":[0,6.5,3,9.5],"texture":"#0"},"down":{"uv":[0,6.5,3,9.5],"texture":"#0"}}},{"from":[7.72,27.515,8.685],"to":[8.28,28.265,9.245],"rotation":{"angle":0,"axis":"y","origin":[16.96,33.275,17.925]},"faces":{"north":{"uv":[7,0,7.5,0.5],"texture":"#0"},"east":{"uv":[7,0,7.5,0.5],"texture":"#0"},"south":{"uv":[7,0,7.5,0.5],"texture":"#0"},"west":{"uv":[7,0,7.5,0.5],"texture":"#0"},"up":{"uv":[7,0,7.5,0.5],"texture":"#0"},"down":{"uv":[7,0,7.5,0.5],"texture":"#0"}}},{"from":[7.25,19,8.25],"to":[8.75,21.5,9.75],"rotation":{"angle":0,"axis":"y","origin":[15,31,16]},"faces":{"north":{"uv":[0,4.5,2.5,8.5],"texture":"#0"},"east":{"uv":[0.5,4.5,3,8.5],"texture":"#0"},"south":{"uv":[0.5,4.5,3,8.5],"texture":"#0"},"west":{"uv":[2,4,4.5,8],"texture":"#0"},"up":{"uv":[0.5,4.5,3,8.5],"texture":"#0"},"down":{"uv":[0.5,4.5,3,8.5],"texture":"#0"}}},{"from":[7.25,-3.9,8.25],"to":[8.75,0.1,9.75],"rotation":{"angle":0,"axis":"y","origin":[15,9.6,16]},"faces":{"north":{"uv":[0.5,4.5,3,9.5],"texture":"#0"},"east":{"uv":[2.5,4.5,5,9.5],"texture":"#0"},"south":{"uv":[0.5,4.5,3,9.5],"texture":"#0"},"west":{"uv":[2.5,4.5,5,9.5],"texture":"#0"},"up":{"uv":[0,0,2.5,2.5],"texture":"#0"},"down":{"uv":[3.5,0,5.5,2.5],"texture":"#0"}}},{"from":[7.25,1.6,8.25],"to":[8.75,4.6,9.75],"rotation":{"angle":0,"axis":"y","origin":[15,15.1,16]},"faces":{"north":{"uv":[3.5,14,7.5,16],"rotation":90,"texture":"#0"},"east":{"uv":[7.5,13.5,11.5,16],"rotation":90,"texture":"#0"},"south":{"uv":[3.5,14,7.5,16],"rotation":90,"texture":"#0"},"west":{"uv":[7.5,13.5,11.5,16],"rotation":90,"texture":"#0"},"up":{"uv":[7.5,13.5,11.5,16],"rotation":90,"texture":"#0"},"down":{"uv":[7.5,13.5,11.5,16],"rotation":90,"texture":"#0"}}},{"from":[7.25,4.85,8.25],"to":[8.75,5.85,9.75],"rotation":{"angle":0,"axis":"y","origin":[15,18.35,16]},"faces":{"north":{"uv":[5.5,14,7.5,16],"rotation":90,"texture":"#0"},"east":{"uv":[7.5,13.5,9.5,16],"rotation":90,"texture":"#0"},"south":{"uv":[5.5,14,7.5,16],"rotation":90,"texture":"#0"},"west":{"uv":[7.5,13.5,9.5,16],"rotation":90,"texture":"#0"},"up":{"uv":[7.5,13.5,9.5,16],"rotation":90,"texture":"#0"},"down":{"uv":[7.5,13.5,9.5,16],"rotation":90,"texture":"#0"}}},{"from":[7.25,6.1,8.25],"to":[8.75,8.6,9.75],"rotation":{"angle":0,"axis":"y","origin":[15,19.6,16]},"faces":{"north":{"uv":[3.5,14,7.5,16],"rotation":90,"texture":"#0"},"east":{"uv":[7.5,13.5,11.5,16],"rotation":90,"texture":"#0"},"south":{"uv":[3.5,14,7.5,16],"rotation":90,"texture":"#0"},"west":{"uv":[7.5,13.5,11.5,16],"rotation":90,"texture":"#0"},"up":{"uv":[7.5,13.5,11.5,16],"rotation":90,"texture":"#0"},"down":{"uv":[7.5,13.5,11.5,16],"rotation":90,"texture":"#0"}}},{"from":[7.25,8.85,8.25],"to":[8.75,9.35,9.75],"rotation":{"angle":0,"axis":"y","origin":[15,22.35,16]},"faces":{"north":{"uv":[6.5,14,7.5,16],"rotation":90,"texture":"#0"},"east":{"uv":[7.5,13.5,8.5,16],"rotation":90,"texture":"#0"},"south":{"uv":[6.5,14,7.5,16],"rotation":90,"texture":"#0"},"west":{"uv":[7.5,13.5,8.5,16],"rotation":90,"texture":"#0"},"up":{"uv":[7.5,13.5,8.5,16],"rotation":90,"texture":"#0"},"down":{"uv":[7.5,13.5,8.5,16],"rotation":90,"texture":"#0"}}},{"from":[7.575,9.3,-5.6],"to":[7.775,9.8,-2.7],"rotation":{"angle":-45,"axis":"x","origin":[15.325,22.8,3.5]},"faces":{"north":{"uv":[8,11.5,10.9,12],"texture":"#0"},"east":{"uv":[8,11.5,10.9,12],"texture":"#0"},"south":{"uv":[8,11.5,10.9,12],"texture":"#0"},"west":{"uv":[8,11.5,10.9,12],"texture":"#0"},"up":{"uv":[8,11.5,10.9,12],"texture":"#0"},"down":{"uv":[8,11.5,10.9,12],"texture":"#0"}}},{"from":[8.475,3.175,-6.85],"to":[8.675,3.675,-2.7],"rotation":{"angle":-45,"axis":"x","origin":[16.225,16.675,3.5]},"faces":{"north":{"uv":[8,11.5,10.9,12],"texture":"#0"},"east":{"uv":[8,11.5,10.9,12],"texture":"#0"},"south":{"uv":[8,11.5,10.9,12],"texture":"#0"},"west":{"uv":[8,11.5,10.9,12],"texture":"#0"},"up":{"uv":[8,11.5,10.9,12],"texture":"#0"},"down":{"uv":[8,11.5,10.9,12],"texture":"#0"}}},{"from":[7.575,8.325,-6.8],"to":[7.775,8.875,-2.7],"rotation":{"angle":-45,"axis":"x","origin":[15.325,21.875,3.5]},"faces":{"north":{"uv":[8,11.5,10.9,12],"texture":"#0"},"east":{"uv":[8,11.5,10.9,12],"texture":"#0"},"south":{"uv":[8,11.5,10.9,12],"texture":"#0"},"west":{"uv":[8,11.5,10.9,12],"texture":"#0"},"up":{"uv":[8,11.5,10.9,12],"texture":"#0"},"down":{"uv":[8,11.5,10.9,12],"texture":"#0"}}},{"from":[8.475,1.85,-6.8],"to":[8.675,2.75,-2.5],"rotation":{"angle":-45,"axis":"x","origin":[16.225,15.75,3.5]},"faces":{"north":{"uv":[8,11.5,10.9,12],"texture":"#0"},"east":{"uv":[8,11.5,10.9,12],"texture":"#0"},"south":{"uv":[8,11.5,10.9,12],"texture":"#0"},"west":{"uv":[8,11.5,10.9,12],"texture":"#0"},"up":{"uv":[8,11.5,10.9,12],"texture":"#0"},"down":{"uv":[8,11.5,10.9,12],"texture":"#0"}}},{"from":[7.5,-0.25,8.3],"to":[8.5,19,9.675],"rotation":{"angle":0,"axis":"y","origin":[15,31,16]},"faces":{"north":{"uv":[3,0,5,16],"texture":"#1"},"east":{"uv":[1,0,3,16],"texture":"#1"},"south":{"uv":[4,0,6,16],"texture":"#1"},"west":{"uv":[0,0,2,16],"texture":"#1"},"up":{"uv":[0,0,2,16],"texture":"#1"},"down":{"uv":[0,0,2,16],"texture":"#1"}}},{"from":[7.25,15,8.5],"to":[8.75,19,9.5],"rotation":{"angle":0,"axis":"y","origin":[15,31,16]},"faces":{"north":{"uv":[0,5.5,2.5,11.5],"texture":"#0"},"east":{"uv":[0,5.5,2.5,11.5],"texture":"#0"},"south":{"uv":[0,5.5,2.5,11.5],"texture":"#0"},"west":{"uv":[0,5.5,2.5,11.5],"texture":"#0"},"up":{"uv":[0,5.5,2.5,11.5],"texture":"#0"},"down":{"uv":[0,5.5,2.5,11.5],"texture":"#0"}}},{"from":[7,17.25,8.75],"to":[9,17.75,9.25],"rotation":{"angle":0,"axis":"y","origin":[15,31,16]},"faces":{"north":{"uv":[3,8.5,3.5,9],"texture":"#0"},"east":{"uv":[6.5,0,7,0.5],"texture":"#0"},"south":{"uv":[3,8.5,3.5,9],"texture":"#0"},"west":{"uv":[6.5,0,7,0.5],"texture":"#0"},"up":{"uv":[3,8.5,3.5,9],"texture":"#0"},"down":{"uv":[1,12,1.5,12.5],"texture":"#0"}}},{"from":[7,15.75,8.75],"to":[9,16.25,9.25],"rotation":{"angle":0,"axis":"y","origin":[15,29.5,16]},"faces":{"north":{"uv":[2.5,9.5,3,10],"texture":"#0"},"east":{"uv":[6.5,0,7,0.5],"texture":"#0"},"south":{"uv":[2.5,9.5,3,10],"texture":"#0"},"west":{"uv":[6.5,0,7,0.5],"texture":"#0"},"up":{"uv":[2.5,9.5,3,10],"texture":"#0"},"down":{"uv":[1,12,1.5,12.5],"texture":"#0"}}},{"from":[7,18.5,8],"to":[9,19,10],"rotation":{"angle":0,"axis":"y","origin":[15,31,16]},"faces":{"north":{"uv":[0,5.5,5,7],"texture":"#0"},"east":{"uv":[0,5.5,5,7],"texture":"#0"},"south":{"uv":[0,5.5,5,7],"texture":"#0"},"west":{"uv":[0,5.5,5,7],"texture":"#0"},"up":{"uv":[0,5.5,5,7],"texture":"#0"},"down":{"uv":[0,12,1.5,13],"texture":"#0"}}},{"from":[7,-3.4,8],"to":[9,-2.4,10],"rotation":{"angle":0,"axis":"y","origin":[15,9.6,16]},"faces":{"north":{"uv":[1.5,7.5,3.5,8.5],"texture":"#0"},"east":{"uv":[0,7.5,2,8.5],"texture":"#0"},"south":{"uv":[0,7.5,2,8.5],"texture":"#0"},"west":{"uv":[0,7.5,2,8.5],"texture":"#0"},"up":{"uv":[0,7.5,2,8.5],"texture":"#0"},"down":{"uv":[1,1,3,3],"texture":"#0"}}}],"display":{"thirdperson_righthand":{"translation":[0,1.25,0.25]},"thirdperson_lefthand":{"translation":[0,-8,0]},"firstperson_righthand":{"rotation":[-17,0,0],"translation":[6.75,0.5,-5.75]},"firstperson_lefthand":{"rotation":[-17,0,0],"translation":[5.25,-12,-3.5]},"ground":{"rotation":[-58,17,-14],"translation":[0,3.5,0]},"gui":{"rotation":[-35,-23,-24],"translation":[-0.5,-2.5,0],"scale":[0.5,0.5,0.5]},"head":{"rotation":[-19.25,-153.75,-28.5],"translation":[0.25,-17.5,8.25],"scale":[2,2,2]},"fixed":{"rotation":[0,90,0],"translation":[-2.25,-8.5,-3.25],"scale":[2,2,2]}}}