{"providers":[{"type":"bitmap","file":"emotes:gifs/amogusdance/1.png","ascent":9,"height":10,"chars":["\uebaf"]},{"type":"bitmap","file":"emotes:gifs/amogusdance/2.png","ascent":9,"height":10,"chars":["\uebb0"]},{"type":"bitmap","file":"emotes:gifs/amogusdance/3.png","ascent":9,"height":10,"chars":["\uebb1"]},{"type":"bitmap","file":"emotes:gifs/amogusdance/4.png","ascent":9,"height":10,"chars":["\uebb2"]},{"type":"bitmap","file":"emotes:gifs/amogusdance/5.png","ascent":9,"height":10,"chars":["\uebb3"]},{"type":"bitmap","file":"emotes:gifs/amogusdance/6.png","ascent":9,"height":10,"chars":["\uebb4"]},{"type":"bitmap","file":"emotes:gifs/amogusdance/7.png","ascent":9,"height":10,"chars":["\uebb5"]},{"type":"bitmap","file":"emotes:gifs/amogusdance/8.png","ascent":9,"height":10,"chars":["\uebb6"]},{"type":"bitmap","file":"emotes:gifs/amogusdance/9.png","ascent":9,"height":10,"chars":["\uebb7"]},{"type":"bitmap","file":"emotes:gifs/amogusdance/10.png","ascent":9,"height":10,"chars":["\uebb8"]},{"type":"bitmap","file":"emotes:gifs/amogusdance/11.png","ascent":9,"height":10,"chars":["\uebb9"]},{"type":"bitmap","file":"emotes:gifs/amogusdance/12.png","ascent":9,"height":10,"chars":["\uebba"]},{"type":"bitmap","file":"emotes:gifs/amogusdance/13.png","ascent":9,"height":10,"chars":["\uebbb"]},{"type":"bitmap","file":"emotes:gifs/amogusdance/14.png","ascent":9,"height":10,"chars":["\uebbc"]},{"type":"bitmap","file":"emotes:gifs/amogusdance/15.png","ascent":9,"height":10,"chars":["\uebbd"]},{"type":"bitmap","file":"emotes:gifs/amogusdance/16.png","ascent":9,"height":10,"chars":["\uebbe"]},{"type":"bitmap","file":"emotes:gifs/amogusdance/17.png","ascent":9,"height":10,"chars":["\uebbf"]},{"type":"bitmap","file":"emotes:gifs/amogusdance/18.png","ascent":9,"height":10,"chars":["\uebc0"]},{"type":"bitmap","file":"emotes:gifs/amogusdance/19.png","ascent":9,"height":10,"chars":["\uebc1"]},{"type":"bitmap","file":"emotes:gifs/amogusdance/20.png","ascent":9,"height":10,"chars":["\uebc2"]},{"type":"bitmap","file":"emotes:gifs/amogusdance/21.png","ascent":9,"height":10,"chars":["\uebc3"]},{"type":"bitmap","file":"emotes:gifs/amogusdance/22.png","ascent":9,"height":10,"chars":["\uebc4"]},{"type":"bitmap","file":"emotes:gifs/amogusdance/23.png","ascent":9,"height":10,"chars":["\uebc5"]},{"type":"bitmap","file":"emotes:gifs/amogusdance/24.png","ascent":9,"height":10,"chars":["\uebc6"]},{"type":"bitmap","file":"emotes:gifs/amogusdance/25.png","ascent":9,"height":10,"chars":["\uebc7"]},{"type":"bitmap","file":"emotes:gifs/amogusdance/26.png","ascent":9,"height":10,"chars":["\uebc8"]},{"type":"bitmap","file":"emotes:gifs/amogusdance/27.png","ascent":9,"height":10,"chars":["\uebc9"]},{"type":"bitmap","file":"emotes:gifs/amogusdance/28.png","ascent":9,"height":10,"chars":["\uebca"]},{"type":"bitmap","file":"emotes:gifs/amogusdance/29.png","ascent":9,"height":10,"chars":["\uebcb"]},{"type":"bitmap","file":"emotes:gifs/amogusdance/30.png","ascent":9,"height":10,"chars":["\uebcc"]},{"type":"bitmap","file":"emotes:gifs/amogusdance/31.png","ascent":9,"height":10,"chars":["\uebcd"]},{"type":"bitmap","file":"emotes:gifs/amogusdance/32.png","ascent":9,"height":10,"chars":["\uebce"]},{"type":"bitmap","file":"emotes:gifs/amogusdance/33.png","ascent":9,"height":10,"chars":["\uebcf"]},{"type":"bitmap","file":"emotes:gifs/amogusdance/34.png","ascent":9,"height":10,"chars":["\uebd0"]},{"type":"bitmap","file":"emotes:gifs/amogusdance/35.png","ascent":9,"height":10,"chars":["\uebd1"]},{"type":"bitmap","file":"emotes:gifs/amogusdance/36.png","ascent":9,"height":10,"chars":["\uebd2"]},{"type":"bitmap","file":"emotes:gifs/amogusdance/37.png","ascent":9,"height":10,"chars":["\uebd3"]},{"type":"bitmap","file":"emotes:gifs/amogusdance/38.png","ascent":9,"height":10,"chars":["\uebd4"]},{"type":"bitmap","file":"emotes:gifs/amogusdance/39.png","ascent":9,"height":10,"chars":["\uebd5"]},{"type":"bitmap","file":"emotes:gifs/amogusdance/40.png","ascent":9,"height":10,"chars":["\uebd6"]},{"type":"bitmap","file":"emotes:gifs/amogusdance/41.png","ascent":9,"height":10,"chars":["\uebd7"]},{"type":"bitmap","file":"emotes:gifs/amogusdance/42.png","ascent":9,"height":10,"chars":["\uebd8"]},{"type":"bitmap","file":"emotes:gifs/amogusdance/43.png","ascent":9,"height":10,"chars":["\uebd9"]},{"type":"bitmap","file":"emotes:gifs/amogusdance/44.png","ascent":9,"height":10,"chars":["\uebda"]},{"type":"bitmap","file":"emotes:gifs/amogusdance/45.png","ascent":9,"height":10,"chars":["\uebdb"]},{"type":"bitmap","file":"emotes:gifs/amogusdance/46.png","ascent":9,"height":10,"chars":["\uebdc"]},{"type":"bitmap","file":"emotes:gifs/amogusdance/47.png","ascent":9,"height":10,"chars":["\uebdd"]},{"type":"bitmap","file":"emotes:gifs/amogusdance/48.png","ascent":9,"height":10,"chars":["\uebde"]},{"type":"bitmap","file":"emotes:gifs/amogusdance/49.png","ascent":9,"height":10,"chars":["\uebdf"]},{"type":"bitmap","file":"emotes:gifs/amogusdance/50.png","ascent":9,"height":10,"chars":["\uebe0"]},{"type":"bitmap","file":"emotes:gifs/amogusdance/51.png","ascent":9,"height":10,"chars":["\uebe1"]},{"type":"bitmap","file":"emotes:gifs/amogusdance/52.png","ascent":9,"height":10,"chars":["\uebe2"]},{"type":"bitmap","file":"emotes:gifs/amogusdance/53.png","ascent":9,"height":10,"chars":["\uebe3"]},{"type":"bitmap","file":"emotes:gifs/amogusdance/54.png","ascent":9,"height":10,"chars":["\uebe4"]},{"type":"bitmap","file":"emotes:gifs/amogusdance/55.png","ascent":9,"height":10,"chars":["\uebe5"]},{"type":"bitmap","file":"emotes:gifs/amogusdance/56.png","ascent":9,"height":10,"chars":["\uebe6"]},{"type":"bitmap","file":"emotes:gifs/amogusdance/57.png","ascent":9,"height":10,"chars":["\uebe7"]},{"type":"bitmap","file":"emotes:gifs/amogusdance/58.png","ascent":9,"height":10,"chars":["\uebe8"]},{"type":"bitmap","file":"emotes:gifs/amogusdance/59.png","ascent":9,"height":10,"chars":["\uebe9"]},{"type":"bitmap","file":"emotes:gifs/amogusdance/60.png","ascent":9,"height":10,"chars":["\uebea"]},{"type":"bitmap","file":"emotes:gifs/amogusdance/61.png","ascent":9,"height":10,"chars":["\uebeb"]},{"type":"bitmap","file":"emotes:gifs/amogusdance/62.png","ascent":9,"height":10,"chars":["\uebec"]},{"type":"bitmap","file":"emotes:gifs/amogusdance/63.png","ascent":9,"height":10,"chars":["\uebed"]},{"type":"bitmap","file":"emotes:gifs/amogusdance/64.png","ascent":9,"height":10,"chars":["\uebee"]},{"type":"bitmap","file":"emotes:gifs/amogusdance/65.png","ascent":9,"height":10,"chars":["\uebef"]},{"type":"bitmap","file":"emotes:gifs/amogusdance/66.png","ascent":9,"height":10,"chars":["\uebf0"]},{"type":"bitmap","file":"emotes:gifs/amogusdance/67.png","ascent":9,"height":10,"chars":["\uebf1"]},{"type":"bitmap","file":"emotes:gifs/amogusdance/68.png","ascent":9,"height":10,"chars":["\uebf2"]},{"type":"bitmap","file":"emotes:gifs/amogusdance/69.png","ascent":9,"height":10,"chars":["\uebf3"]},{"type":"bitmap","file":"emotes:gifs/amogusdance/70.png","ascent":9,"height":10,"chars":["\uebf4"]},{"type":"bitmap","file":"emotes:gifs/amogusdance/71.png","ascent":9,"height":10,"chars":["\uebf5"]},{"type":"bitmap","file":"emotes:gifs/amogusdance/72.png","ascent":9,"height":10,"chars":["\uebf6"]},{"type":"bitmap","file":"emotes:gifs/amogusdance/73.png","ascent":9,"height":10,"chars":["\uebf7"]},{"type":"bitmap","file":"emotes:gifs/amogusdance/74.png","ascent":9,"height":10,"chars":["\uebf8"]},{"type":"bitmap","file":"emotes:gifs/amogusdance/75.png","ascent":9,"height":10,"chars":["\uebf9"]},{"type":"bitmap","file":"emotes:gifs/amogusdance/76.png","ascent":9,"height":10,"chars":["\uebfa"]},{"type":"bitmap","file":"emotes:gifs/amogusdance/77.png","ascent":9,"height":10,"chars":["\uebfb"]},{"type":"bitmap","file":"emotes:gifs/amogusdance/78.png","ascent":9,"height":10,"chars":["\uebfc"]},{"type":"bitmap","file":"emotes:gifs/amogusdance/79.png","ascent":9,"height":10,"chars":["\uebfd"]},{"type":"bitmap","file":"emotes:gifs/amogusdance/80.png","ascent":9,"height":10,"chars":["\uebfe"]},{"type":"bitmap","file":"emotes:gifs/amogusdance/81.png","ascent":9,"height":10,"chars":["\uebff"]}]}