{"providers":[{"type":"bitmap","file":"emotes:gifs/amogusdumpywide/1.png","ascent":9,"height":10,"chars":["\uebaf"]},{"type":"bitmap","file":"emotes:gifs/amogusdumpywide/2.png","ascent":9,"height":10,"chars":["\uebb0"]},{"type":"bitmap","file":"emotes:gifs/amogusdumpywide/3.png","ascent":9,"height":10,"chars":["\uebb1"]},{"type":"bitmap","file":"emotes:gifs/amogusdumpywide/4.png","ascent":9,"height":10,"chars":["\uebb2"]},{"type":"bitmap","file":"emotes:gifs/amogusdumpywide/5.png","ascent":9,"height":10,"chars":["\uebb3"]},{"type":"bitmap","file":"emotes:gifs/amogusdumpywide/6.png","ascent":9,"height":10,"chars":["\uebb4"]}]}