{"providers":[{"type":"bitmap","file":"emotes:gifs/nynagree/1.png","ascent":9,"height":10,"chars":["\uebaf"]},{"type":"bitmap","file":"emotes:gifs/nynagree/2.png","ascent":9,"height":10,"chars":["\uebb0"]},{"type":"bitmap","file":"emotes:gifs/nynagree/3.png","ascent":9,"height":10,"chars":["\uebb1"]},{"type":"bitmap","file":"emotes:gifs/nynagree/4.png","ascent":9,"height":10,"chars":["\uebb2"]},{"type":"bitmap","file":"emotes:gifs/nynagree/5.png","ascent":9,"height":10,"chars":["\uebb3"]},{"type":"bitmap","file":"emotes:gifs/nynagree/6.png","ascent":9,"height":10,"chars":["\uebb4"]},{"type":"bitmap","file":"emotes:gifs/nynagree/7.png","ascent":9,"height":10,"chars":["\uebb5"]}]}