{"providers":[{"type":"bitmap","file":"emotes:gifs/oripat/1.png","ascent":9,"height":10,"chars":["\uebaf"]},{"type":"bitmap","file":"emotes:gifs/oripat/2.png","ascent":9,"height":10,"chars":["\uebb0"]},{"type":"bitmap","file":"emotes:gifs/oripat/3.png","ascent":9,"height":10,"chars":["\uebb1"]},{"type":"bitmap","file":"emotes:gifs/oripat/4.png","ascent":9,"height":10,"chars":["\uebb2"]},{"type":"bitmap","file":"emotes:gifs/oripat/5.png","ascent":9,"height":10,"chars":["\uebb3"]},{"type":"bitmap","file":"emotes:gifs/oripat/6.png","ascent":9,"height":10,"chars":["\uebb4"]},{"type":"bitmap","file":"emotes:gifs/oripat/7.png","ascent":9,"height":10,"chars":["\uebb5"]},{"type":"bitmap","file":"emotes:gifs/oripat/8.png","ascent":9,"height":10,"chars":["\uebb6"]},{"type":"bitmap","file":"emotes:gifs/oripat/9.png","ascent":9,"height":10,"chars":["\uebb7"]},{"type":"bitmap","file":"emotes:gifs/oripat/10.png","ascent":9,"height":10,"chars":["\uebb8"]},{"type":"bitmap","file":"emotes:gifs/oripat/11.png","ascent":9,"height":10,"chars":["\uebb9"]},{"type":"bitmap","file":"emotes:gifs/oripat/12.png","ascent":9,"height":10,"chars":["\uebba"]},{"type":"bitmap","file":"emotes:gifs/oripat/13.png","ascent":9,"height":10,"chars":["\uebbb"]},{"type":"bitmap","file":"emotes:gifs/oripat/14.png","ascent":9,"height":10,"chars":["\uebbc"]},{"type":"bitmap","file":"emotes:gifs/oripat/15.png","ascent":9,"height":10,"chars":["\uebbd"]},{"type":"bitmap","file":"emotes:gifs/oripat/16.png","ascent":9,"height":10,"chars":["\uebbe"]},{"type":"bitmap","file":"emotes:gifs/oripat/17.png","ascent":9,"height":10,"chars":["\uebbf"]},{"type":"bitmap","file":"emotes:gifs/oripat/18.png","ascent":9,"height":10,"chars":["\uebc0"]},{"type":"bitmap","file":"emotes:gifs/oripat/19.png","ascent":9,"height":10,"chars":["\uebc1"]},{"type":"bitmap","file":"emotes:gifs/oripat/20.png","ascent":9,"height":10,"chars":["\uebc2"]},{"type":"bitmap","file":"emotes:gifs/oripat/21.png","ascent":9,"height":10,"chars":["\uebc3"]},{"type":"bitmap","file":"emotes:gifs/oripat/22.png","ascent":9,"height":10,"chars":["\uebc4"]},{"type":"bitmap","file":"emotes:gifs/oripat/23.png","ascent":9,"height":10,"chars":["\uebc5"]},{"type":"bitmap","file":"emotes:gifs/oripat/24.png","ascent":9,"height":10,"chars":["\uebc6"]},{"type":"bitmap","file":"emotes:gifs/oripat/25.png","ascent":9,"height":10,"chars":["\uebc7"]},{"type":"bitmap","file":"emotes:gifs/oripat/26.png","ascent":9,"height":10,"chars":["\uebc8"]},{"type":"bitmap","file":"emotes:gifs/oripat/27.png","ascent":9,"height":10,"chars":["\uebc9"]},{"type":"bitmap","file":"emotes:gifs/oripat/28.png","ascent":9,"height":10,"chars":["\uebca"]}]}