{"credit":"Made with Blockbench","texture_size":[64,64],"textures":{"3":"hmcmodels:furniture/goth_furniture_v2/ceiling_brazier"},"elements":[{"from":[4,1,4],"to":[12,3,12],"faces":{"north":{"uv":[9.5,1.5,11.5,2],"texture":"#3"},"east":{"uv":[9.5,2,11.5,2.5],"texture":"#3"},"south":{"uv":[9.5,5.5,11.5,6],"texture":"#3"},"west":{"uv":[9.5,6,11.5,6.5],"texture":"#3"},"up":{"uv":[4.5,9,2.5,7],"texture":"#3"},"down":{"uv":[9,2.5,7,4.5],"texture":"#3"}}},{"from":[4,8,5],"to":[12,14,5],"faces":{"north":{"uv":[0,9.5,2,11],"texture":"#3"},"east":{"uv":[0,0,0,1.5],"texture":"#3"},"south":{"uv":[0,9.5,2,11],"texture":"#3"},"west":{"uv":[0,0,0,1.5],"texture":"#3"},"up":{"uv":[2,0,0,0],"texture":"#3"},"down":{"uv":[2,0,0,0],"texture":"#3"}}},{"from":[4,8,11],"to":[12,14,11],"faces":{"north":{"uv":[0,9.5,2,11],"texture":"#3"},"east":{"uv":[0,0,0,1.5],"texture":"#3"},"south":{"uv":[0,9.5,2,11],"texture":"#3"},"west":{"uv":[0,0,0,1.5],"texture":"#3"},"up":{"uv":[2,0,0,0],"texture":"#3"},"down":{"uv":[2,0,0,0],"texture":"#3"}}},{"from":[11,8,4],"to":[11,14,12],"rotation":{"angle":0,"axis":"y","origin":[12,11,3]},"faces":{"north":{"uv":[0,0,0,1.5],"texture":"#3"},"east":{"uv":[0,9.5,2,11],"texture":"#3"},"south":{"uv":[0,0,0,1.5],"texture":"#3"},"west":{"uv":[0,9.5,2,11],"texture":"#3"},"up":{"uv":[0,2,0,0],"texture":"#3"},"down":{"uv":[0,0,0,2],"texture":"#3"}}},{"from":[5,8,4],"to":[5,14,12],"rotation":{"angle":0,"axis":"y","origin":[12,11,3]},"faces":{"north":{"uv":[0,0,0,1.5],"texture":"#3"},"east":{"uv":[0,9.5,2,11],"texture":"#3"},"south":{"uv":[0,0,0,1.5],"texture":"#3"},"west":{"uv":[0,9.5,2,11],"texture":"#3"},"up":{"uv":[0,2,0,0],"texture":"#3"},"down":{"uv":[0,0,0,2],"texture":"#3"}}},{"from":[3,3,3],"to":[13,8,13],"faces":{"north":{"uv":[4.5,7,7,8.25],"texture":"#3"},"east":{"uv":[7,4.5,9.5,5.75],"texture":"#3"},"south":{"uv":[7,5.75,9.5,7],"texture":"#3"},"west":{"uv":[7,7,9.5,8.25],"texture":"#3"},"up":{"uv":[2.5,9.5,0,7],"texture":"#3"},"down":{"uv":[9.5,0,7,2.5],"texture":"#3"}}},{"from":[2.8,6,2.8],"to":[13.3,7,2.8],"faces":{"north":{"uv":[9.5,6.5,12,6.75],"texture":"#3"},"east":{"uv":[0,0,0,0.25],"texture":"#3"},"south":{"uv":[9.5,6.75,12,7],"texture":"#3"},"west":{"uv":[0,0,0,0.25],"texture":"#3"},"up":{"uv":[2.5,0,0,0],"texture":"#3"},"down":{"uv":[2.5,0,0,0],"texture":"#3"}}},{"from":[2.8,6,2.8],"to":[2.8,7,13.2],"rotation":{"angle":0,"axis":"y","origin":[2.8,6.5,8.05]},"faces":{"north":{"uv":[0,0,0,0.25],"texture":"#3"},"east":{"uv":[9.5,7.5,12,7.75],"texture":"#3"},"south":{"uv":[0,0,0,0.25],"texture":"#3"},"west":{"uv":[9.5,7.75,12,8],"texture":"#3"},"up":{"uv":[0,2.5,0,0],"texture":"#3"},"down":{"uv":[0,0,0,2.5],"texture":"#3"}}},{"from":[13.2,6,2.8],"to":[13.2,7,13.2],"rotation":{"angle":0,"axis":"y","origin":[2.8,6.5,8.05]},"faces":{"north":{"uv":[0,0,0,0.25],"texture":"#3"},"east":{"uv":[9.5,8,12,8.25],"texture":"#3"},"south":{"uv":[0,0,0,0.25],"texture":"#3"},"west":{"uv":[4.5,9.75,7,10],"texture":"#3"},"up":{"uv":[0,2.5,0,0],"texture":"#3"},"down":{"uv":[0,0,0,2.5],"texture":"#3"}}},{"from":[2.8,6,13.2],"to":[13.2,7,13.2],"faces":{"north":{"uv":[9.5,7,12,7.25],"texture":"#3"},"east":{"uv":[0,0,0,0.25],"texture":"#3"},"south":{"uv":[9.5,7.25,12,7.5],"texture":"#3"},"west":{"uv":[0,0,0,0.25],"texture":"#3"},"up":{"uv":[2.5,0,0,0],"texture":"#3"},"down":{"uv":[2.5,0,0,0],"texture":"#3"}}},{"from":[3,0,3],"to":[13,1,13],"faces":{"north":{"uv":[7,5.5,9.5,5.75],"texture":"#3"},"east":{"uv":[7,5.5,9.5,5.75],"texture":"#3"},"south":{"uv":[7,5.5,9.5,5.75],"texture":"#3"},"west":{"uv":[7,5.5,9.5,5.75],"texture":"#3"},"up":{"uv":[7,0,9.5,2.5],"texture":"#3"},"down":{"uv":[7,0,9.5,2.5],"texture":"#3"}}}],"display":{"thirdperson_righthand":{"rotation":[75,45,0],"translation":[0,2.5,0],"scale":[0.375,0.375,0.375]},"thirdperson_lefthand":{"rotation":[75,45,0],"translation":[0,2.5,0],"scale":[0.375,0.375,0.375]},"firstperson_righthand":{"rotation":[0,45,0],"scale":[0.4,0.4,0.4]},"firstperson_lefthand":{"rotation":[0,225,0],"scale":[0.4,0.4,0.4]},"ground":{"translation":[0,3,0],"scale":[0.25,0.25,0.25]},"gui":{"rotation":[30,225,0],"scale":[0.625,0.625,0.625]},"fixed":{"rotation":[-90,0,0],"translation":[0,0,-15.5],"scale":[2,2,2]}}}