{"credit":"Made with Blockbench","texture_size":[128,128],"textures":{"3":"hmcmodels:furniture/goth_furniture_v2/goth_painting_5"},"elements":[{"from":[-11,30,0],"to":[27,32,1],"faces":{"north":{"uv":[1,5.5,5.75,5.75],"texture":"#3"},"east":{"uv":[1.5,6.375,1.625,6.625],"texture":"#3"},"south":{"uv":[1,5.75,5.75,6],"texture":"#3"},"west":{"uv":[1.625,6.375,1.75,6.625],"texture":"#3"},"up":{"uv":[6.25,6.125,1.5,6],"texture":"#3"},"down":{"uv":[6.25,6.125,1.5,6.25],"texture":"#3"}}},{"from":[-11,-16,0],"to":[27,-14,1],"rotation":{"angle":0,"axis":"y","origin":[0,16,0]},"faces":{"north":{"uv":[5.75,5.5,10.5,5.75],"texture":"#3"},"east":{"uv":[2.25,6.375,2.375,6.625],"texture":"#3"},"south":{"uv":[5.75,5.75,10.5,6],"texture":"#3"},"west":{"uv":[2.375,6.375,2.5,6.625],"texture":"#3"},"up":{"uv":[6.25,6.375,1.5,6.25],"texture":"#3"},"down":{"uv":[11,6,6.25,6.125],"texture":"#3"}}},{"from":[25,-14,0],"to":[27,30,1],"faces":{"north":{"uv":[0,5.5,0.25,11],"texture":"#3"},"east":{"uv":[1,6,1.125,11.5],"texture":"#3"},"south":{"uv":[0.25,5.5,0.5,11],"texture":"#3"},"west":{"uv":[1.125,6,1.25,11.5],"texture":"#3"},"up":{"uv":[6.5,6.25,6.25,6.125],"texture":"#3"},"down":{"uv":[6.5,6.25,6.25,6.375],"texture":"#3"}}},{"from":[-11,-14,0],"to":[-9,30,1],"rotation":{"angle":0,"axis":"y","origin":[16,0,0]},"faces":{"north":{"uv":[0.5,5.5,0.75,11],"texture":"#3"},"east":{"uv":[1.25,6,1.375,11.5],"texture":"#3"},"south":{"uv":[0.75,5.5,1,11],"texture":"#3"},"west":{"uv":[1.375,6,1.5,11.5],"texture":"#3"},"up":{"uv":[2,6.5,1.75,6.375],"texture":"#3"},"down":{"uv":[2.25,6.375,2,6.5],"texture":"#3"}}},{"from":[-9,-14,0.5],"to":[25,30,0.5],"faces":{"north":{"uv":[0,0,4.25,5.5],"texture":"#3"},"east":{"uv":[0,0,0,5.5],"texture":"#3"},"south":{"uv":[4.25,0,8.5,5.5],"texture":"#3"},"west":{"uv":[0,0,0,5.5],"texture":"#3"},"up":{"uv":[4.25,0,0,0],"texture":"#3"},"down":{"uv":[4.25,0,0,0],"texture":"#3"}}}],"display":{"thirdperson_righthand":{"rotation":[75,45,0],"translation":[0,2.5,0],"scale":[0.375,0.375,0.375]},"thirdperson_lefthand":{"rotation":[75,45,0],"translation":[0,2.5,0],"scale":[0.375,0.375,0.375]},"firstperson_righthand":{"rotation":[0,45,0],"scale":[0.4,0.4,0.4]},"firstperson_lefthand":{"rotation":[0,225,0],"scale":[0.4,0.4,0.4]},"ground":{"translation":[0,3,0],"scale":[0.25,0.25,0.25]},"gui":{"rotation":[30,225,0],"translation":[-1,0.5,0],"scale":[0.25,0.25,0.25]},"fixed":{"translation":[0,8,14.5],"scale":[2,2,2]}}}