{"credit":"Made with Blockbench","texture_size":[128,128],"textures":{"2":"hmcmodels:furniture/goth_furniture_v2/goth_fancy_bed"},"elements":[{"from":[2.5,-6,29.5],"to":[4.5,3,31.5],"faces":{"north":{"uv":[6.375,7.75,6.625,8.875],"texture":"#2"},"east":{"uv":[6.375,8.875,6.625,10],"texture":"#2"},"south":{"uv":[0,12.125,0.25,13.25],"texture":"#2"},"west":{"uv":[0.25,12.125,0.5,13.25],"texture":"#2"},"up":{"uv":[10.625,12.375,10.375,12.125],"texture":"#2"},"down":{"uv":[10.875,12.125,10.625,12.375],"texture":"#2"}}},{"from":[3,3,30.5],"to":[4,17,31.5],"faces":{"north":{"uv":[2.375,12.125,2.5,13.875],"texture":"#2"},"east":{"uv":[2.5,12.125,2.625,13.875],"texture":"#2"},"south":{"uv":[2.625,12.125,2.75,13.875],"texture":"#2"},"west":{"uv":[2.75,12.125,2.875,13.875],"texture":"#2"},"up":{"uv":[5.125,13.125,5,13],"texture":"#2"},"down":{"uv":[5.25,13,5.125,13.125],"texture":"#2"}}},{"from":[28,3,30.5],"to":[29,17,31.5],"rotation":{"angle":0,"axis":"y","origin":[16,0,0]},"faces":{"north":{"uv":[2.875,12.125,3,13.875],"texture":"#2"},"east":{"uv":[3,12.125,3.125,13.875],"texture":"#2"},"south":{"uv":[3.125,12.125,3.25,13.875],"texture":"#2"},"west":{"uv":[3.25,12.125,3.375,13.875],"texture":"#2"},"up":{"uv":[5.375,13.125,5.25,13],"texture":"#2"},"down":{"uv":[5.5,13,5.375,13.125],"texture":"#2"}}},{"from":[27.5,-6,29.5],"to":[29.5,3,31.5],"rotation":{"angle":0,"axis":"y","origin":[16,0,0]},"faces":{"north":{"uv":[1.375,12.125,1.625,13.25],"texture":"#2"},"east":{"uv":[1.625,12.125,1.875,13.25],"texture":"#2"},"south":{"uv":[1.875,12.125,2.125,13.25],"texture":"#2"},"west":{"uv":[2.125,12.125,2.375,13.25],"texture":"#2"},"up":{"uv":[11.625,12.625,11.375,12.375],"texture":"#2"},"down":{"uv":[11.875,12.375,11.625,12.625],"texture":"#2"}}},{"from":[3.5,-6,30.5],"to":[28.5,3,30.5],"faces":{"north":{"uv":[3.25,7.75,6.375,8.875],"texture":"#2"},"east":{"uv":[0,0,0,1.125],"texture":"#2"},"south":{"uv":[3.25,8.875,6.375,10],"texture":"#2"},"west":{"uv":[0,0,0,1.125],"texture":"#2"},"up":{"uv":[3.125,0,0,0],"texture":"#2"},"down":{"uv":[3.125,0,0,0],"texture":"#2"}}},{"from":[3.5,-6,1.5],"to":[28.5,-1,1.5],"faces":{"north":{"uv":[10,4.375,13.125,5],"texture":"#2"},"east":{"uv":[0,0,0,0.625],"texture":"#2"},"south":{"uv":[10,5,13.125,5.625],"texture":"#2"},"west":{"uv":[0,0,0,0.625],"texture":"#2"},"up":{"uv":[3.125,0,0,0],"texture":"#2"},"down":{"uv":[3.125,0,0,0],"texture":"#2"}}},{"from":[3.5,17,1.5],"to":[28.5,22,1.5],"rotation":{"angle":0,"axis":"y","origin":[0,16,0]},"faces":{"north":{"uv":[10,5.625,13.125,6.25],"texture":"#2"},"east":{"uv":[0,0,0,0.625],"texture":"#2"},"south":{"uv":[10,6.25,13.125,6.875],"texture":"#2"},"west":{"uv":[0,0,0,0.625],"texture":"#2"},"up":{"uv":[3.125,0,0,0],"texture":"#2"},"down":{"uv":[3.125,0,0,0],"texture":"#2"}}},{"from":[3.5,17,30.5],"to":[28.5,22,30.5],"rotation":{"angle":0,"axis":"y","origin":[0,16,0]},"faces":{"north":{"uv":[10,6.875,13.125,7.5],"texture":"#2"},"east":{"uv":[0,0,0,0.625],"texture":"#2"},"south":{"uv":[10,7.5,13.125,8.125],"texture":"#2"},"west":{"uv":[0,0,0,0.625],"texture":"#2"},"up":{"uv":[3.125,0,0,0],"texture":"#2"},"down":{"uv":[3.125,0,0,0],"texture":"#2"}}},{"from":[2.5,-14,0.5],"to":[4.5,-12,2.5],"faces":{"north":{"uv":[9.75,10.625,10,10.875],"texture":"#2"},"east":{"uv":[8.375,11.125,8.625,11.375],"texture":"#2"},"south":{"uv":[8.625,11.125,8.875,11.375],"texture":"#2"},"west":{"uv":[8.875,11.125,9.125,11.375],"texture":"#2"},"up":{"uv":[9.375,11.375,9.125,11.125],"texture":"#2"},"down":{"uv":[9.625,11.125,9.375,11.375],"texture":"#2"}}},{"from":[2.5,-12,0.5],"to":[29.5,-11,31.5],"faces":{"north":{"uv":[6,12,9.375,12.125],"texture":"#2"},"east":{"uv":[6,11.875,9.875,12],"texture":"#2"},"south":{"uv":[9.375,12,12.75,12.125],"texture":"#2"},"west":{"uv":[9.875,11.875,13.75,12],"texture":"#2"},"up":{"uv":[3.375,3.875,0,0],"texture":"#2"},"down":{"uv":[6.75,0,3.375,3.875],"texture":"#2"}}},{"from":[2.5,-11,29.5],"to":[29.5,-6,31.5],"faces":{"north":{"uv":[10,2.5,13.375,3.125],"texture":"#2"},"east":{"uv":[3.375,12.125,3.625,12.75],"texture":"#2"},"south":{"uv":[10,3.125,13.375,3.75],"texture":"#2"},"west":{"uv":[3.625,12.125,3.875,12.75],"texture":"#2"},"up":{"uv":[10.5,11.625,7.125,11.375],"texture":"#2"},"down":{"uv":[13.875,11.375,10.5,11.625],"texture":"#2"}}},{"from":[2.5,-11,0.5],"to":[29.5,-6,2.5],"rotation":{"angle":0,"axis":"y","origin":[0,0,16]},"faces":{"north":{"uv":[3.25,10,6.625,10.625],"texture":"#2"},"east":{"uv":[4.875,12.125,5.125,12.75],"texture":"#2"},"south":{"uv":[10,3.75,13.375,4.375],"texture":"#2"},"west":{"uv":[5.125,12.125,5.375,12.75],"texture":"#2"},"up":{"uv":[3.375,11.875,0,11.625],"texture":"#2"},"down":{"uv":[6.75,11.625,3.375,11.875],"texture":"#2"}}},{"from":[2.5,-6,0.5],"to":[4.5,-1,2.5],"rotation":{"angle":0,"axis":"y","origin":[0,0,16]},"faces":{"north":{"uv":[3.875,12.125,4.125,12.75],"texture":"#2"},"east":{"uv":[4.125,12.125,4.375,12.75],"texture":"#2"},"south":{"uv":[4.375,12.125,4.625,12.75],"texture":"#2"},"west":{"uv":[4.625,12.125,4.875,12.75],"texture":"#2"},"up":{"uv":[11.125,12.375,10.875,12.125],"texture":"#2"},"down":{"uv":[11.375,12.125,11.125,12.375],"texture":"#2"}}},{"from":[3,-1,0.5],"to":[4,17,1.5],"rotation":{"angle":0,"axis":"y","origin":[0,0,16]},"faces":{"north":{"uv":[6.625,7.75,6.75,10],"texture":"#2"},"east":{"uv":[0.5,12.125,0.625,14.375],"texture":"#2"},"south":{"uv":[0.625,12.125,0.75,14.375],"texture":"#2"},"west":{"uv":[0.75,12.125,0.875,14.375],"texture":"#2"},"up":{"uv":[4.375,13.125,4.25,13],"texture":"#2"},"down":{"uv":[4.5,13,4.375,13.125],"texture":"#2"}}},{"from":[28,-1,0.5],"to":[29,17,1.5],"rotation":{"angle":0,"axis":"y","origin":[16,0,16]},"faces":{"north":{"uv":[0.875,12.125,1,14.375],"texture":"#2"},"east":{"uv":[1,12.125,1.125,14.375],"texture":"#2"},"south":{"uv":[1.125,12.125,1.25,14.375],"texture":"#2"},"west":{"uv":[1.25,12.125,1.375,14.375],"texture":"#2"},"up":{"uv":[4.625,13.125,4.5,13],"texture":"#2"},"down":{"uv":[4.75,13,4.625,13.125],"texture":"#2"}}},{"from":[28,26,30.5],"to":[29,28,31.5],"rotation":{"angle":0,"axis":"y","origin":[16,0,0]},"faces":{"north":{"uv":[3.75,13,3.875,13.25],"texture":"#2"},"east":{"uv":[3.875,13,4,13.25],"texture":"#2"},"south":{"uv":[4,13,4.125,13.25],"texture":"#2"},"west":{"uv":[4.125,13,4.25,13.25],"texture":"#2"},"up":{"uv":[6.875,13.125,6.75,13],"texture":"#2"},"down":{"uv":[7,13,6.875,13.125],"texture":"#2"}}},{"from":[28,26,0.5],"to":[29,28,1.5],"rotation":{"angle":0,"axis":"y","origin":[16,0,16]},"faces":{"north":{"uv":[12.875,12.75,13,13],"texture":"#2"},"east":{"uv":[3.375,13,3.5,13.25],"texture":"#2"},"south":{"uv":[3.5,13,3.625,13.25],"texture":"#2"},"west":{"uv":[3.625,13,3.75,13.25],"texture":"#2"},"up":{"uv":[6.625,13.125,6.5,13],"texture":"#2"},"down":{"uv":[6.75,13,6.625,13.125],"texture":"#2"}}},{"from":[3,26,0.5],"to":[4,28,1.5],"rotation":{"angle":0,"axis":"y","origin":[0,0,16]},"faces":{"north":{"uv":[12.5,12.875,12.625,13.125],"texture":"#2"},"east":{"uv":[12.875,12.5,13,12.75],"texture":"#2"},"south":{"uv":[12.625,12.875,12.75,13.125],"texture":"#2"},"west":{"uv":[12.75,12.875,12.875,13.125],"texture":"#2"},"up":{"uv":[6.375,13.125,6.25,13],"texture":"#2"},"down":{"uv":[6.5,13,6.375,13.125],"texture":"#2"}}},{"from":[3,26,30.5],"to":[4,28,31.5],"faces":{"north":{"uv":[12.125,12.875,12.25,13.125],"texture":"#2"},"east":{"uv":[12.25,12.875,12.375,13.125],"texture":"#2"},"south":{"uv":[12.875,12.25,13,12.5],"texture":"#2"},"west":{"uv":[12.375,12.875,12.5,13.125],"texture":"#2"},"up":{"uv":[6.125,13.125,6,13],"texture":"#2"},"down":{"uv":[6.25,13,6.125,13.125],"texture":"#2"}}},{"from":[27.5,-6,0.5],"to":[29.5,-1,2.5],"rotation":{"angle":0,"axis":"y","origin":[16,0,16]},"faces":{"north":{"uv":[5.375,12.125,5.625,12.75],"texture":"#2"},"east":{"uv":[5.625,12.125,5.875,12.75],"texture":"#2"},"south":{"uv":[5.875,12.125,6.125,12.75],"texture":"#2"},"west":{"uv":[6.125,12.125,6.375,12.75],"texture":"#2"},"up":{"uv":[11.625,12.375,11.375,12.125],"texture":"#2"},"down":{"uv":[11.875,12.125,11.625,12.375],"texture":"#2"}}},{"from":[2.5,17,0.5],"to":[4.5,22,2.5],"rotation":{"angle":0,"axis":"y","origin":[0,16,16]},"faces":{"north":{"uv":[7.375,12.125,7.625,12.75],"texture":"#2"},"east":{"uv":[7.625,12.125,7.875,12.75],"texture":"#2"},"south":{"uv":[7.875,12.125,8.125,12.75],"texture":"#2"},"west":{"uv":[8.125,12.125,8.375,12.75],"texture":"#2"},"up":{"uv":[12.875,12.625,12.625,12.375],"texture":"#2"},"down":{"uv":[12.875,12.625,12.625,12.875],"texture":"#2"}}},{"from":[27.5,17,0.5],"to":[29.5,22,2.5],"rotation":{"angle":0,"axis":"y","origin":[16,16,16]},"faces":{"north":{"uv":[6.375,12.125,6.625,12.75],"texture":"#2"},"east":{"uv":[6.625,12.125,6.875,12.75],"texture":"#2"},"south":{"uv":[6.875,12.125,7.125,12.75],"texture":"#2"},"west":{"uv":[7.125,12.125,7.375,12.75],"texture":"#2"},"up":{"uv":[12.875,12.375,12.625,12.125],"texture":"#2"},"down":{"uv":[12.625,12.625,12.375,12.875],"texture":"#2"}}},{"from":[2.5,17,29.5],"to":[4.5,22,31.5],"rotation":{"angle":0,"axis":"y","origin":[0,16,0]},"faces":{"north":{"uv":[9.375,12.125,9.625,12.75],"texture":"#2"},"east":{"uv":[9.625,12.125,9.875,12.75],"texture":"#2"},"south":{"uv":[9.875,12.125,10.125,12.75],"texture":"#2"},"west":{"uv":[10.125,12.125,10.375,12.75],"texture":"#2"},"up":{"uv":[4.125,13,3.875,12.75],"texture":"#2"},"down":{"uv":[4.375,12.75,4.125,13],"texture":"#2"}}},{"from":[2.5,22,0.5],"to":[29.5,24,31.5],"rotation":{"angle":0,"axis":"y","origin":[0,16,0]},"faces":{"north":{"uv":[6.75,11.625,10.125,11.875],"texture":"#2"},"east":{"uv":[3.25,11.125,7.125,11.375],"texture":"#2"},"south":{"uv":[10.125,11.625,13.5,11.875],"texture":"#2"},"west":{"uv":[3.25,11.375,7.125,11.625],"texture":"#2"},"up":{"uv":[3.375,7.75,0,3.875],"texture":"#2"},"down":{"uv":[6.75,3.875,3.375,7.75],"texture":"#2"}}},{"from":[3.5,17,0.5],"to":[3.5,22,31.5],"rotation":{"angle":0,"axis":"y","origin":[0,16,0]},"faces":{"north":{"uv":[0,0,0,0.625],"texture":"#2"},"east":{"uv":[10,0,13.875,0.625],"texture":"#2"},"south":{"uv":[0,0,0,0.625],"texture":"#2"},"west":{"uv":[10,0.625,13.875,1.25],"texture":"#2"},"up":{"uv":[0,3.875,0,0],"texture":"#2"},"down":{"uv":[0,0,0,3.875],"texture":"#2"}}},{"from":[28.5,17,0.5],"to":[28.5,22,31.5],"rotation":{"angle":0,"axis":"y","origin":[0,16,0]},"faces":{"north":{"uv":[0,0,0,0.625],"texture":"#2"},"east":{"uv":[10,1.25,13.875,1.875],"texture":"#2"},"south":{"uv":[0,0,0,0.625],"texture":"#2"},"west":{"uv":[10,1.875,13.875,2.5],"texture":"#2"},"up":{"uv":[0,3.875,0,0],"texture":"#2"},"down":{"uv":[0,0,0,3.875],"texture":"#2"}}},{"from":[27.5,17,29.5],"to":[29.5,22,31.5],"rotation":{"angle":0,"axis":"y","origin":[16,16,0]},"faces":{"north":{"uv":[8.375,12.125,8.625,12.75],"texture":"#2"},"east":{"uv":[8.625,12.125,8.875,12.75],"texture":"#2"},"south":{"uv":[8.875,12.125,9.125,12.75],"texture":"#2"},"west":{"uv":[9.125,12.125,9.375,12.75],"texture":"#2"},"up":{"uv":[3.625,13,3.375,12.75],"texture":"#2"},"down":{"uv":[3.875,12.75,3.625,13],"texture":"#2"}}},{"from":[4,-8,23.5],"to":[28,-6,28.5],"faces":{"north":{"uv":[0,11.875,3,12.125],"texture":"#2"},"east":{"uv":[7.125,11.125,7.75,11.375],"texture":"#2"},"south":{"uv":[3,11.875,6,12.125],"texture":"#2"},"west":{"uv":[7.75,11.125,8.375,11.375],"texture":"#2"},"up":{"uv":[13,8.75,10,8.125],"texture":"#2"},"down":{"uv":[13,8.75,10,9.375],"texture":"#2"}}},{"from":[3,-11,2.5],"to":[29,-7,29.5],"faces":{"north":{"uv":[3.25,10.625,6.5,11.125],"texture":"#2"},"east":{"uv":[10,9.375,13.375,9.875],"texture":"#2","tintindex":0},"south":{"uv":[6.5,10.625,9.75,11.125],"texture":"#2"},"west":{"uv":[10,9.875,13.375,10.375],"texture":"#2","tintindex":0},"up":{"uv":[10,3.375,6.75,0],"texture":"#2","tintindex":0},"down":{"uv":[10,3.375,6.75,6.75],"texture":"#2","tintindex":0}}},{"from":[3,-11,2.5],"to":[29,-7,29.5],"faces":{"north":{"uv":[9.75,10.875,13,11.375],"texture":"#2"},"east":{"uv":[6.625,10.125,10,10.625],"texture":"#2"},"south":{"uv":[0,11.125,3.25,11.625],"texture":"#2"},"west":{"uv":[10,10.375,13.375,10.875],"texture":"#2"},"up":{"uv":[10,10.125,6.75,6.75],"texture":"#2"},"down":{"uv":[3.25,7.75,0,11.125],"texture":"#2"}}},{"from":[3,-16,1.5],"to":[4,-14,2.5],"faces":{"north":{"uv":[9.625,11.125,9.75,11.375],"texture":"#2"},"east":{"uv":[10.375,12.875,10.5,13.125],"texture":"#2"},"south":{"uv":[10.5,12.875,10.625,13.125],"texture":"#2"},"west":{"uv":[10.625,12.875,10.75,13.125],"texture":"#2"},"up":{"uv":[6.75,10.125,6.625,10],"texture":"#2"},"down":{"uv":[12.875,12,12.75,12.125],"texture":"#2"}}},{"from":[27.5,-14,0.5],"to":[29.5,-12,2.5],"rotation":{"angle":0,"axis":"y","origin":[16,0,0]},"faces":{"north":{"uv":[11.875,12.125,12.125,12.375],"texture":"#2"},"east":{"uv":[12.125,12.125,12.375,12.375],"texture":"#2"},"south":{"uv":[10.375,12.375,10.625,12.625],"texture":"#2"},"west":{"uv":[10.625,12.375,10.875,12.625],"texture":"#2"},"up":{"uv":[11.125,12.625,10.875,12.375],"texture":"#2"},"down":{"uv":[11.375,12.375,11.125,12.625],"texture":"#2"}}},{"from":[28,-16,1.5],"to":[29,-14,2.5],"rotation":{"angle":0,"axis":"y","origin":[16,0,0]},"faces":{"north":{"uv":[10.75,12.875,10.875,13.125],"texture":"#2"},"east":{"uv":[10.875,12.875,11,13.125],"texture":"#2"},"south":{"uv":[11,12.875,11.125,13.125],"texture":"#2"},"west":{"uv":[11.125,12.875,11.25,13.125],"texture":"#2"},"up":{"uv":[4.875,13.125,4.75,13],"texture":"#2"},"down":{"uv":[5,13,4.875,13.125],"texture":"#2"}}},{"from":[3,-16,29.5],"to":[4,-14,30.5],"rotation":{"angle":0,"axis":"y","origin":[0,0,16]},"faces":{"north":{"uv":[11.75,12.875,11.875,13.125],"texture":"#2"},"east":{"uv":[11.875,12.875,12,13.125],"texture":"#2"},"south":{"uv":[12,12.875,12.125,13.125],"texture":"#2"},"west":{"uv":[12.875,12,13,12.25],"texture":"#2"},"up":{"uv":[5.875,13.125,5.75,13],"texture":"#2"},"down":{"uv":[6,13,5.875,13.125],"texture":"#2"}}},{"from":[28,-16,29.5],"to":[29,-14,30.5],"rotation":{"angle":0,"axis":"y","origin":[16,0,16]},"faces":{"north":{"uv":[11.25,12.875,11.375,13.125],"texture":"#2"},"east":{"uv":[11.375,12.875,11.5,13.125],"texture":"#2"},"south":{"uv":[11.5,12.875,11.625,13.125],"texture":"#2"},"west":{"uv":[11.625,12.875,11.75,13.125],"texture":"#2"},"up":{"uv":[5.625,13.125,5.5,13],"texture":"#2"},"down":{"uv":[5.75,13,5.625,13.125],"texture":"#2"}}},{"from":[27.5,-14,29.5],"to":[29.5,-12,31.5],"rotation":{"angle":0,"axis":"y","origin":[16,0,16]},"faces":{"north":{"uv":[10.875,12.625,11.125,12.875],"texture":"#2"},"east":{"uv":[11.125,12.625,11.375,12.875],"texture":"#2"},"south":{"uv":[11.375,12.625,11.625,12.875],"texture":"#2"},"west":{"uv":[11.625,12.625,11.875,12.875],"texture":"#2"},"up":{"uv":[12.125,12.875,11.875,12.625],"texture":"#2"},"down":{"uv":[12.375,12.625,12.125,12.875],"texture":"#2"}}},{"from":[2.5,-14,29.5],"to":[4.5,-12,31.5],"rotation":{"angle":0,"axis":"y","origin":[0,0,16]},"faces":{"north":{"uv":[11.875,12.375,12.125,12.625],"texture":"#2"},"east":{"uv":[12.125,12.375,12.375,12.625],"texture":"#2"},"south":{"uv":[12.375,12.125,12.625,12.375],"texture":"#2"},"west":{"uv":[12.375,12.375,12.625,12.625],"texture":"#2"},"up":{"uv":[10.625,12.875,10.375,12.625],"texture":"#2"},"down":{"uv":[10.875,12.625,10.625,12.875],"texture":"#2"}}},{"from":[2.5,24,0.5],"to":[4.5,26,2.5],"rotation":{"angle":0,"axis":"y","origin":[0,16,0]},"faces":{"north":{"uv":[8.875,12.75,9.125,13],"texture":"#2"},"east":{"uv":[9.125,12.75,9.375,13],"texture":"#2"},"south":{"uv":[9.375,12.75,9.625,13],"texture":"#2"},"west":{"uv":[9.625,12.75,9.875,13],"texture":"#2"},"up":{"uv":[10.125,13,9.875,12.75],"texture":"#2"},"down":{"uv":[10.375,12.75,10.125,13],"texture":"#2"}}},{"from":[27.5,24,0.5],"to":[29.5,26,2.5],"rotation":{"angle":0,"axis":"y","origin":[16,16,0]},"faces":{"north":{"uv":[7.375,12.75,7.625,13],"texture":"#2"},"east":{"uv":[7.625,12.75,7.875,13],"texture":"#2"},"south":{"uv":[7.875,12.75,8.125,13],"texture":"#2"},"west":{"uv":[8.125,12.75,8.375,13],"texture":"#2"},"up":{"uv":[8.625,13,8.375,12.75],"texture":"#2"},"down":{"uv":[8.875,12.75,8.625,13],"texture":"#2"}}},{"from":[2.5,24,29.5],"to":[4.5,26,31.5],"rotation":{"angle":0,"axis":"y","origin":[0,16,16]},"faces":{"north":{"uv":[5.875,12.75,6.125,13],"texture":"#2"},"east":{"uv":[6.125,12.75,6.375,13],"texture":"#2"},"south":{"uv":[6.375,12.75,6.625,13],"texture":"#2"},"west":{"uv":[6.625,12.75,6.875,13],"texture":"#2"},"up":{"uv":[7.125,13,6.875,12.75],"texture":"#2"},"down":{"uv":[7.375,12.75,7.125,13],"texture":"#2"}}},{"from":[27.5,24,29.5],"to":[29.5,26,31.5],"rotation":{"angle":0,"axis":"y","origin":[16,16,16]},"faces":{"north":{"uv":[4.375,12.75,4.625,13],"texture":"#2"},"east":{"uv":[4.625,12.75,4.875,13],"texture":"#2"},"south":{"uv":[4.875,12.75,5.125,13],"texture":"#2"},"west":{"uv":[5.125,12.75,5.375,13],"texture":"#2"},"up":{"uv":[5.625,13,5.375,12.75],"texture":"#2"},"down":{"uv":[5.875,12.75,5.625,13],"texture":"#2"}}}],"display":{"thirdperson_righthand":{"rotation":[75,45,0],"translation":[0,2.5,0],"scale":[0.375,0.375,0.375]},"thirdperson_lefthand":{"rotation":[75,45,0],"translation":[0,2.5,0],"scale":[0.375,0.375,0.375]},"firstperson_righthand":{"rotation":[0,45,0],"scale":[0.4,0.4,0.4]},"firstperson_lefthand":{"rotation":[0,225,0],"scale":[0.4,0.4,0.4]},"ground":{"translation":[0,3,0],"scale":[0.25,0.25,0.25]},"gui":{"rotation":[30,225,0],"translation":[3.25,0,0],"scale":[0.25,0.25,0.25]},"fixed":{"rotation":[-90,0,0],"translation":[0,-32,-47.25],"scale":[2,2,2]}}}