{"credit":"Made with Blockbench","texture_size":[128,128],"textures":{"3":"hmcmodels:furniture/goth_furniture_v2/goth_painting_4"},"elements":[{"from":[-16,25,0],"to":[32,27,1],"faces":{"north":{"uv":[6,0,12,0.25],"texture":"#3"},"east":{"uv":[0.5,6.75,0.625,7],"texture":"#3"},"south":{"uv":[6,0.25,12,0.5],"texture":"#3"},"west":{"uv":[0.625,6.75,0.75,7],"texture":"#3"},"up":{"uv":[12.5,1.125,6.5,1],"texture":"#3"},"down":{"uv":[12.5,1.125,6.5,1.25],"texture":"#3"}}},{"from":[-16,-4,0],"to":[32,-2,1],"rotation":{"angle":0,"axis":"y","origin":[0,16,0]},"faces":{"north":{"uv":[6,0.5,12,0.75],"texture":"#3"},"east":{"uv":[1.25,6.75,1.375,7],"texture":"#3"},"south":{"uv":[6,0.75,12,1],"texture":"#3"},"west":{"uv":[1.375,6.75,1.5,7],"texture":"#3"},"up":{"uv":[12.5,1.375,6.5,1.25],"texture":"#3"},"down":{"uv":[12.5,1.375,6.5,1.5],"texture":"#3"}}},{"from":[30,-2,0],"to":[32,25,1],"faces":{"north":{"uv":[6,1,6.25,4.375],"texture":"#3"},"east":{"uv":[6.5,1.5,6.625,4.875],"texture":"#3"},"south":{"uv":[6,4.375,6.25,7.75],"texture":"#3"},"west":{"uv":[6.5,4.875,6.625,8.25],"texture":"#3"},"up":{"uv":[0.25,6.875,0,6.75],"texture":"#3"},"down":{"uv":[0.5,6.75,0.25,6.875],"texture":"#3"}}},{"from":[-16,-2,0],"to":[-14,25,1],"rotation":{"angle":0,"axis":"y","origin":[16,0,0]},"faces":{"north":{"uv":[6.25,1,6.5,4.375],"texture":"#3"},"east":{"uv":[6.625,1.5,6.75,4.875],"texture":"#3"},"south":{"uv":[6.25,4.375,6.5,7.75],"texture":"#3"},"west":{"uv":[6.625,4.875,6.75,8.25],"texture":"#3"},"up":{"uv":[1,6.875,0.75,6.75],"texture":"#3"},"down":{"uv":[1.25,6.75,1,6.875],"texture":"#3"}}},{"from":[-16,-2,0.5],"to":[32,25,0.5],"faces":{"north":{"uv":[0,0,6,3.375],"texture":"#3"},"east":{"uv":[0,0,0,3.375],"texture":"#3"},"south":{"uv":[0,3.375,6,6.75],"texture":"#3"},"west":{"uv":[0,0,0,3.375],"texture":"#3"},"up":{"uv":[6,0,0,0],"texture":"#3"},"down":{"uv":[6,0,0,0],"texture":"#3"}}}],"display":{"thirdperson_righthand":{"rotation":[75,45,0],"translation":[0,2.5,0],"scale":[0.375,0.375,0.375]},"thirdperson_lefthand":{"rotation":[75,45,0],"translation":[0,2.5,0],"scale":[0.375,0.375,0.375]},"firstperson_righthand":{"rotation":[0,45,0],"scale":[0.4,0.4,0.4]},"firstperson_lefthand":{"rotation":[0,225,0],"scale":[0.4,0.4,0.4]},"ground":{"translation":[0,3,0],"scale":[0.25,0.25,0.25]},"gui":{"rotation":[30,225,0],"translation":[-1.75,0,0],"scale":[0.35,0.35,0.35]},"fixed":{"translation":[0,8,14.5],"scale":[2,2,2]}}}