{"credit":"Made with Blockbench","texture_size":[64,64],"textures":{"1":"hmcmodels:furniture/halloween_ritual_furniture/big_candle"},"elements":[{"from":[4,0,4],"to":[12,18,12],"faces":{"north":{"uv":[0,0,2,4.5],"texture":"#1","tintindex":0},"east":{"uv":[2,0,4,4.5],"texture":"#1","tintindex":0},"south":{"uv":[4,0,6,4.5],"texture":"#1","tintindex":0},"west":{"uv":[0,4.5,2,9],"texture":"#1","tintindex":0},"up":{"uv":[8,2,6,0],"texture":"#1","tintindex":0},"down":{"uv":[8,2,6,4],"texture":"#1","tintindex":0}}},{"from":[3.5,12.5,3.5],"to":[12.5,18.5,12.5],"faces":{"north":{"uv":[6.5,4,8.75,5.5],"texture":"#1","tintindex":0},"east":{"uv":[6.5,5.5,8.75,7],"texture":"#1","tintindex":0},"south":{"uv":[2,6.75,4.25,8.25],"texture":"#1","tintindex":0},"west":{"uv":[4.25,6.75,6.5,8.25],"texture":"#1","tintindex":0},"up":{"uv":[4.25,6.75,2,4.5],"texture":"#1","tintindex":0},"down":{"uv":[6.5,4.5,4.25,6.75],"texture":"#1","tintindex":0}}},{"from":[8,18,5.5],"to":[8,22,10.5],"rotation":{"angle":-45,"axis":"y","origin":[8,21,8]},"faces":{"north":{"uv":[0,0,0,1.5],"texture":"#1"},"east":{"uv":[6.5,7,7.75,8.5],"texture":"#1"},"south":{"uv":[0,0,0,1.5],"texture":"#1"},"west":{"uv":[7.75,7,9,8.5],"texture":"#1"},"up":{"uv":[0,1.25,0,0],"texture":"#1"},"down":{"uv":[0,0,0,1.25],"texture":"#1"}}},{"from":[8,18,5.5],"to":[8,22,10.5],"rotation":{"angle":45,"axis":"y","origin":[8,21,8]},"faces":{"north":{"uv":[0,0,0,1.5],"texture":"#1"},"east":{"uv":[8,0,9.25,1.5],"texture":"#1"},"south":{"uv":[0,0,0,1.5],"texture":"#1"},"west":{"uv":[8,1.5,9.25,3],"texture":"#1"},"up":{"uv":[0,1.25,0,0],"texture":"#1"},"down":{"uv":[0,0,0,1.25],"texture":"#1"}}}],"display":{"thirdperson_righthand":{"rotation":[75,45,0],"translation":[0,2.5,0],"scale":[0.375,0.375,0.375]},"thirdperson_lefthand":{"rotation":[75,45,0],"translation":[0,2.5,0],"scale":[0.375,0.375,0.375]},"firstperson_righthand":{"rotation":[0,45,0],"scale":[0.4,0.4,0.4]},"firstperson_lefthand":{"rotation":[0,225,0],"scale":[0.4,0.4,0.4]},"ground":{"translation":[0,3,0],"scale":[0.25,0.25,0.25]},"gui":{"rotation":[30,225,0],"translation":[0,-1,0],"scale":[0.625,0.625,0.625]},"fixed":{"rotation":[-90,0,0],"translation":[0,0,-16],"scale":[2,2,2]}}}