{"credit":"Made with Blockbench","texture_size":[64,64],"textures":{"1":"hmcmodels:furniture/halloween_ritual_furniture/big_candles"},"elements":[{"from":[7,0,8],"to":[15,18,16],"rotation":{"angle":0,"axis":"y","origin":[3,0,4]},"faces":{"north":{"uv":[0,0,2,4.5],"texture":"#1","tintindex":0},"east":{"uv":[2,0,4,4.5],"texture":"#1","tintindex":0},"south":{"uv":[4,0,6,4.5],"texture":"#1","tintindex":0},"west":{"uv":[0,4.5,2,9],"texture":"#1","tintindex":0},"up":{"uv":[9.75,2,7.75,0],"texture":"#1","tintindex":0},"down":{"uv":[4,7.75,2,9.75],"texture":"#1","tintindex":0}}},{"from":[1,0,6],"to":[8,13,13],"rotation":{"angle":0,"axis":"y","origin":[3,0,4]},"faces":{"north":{"uv":[2,4.5,3.75,7.75],"texture":"#1","tintindex":0},"east":{"uv":[3.75,4.5,5.5,7.75],"texture":"#1","tintindex":0},"south":{"uv":[5.5,4.5,7.25,7.75],"texture":"#1","tintindex":0},"west":{"uv":[6,0,7.75,3.25],"texture":"#1","tintindex":0},"up":{"uv":[3.75,11.5,2,9.75],"texture":"#1","tintindex":0},"down":{"uv":[5.5,9.75,3.75,11.5],"texture":"#1","tintindex":0}}},{"from":[6,0,1],"to":[13,7,8],"rotation":{"angle":0,"axis":"y","origin":[3,0,4]},"faces":{"north":{"uv":[5.5,9.75,7.25,11.5],"texture":"#1","tintindex":0},"east":{"uv":[7.25,9.75,9,11.5],"texture":"#1","tintindex":0},"south":{"uv":[9,9.75,10.75,11.5],"texture":"#1","tintindex":0},"west":{"uv":[10,6.5,11.75,8.25],"texture":"#1","tintindex":0},"up":{"uv":[12.5,10,10.75,8.25],"texture":"#1","tintindex":0},"down":{"uv":[12.5,10,10.75,11.75],"texture":"#1","tintindex":0}}},{"from":[6.5,12.5,7.5],"to":[15.5,18.5,16.5],"rotation":{"angle":0,"axis":"y","origin":[3,0,4]},"faces":{"north":{"uv":[9.5,2,11.75,3.5],"texture":"#1","tintindex":0},"east":{"uv":[9.5,3.5,11.75,5],"texture":"#1","tintindex":0},"south":{"uv":[9.5,5,11.75,6.5],"texture":"#1","tintindex":0},"west":{"uv":[9.75,0,12,1.5],"texture":"#1","tintindex":0},"up":{"uv":[9.5,5.5,7.25,3.25],"texture":"#1","tintindex":0},"down":{"uv":[9.5,5.5,7.25,7.75],"texture":"#1","tintindex":0}}},{"from":[0.5,7.5,5.5],"to":[8.5,13.5,13.5],"rotation":{"angle":0,"axis":"y","origin":[3,0,4]},"faces":{"north":{"uv":[0,11,2,12.5],"texture":"#1","tintindex":0},"east":{"uv":[2,11.5,4,13],"texture":"#1","tintindex":0},"south":{"uv":[4,11.5,6,13],"texture":"#1","tintindex":0},"west":{"uv":[6,11.5,8,13],"texture":"#1","tintindex":0},"up":{"uv":[6,9.75,4,7.75],"texture":"#1","tintindex":0},"down":{"uv":[8,7.75,6,9.75],"texture":"#1","tintindex":0}}},{"from":[5.5,1.5,0.5],"to":[13.5,7.5,8.5],"rotation":{"angle":0,"axis":"y","origin":[3,0,4]},"faces":{"north":{"uv":[8,11.5,10,13],"texture":"#1","tintindex":0},"east":{"uv":[11.75,1.5,13.75,3],"texture":"#1","tintindex":0},"south":{"uv":[11.75,3,13.75,4.5],"texture":"#1","tintindex":0},"west":{"uv":[11.75,4.5,13.75,6],"texture":"#1","tintindex":0},"up":{"uv":[10,9.75,8,7.75],"texture":"#1","tintindex":0},"down":{"uv":[2,9,0,11],"texture":"#1","tintindex":0}}},{"from":[11,18,9.5],"to":[11,22,14.5],"rotation":{"angle":-45,"axis":"y","origin":[11,21,12]},"faces":{"north":{"uv":[0,0,0,1.5],"texture":"#1"},"east":{"uv":[11.75,6,13,7.5],"texture":"#1"},"south":{"uv":[0,0,0,1.5],"texture":"#1"},"west":{"uv":[10,11.75,11.25,13.25],"texture":"#1"},"up":{"uv":[0,1.25,0,0],"texture":"#1"},"down":{"uv":[0,0,0,1.25],"texture":"#1"}}},{"from":[11,18,9.5],"to":[11,22,14.5],"rotation":{"angle":45,"axis":"y","origin":[11,21,12]},"faces":{"north":{"uv":[0,0,0,1.5],"texture":"#1"},"east":{"uv":[11.25,11.75,12.5,13.25],"texture":"#1"},"south":{"uv":[0,0,0,1.5],"texture":"#1"},"west":{"uv":[12,0,13.25,1.5],"texture":"#1"},"up":{"uv":[0,1.25,0,0],"texture":"#1"},"down":{"uv":[0,0,0,1.25],"texture":"#1"}}},{"from":[4.5,13,7],"to":[4.5,17,12],"rotation":{"angle":-45,"axis":"y","origin":[4.5,16,9.5]},"faces":{"north":{"uv":[0,0,0,1.5],"texture":"#1"},"east":{"uv":[12.5,9,13.75,10.5],"texture":"#1"},"south":{"uv":[0,0,0,1.5],"texture":"#1"},"west":{"uv":[12.5,10.5,13.75,12],"texture":"#1"},"up":{"uv":[0,1.25,0,0],"texture":"#1"},"down":{"uv":[0,0,0,1.25],"texture":"#1"}}},{"from":[4.5,13,7],"to":[4.5,17,12],"rotation":{"angle":45,"axis":"y","origin":[4.5,16,9.5]},"faces":{"north":{"uv":[0,0,0,1.5],"texture":"#1"},"east":{"uv":[0,12.5,1.25,14],"texture":"#1"},"south":{"uv":[0,0,0,1.5],"texture":"#1"},"west":{"uv":[12.5,7.5,13.75,9],"texture":"#1"},"up":{"uv":[0,1.25,0,0],"texture":"#1"},"down":{"uv":[0,0,0,1.25],"texture":"#1"}}},{"from":[9.5,7,2],"to":[9.5,11,7],"rotation":{"angle":-45,"axis":"y","origin":[9.5,10,4.5]},"faces":{"north":{"uv":[0,0,0,1.5],"texture":"#1"},"east":{"uv":[12.5,9,13.75,10.5],"texture":"#1"},"south":{"uv":[0,0,0,1.5],"texture":"#1"},"west":{"uv":[12.5,10.5,13.75,12],"texture":"#1"},"up":{"uv":[0,1.25,0,0],"texture":"#1"},"down":{"uv":[0,0,0,1.25],"texture":"#1"}}},{"from":[9.5,7,2],"to":[9.5,11,7],"rotation":{"angle":45,"axis":"y","origin":[9.5,10,4.5]},"faces":{"north":{"uv":[0,0,0,1.5],"texture":"#1"},"east":{"uv":[0,12.5,1.25,14],"texture":"#1"},"south":{"uv":[0,0,0,1.5],"texture":"#1"},"west":{"uv":[12.5,7.5,13.75,9],"texture":"#1"},"up":{"uv":[0,1.25,0,0],"texture":"#1"},"down":{"uv":[0,0,0,1.25],"texture":"#1"}}}],"display":{"thirdperson_righthand":{"rotation":[75,45,0],"translation":[0,2.5,0],"scale":[0.375,0.375,0.375]},"thirdperson_lefthand":{"rotation":[75,45,0],"translation":[0,2.5,0],"scale":[0.375,0.375,0.375]},"firstperson_righthand":{"rotation":[0,45,0],"scale":[0.4,0.4,0.4]},"firstperson_lefthand":{"rotation":[0,225,0],"scale":[0.4,0.4,0.4]},"ground":{"translation":[0,3,0],"scale":[0.25,0.25,0.25]},"gui":{"rotation":[30,225,0],"translation":[1,-1,0],"scale":[0.625,0.625,0.625]},"fixed":{"rotation":[-90,0,0],"translation":[0,0,-16],"scale":[2,2,2]}}}