{"credit":"Made with Blockbench","texture_size":[32,32],"textures":{"1":"hmcmodels:furniture/halloween_ritual_furniture/brain"},"elements":[{"from":[4.5,0,4],"to":[11.5,5,12],"faces":{"north":{"uv":[0,6.5,3.5,9],"texture":"#1"},"east":{"uv":[0,4,4,6.5],"texture":"#1"},"south":{"uv":[3.5,6.5,7,9],"texture":"#1"},"west":{"uv":[4,4,8,6.5],"texture":"#1"},"up":{"uv":[3.5,4,0,0],"texture":"#1"},"down":{"uv":[7,0,3.5,4],"texture":"#1"}}}],"display":{"thirdperson_righthand":{"rotation":[75,45,0],"translation":[0,2.5,0],"scale":[0.375,0.375,0.375]},"thirdperson_lefthand":{"rotation":[75,45,0],"translation":[0,2.5,0],"scale":[0.375,0.375,0.375]},"firstperson_righthand":{"rotation":[0,45,0],"scale":[0.4,0.4,0.4]},"firstperson_lefthand":{"rotation":[0,225,0],"scale":[0.4,0.4,0.4]},"ground":{"translation":[0,3,0],"scale":[0.25,0.25,0.25]},"gui":{"rotation":[30,225,0],"scale":[0.625,0.625,0.625]},"fixed":{"rotation":[-90,0,0],"translation":[0,0,-16],"scale":[2,2,2]}}}