{"credit":"Made with Blockbench","textures":{"4":"hmcmodels:furniture/halloween_ritual_furniture/eyes"},"elements":[{"from":[3.7,-0.1,5.7],"to":[7.3,3.5,9.3],"rotation":{"angle":-22.5,"axis":"y","origin":[5.5,1.6,7.8]},"faces":{"north":{"uv":[0,6,3,9],"texture":"#4"},"east":{"uv":[3,6,6,9],"texture":"#4"},"south":{"uv":[6,6,9,9],"texture":"#4"},"west":{"uv":[8,0,11,3],"texture":"#4"},"up":{"uv":[11,6,8,3],"texture":"#4"},"down":{"uv":[3,9,0,12],"texture":"#4"}}},{"from":[4,0.2,5.6],"to":[7,3.2,5.6],"rotation":{"angle":-22.5,"axis":"y","origin":[5.5,1.6,7.8]},"faces":{"north":{"uv":[3,9,6,12],"texture":"#4"},"east":{"uv":[0,0,0,3],"texture":"#4"},"south":{"uv":[6,9,9,12],"texture":"#4"},"west":{"uv":[0,0,0,3],"texture":"#4"},"up":{"uv":[3,0,0,0],"texture":"#4"},"down":{"uv":[3,0,0,0],"texture":"#4"}}},{"from":[5.5,0,8],"to":[5.5,3,12],"rotation":{"angle":-22.5,"axis":"y","origin":[5.5,1.6,7.8]},"faces":{"north":{"uv":[0,0,0,3],"texture":"#4"},"east":{"uv":[0,0,4,3],"texture":"#4"},"south":{"uv":[0,0,0,3],"texture":"#4"},"west":{"uv":[0,3,4,6],"texture":"#4"},"up":{"uv":[0,4,0,0],"texture":"#4"},"down":{"uv":[0,0,0,4],"texture":"#4"}}},{"from":[9.7,-0.1,5.7],"to":[13.3,3.5,9.3],"rotation":{"angle":45,"axis":"y","origin":[11.5,1.6,7.8]},"faces":{"north":{"uv":[11,0,14,3],"texture":"#4"},"east":{"uv":[11,3,14,6],"texture":"#4"},"south":{"uv":[0,12,3,15],"texture":"#4"},"west":{"uv":[3,12,6,15],"texture":"#4"},"up":{"uv":[9,15,6,12],"texture":"#4"},"down":{"uv":[15,6,12,9],"texture":"#4"}}},{"from":[10,0.2,5.6],"to":[13,3.2,5.6],"rotation":{"angle":45,"axis":"y","origin":[11.5,1.6,7.8]},"faces":{"north":{"uv":[9,6,12,9],"texture":"#4"},"east":{"uv":[0,0,0,3],"texture":"#4"},"south":{"uv":[9,9,12,12],"texture":"#4"},"west":{"uv":[0,0,0,3],"texture":"#4"},"up":{"uv":[3,0,0,0],"texture":"#4"},"down":{"uv":[3,0,0,0],"texture":"#4"}}},{"from":[11.5,0,8],"to":[11.5,3,12],"rotation":{"angle":45,"axis":"y","origin":[11.5,1.6,7.8]},"faces":{"north":{"uv":[0,0,0,3],"texture":"#4"},"east":{"uv":[4,0,8,3],"texture":"#4"},"south":{"uv":[0,0,0,3],"texture":"#4"},"west":{"uv":[4,3,8,6],"texture":"#4"},"up":{"uv":[0,4,0,0],"texture":"#4"},"down":{"uv":[0,0,0,4],"texture":"#4"}}}],"display":{"thirdperson_righthand":{"rotation":[75,45,0],"translation":[0,2.5,0],"scale":[0.375,0.375,0.375]},"thirdperson_lefthand":{"rotation":[75,45,0],"translation":[0,2.5,0],"scale":[0.375,0.375,0.375]},"firstperson_righthand":{"rotation":[0,45,0],"scale":[0.4,0.4,0.4]},"firstperson_lefthand":{"rotation":[0,225,0],"scale":[0.4,0.4,0.4]},"ground":{"translation":[0,3,0],"scale":[0.25,0.25,0.25]},"gui":{"rotation":[30,225,0],"translation":[0,2.25,0],"scale":[0.625,0.625,0.625]},"fixed":{"rotation":[-90,0,0],"translation":[0,0,-16],"scale":[2,2,2]}}}