{"credit":"Made with Blockbench","textures":{"1":"hmcmodels:furniture/halloween_ritual_furniture/halloween_pumpkin_carved","particle":"halloween_ritual_furniture/halloween_pumpkin_carved"},"elements":[{"from":[2.5,0,2.5],"to":[13.5,7,13.5],"faces":{"north":{"uv":[2.75,4.5,5.5,6.25],"texture":"#1"},"east":{"uv":[5,0,7.75,1.75],"texture":"#1"},"south":{"uv":[5,1.75,7.75,3.5],"texture":"#1"},"west":{"uv":[0,5.5,2.75,7.25],"texture":"#1"},"up":{"uv":[2.75,2.75,0,0],"texture":"#1"},"down":{"uv":[2.75,2.75,0,5.5],"texture":"#1"}}},{"from":[3.5,4,3.5],"to":[12.5,11,12.5],"faces":{"north":{"uv":[5.5,3.5,7.75,5.25],"texture":"#1"},"east":{"uv":[5.5,5.25,7.75,7],"texture":"#1"},"south":{"uv":[2.75,6.25,5,8],"texture":"#1"},"west":{"uv":[5,7,7.25,8.75],"texture":"#1"},"up":{"uv":[5,2.25,2.75,0],"texture":"#1"},"down":{"uv":[5,2.25,2.75,4.5],"texture":"#1"}}},{"from":[7,11,7],"to":[9,13,9],"faces":{"north":{"uv":[5,3.5,5.5,4],"texture":"#1"},"east":{"uv":[5,4,5.5,4.5],"texture":"#1"},"south":{"uv":[5,6.25,5.5,6.75],"texture":"#1"},"west":{"uv":[0,7.25,0.5,7.75],"texture":"#1"},"up":{"uv":[1,7.75,0.5,7.25],"texture":"#1"},"down":{"uv":[1.5,7.25,1,7.75],"texture":"#1"}}}],"display":{"thirdperson_righthand":{"rotation":[75,45,0],"translation":[0,2.5,0],"scale":[0.375,0.375,0.375]},"thirdperson_lefthand":{"rotation":[75,45,0],"translation":[0,2.5,0],"scale":[0.375,0.375,0.375]},"firstperson_righthand":{"rotation":[0,45,0],"scale":[0.4,0.4,0.4]},"firstperson_lefthand":{"rotation":[0,225,0],"scale":[0.4,0.4,0.4]},"ground":{"translation":[0,3,0],"scale":[0.25,0.25,0.25]},"gui":{"rotation":[30,225,0],"scale":[0.625,0.625,0.625]},"fixed":{"rotation":[-90,0,0],"translation":[0,0,-16],"scale":[2,2,2]}}}