{"credit":"Made with Blockbench","texture_size":[32,32],"textures":{"2":"hmcmodels:furniture/halloween_ritual_furniture/lungs","particle":"halloween_ritual_furniture/lungs"},"elements":[{"from":[0.85089,1,7.73673],"to":[5.85089,4,12.73673],"rotation":{"angle":22.5,"axis":"y","origin":[4.35089,3,6.73673]},"faces":{"north":{"uv":[7.5,11,10,12.5],"texture":"#2"},"east":{"uv":[10,11,12.5,12.5],"texture":"#2"},"south":{"uv":[0,12,2.5,13.5],"texture":"#2"},"west":{"uv":[12,2.5,14.5,4],"texture":"#2"},"up":{"uv":[12,5,9.5,2.5],"texture":"#2"},"down":{"uv":[12,5,9.5,7.5],"texture":"#2"}}},{"from":[7,1,5],"to":[9,3,15],"rotation":{"angle":0,"axis":"y","origin":[1,0,3]},"faces":{"north":{"uv":[12.5,0,13.5,1],"texture":"#2"},"east":{"uv":[5.5,10,10.5,11],"texture":"#2"},"south":{"uv":[12.5,1,13.5,2],"texture":"#2"},"west":{"uv":[10.5,10,15.5,11],"texture":"#2"},"up":{"uv":[6.5,16,5.5,11],"texture":"#2"},"down":{"uv":[7.5,11,6.5,16],"texture":"#2"}}},{"from":[1.5,0,2],"to":[7.5,5,9],"rotation":{"angle":0,"axis":"y","origin":[0.5,0,3]},"faces":{"north":{"uv":[3.5,7.5,6.5,10],"texture":"#2"},"east":{"uv":[6,0,9.5,2.5],"texture":"#2"},"south":{"uv":[6.5,7.5,9.5,10],"texture":"#2"},"west":{"uv":[6,2.5,9.5,5],"texture":"#2"},"up":{"uv":[3,3.5,0,0],"texture":"#2"},"down":{"uv":[6,0,3,3.5],"texture":"#2"}}},{"from":[8.5,0,2],"to":[14.5,5,9],"rotation":{"angle":0,"axis":"y","origin":[15.5,0,3]},"faces":{"north":{"uv":[0,9.5,3,12],"texture":"#2"},"east":{"uv":[6,5,9.5,7.5],"texture":"#2"},"south":{"uv":[9.5,0,12.5,2.5],"texture":"#2"},"west":{"uv":[0,7,3.5,9.5],"texture":"#2"},"up":{"uv":[3,7,0,3.5],"texture":"#2"},"down":{"uv":[6,3.5,3,7],"texture":"#2"}}},{"from":[10.14911,1,7.73673],"to":[15.14911,4,12.73673],"rotation":{"angle":-22.5,"axis":"y","origin":[11.64911,3,6.73673]},"faces":{"north":{"uv":[12,4,14.5,5.5],"texture":"#2"},"east":{"uv":[12,5.5,14.5,7],"texture":"#2"},"south":{"uv":[12,7,14.5,8.5],"texture":"#2"},"west":{"uv":[12,8.5,14.5,10],"texture":"#2"},"up":{"uv":[12,10,9.5,7.5],"texture":"#2"},"down":{"uv":[5.5,10,3,12.5],"texture":"#2"}}}],"display":{"thirdperson_righthand":{"rotation":[75,45,0],"translation":[0,2.5,0],"scale":[0.375,0.375,0.375]},"thirdperson_lefthand":{"rotation":[75,45,0],"translation":[0,2.5,0],"scale":[0.375,0.375,0.375]},"firstperson_righthand":{"rotation":[0,45,0],"scale":[0.4,0.4,0.4]},"firstperson_lefthand":{"rotation":[0,225,0],"scale":[0.4,0.4,0.4]},"ground":{"translation":[0,3,0],"scale":[0.25,0.25,0.25]},"gui":{"rotation":[30,225,0],"scale":[0.625,0.625,0.625]},"fixed":{"rotation":[-90,0,0],"translation":[0,0,-16],"scale":[2,2,2]}}}