{"credit":"Made with Blockbench","texture_size":[32,32],"textures":{"1":"hmcmodels:furniture/halloween_ritual_furniture/zombie_arm","particle":"halloween_ritual_furniture/zombie_arm"},"elements":[{"from":[7,1.5,6],"to":[9,3.5,15],"rotation":{"angle":0,"axis":"y","origin":[8.5,1.80971,8.03649]},"faces":{"north":{"uv":[9.5,7,10.5,8],"texture":"#1"},"east":{"uv":[5,2.5,9.5,3.5],"texture":"#1"},"south":{"uv":[5,10,6,11],"texture":"#1"},"west":{"uv":[6,3.5,10.5,4.5],"texture":"#1"},"up":{"uv":[7,9,6,4.5],"texture":"#1"},"down":{"uv":[5,6.5,4,11],"texture":"#1"}}},{"from":[5.5,1,14.5],"to":[8.5,4,17.5],"rotation":{"angle":0,"axis":"y","origin":[8.5,1.80971,8.03649]},"faces":{"north":{"uv":[7,8.5,8.5,10],"texture":"#1"},"east":{"uv":[8.5,8.5,10,10],"texture":"#1"},"south":{"uv":[0,9,1.5,10.5],"texture":"#1"},"west":{"uv":[9,0,10.5,1.5],"texture":"#1"},"up":{"uv":[3,10.5,1.5,9],"texture":"#1"},"down":{"uv":[10.5,4.5,9,6],"texture":"#1"}}},{"from":[8.5,1.5,15],"to":[10.5,3.5,17],"rotation":{"angle":0,"axis":"y","origin":[8.5,1.80971,8.03649]},"faces":{"north":{"uv":[6,10,7,11],"texture":"#1"},"east":{"uv":[7,10,8,11],"texture":"#1"},"south":{"uv":[8,10,9,11],"texture":"#1"},"west":{"uv":[10,8,11,9],"texture":"#1"},"up":{"uv":[10,11,9,10],"texture":"#1"},"down":{"uv":[11,9,10,10],"texture":"#1"}}},{"from":[6,0.5,2],"to":[10,4.5,12],"rotation":{"angle":0,"axis":"y","origin":[8.5,1.80971,8.03649]},"faces":{"north":{"uv":[7,0,9,2],"texture":"#1"},"east":{"uv":[0,0,5,2],"texture":"#1"},"south":{"uv":[7,4.5,9,6.5],"texture":"#1"},"west":{"uv":[0,2,5,4],"texture":"#1"},"up":{"uv":[2,9,0,4],"texture":"#1"},"down":{"uv":[4,4,2,9],"texture":"#1"}}},{"from":[5.9,4.60528,-1.51097],"to":[10.1,6.60528,3.48903],"rotation":{"angle":-22.5,"axis":"x","origin":[9,1.80971,8.03649]},"faces":{"north":{"uv":[9,1.5,11,2.5],"texture":"#1"},"east":{"uv":[7,6.5,9.5,7.5],"texture":"#1"},"south":{"uv":[5,9,7,10],"texture":"#1"},"west":{"uv":[7,7.5,9.5,8.5],"texture":"#1"},"up":{"uv":[6,6.5,4,4],"texture":"#1"},"down":{"uv":[7,0,5,2.5],"texture":"#1"}}},{"from":[9.5,0,0],"to":[11.5,2,4],"rotation":{"angle":-22.5,"axis":"y","origin":[10.5,1,2]},"faces":{"north":{"uv":[10,10,11,11],"texture":"#1"},"east":{"uv":[9.5,2.5,11.5,3.5],"texture":"#1"},"south":{"uv":[0,10.5,1,11.5],"texture":"#1"},"west":{"uv":[9.5,6,11.5,7],"texture":"#1"},"up":{"uv":[6,8.5,5,6.5],"texture":"#1"},"down":{"uv":[4,9,3,11],"texture":"#1"}}}],"display":{"thirdperson_righthand":{"rotation":[75,45,0],"translation":[0,2.5,0],"scale":[0.375,0.375,0.375]},"thirdperson_lefthand":{"rotation":[75,45,0],"translation":[0,2.5,0],"scale":[0.375,0.375,0.375]},"firstperson_righthand":{"rotation":[0,45,0],"scale":[0.4,0.4,0.4]},"firstperson_lefthand":{"rotation":[0,225,0],"scale":[0.4,0.4,0.4]},"ground":{"translation":[0,3,0],"scale":[0.25,0.25,0.25]},"gui":{"rotation":[30,225,0],"scale":[0.625,0.625,0.625]},"fixed":{"rotation":[-90,0,0],"translation":[0,0,-16],"scale":[2,2,2]}}}