{"credit":"Made with Blockbench","texture_size":[32,32],"textures":{"1":"hmcmodels:furniture/halloween_ritual_furniture/zombie_arm_ground","particle":"halloween_ritual_furniture/zombie_arm_ground"},"elements":[{"from":[6,-0.6538,6.22679],"to":[10,9.3462,10.22679],"rotation":{"angle":0,"axis":"y","origin":[9.25,7.80971,7.53649]},"faces":{"north":{"uv":[0,0,2,5],"texture":"#1"},"east":{"uv":[2,0,4,5],"texture":"#1"},"south":{"uv":[4,0,6,5],"texture":"#1"},"west":{"uv":[0,5,2,10],"texture":"#1"},"up":{"uv":[10,9.5,8,7.5],"texture":"#1"},"down":{"uv":[10.5,0,8.5,2],"texture":"#1"}}},{"from":[5.9,6.90686,10.70166],"to":[10.1,11.90686,12.70166],"rotation":{"angle":45,"axis":"x","origin":[8.1,10.40686,12.70166]},"faces":{"north":{"uv":[7,5,9,7.5],"texture":"#1"},"east":{"uv":[8.5,2,9.5,4.5],"texture":"#1"},"south":{"uv":[2,7.5,4,10],"texture":"#1"},"west":{"uv":[9,4.5,10,7],"texture":"#1"},"up":{"uv":[2,11,0,10],"texture":"#1"},"down":{"uv":[4,10,2,11],"texture":"#1"}}},{"from":[10.12132,7.05331,5.22679],"to":[12.12132,11.05331,7.22679],"rotation":{"angle":-45,"axis":"z","origin":[12.12132,10.05331,7.22679]},"faces":{"north":{"uv":[4,10,5,12],"texture":"#1"},"east":{"uv":[10,4,11,6],"texture":"#1"},"south":{"uv":[5,10,6,12],"texture":"#1"},"west":{"uv":[6,10,7,12],"texture":"#1"},"up":{"uv":[8,11,7,10],"texture":"#1"},"down":{"uv":[12,9.5,11,10.5],"texture":"#1"}}},{"from":[4,0,4],"to":[8,2,9],"faces":{"north":{"uv":[10,6,12,7],"texture":"#1"},"east":{"uv":[9.5,2,12,3],"texture":"#1"},"south":{"uv":[10,7,12,8],"texture":"#1"},"west":{"uv":[9.5,3,12,4],"texture":"#1"},"up":{"uv":[6,10,4,7.5],"texture":"#1"},"down":{"uv":[8,7.5,6,10],"texture":"#1"}}},{"from":[7,0,5],"to":[12,1,10],"faces":{"north":{"uv":[10,9,12.5,9.5],"texture":"#1"},"east":{"uv":[1.5,11,4,11.5],"texture":"#1"},"south":{"uv":[11,4,13.5,4.5],"texture":"#1"},"west":{"uv":[11,4.5,13.5,5],"texture":"#1"},"up":{"uv":[4.5,7.5,2,5],"texture":"#1"},"down":{"uv":[7,5,4.5,7.5],"texture":"#1"}}},{"from":[3,0,8],"to":[8,1,13],"faces":{"north":{"uv":[11,5,13.5,5.5],"texture":"#1"},"east":{"uv":[11,5.5,13.5,6],"texture":"#1"},"south":{"uv":[7,11,9.5,11.5],"texture":"#1"},"west":{"uv":[9.5,11,12,11.5],"texture":"#1"},"up":{"uv":[8.5,2.5,6,0],"texture":"#1"},"down":{"uv":[8.5,2.5,6,5],"texture":"#1"}}},{"from":[8,0,9],"to":[11,2,12],"faces":{"north":{"uv":[10,8,11.5,9],"texture":"#1"},"east":{"uv":[10.5,0,12,1],"texture":"#1"},"south":{"uv":[10.5,1,12,2],"texture":"#1"},"west":{"uv":[0,11,1.5,12],"texture":"#1"},"up":{"uv":[9.5,11,8,9.5],"texture":"#1"},"down":{"uv":[11,9.5,9.5,11],"texture":"#1"}}}],"display":{"thirdperson_righthand":{"rotation":[75,45,0],"translation":[0,2.5,0],"scale":[0.375,0.375,0.375]},"thirdperson_lefthand":{"rotation":[75,45,0],"translation":[0,2.5,0],"scale":[0.375,0.375,0.375]},"firstperson_righthand":{"rotation":[0,45,0],"scale":[0.4,0.4,0.4]},"firstperson_lefthand":{"rotation":[0,225,0],"scale":[0.4,0.4,0.4]},"ground":{"translation":[0,3,0],"scale":[0.25,0.25,0.25]},"gui":{"rotation":[30,225,0],"scale":[0.625,0.625,0.625]},"fixed":{"rotation":[-90,0,0],"translation":[0,0,-16],"scale":[2,2,2]}}}