{"credit":"Made with Blockbench","texture_size":[64,64],"textures":{"2":"hmcmodels:furniture/furniture/dreamy_outdoors/dreamy_table","particle":"hmcmodels:furniture/furniture/dreamy_outdoors/dreamy_table"},"elements":[{"from":[1,14,1],"to":[3,16,15],"rotation":{"angle":0,"axis":"y","origin":[8,9,8]},"faces":{"north":{"uv":[8.5,4.5,9,5],"texture":"#2"},"east":{"uv":[5,4.25,8.5,4.75],"texture":"#2"},"south":{"uv":[4.75,8.75,5.25,9.25],"texture":"#2"},"west":{"uv":[5,4.75,8.5,5.25],"texture":"#2"},"up":{"uv":[5.5,8.75,5,5.25],"texture":"#2"},"down":{"uv":[6,0,5.5,3.5],"texture":"#2"}}},{"from":[3,16,3],"to":[13,16,13],"rotation":{"angle":0,"axis":"y","origin":[8,9,8]},"faces":{"north":{"uv":[0,0,2.5,0],"texture":"#2"},"east":{"uv":[0,0,2.5,0],"texture":"#2"},"south":{"uv":[0,0,2.5,0],"texture":"#2"},"west":{"uv":[0,0,2.5,0],"texture":"#2"},"up":{"uv":[2.5,2.5,0,0],"texture":"#2"},"down":{"uv":[2.5,2.5,0,5],"texture":"#2"}}},{"from":[13,14,1],"to":[15,16,15],"rotation":{"angle":0,"axis":"y","origin":[8,9,8]},"faces":{"north":{"uv":[6,8.75,6.5,9.25],"texture":"#2"},"east":{"uv":[5.5,3.5,9,4],"texture":"#2"},"south":{"uv":[6.5,8.75,7,9.25],"texture":"#2"},"west":{"uv":[5.5,5.25,9,5.75],"texture":"#2"},"up":{"uv":[6,9.25,5.5,5.75],"texture":"#2"},"down":{"uv":[6.5,0,6,3.5],"texture":"#2"}}},{"from":[3,14,1],"to":[13,16,3],"rotation":{"angle":0,"axis":"y","origin":[8,9,8]},"faces":{"north":{"uv":[6.5,1,9,1.5],"texture":"#2"},"east":{"uv":[7,8.75,7.5,9.25],"texture":"#2"},"south":{"uv":[6.5,1.5,9,2],"texture":"#2"},"west":{"uv":[7.5,8.75,8,9.25],"texture":"#2"},"up":{"uv":[9,2.5,6.5,2],"texture":"#2"},"down":{"uv":[9,2.5,6.5,3],"texture":"#2"}}},{"from":[3,14,13],"to":[13,16,15],"rotation":{"angle":0,"axis":"y","origin":[8,9,8]},"faces":{"north":{"uv":[6.5,3,9,3.5],"texture":"#2"},"east":{"uv":[8,8.75,8.5,9.25],"texture":"#2"},"south":{"uv":[6,6.75,8.5,7.25],"texture":"#2"},"west":{"uv":[9,1,9.5,1.5],"texture":"#2"},"up":{"uv":[8.5,7.75,6,7.25],"texture":"#2"},"down":{"uv":[8.5,7.75,6,8.25],"texture":"#2"}}},{"from":[0,0,7],"to":[2,17,9],"faces":{"north":{"uv":[2.5,0,3,4.25],"texture":"#2"},"east":{"uv":[3,0,3.5,4.25],"texture":"#2"},"south":{"uv":[3.5,0,4,4.25],"texture":"#2"},"west":{"uv":[4,0,4.5,4.25],"texture":"#2"},"up":{"uv":[9.5,2,9,1.5],"texture":"#2"},"down":{"uv":[9.5,2,9,2.5],"texture":"#2"}}},{"from":[14,0,7],"to":[16,17,9],"faces":{"north":{"uv":[2.5,4.25,3,8.5],"texture":"#2"},"east":{"uv":[3,4.25,3.5,8.5],"texture":"#2"},"south":{"uv":[3.5,4.25,4,8.5],"texture":"#2"},"west":{"uv":[4,4.25,4.5,8.5],"texture":"#2"},"up":{"uv":[9.5,3,9,2.5],"texture":"#2"},"down":{"uv":[9.5,3,9,3.5],"texture":"#2"}}},{"from":[2,0,7],"to":[14,2,9],"faces":{"north":{"uv":[6,5.75,9,6.25],"texture":"#2"},"east":{"uv":[9,5,9.5,5.5],"texture":"#2"},"south":{"uv":[6,6.25,9,6.75],"texture":"#2"},"west":{"uv":[9,5.5,9.5,6],"texture":"#2"},"up":{"uv":[9.5,0.5,6.5,0],"texture":"#2"},"down":{"uv":[9.5,0.5,6.5,1],"texture":"#2"}}},{"from":[7,0,0],"to":[9,17,2],"faces":{"north":{"uv":[4.5,0,5,4.25],"texture":"#2"},"east":{"uv":[4.5,4.25,5,8.5],"texture":"#2"},"south":{"uv":[0,5,0.5,9.25],"texture":"#2"},"west":{"uv":[5,0,5.5,4.25],"texture":"#2"},"up":{"uv":[4,9.5,3.5,9],"texture":"#2"},"down":{"uv":[9.5,3.5,9,4],"texture":"#2"}}},{"from":[7,0,2],"to":[9,2,7],"faces":{"north":{"uv":[9,6,9.5,6.5],"texture":"#2"},"east":{"uv":[6,8.25,7.25,8.75],"texture":"#2"},"south":{"uv":[9,6.5,9.5,7],"texture":"#2"},"west":{"uv":[7.25,8.25,8.5,8.75],"texture":"#2"},"up":{"uv":[3,9.75,2.5,8.5],"texture":"#2"},"down":{"uv":[3.5,8.5,3,9.75],"texture":"#2"}}},{"from":[7,0,9],"to":[9,2,14],"faces":{"north":{"uv":[9,7,9.5,7.5],"texture":"#2"},"east":{"uv":[3.5,8.5,4.75,9],"texture":"#2"},"south":{"uv":[9,7.5,9.5,8],"texture":"#2"},"west":{"uv":[8.5,4,9.75,4.5],"texture":"#2"},"up":{"uv":[9,8,8.5,6.75],"texture":"#2"},"down":{"uv":[9,8,8.5,9.25],"texture":"#2"}}},{"from":[7,0,14],"to":[9,17,16],"faces":{"north":{"uv":[0.5,5,1,9.25],"texture":"#2"},"east":{"uv":[1,5,1.5,9.25],"texture":"#2"},"south":{"uv":[1.5,5,2,9.25],"texture":"#2"},"west":{"uv":[2,5,2.5,9.25],"texture":"#2"},"up":{"uv":[4.5,9.5,4,9],"texture":"#2"},"down":{"uv":[9.5,4.5,9,5],"texture":"#2"}}}],"display":{"thirdperson_righthand":{"rotation":[75,45,0],"translation":[0,2.5,0],"scale":[0.375,0.375,0.375]},"thirdperson_lefthand":{"rotation":[75,45,0],"translation":[0,2.5,0],"scale":[0.375,0.375,0.375]},"firstperson_righthand":{"rotation":[0,45,0],"scale":[0.4,0.4,0.4]},"firstperson_lefthand":{"rotation":[0,225,0],"scale":[0.4,0.4,0.4]},"ground":{"translation":[0,3,0],"scale":[0.25,0.25,0.25]},"gui":{"rotation":[30,225,0],"scale":[0.625,0.625,0.625]},"fixed":{"rotation":[-90,0,0],"translation":[0,0,-15.5],"scale":[2,2,2]}}}