{"credit":"Made with Blockbench","texture_size":[128,128],"textures":{"2":"hmcmodels:furniture/furniture/dreamy_outdoors/dreamy_big_table","particle":"hmcmodels:furniture/furniture/dreamy_outdoors/dreamy_big_table"},"elements":[{"from":[-15,14,1],"to":[-13,16,31],"rotation":{"angle":0,"axis":"y","origin":[8,9,8]},"faces":{"north":{"uv":[0.25,6.5,0.5,6.75],"texture":"#2"},"east":{"uv":[3.25,0,7,0.25],"texture":"#2"},"south":{"uv":[0.5,6.5,0.75,6.75],"texture":"#2"},"west":{"uv":[3.25,0.25,7,0.5],"texture":"#2"},"up":{"uv":[3.5,4.25,3.25,0.5],"texture":"#2"},"down":{"uv":[3.75,0.5,3.5,4.25],"texture":"#2"}}},{"from":[-13,16,3],"to":[13,16,29],"rotation":{"angle":0,"axis":"y","origin":[8,9,8]},"faces":{"north":{"uv":[0,0,3.25,0],"texture":"#2"},"east":{"uv":[0,0,3.25,0],"texture":"#2"},"south":{"uv":[0,0,3.25,0],"texture":"#2"},"west":{"uv":[0,0,3.25,0],"texture":"#2"},"up":{"uv":[3.25,3.25,0,0],"texture":"#2"},"down":{"uv":[3.25,3.25,0,6.5],"texture":"#2"}}},{"from":[13,14,1],"to":[15,16,31],"rotation":{"angle":0,"axis":"y","origin":[8,9,8]},"faces":{"north":{"uv":[0.75,6.5,1,6.75],"texture":"#2"},"east":{"uv":[3.75,0.5,7.5,0.75],"texture":"#2"},"south":{"uv":[1,6.5,1.25,6.75],"texture":"#2"},"west":{"uv":[3.75,0.75,7.5,1],"texture":"#2"},"up":{"uv":[4,4.75,3.75,1],"texture":"#2"},"down":{"uv":[4.25,1,4,4.75],"texture":"#2"}}},{"from":[-13,14,1],"to":[13,16,3],"rotation":{"angle":0,"axis":"y","origin":[8,9,8]},"faces":{"north":{"uv":[4.25,2,7.5,2.25],"texture":"#2"},"east":{"uv":[1.25,6.5,1.5,6.75],"texture":"#2"},"south":{"uv":[4.25,2.25,7.5,2.5],"texture":"#2"},"west":{"uv":[1.5,6.5,1.75,6.75],"texture":"#2"},"up":{"uv":[7.5,2.75,4.25,2.5],"texture":"#2"},"down":{"uv":[7.5,2.75,4.25,3],"texture":"#2"}}},{"from":[-13,14,29],"to":[13,16,31],"rotation":{"angle":0,"axis":"y","origin":[8,9,8]},"faces":{"north":{"uv":[4.25,3,7.5,3.25],"texture":"#2"},"east":{"uv":[1.75,6.5,2,6.75],"texture":"#2"},"south":{"uv":[4.25,3.25,7.5,3.5],"texture":"#2"},"west":{"uv":[2,6.5,2.25,6.75],"texture":"#2"},"up":{"uv":[7.5,3.75,4.25,3.5],"texture":"#2"},"down":{"uv":[7.5,3.75,4.25,4],"texture":"#2"}}},{"from":[-16,0,15],"to":[-14,17,17],"faces":{"north":{"uv":[3.25,4.25,3.5,6.375],"texture":"#2"},"east":{"uv":[3.5,4.25,3.75,6.375],"texture":"#2"},"south":{"uv":[4.25,4,4.5,6.125],"texture":"#2"},"west":{"uv":[4.5,4,4.75,6.125],"texture":"#2"},"up":{"uv":[2.5,6.75,2.25,6.5],"texture":"#2"},"down":{"uv":[2.75,6.5,2.5,6.75],"texture":"#2"}}},{"from":[14,0,15],"to":[16,17,17],"faces":{"north":{"uv":[3.75,4.75,4,6.875],"texture":"#2"},"east":{"uv":[4,4.75,4.25,6.875],"texture":"#2"},"south":{"uv":[4.75,4,5,6.125],"texture":"#2"},"west":{"uv":[5,4,5.25,6.125],"texture":"#2"},"up":{"uv":[3,6.75,2.75,6.5],"texture":"#2"},"down":{"uv":[3.25,6.5,3,6.75],"texture":"#2"}}},{"from":[-14,0,15],"to":[14,2,17],"faces":{"north":{"uv":[4.25,1,7.75,1.25],"texture":"#2"},"east":{"uv":[6.5,5.25,6.75,5.5],"texture":"#2"},"south":{"uv":[4.25,1.25,7.75,1.5],"texture":"#2"},"west":{"uv":[6.5,5.5,6.75,5.75],"texture":"#2"},"up":{"uv":[7.75,1.75,4.25,1.5],"texture":"#2"},"down":{"uv":[7.75,1.75,4.25,2],"texture":"#2"}}},{"from":[-1,0,0],"to":[1,17,2],"faces":{"north":{"uv":[5.25,4,5.5,6.125],"texture":"#2"},"east":{"uv":[5.5,4,5.75,6.125],"texture":"#2"},"south":{"uv":[5.75,4,6,6.125],"texture":"#2"},"west":{"uv":[6,4,6.25,6.125],"texture":"#2"},"up":{"uv":[6.75,4.5,6.5,4.25],"texture":"#2"},"down":{"uv":[6.75,4.5,6.5,4.75],"texture":"#2"}}},{"from":[-1,0,2],"to":[1,2,15],"faces":{"north":{"uv":[5.25,6.625,5.5,6.875],"texture":"#2"},"east":{"uv":[5.25,6.125,6.875,6.375],"texture":"#2"},"south":{"uv":[5.5,6.625,5.75,6.875],"texture":"#2"},"west":{"uv":[6.25,4,7.875,4.25],"texture":"#2"},"up":{"uv":[6.5,5.875,6.25,4.25],"texture":"#2"},"down":{"uv":[3.5,6.375,3.25,8],"texture":"#2"}}},{"from":[-1,0,17],"to":[1,2,30],"faces":{"north":{"uv":[5.75,6.625,6,6.875],"texture":"#2"},"east":{"uv":[6.25,5.875,7.875,6.125],"texture":"#2"},"south":{"uv":[6,6.625,6.25,6.875],"texture":"#2"},"west":{"uv":[5.25,6.375,6.875,6.625],"texture":"#2"},"up":{"uv":[3.75,8,3.5,6.375],"texture":"#2"},"down":{"uv":[0.25,6.5,0,8.125],"texture":"#2"}}},{"from":[-1,0,30],"to":[1,17,32],"faces":{"north":{"uv":[4.25,6.125,4.5,8.25],"texture":"#2"},"east":{"uv":[4.5,6.125,4.75,8.25],"texture":"#2"},"south":{"uv":[4.75,6.125,5,8.25],"texture":"#2"},"west":{"uv":[5,6.125,5.25,8.25],"texture":"#2"},"up":{"uv":[6.75,5,6.5,4.75],"texture":"#2"},"down":{"uv":[6.75,5,6.5,5.25],"texture":"#2"}}}],"display":{"thirdperson_righthand":{"rotation":[75,45,0],"translation":[0,2.5,0],"scale":[0.375,0.375,0.375]},"thirdperson_lefthand":{"rotation":[75,45,0],"translation":[0,2.5,0],"scale":[0.375,0.375,0.375]},"firstperson_righthand":{"rotation":[0,45,0],"scale":[0.4,0.4,0.4]},"firstperson_lefthand":{"rotation":[0,225,0],"scale":[0.4,0.4,0.4]},"ground":{"translation":[0,3,0],"scale":[0.25,0.25,0.25]},"gui":{"rotation":[30,225,0],"translation":[0,-3,0],"scale":[0.3,0.3,0.3]},"fixed":{"rotation":[-90,0,0],"translation":[0,0,-15.5],"scale":[2,2,2]}}}