{"credit":"Made with Blockbench","texture_size":[64,64],"textures":{"2":"hmcmodels:furniture/furniture/dreamy_outdoors/dreamy_couch"},"elements":[{"from":[0,11,2],"to":[2,13,16],"rotation":{"angle":0,"axis":"y","origin":[16,0,0]},"faces":{"north":{"uv":[6.25,12,6.75,12.5],"texture":"#2"},"east":{"uv":[11.25,0.75,14.75,1.25],"texture":"#2"},"south":{"uv":[6.75,12,7.25,12.5],"texture":"#2"},"west":{"uv":[11.25,1.25,14.75,1.75],"texture":"#2"},"up":{"uv":[0.5,15,0,11.5],"texture":"#2"},"down":{"uv":[1,11.5,0.5,15],"texture":"#2"}}},{"from":[2,11,14],"to":[30,13,16],"faces":{"north":{"uv":[7.5,4.5,14.5,5],"texture":"#2"},"east":{"uv":[7.25,12,7.75,12.5],"texture":"#2"},"south":{"uv":[7.5,5,14.5,5.5],"texture":"#2"},"west":{"uv":[7.75,12,8.25,12.5],"texture":"#2"},"up":{"uv":[14.5,6,7.5,5.5],"texture":"#2"},"down":{"uv":[14.5,6,7.5,6.5],"texture":"#2"}}},{"from":[0,0,2],"to":[2,11,4],"rotation":{"angle":0,"axis":"y","origin":[16,0,0]},"faces":{"north":{"uv":[9.25,11.5,9.75,14.25],"texture":"#2"},"east":{"uv":[9.75,11.5,10.25,14.25],"texture":"#2"},"south":{"uv":[10.25,11.5,10.75,14.25],"texture":"#2"},"west":{"uv":[10.75,11.5,11.25,14.25],"texture":"#2"},"up":{"uv":[12.5,9,12,8.5],"texture":"#2"},"down":{"uv":[12.5,9,12,9.5],"texture":"#2"}}},{"from":[2,0,14],"to":[30,2,16],"faces":{"north":{"uv":[7.5,6.5,14.5,7],"texture":"#2"},"east":{"uv":[12.25,11.5,12.75,12],"texture":"#2"},"south":{"uv":[7.5,7,14.5,7.5],"texture":"#2"},"west":{"uv":[12.25,12,12.75,12.5],"texture":"#2"},"up":{"uv":[14.5,8,7.5,7.5],"texture":"#2"},"down":{"uv":[14.5,8,7.5,8.5],"texture":"#2"}}},{"from":[0,0,4],"to":[2,2,16],"rotation":{"angle":0,"axis":"y","origin":[16,0,0]},"faces":{"north":{"uv":[12,9.5,12.5,10],"texture":"#2"},"east":{"uv":[11.25,2.75,14.25,3.25],"texture":"#2"},"south":{"uv":[12,10,12.5,10.5],"texture":"#2"},"west":{"uv":[11.25,3.25,14.25,3.75],"texture":"#2"},"up":{"uv":[4.75,14.5,4.25,11.5],"texture":"#2"},"down":{"uv":[5.25,11.5,4.75,14.5],"texture":"#2"}}},{"from":[30,0,2],"to":[32,11,4],"faces":{"north":{"uv":[11.25,11.5,11.75,14.25],"texture":"#2"},"east":{"uv":[11.75,11.5,12.25,14.25],"texture":"#2"},"south":{"uv":[5.25,12,5.75,14.75],"texture":"#2"},"west":{"uv":[5.75,12,6.25,14.75],"texture":"#2"},"up":{"uv":[13,9,12.5,8.5],"texture":"#2"},"down":{"uv":[13,9,12.5,9.5],"texture":"#2"}}},{"from":[30,0,4],"to":[32,2,16],"faces":{"north":{"uv":[7.25,12.5,7.75,13],"texture":"#2"},"east":{"uv":[11.25,3.75,14.25,4.25],"texture":"#2"},"south":{"uv":[7.75,12.5,8.25,13],"texture":"#2"},"west":{"uv":[5.25,11.5,8.25,12],"texture":"#2"},"up":{"uv":[8.75,14.5,8.25,11.5],"texture":"#2"},"down":{"uv":[9.25,11.5,8.75,14.5],"texture":"#2"}}},{"from":[30,11,2],"to":[32,13,16],"faces":{"north":{"uv":[6.25,12.5,6.75,13],"texture":"#2"},"east":{"uv":[11.25,1.75,14.75,2.25],"texture":"#2"},"south":{"uv":[6.75,12.5,7.25,13],"texture":"#2"},"west":{"uv":[11.25,2.25,14.75,2.75],"texture":"#2"},"up":{"uv":[1.5,15,1,11.5],"texture":"#2"},"down":{"uv":[2,11.5,1.5,15],"texture":"#2"}}},{"from":[1,5,1],"to":[16,8,15],"faces":{"north":{"uv":[7.5,8.5,11.25,9.25],"texture":"#2","tintindex":0},"east":{"uv":[3.75,10.75,7.25,11.5],"texture":"#2","tintindex":0},"south":{"uv":[0,9.25,3.75,10],"texture":"#2","tintindex":0},"west":{"uv":[7.25,10.75,10.75,11.5],"texture":"#2","tintindex":0},"up":{"uv":[3.75,3.5,0,0],"texture":"#2","tintindex":0},"down":{"uv":[3.75,3.5,0,7],"texture":"#2","tintindex":0}}},{"from":[1,8,12],"to":[16,17,15],"faces":{"north":{"uv":[0,7,3.75,9.25],"texture":"#2","tintindex":0},"east":{"uv":[11.25,8.5,12,10.75],"texture":"#2","tintindex":0},"south":{"uv":[3.75,7,7.5,9.25],"texture":"#2","tintindex":0},"west":{"uv":[2,11.5,2.75,13.75],"texture":"#2","tintindex":0},"up":{"uv":[7.5,10,3.75,9.25],"texture":"#2","tintindex":0},"down":{"uv":[11.25,9.25,7.5,10],"texture":"#2","tintindex":0}}},{"from":[16,5,1],"to":[31,8,15],"faces":{"north":{"uv":[7.5,10,11.25,10.75],"texture":"#2","tintindex":0},"east":{"uv":[10.75,10.75,14.25,11.5],"texture":"#2","tintindex":0},"south":{"uv":[0,10.75,3.75,11.5],"texture":"#2","tintindex":0},"west":{"uv":[11.25,0,14.75,0.75],"texture":"#2","tintindex":0},"up":{"uv":[7.5,3.5,3.75,0],"texture":"#2","tintindex":0},"down":{"uv":[7.5,3.5,3.75,7],"texture":"#2","tintindex":0}}},{"from":[16,8,12],"to":[31,17,15],"faces":{"north":{"uv":[7.5,0,11.25,2.25],"texture":"#2","tintindex":0},"east":{"uv":[2.75,11.5,3.5,13.75],"texture":"#2","tintindex":0},"south":{"uv":[7.5,2.25,11.25,4.5],"texture":"#2","tintindex":0},"west":{"uv":[3.5,11.5,4.25,13.75],"texture":"#2","tintindex":0},"up":{"uv":[3.75,10.75,0,10],"texture":"#2","tintindex":0},"down":{"uv":[7.5,10,3.75,10.75],"texture":"#2","tintindex":0}}}],"display":{"thirdperson_righthand":{"rotation":[75,45,0],"translation":[0,2.5,0],"scale":[0.375,0.375,0.375]},"thirdperson_lefthand":{"rotation":[75,45,0],"translation":[0,2.5,0],"scale":[0.375,0.375,0.375]},"firstperson_righthand":{"rotation":[0,45,0],"scale":[0.4,0.4,0.4]},"firstperson_lefthand":{"rotation":[0,225,0],"scale":[0.4,0.4,0.4]},"ground":{"translation":[0,3,0],"scale":[0.25,0.25,0.25]},"gui":{"rotation":[30,225,0],"translation":[2.25,0,0],"scale":[0.4,0.4,0.4]},"fixed":{"rotation":[-90,0,0],"translation":[0,0,-15.5],"scale":[2,2,2]}}}