{"credit":"Made with Blockbench","texture_size":[64,64],"textures":{"1":"hmcmodels:furniture/furniture/dreamy_outdoors/dreamy_chair","particle":"hmcmodels:furniture/furniture/dreamy_outdoors/dreamy_chair"},"elements":[{"from":[0,11,2],"to":[2,13,16],"rotation":{"angle":0,"axis":"y","origin":[16,0,0]},"faces":{"north":{"uv":[8.5,8.25,9,8.75],"texture":"#1"},"east":{"uv":[7,0.75,10.5,1.25],"texture":"#1"},"south":{"uv":[7,8.75,7.5,9.25],"texture":"#1"},"west":{"uv":[7,1.25,10.5,1.75],"texture":"#1"},"up":{"uv":[7.5,5.25,7,1.75],"texture":"#1"},"down":{"uv":[7.5,5.25,7,8.75],"texture":"#1"}}},{"from":[2,11,14],"to":[14,13,16],"faces":{"north":{"uv":[7.5,6.25,10.5,6.75],"texture":"#1"},"east":{"uv":[8.5,8.75,9,9.25],"texture":"#1"},"south":{"uv":[7.5,6.75,10.5,7.25],"texture":"#1"},"west":{"uv":[9,8.25,9.5,8.75],"texture":"#1"},"up":{"uv":[10.5,7.75,7.5,7.25],"texture":"#1"},"down":{"uv":[3,7.75,0,8.25],"texture":"#1"}}},{"from":[0,0,2],"to":[2,11,4],"rotation":{"angle":0,"axis":"y","origin":[16,0,0]},"faces":{"north":{"uv":[0,8.25,0.5,11],"texture":"#1"},"east":{"uv":[0.5,8.25,1,11],"texture":"#1"},"south":{"uv":[1,8.25,1.5,11],"texture":"#1"},"west":{"uv":[1.5,8.25,2,11],"texture":"#1"},"up":{"uv":[9.5,9.25,9,8.75],"texture":"#1"},"down":{"uv":[7.5,9.25,7,9.75],"texture":"#1"}}},{"from":[2,0,14],"to":[14,2,16],"faces":{"north":{"uv":[8,3.25,11,3.75],"texture":"#1"},"east":{"uv":[9.5,8.25,10,8.75],"texture":"#1"},"south":{"uv":[8,3.75,11,4.25],"texture":"#1"},"west":{"uv":[9.5,8.75,10,9.25],"texture":"#1"},"up":{"uv":[11,4.75,8,4.25],"texture":"#1"},"down":{"uv":[11,4.75,8,5.25],"texture":"#1"}}},{"from":[0,0,4],"to":[2,2,16],"rotation":{"angle":0,"axis":"y","origin":[16,0,0]},"faces":{"north":{"uv":[8.5,9.25,9,9.75],"texture":"#1"},"east":{"uv":[7.5,7.75,10.5,8.25],"texture":"#1"},"south":{"uv":[9,9.25,9.5,9.75],"texture":"#1"},"west":{"uv":[8,2.75,11,3.25],"texture":"#1"},"up":{"uv":[6,10.5,5.5,7.5],"texture":"#1"},"down":{"uv":[6.5,7.5,6,10.5],"texture":"#1"}}},{"from":[14,0,2],"to":[16,11,4],"faces":{"north":{"uv":[2,8.25,2.5,11],"texture":"#1"},"east":{"uv":[2.5,8.25,3,11],"texture":"#1"},"south":{"uv":[7.5,8.25,8,11],"texture":"#1"},"west":{"uv":[8,8.25,8.5,11],"texture":"#1"},"up":{"uv":[7.5,10.25,7,9.75],"texture":"#1"},"down":{"uv":[9,9.75,8.5,10.25],"texture":"#1"}}},{"from":[14,0,4],"to":[16,2,16],"faces":{"north":{"uv":[4.5,9.75,5,10.25],"texture":"#1"},"east":{"uv":[8,5.25,11,5.75],"texture":"#1"},"south":{"uv":[5,9.75,5.5,10.25],"texture":"#1"},"west":{"uv":[8,5.75,11,6.25],"texture":"#1"},"up":{"uv":[7,10.5,6.5,7.5],"texture":"#1"},"down":{"uv":[3.5,7.75,3,10.75],"texture":"#1"}}},{"from":[14,11,2],"to":[16,13,16],"faces":{"north":{"uv":[9.5,9.25,10,9.75],"texture":"#1"},"east":{"uv":[7.5,1.75,11,2.25],"texture":"#1"},"south":{"uv":[4,9.75,4.5,10.25],"texture":"#1"},"west":{"uv":[7.5,2.25,11,2.75],"texture":"#1"},"up":{"uv":[8,6.25,7.5,2.75],"texture":"#1"},"down":{"uv":[4,7.5,3.5,11],"texture":"#1"}}},{"from":[1,5,1],"to":[15,8,15],"faces":{"north":{"uv":[3.5,4.5,7,5.25],"texture":"#1","tintindex":0},"east":{"uv":[3.5,5.25,7,6],"texture":"#1","tintindex":0},"south":{"uv":[3.5,6,7,6.75],"texture":"#1","tintindex":0},"west":{"uv":[3.5,6.75,7,7.5],"texture":"#1","tintindex":0},"up":{"uv":[3.5,3.5,0,0],"texture":"#1","tintindex":0},"down":{"uv":[3.5,3.5,0,7],"texture":"#1","tintindex":0}}},{"from":[1,8,12],"to":[15,17,15],"faces":{"north":{"uv":[3.5,0,7,2.25],"texture":"#1","tintindex":0},"east":{"uv":[4,7.5,4.75,9.75],"texture":"#1","tintindex":0},"south":{"uv":[3.5,2.25,7,4.5],"texture":"#1","tintindex":0},"west":{"uv":[4.75,7.5,5.5,9.75],"texture":"#1","tintindex":0},"up":{"uv":[3.5,7.75,0,7],"texture":"#1","tintindex":0},"down":{"uv":[10.5,0,7,0.75],"texture":"#1","tintindex":0}}}],"display":{"thirdperson_righthand":{"rotation":[75,45,0],"translation":[0,2.5,0],"scale":[0.375,0.375,0.375]},"thirdperson_lefthand":{"rotation":[75,45,0],"translation":[0,2.5,0],"scale":[0.375,0.375,0.375]},"firstperson_righthand":{"rotation":[0,45,0],"scale":[0.4,0.4,0.4]},"firstperson_lefthand":{"rotation":[0,225,0],"scale":[0.4,0.4,0.4]},"ground":{"translation":[0,3,0],"scale":[0.25,0.25,0.25]},"gui":{"rotation":[30,225,0],"scale":[0.625,0.625,0.625]},"fixed":{"rotation":[-90,0,0],"translation":[0,0,-15.5],"scale":[2,2,2]}}}