{"credit":"Made with Blockbench","texture_size":[64,64],"textures":{"3":"hmcmodels:furniture/furniture/dreamy_outdoors/dreamy_stool"},"elements":[{"from":[1.5,5,1.5],"to":[14.5,8,14.5],"faces":{"north":{"uv":[6.75,3.75,10,4.5],"texture":"#3","tintindex":0},"east":{"uv":[6.75,4.5,10,5.25],"texture":"#3","tintindex":0},"south":{"uv":[6.75,5.25,10,6],"texture":"#3","tintindex":0},"west":{"uv":[0,7,3.25,7.75],"texture":"#3","tintindex":0},"up":{"uv":[6.75,3.25,3.5,0],"texture":"#3","tintindex":0},"down":{"uv":[6.75,0,3.5,3.25],"texture":"#3","tintindex":0}}},{"from":[1,0,1],"to":[15,5,15],"faces":{"north":{"uv":[3.5,6.5,7,7.75],"texture":"#3"},"east":{"uv":[6.75,0,10.25,1.25],"texture":"#3"},"south":{"uv":[6.75,1.25,10.25,2.5],"texture":"#3"},"west":{"uv":[6.75,2.5,10.25,3.75],"texture":"#3"},"up":{"uv":[3.5,3.5,0,0],"texture":"#3"},"down":{"uv":[3.5,3.5,0,7],"texture":"#3"}}}],"display":{"thirdperson_righthand":{"rotation":[75,45,0],"translation":[0,2.5,0],"scale":[0.375,0.375,0.375]},"thirdperson_lefthand":{"rotation":[75,45,0],"translation":[0,2.5,0],"scale":[0.375,0.375,0.375]},"firstperson_righthand":{"rotation":[0,45,0],"scale":[0.4,0.4,0.4]},"firstperson_lefthand":{"rotation":[0,225,0],"scale":[0.4,0.4,0.4]},"ground":{"translation":[0,3,0],"scale":[0.25,0.25,0.25]},"gui":{"rotation":[30,225,0],"scale":[0.625,0.625,0.625]},"fixed":{"rotation":[-90,0,0],"translation":[0,0,-15.5],"scale":[2,2,2]}}}