{"credit":"Made with Blockbench","texture_size":[64,64],"textures":{"3":"hmcmodels:furniture/furniture/dreamy_outdoors/dreamy_bench"},"elements":[{"from":[30,0,0],"to":[32,2,16],"rotation":{"angle":0,"axis":"y","origin":[16,0,0]},"faces":{"north":{"uv":[11,7,11.5,7.5],"texture":"#3"},"east":{"uv":[0.5,7.5,4.5,8],"texture":"#3"},"south":{"uv":[7.5,11,8,11.5],"texture":"#3"},"west":{"uv":[7.5,4,11.5,4.5],"texture":"#3"},"up":{"uv":[5,11.5,4.5,7.5],"texture":"#3"},"down":{"uv":[5.5,7.5,5,11.5],"texture":"#3"}}},{"from":[30,2,0],"to":[32,14,2],"rotation":{"angle":0,"axis":"y","origin":[16,0,0]},"faces":{"north":{"uv":[2.5,8,3,11],"texture":"#3"},"east":{"uv":[3,8,3.5,11],"texture":"#3"},"south":{"uv":[3.5,8,4,11],"texture":"#3"},"west":{"uv":[4,8,4.5,11],"texture":"#3"},"up":{"uv":[11.5,4,11,3.5],"texture":"#3"},"down":{"uv":[4.5,11,4,11.5],"texture":"#3"}}},{"from":[30,2,14],"to":[32,14,16],"rotation":{"angle":0,"axis":"y","origin":[16,0,0]},"faces":{"north":{"uv":[0.5,8,1,11],"texture":"#3"},"east":{"uv":[1,8,1.5,11],"texture":"#3"},"south":{"uv":[1.5,8,2,11],"texture":"#3"},"west":{"uv":[2,8,2.5,11],"texture":"#3"},"up":{"uv":[11.5,3.5,11,3],"texture":"#3"},"down":{"uv":[4,11,3.5,11.5],"texture":"#3"}}},{"from":[30,14,0],"to":[32,16,16],"rotation":{"angle":0,"axis":"y","origin":[16,0,0]},"faces":{"north":{"uv":[11,2.5,11.5,3],"texture":"#3"},"east":{"uv":[0,7,4,7.5],"texture":"#3"},"south":{"uv":[3,11,3.5,11.5],"texture":"#3"},"west":{"uv":[4,7,8,7.5],"texture":"#3"},"up":{"uv":[0.5,11.5,0,7.5],"texture":"#3"},"down":{"uv":[8,0,7.5,4],"texture":"#3"}}},{"from":[0,0,0],"to":[2,2,16],"rotation":{"angle":0,"axis":"y","origin":[16,0,0]},"faces":{"north":{"uv":[9.5,11,10,11.5],"texture":"#3"},"east":{"uv":[7.5,5.5,11.5,6],"texture":"#3"},"south":{"uv":[11,9.5,11.5,10],"texture":"#3"},"west":{"uv":[7.5,6,11.5,6.5],"texture":"#3"},"up":{"uv":[7,11.5,6.5,7.5],"texture":"#3"},"down":{"uv":[7.5,7.5,7,11.5],"texture":"#3"}}},{"from":[0,5.5,2],"to":[2,7.5,14],"rotation":{"angle":0,"axis":"y","origin":[16,0,0]},"faces":{"north":{"uv":[10,11,10.5,11.5],"texture":"#3"},"east":{"uv":[8,2.5,11,3],"texture":"#3"},"south":{"uv":[11,10,11.5,10.5],"texture":"#3"},"west":{"uv":[8,3,11,3.5],"texture":"#3"},"up":{"uv":[1.5,14,1,11],"texture":"#3"},"down":{"uv":[2,11,1.5,14],"texture":"#3"}}},{"from":[30,5.5,2],"to":[32,7.5,14],"faces":{"north":{"uv":[10.5,11,11,11.5],"texture":"#3"},"east":{"uv":[8,3.5,11,4],"texture":"#3"},"south":{"uv":[11,10.5,11.5,11],"texture":"#3"},"west":{"uv":[8,7,11,7.5],"texture":"#3"},"up":{"uv":[2.5,14,2,11],"texture":"#3"},"down":{"uv":[3,11,2.5,14],"texture":"#3"}}},{"from":[0,2,0],"to":[2,14,2],"rotation":{"angle":0,"axis":"y","origin":[16,0,0]},"faces":{"north":{"uv":[9.5,8,10,11],"texture":"#3"},"east":{"uv":[10,8,10.5,11],"texture":"#3"},"south":{"uv":[10.5,8,11,11],"texture":"#3"},"west":{"uv":[0.5,11,1,14],"texture":"#3"},"up":{"uv":[9.5,11.5,9,11],"texture":"#3"},"down":{"uv":[11.5,9,11,9.5],"texture":"#3"}}},{"from":[0,14,0],"to":[2,16,16],"rotation":{"angle":0,"axis":"y","origin":[16,0,0]},"faces":{"north":{"uv":[8.5,11,9,11.5],"texture":"#3"},"east":{"uv":[7.5,4.5,11.5,5],"texture":"#3"},"south":{"uv":[11,8.5,11.5,9],"texture":"#3"},"west":{"uv":[7.5,5,11.5,5.5],"texture":"#3"},"up":{"uv":[6,11.5,5.5,7.5],"texture":"#3"},"down":{"uv":[6.5,7.5,6,11.5],"texture":"#3"}}},{"from":[0,2,14],"to":[2,14,16],"rotation":{"angle":0,"axis":"y","origin":[16,0,0]},"faces":{"north":{"uv":[7.5,8,8,11],"texture":"#3"},"east":{"uv":[8,8,8.5,11],"texture":"#3"},"south":{"uv":[8.5,8,9,11],"texture":"#3"},"west":{"uv":[9,8,9.5,11],"texture":"#3"},"up":{"uv":[8.5,11.5,8,11],"texture":"#3"},"down":{"uv":[11.5,8,11,8.5],"texture":"#3"}}},{"from":[1,9,14.5],"to":[31,11,15.5],"faces":{"north":{"uv":[0,0,7.5,0.5],"texture":"#3"},"east":{"uv":[11,11,11.25,11.5],"texture":"#3"},"south":{"uv":[0,0.5,7.5,1],"texture":"#3"},"west":{"uv":[11.25,11,11.5,11.5],"texture":"#3"},"up":{"uv":[15,6.75,7.5,6.5],"texture":"#3"},"down":{"uv":[15,6.75,7.5,7],"texture":"#3"}}},{"from":[1,6,9],"to":[31,7,11],"faces":{"north":{"uv":[8,0.5,15.5,0.75],"texture":"#3"},"east":{"uv":[11.5,3,12,3.25],"texture":"#3"},"south":{"uv":[8,0.75,15.5,1],"texture":"#3"},"west":{"uv":[3.25,11.5,3.75,11.75],"texture":"#3"},"up":{"uv":[7.5,3.5,0,3],"texture":"#3"},"down":{"uv":[7.5,3.5,0,4],"texture":"#3"}}},{"from":[1,6,13],"to":[31,7,15],"faces":{"north":{"uv":[8,1,15.5,1.25],"texture":"#3"},"east":{"uv":[11.5,3.25,12,3.5],"texture":"#3"},"south":{"uv":[8,1.25,15.5,1.5],"texture":"#3"},"west":{"uv":[11.5,3.5,12,3.75],"texture":"#3"},"up":{"uv":[7.5,4.5,0,4],"texture":"#3"},"down":{"uv":[7.5,4.5,0,5],"texture":"#3"}}},{"from":[1,6,5],"to":[31,7,7],"faces":{"north":{"uv":[8,2,15.5,2.25],"texture":"#3"},"east":{"uv":[11.5,4,12,4.25],"texture":"#3"},"south":{"uv":[8,2.25,15.5,2.5],"texture":"#3"},"west":{"uv":[4.25,11.5,4.75,11.75],"texture":"#3"},"up":{"uv":[7.5,6.5,0,6],"texture":"#3"},"down":{"uv":[7.5,6.5,0,7],"texture":"#3"}}},{"from":[1,6,1],"to":[31,7,3],"faces":{"north":{"uv":[8,1.5,15.5,1.75],"texture":"#3"},"east":{"uv":[3.75,11.5,4.25,11.75],"texture":"#3"},"south":{"uv":[8,1.75,15.5,2],"texture":"#3"},"west":{"uv":[11.5,3.75,12,4],"texture":"#3"},"up":{"uv":[7.5,5.5,0,5],"texture":"#3"},"down":{"uv":[7.5,5.5,0,6],"texture":"#3"}}},{"from":[1,12,14.5],"to":[31,14,15.5],"faces":{"north":{"uv":[0,1,7.5,1.5],"texture":"#3"},"east":{"uv":[0,11.5,0.25,12],"texture":"#3"},"south":{"uv":[0,1.5,7.5,2],"texture":"#3"},"west":{"uv":[0.25,11.5,0.5,12],"texture":"#3"},"up":{"uv":[15,7.75,7.5,7.5],"texture":"#3"},"down":{"uv":[15,7.75,7.5,8],"texture":"#3"}}},{"from":[1,15,14.5],"to":[31,17,15.5],"faces":{"north":{"uv":[0,2,7.5,2.5],"texture":"#3"},"east":{"uv":[11.5,2.5,11.75,3],"texture":"#3"},"south":{"uv":[0,2.5,7.5,3],"texture":"#3"},"west":{"uv":[3,11.5,3.25,12],"texture":"#3"},"up":{"uv":[15.5,0.25,8,0],"texture":"#3"},"down":{"uv":[15.5,0.25,8,0.5],"texture":"#3"}}}],"display":{"thirdperson_righthand":{"rotation":[75,45,0],"translation":[0,2.5,0],"scale":[0.375,0.375,0.375]},"thirdperson_lefthand":{"rotation":[75,45,0],"translation":[0,2.5,0],"scale":[0.375,0.375,0.375]},"firstperson_righthand":{"rotation":[0,45,0],"scale":[0.4,0.4,0.4]},"firstperson_lefthand":{"rotation":[0,225,0],"scale":[0.4,0.4,0.4]},"ground":{"translation":[0,3,0],"scale":[0.25,0.25,0.25]},"gui":{"rotation":[30,225,0],"translation":[2.25,0,0],"scale":[0.4,0.4,0.4]},"fixed":{"rotation":[-90,0,0],"translation":[0,0,-15.5],"scale":[2,2,2]}}}