{"credit":"Made with Blockbench","texture_size":[32,32],"textures":{"0":"hmcmodels:furniture/snights_modern_furniture/golden_creeper_trophy","particle":"hmcmodels:furniture/snights_modern_furniture/golden_creeper_trophy"},"elements":[{"from":[4,0,4],"to":[12,2,12],"faces":{"north":{"uv":[6,0,10,1],"texture":"#0"},"east":{"uv":[6,1,10,2],"texture":"#0"},"south":{"uv":[6,2,10,3],"texture":"#0"},"west":{"uv":[6,3,10,4],"texture":"#0"},"up":{"uv":[4,4,0,0],"texture":"#0"},"down":{"uv":[4,4,0,8],"texture":"#0"}}},{"from":[5,2,8],"to":[7,5,10],"faces":{"north":{"uv":[5,9,6,10.5],"texture":"#0"},"east":{"uv":[9,6,10,7.5],"texture":"#0"},"south":{"uv":[9,7.5,10,9],"texture":"#0"},"west":{"uv":[9,9,10,10.5],"texture":"#0"},"up":{"uv":[11,10,10,9],"texture":"#0"},"down":{"uv":[11,10,10,11],"texture":"#0"}}},{"from":[9,2,6],"to":[11,5,8],"faces":{"north":{"uv":[8,9.5,9,11],"texture":"#0"},"east":{"uv":[0,10,1,11.5],"texture":"#0"},"south":{"uv":[10,0,11,1.5],"texture":"#0"},"west":{"uv":[1,10,2,11.5],"texture":"#0"},"up":{"uv":[6,11.5,5,10.5],"texture":"#0"},"down":{"uv":[10,10.5,9,11.5],"texture":"#0"}}},{"from":[3,4.5,6],"to":[5,7.5,8],"rotation":{"angle":-22.5,"axis":"z","origin":[0,0,0]},"faces":{"north":{"uv":[10,1.5,11,3],"texture":"#0"},"east":{"uv":[2,10,3,11.5],"texture":"#0"},"south":{"uv":[3,10,4,11.5],"texture":"#0"},"west":{"uv":[10,3,11,4.5],"texture":"#0"},"up":{"uv":[12,1,11,0],"texture":"#0"},"down":{"uv":[12,1,11,2],"texture":"#0"}}},{"from":[10,-1.75,8],"to":[12,1.25,10],"rotation":{"angle":22.5,"axis":"z","origin":[0,0,0]},"faces":{"north":{"uv":[10,4.5,11,6],"texture":"#0"},"east":{"uv":[10,6,11,7.5],"texture":"#0"},"south":{"uv":[7,10,8,11.5],"texture":"#0"},"west":{"uv":[10,7.5,11,9],"texture":"#0"},"up":{"uv":[12,3,11,2],"texture":"#0"},"down":{"uv":[12,3,11,4],"texture":"#0"}}},{"from":[7,5,6],"to":[9,12,10],"faces":{"north":{"uv":[6,8,7,11.5],"texture":"#0"},"east":{"uv":[4,0,6,3.5],"texture":"#0"},"south":{"uv":[8,6,9,9.5],"texture":"#0"},"west":{"uv":[4,3.5,6,7],"texture":"#0"},"up":{"uv":[8,10,7,8],"texture":"#0"},"down":{"uv":[5,9,4,11],"texture":"#0"}}},{"from":[6,12,6],"to":[10,16,10],"faces":{"north":{"uv":[6,4,8,6],"texture":"#0"},"east":{"uv":[6,6,8,8],"texture":"#0"},"south":{"uv":[4,7,6,9],"texture":"#0"},"west":{"uv":[0,8,2,10],"texture":"#0"},"up":{"uv":[4,10,2,8],"texture":"#0"},"down":{"uv":[10,4,8,6],"texture":"#0"}}}],"display":{"thirdperson_righthand":{"rotation":[0,-90,0],"translation":[0,-1.5,-0.75],"scale":[0.7,0.7,0.7]},"thirdperson_lefthand":{"rotation":[0,-90,0],"translation":[0,-1.5,-0.75],"scale":[0.7,0.7,0.7]},"firstperson_righthand":{"translation":[0,-1.75,0]},"firstperson_lefthand":{"translation":[0,-1.75,0]},"ground":{"translation":[0,1.25,0],"scale":[0.7,0.7,0.7]},"gui":{"rotation":[36,-64,0],"scale":[0.7,0.7,0.7]},"fixed":{"rotation":[-90,-90,0],"translation":[0,0,-15.5],"scale":[2,2,2]}},"groups":[{"name":"golden_creeper_trophy","origin":[8,8,8],"color":0,"nbt":"{}","armAnimationEnabled":false,"children":[0,1,2,3,4,5,6]}]}