{"credit":"Made with Blockbench","texture_size":[64,64],"textures":{"0":"hmcmodels:furniture/snights_modern_furniture/modern_plant2","particle":"hmcmodels:furniture/snights_modern_furniture/modern_plant2"},"elements":[{"from":[2,0,2],"to":[14,10,14],"faces":{"north":{"uv":[3,0,6,2.5],"texture":"#0"},"east":{"uv":[3,2.5,6,5],"texture":"#0"},"south":{"uv":[3,5,6,7.5],"texture":"#0"},"west":{"uv":[0,6,3,8.5],"texture":"#0"},"up":{"uv":[3,3,0,0],"texture":"#0"},"down":{"uv":[3,3,0,6],"texture":"#0"}}},{"from":[5,17,5],"to":[12,17,9],"rotation":{"angle":22.5,"axis":"z","origin":[0,0,0]},"faces":{"north":{"uv":[0,0,1.75,0],"texture":"#0"},"east":{"uv":[0,0,1,0],"texture":"#0"},"south":{"uv":[0,0,1.75,0],"texture":"#0"},"west":{"uv":[0,0,1,0],"texture":"#0"},"up":{"uv":[7.75,1,6,0],"texture":"#0"},"down":{"uv":[7.75,1,6,2],"texture":"#0"}}},{"from":[3,23.5,5],"to":[10,23.5,9],"rotation":{"angle":-22.5,"axis":"z","origin":[0,0,0]},"faces":{"north":{"uv":[0,0,1.75,0],"texture":"#0"},"east":{"uv":[0,0,1,0],"texture":"#0"},"south":{"uv":[0,0,1.75,0],"texture":"#0"},"west":{"uv":[0,0,1,0],"texture":"#0"},"up":{"uv":[7.75,3,6,2],"texture":"#0"},"down":{"uv":[7.75,3,6,4],"texture":"#0"}}},{"from":[6,19,6],"to":[10,19,13],"rotation":{"angle":-22.5,"axis":"x","origin":[0,0,0]},"faces":{"north":{"uv":[0,0,1,0],"texture":"#0"},"east":{"uv":[0,0,1.75,0],"texture":"#0"},"south":{"uv":[0,0,1,0],"texture":"#0"},"west":{"uv":[0,0,1.75,0],"texture":"#0"},"up":{"uv":[7,5.75,6,4],"texture":"#0"},"down":{"uv":[7,5.75,6,7.5],"texture":"#0"}}},{"from":[4,10,6],"to":[4,20,7],"faces":{"north":{"uv":[0,0,0,2.5],"texture":"#0"},"east":{"uv":[7.75,0,8,2.5],"texture":"#0"},"south":{"uv":[0,0,0,2.5],"texture":"#0"},"west":{"uv":[7,7.75,7.25,10.25],"texture":"#0"},"up":{"uv":[0,0.25,0,0],"texture":"#0"},"down":{"uv":[0,0,0,0.25],"texture":"#0"}}},{"from":[13,10,6],"to":[13,20,7],"faces":{"north":{"uv":[0,0,0,2.5],"texture":"#0"},"east":{"uv":[7.25,7.75,7.5,10.25],"texture":"#0"},"south":{"uv":[0,0,0,2.5],"texture":"#0"},"west":{"uv":[7.5,7.75,7.75,10.25],"texture":"#0"},"up":{"uv":[0,0.25,0,0],"texture":"#0"},"down":{"uv":[0,0,0,0.25],"texture":"#0"}}},{"from":[8,10,4],"to":[9,22,4],"faces":{"north":{"uv":[6,7.5,6.25,10.5],"texture":"#0"},"east":{"uv":[0,0,0,3],"texture":"#0"},"south":{"uv":[6.25,7.5,6.5,10.5],"texture":"#0"},"west":{"uv":[0,0,0,3],"texture":"#0"},"up":{"uv":[0.25,0,0,0],"texture":"#0"},"down":{"uv":[0.25,0,0,0],"texture":"#0"}}},{"from":[10,15.25,7],"to":[17,15.25,11],"rotation":{"angle":22.5,"axis":"z","origin":[5,0,2]},"faces":{"north":{"uv":[0,0,1.75,0],"texture":"#0"},"east":{"uv":[0,0,1,0],"texture":"#0"},"south":{"uv":[0,0,1.75,0],"texture":"#0"},"west":{"uv":[0,0,1,0],"texture":"#0"},"up":{"uv":[8.75,5,7,4],"texture":"#0"},"down":{"uv":[8.75,5,7,6],"texture":"#0"}}},{"from":[9,10,8],"to":[9,18,9],"rotation":{"angle":0,"axis":"y","origin":[5,0,2]},"faces":{"north":{"uv":[0,0,0,2],"texture":"#0"},"east":{"uv":[7.75,7.75,8,9.75],"texture":"#0"},"south":{"uv":[0,0,0,2],"texture":"#0"},"west":{"uv":[8,0,8.25,2],"texture":"#0"},"up":{"uv":[0,0.25,0,0],"texture":"#0"},"down":{"uv":[0,0,0,0.25],"texture":"#0"}}},{"from":[5,13,6],"to":[6,24,6],"rotation":{"angle":22.5,"axis":"x","origin":[0,0,0]},"faces":{"north":{"uv":[6.5,7.5,6.75,10.25],"texture":"#0"},"east":{"uv":[0,0,0,2.75],"texture":"#0"},"south":{"uv":[6.75,7.5,7,10.25],"texture":"#0"},"west":{"uv":[0,0,0,2.75],"texture":"#0"},"up":{"uv":[0.25,0,0,0],"texture":"#0"},"down":{"uv":[0.25,0,0,0],"texture":"#0"}}},{"from":[4,24,4],"to":[8,24,11],"rotation":{"angle":22.5,"axis":"x","origin":[0,0,0]},"faces":{"north":{"uv":[0,0,1,0],"texture":"#0"},"east":{"uv":[0,0,1.75,0],"texture":"#0"},"south":{"uv":[0,0,1,0],"texture":"#0"},"west":{"uv":[0,0,1.75,0],"texture":"#0"},"up":{"uv":[8,7.75,7,6],"texture":"#0"},"down":{"uv":[4,7.5,3,9.25],"texture":"#0"}}},{"from":[11,9,12],"to":[12,17,12],"faces":{"north":{"uv":[8,2,8.25,4],"texture":"#0"},"east":{"uv":[0,0,0,2],"texture":"#0"},"south":{"uv":[8,6,8.25,8],"texture":"#0"},"west":{"uv":[0,0,0,2],"texture":"#0"},"up":{"uv":[0.25,0,0,0],"texture":"#0"},"down":{"uv":[0.25,0,0,0],"texture":"#0"}}},{"from":[10,20.5,3],"to":[14,20.5,10],"rotation":{"angle":22.5,"axis":"x","origin":[0,0,0]},"faces":{"north":{"uv":[0,0,1,0],"texture":"#0"},"east":{"uv":[0,0,1.75,0],"texture":"#0"},"south":{"uv":[0,0,1,0],"texture":"#0"},"west":{"uv":[0,0,1.75,0],"texture":"#0"},"up":{"uv":[5,9.25,4,7.5],"texture":"#0"},"down":{"uv":[6,7.5,5,9.25],"texture":"#0"}}}],"display":{"thirdperson_righthand":{"translation":[0,-0.5,-3],"scale":[0.5,0.5,0.5]},"thirdperson_lefthand":{"translation":[0,-0.5,-3],"scale":[0.5,0.5,0.5]},"firstperson_righthand":{"scale":[0.5,0.5,0.5]},"firstperson_lefthand":{"scale":[0.5,0.5,0.5]},"ground":{"scale":[0.5,0.5,0.5]},"gui":{"rotation":[28,23,0],"translation":[0,-1.25,0],"scale":[0.5,0.5,0.5]},"fixed":{"rotation":[-90,0,0],"translation":[0,0,-15.5],"scale":[2,2,2]}},"groups":[{"name":"modern_plant2","origin":[8,8,8],"color":0,"nbt":"{}","armAnimationEnabled":false,"children":[0,1,2,3,4,5,6,7,8,9,10,11,12]}]}