{"credit":"Made with Blockbench","texture_size":[32,32],"textures":{"0":"hmcmodels:furniture/snights_modern_furniture/modern_plant3","particle":"hmcmodels:furniture/snights_modern_furniture/modern_plant3"},"elements":[{"from":[5,0,5],"to":[13,4,11],"faces":{"north":{"uv":[7,0,11,2],"texture":"#0"},"east":{"uv":[0,8,3,10],"texture":"#0"},"south":{"uv":[7,2,11,4],"texture":"#0"},"west":{"uv":[3,8,6,10],"texture":"#0"},"up":{"uv":[4,8,0,5],"texture":"#0"},"down":{"uv":[8,5,4,8],"texture":"#0"}}},{"from":[5.5,0.75,8.25],"to":[12.5,3.75,8.25],"rotation":{"angle":-22.5,"axis":"x","origin":[-0.75,0,0]},"faces":{"north":{"uv":[8,4,11.5,5.5],"texture":"#0"},"east":{"uv":[0,0,0,1.5],"texture":"#0"},"south":{"uv":[8,5.5,11.5,7],"texture":"#0"},"west":{"uv":[0,0,0,1.5],"texture":"#0"},"up":{"uv":[3.5,0,0,0],"texture":"#0"},"down":{"uv":[3.5,0,0,0],"texture":"#0"}}},{"from":[5.5,-1,-0.25],"to":[12.5,9,-0.25],"rotation":{"angle":45,"axis":"x","origin":[-0.75,0,0]},"faces":{"north":{"uv":[0,0,3.5,5],"texture":"#0"},"east":{"uv":[0,0,0,5],"texture":"#0"},"south":{"uv":[3.5,0,7,5],"texture":"#0"},"west":{"uv":[0,0,0,5],"texture":"#0"},"up":{"uv":[3.5,0,0,0],"texture":"#0"},"down":{"uv":[3.5,0,0,0],"texture":"#0"}}}],"display":{"thirdperson_righthand":{"translation":[-0.75,2.25,-2],"scale":[0.7,0.7,0.7]},"thirdperson_lefthand":{"translation":[0.75,2.25,-2],"scale":[0.7,0.7,0.7]},"firstperson_righthand":{"translation":[0,3.75,0]},"firstperson_lefthand":{"translation":[0,3.75,0]},"ground":{"translation":[0,1.25,0.75],"scale":[0.7,0.7,0.7]},"gui":{"rotation":[50,-148,0],"translation":[-0.5,5,0]},"fixed":{"rotation":[-90,0,0],"translation":[-2.25,0,-15.5],"scale":[2,2,2]}},"groups":[{"name":"modern_plant3","origin":[8,8,8],"color":0,"nbt":"{}","armAnimationEnabled":false,"children":[0,1,2]}]}