{"credit":"Made with Blockbench","texture_size":[32,32],"textures":{"0":"hmcmodels:furniture/snights_modern_furniture/modern_plant","particle":"hmcmodels:furniture/snights_modern_furniture/modern_plant"},"elements":[{"from":[5,0,5],"to":[11,5,11],"faces":{"north":{"uv":[10,0,13,2.5],"texture":"#0"},"east":{"uv":[10,2.5,13,5],"texture":"#0"},"south":{"uv":[7,10,10,12.5],"texture":"#0"},"west":{"uv":[10,10,13,12.5],"texture":"#0"},"up":{"uv":[6.5,3,3.5,0],"texture":"#0"},"down":{"uv":[6.5,3,3.5,6],"texture":"#0"}}},{"from":[4.75,5,11.25],"to":[11.25,10,11.25],"faces":{"north":{"uv":[3.5,6,7,8.5],"texture":"#0"},"east":{"uv":[0,0,0,2.5],"texture":"#0"},"south":{"uv":[6.5,0,10,2.5],"texture":"#0"},"west":{"uv":[0,0,0,2.5],"texture":"#0"},"up":{"uv":[3.5,0,0,0],"texture":"#0"},"down":{"uv":[3.5,0,0,0],"texture":"#0"}}},{"from":[4.75,5,4.75],"to":[11.25,10,4.75],"faces":{"north":{"uv":[6.5,2.5,10,5],"texture":"#0"},"east":{"uv":[0,0,0,2.5],"texture":"#0"},"south":{"uv":[0,7,3.5,9.5],"texture":"#0"},"west":{"uv":[0,0,0,2.5],"texture":"#0"},"up":{"uv":[3.5,0,0,0],"texture":"#0"},"down":{"uv":[3.5,0,0,0],"texture":"#0"}}},{"from":[4.75,5,4.75],"to":[4.75,10,11.25],"faces":{"north":{"uv":[0,0,0,2.5],"texture":"#0"},"east":{"uv":[7,5,10.5,7.5],"texture":"#0"},"south":{"uv":[0,0,0,2.5],"texture":"#0"},"west":{"uv":[7,7.5,10.5,10],"texture":"#0"},"up":{"uv":[0,3.5,0,0],"texture":"#0"},"down":{"uv":[0,0,0,3.5],"texture":"#0"}}},{"from":[11.25,5,4.75],"to":[11.25,10,11.25],"faces":{"north":{"uv":[0,0,0,2.5],"texture":"#0"},"east":{"uv":[3.5,8.5,7,11],"texture":"#0"},"south":{"uv":[0,0,0,2.5],"texture":"#0"},"west":{"uv":[0,9.5,3.5,12],"texture":"#0"},"up":{"uv":[0,3.5,0,0],"texture":"#0"},"down":{"uv":[0,0,0,3.5],"texture":"#0"}}},{"from":[4.75,10,4.75],"to":[11.25,10,11.25],"faces":{"north":{"uv":[0,0,3.5,0],"texture":"#0"},"east":{"uv":[0,0,3.5,0],"texture":"#0"},"south":{"uv":[0,0,3.5,0],"texture":"#0"},"west":{"uv":[0,0,3.5,0],"texture":"#0"},"up":{"uv":[3.5,3.5,0,0],"texture":"#0"},"down":{"uv":[3.5,3.5,0,7],"texture":"#0"}}}],"display":{"thirdperson_righthand":{"translation":[0,1.75,-2],"scale":[0.7,0.7,0.7]},"thirdperson_lefthand":{"translation":[0,1.75,-2],"scale":[0.7,0.7,0.7]},"firstperson_righthand":{"translation":[0,1.25,0]},"firstperson_lefthand":{"translation":[0,1.25,0]},"ground":{"translation":[0,1,0],"scale":[0.7,0.7,0.7]},"gui":{"rotation":[36,36,0],"translation":[0,2.75,0]},"fixed":{"rotation":[-90,0,0],"translation":[0,0,-15.5],"scale":[2,2,2]}},"groups":[{"name":"modern_plant","origin":[8,8,8],"color":0,"nbt":"{}","armAnimationEnabled":false,"children":[0,1,2,3,4,5]}]}