{"credit":"Made with Blockbench","texture_size":[32,32],"textures":{"0":"hmcmodels:furniture/snights_modern_furniture/modern_bar_table","particle":"hmcmodels:furniture/snights_modern_furniture/modern_bar_table"},"elements":[{"from":[0,0,0],"to":[16,3,16],"faces":{"north":{"uv":[8,0,16,1.5],"texture":"#0"},"east":{"uv":[8,1.5,16,3],"texture":"#0"},"south":{"uv":[8,3,16,4.5],"texture":"#0"},"west":{"uv":[8,4.5,16,6],"texture":"#0"},"up":{"uv":[8,8,0,0],"texture":"#0"},"down":{"uv":[8,8,0,16],"texture":"#0"}}}],"display":{"thirdperson_righthand":{"translation":[0,0,-2.25],"scale":[0.3,0.3,0.3]},"thirdperson_lefthand":{"translation":[0,0,-2.25],"scale":[0.3,0.3,0.3]},"firstperson_righthand":{"translation":[0,3.5,0]},"firstperson_lefthand":{"translation":[0,3.5,0]},"ground":{"translation":[0.5,-0.5,0],"scale":[0.5,0.5,0.5]},"gui":{"rotation":[42,-33,0],"translation":[0,3,0],"scale":[0.6,0.6,0.6]},"fixed":{"translation":[0,26,-16],"scale":[2,2,2]}},"groups":[{"name":"modern_bar_table","origin":[8,8,8],"color":0,"nbt":"{}","armAnimationEnabled":false,"children":[0]}]}