{"credit":"Made with Blockbench","texture_size":[32,32],"textures":{"0":"hmcmodels:furniture/snights_modern_furniture/modern_bar_stool","particle":"hmcmodels:furniture/snights_modern_furniture/modern_bar_stool"},"elements":[{"from":[4,0,4],"to":[12,1,12],"faces":{"north":{"uv":[9,4.5,13,5],"texture":"#0"},"east":{"uv":[9,5,13,5.5],"texture":"#0"},"south":{"uv":[9,5.5,13,6],"texture":"#0"},"west":{"uv":[9,6,13,6.5],"texture":"#0"},"up":{"uv":[9,4,5,0],"texture":"#0"},"down":{"uv":[9,4,5,8],"texture":"#0"}}},{"from":[7,1,7],"to":[9,11,9],"faces":{"north":{"uv":[5,9.5,6,14.5],"texture":"#0"},"east":{"uv":[6,9.5,7,14.5],"texture":"#0"},"south":{"uv":[7,9.5,8,14.5],"texture":"#0"},"west":{"uv":[8,9.5,9,14.5],"texture":"#0"},"up":{"uv":[10,7.5,9,6.5],"texture":"#0"},"down":{"uv":[10,9.5,9,10.5],"texture":"#0"}}},{"from":[3,11,3],"to":[13,14,13],"faces":{"north":{"uv":[5,8,10,9.5],"texture":"#0"},"east":{"uv":[9,0,14,1.5],"texture":"#0"},"south":{"uv":[9,1.5,14,3],"texture":"#0"},"west":{"uv":[9,3,14,4.5],"texture":"#0"},"up":{"uv":[5,5,0,0],"texture":"#0"},"down":{"uv":[5,5,0,10],"texture":"#0"}}}],"display":{"thirdperson_righthand":{"translation":[0,-0.5,-0.5],"scale":[0.5,0.5,0.5]},"thirdperson_lefthand":{"translation":[0,-0.5,-0.5],"scale":[0.5,0.5,0.5]},"firstperson_righthand":{"translation":[-0.5,0,0],"scale":[0.5,0.5,0.5]},"firstperson_lefthand":{"translation":[-0.5,0,0],"scale":[0.5,0.5,0.5]},"ground":{"translation":[0,1.75,0],"scale":[0.7,0.7,0.7]},"gui":{"rotation":[43,48,0],"scale":[0.7,0.7,0.7]},"fixed":{"rotation":[-90,0,0],"translation":[0,0,-15.5],"scale":[2,2,2]}},"groups":[{"name":"modern_bar_stool","origin":[0,0,0],"color":0,"nbt":"{}","armAnimationEnabled":false,"children":[0,1,2]}]}