{"credit":"Made with Blockbench","texture_size":[64,64],"textures":{"0":"hmcmodels:furniture/snights_modern_furniture/modern_sofa_left","particle":"hmcmodels:furniture/snights_modern_furniture/modern_sofa_left"},"elements":[{"from":[1,0,0],"to":[1,5,16],"faces":{"north":{"uv":[0,0,0,1.25],"texture":"#0"},"east":{"uv":[4,3.5,8,4.75],"texture":"#0"},"south":{"uv":[0,0,0,1.25],"texture":"#0"},"west":{"uv":[4,4.75,8,6],"texture":"#0"},"up":{"uv":[0,4,0,0],"texture":"#0"},"down":{"uv":[0,0,0,4],"texture":"#0"}}},{"from":[15,0,0],"to":[15,5,16],"faces":{"north":{"uv":[0,0,0,1.25],"texture":"#0"},"east":{"uv":[4,6,8,7.25],"texture":"#0"},"south":{"uv":[0,0,0,1.25],"texture":"#0"},"west":{"uv":[4,7.25,8,8.5],"texture":"#0"},"up":{"uv":[0,4,0,0],"texture":"#0"},"down":{"uv":[0,0,0,4],"texture":"#0"}}},{"from":[0,5,0],"to":[16,9,16],"faces":{"north":{"uv":[8,1.25,12,2.25],"texture":"#0"},"east":{"uv":[8,2.25,12,3.25],"texture":"#0"},"south":{"uv":[8,3.25,12,4.25],"texture":"#0"},"west":{"uv":[8,4.25,12,5.25],"texture":"#0"},"up":{"uv":[4,4,0,0],"texture":"#0"},"down":{"uv":[4,4,0,8],"texture":"#0"}}},{"from":[1,14.25,11.25],"to":[15,19.25,11.25],"rotation":{"angle":22.5,"axis":"x","origin":[0,0,0]},"faces":{"north":{"uv":[0,8,3.5,9.25],"texture":"#0"},"east":{"uv":[0,0,0,1.25],"texture":"#0"},"south":{"uv":[8,0,11.5,1.25],"texture":"#0"},"west":{"uv":[0,0,0,1.25],"texture":"#0"},"up":{"uv":[3.5,0,0,0],"texture":"#0"},"down":{"uv":[3.5,0,0,0],"texture":"#0"}}},{"from":[11,14,1],"to":[11,17,15],"rotation":{"angle":-22.5,"axis":"z","origin":[0,0,0]},"faces":{"north":{"uv":[0,0,0,0.75],"texture":"#0"},"east":{"uv":[8,7.25,11.5,8],"texture":"#0"},"south":{"uv":[0,0,0,0.75],"texture":"#0"},"west":{"uv":[8,8,11.5,8.75],"texture":"#0"},"up":{"uv":[0,3.5,0,0],"texture":"#0"},"down":{"uv":[0,0,0,3.5],"texture":"#0"}}},{"from":[10.5,17,0],"to":[11.5,21,16],"rotation":{"angle":-22.5,"axis":"z","origin":[0,0,0]},"faces":{"north":{"uv":[8.5,8.75,8.75,9.75],"texture":"#0"},"east":{"uv":[8,5.25,12,6.25],"texture":"#0"},"south":{"uv":[8.75,8.75,9,9.75],"texture":"#0"},"west":{"uv":[8,6.25,12,7.25],"texture":"#0"},"up":{"uv":[3.75,12,3.5,8],"texture":"#0"},"down":{"uv":[4,8,3.75,12],"texture":"#0"}}},{"from":[0,19.25,10.75],"to":[16,26.25,11.75],"rotation":{"angle":22.5,"axis":"x","origin":[0,0,0]},"faces":{"north":{"uv":[4,0,8,1.75],"texture":"#0"},"east":{"uv":[8,8.75,8.25,10.5],"texture":"#0"},"south":{"uv":[4,1.75,8,3.5],"texture":"#0"},"west":{"uv":[8.25,8.75,8.5,10.5],"texture":"#0"},"up":{"uv":[8,8.75,4,8.5],"texture":"#0"},"down":{"uv":[8,8.75,4,9],"texture":"#0"}}}],"display":{"thirdperson_righthand":{"translation":[0,-0.5,-3.25],"scale":[0.4,0.4,0.4]},"thirdperson_lefthand":{"translation":[0,-0.5,-3.25],"scale":[0.4,0.4,0.4]},"firstperson_righthand":{"scale":[0.4,0.4,0.4]},"firstperson_lefthand":{"scale":[0.4,0.4,0.4]},"ground":{"translation":[0,-0.5,0],"scale":[0.4,0.4,0.4]},"gui":{"rotation":[30,-152,0],"translation":[0.5,-1.5,0],"scale":[0.4,0.4,0.4]},"fixed":{"rotation":[-90,0,0],"translation":[0,0,-15.5],"scale":[2,2,2]}},"groups":[{"name":"modern_sofa_left","origin":[8,8,8],"color":0,"nbt":"{}","armAnimationEnabled":false,"children":[0,1,2,3,4,5,6]}]}