{"credit":"Made with Blockbench","texture_size":[64,64],"textures":{"0":"hmcmodels:furniture/snights_modern_furniture/modern_stool","particle":"hmcmodels:furniture/snights_modern_furniture/modern_stool"},"elements":[{"from":[2,0,3],"to":[12,6,3],"faces":{"north":{"uv":[3,0,5.5,1.5],"texture":"#0"},"east":{"uv":[0,0,0,1.5],"texture":"#0"},"south":{"uv":[3,1.5,5.5,3],"texture":"#0"},"west":{"uv":[0,0,0,1.5],"texture":"#0"},"up":{"uv":[2.5,0,0,0],"texture":"#0"},"down":{"uv":[2.5,0,0,0],"texture":"#0"}}},{"from":[2,0,13],"to":[12,6,13],"faces":{"north":{"uv":[3,3,5.5,4.5],"texture":"#0"},"east":{"uv":[0,0,0,1.5],"texture":"#0"},"south":{"uv":[3,4.5,5.5,6],"texture":"#0"},"west":{"uv":[0,0,0,1.5],"texture":"#0"},"up":{"uv":[2.5,0,0,0],"texture":"#0"},"down":{"uv":[2.5,0,0,0],"texture":"#0"}}},{"from":[1,6,2],"to":[13,8,14],"faces":{"north":{"uv":[5.5,0,8.5,0.5],"texture":"#0"},"east":{"uv":[5.5,0.5,8.5,1],"texture":"#0"},"south":{"uv":[5.5,1,8.5,1.5],"texture":"#0"},"west":{"uv":[5.5,1.5,8.5,2],"texture":"#0"},"up":{"uv":[3,3,0,0],"texture":"#0"},"down":{"uv":[3,3,0,6],"texture":"#0"}}}],"display":{"thirdperson_righthand":{"rotation":[0,-90,0],"translation":[0,0,-2.5],"scale":[0.5,0.5,0.5]},"thirdperson_lefthand":{"rotation":[0,-90,0],"translation":[0,0,-3.5],"scale":[0.5,0.5,0.5]},"firstperson_righthand":{"rotation":[0,-90,0],"translation":[0,1,0],"scale":[0.6,0.6,0.6]},"firstperson_lefthand":{"rotation":[0,-90,0],"translation":[0,1,0],"scale":[0.6,0.6,0.6]},"ground":{"scale":[0.7,0.7,0.7]},"gui":{"rotation":[28,37,0],"translation":[0.5,2,0],"scale":[0.7,0.7,0.7]},"fixed":{"rotation":[-90,-90,0],"translation":[0,2.25,-15.5],"scale":[2,2,2]}},"groups":[{"name":"modern_stool","origin":[8,8,8],"color":0,"nbt":"{}","armAnimationEnabled":false,"children":[0,1,2]}]}