{"credit":"Made with Blockbench","texture_size":[64,64],"textures":{"0":"hmcmodels:furniture/snights_modern_furniture/modern_table","particle":"hmcmodels:furniture/snights_modern_furniture/modern_table"},"elements":[{"from":[1,0,0],"to":[1,14,16],"faces":{"north":{"uv":[0,0,0,3.5],"texture":"#0"},"east":{"uv":[4,0,8,3.5],"texture":"#0"},"south":{"uv":[0,0,0,3.5],"texture":"#0"},"west":{"uv":[4,3.5,8,7],"texture":"#0"},"up":{"uv":[0,4,0,0],"texture":"#0"},"down":{"uv":[0,0,0,4],"texture":"#0"}}},{"from":[15,0,0],"to":[15,14,16],"faces":{"north":{"uv":[0,0,0,3.5],"texture":"#0"},"east":{"uv":[4,7,8,10.5],"texture":"#0"},"south":{"uv":[0,0,0,3.5],"texture":"#0"},"west":{"uv":[0,8,4,11.5],"texture":"#0"},"up":{"uv":[0,4,0,0],"texture":"#0"},"down":{"uv":[0,0,0,4],"texture":"#0"}}},{"from":[0,14,0],"to":[16,16,16],"faces":{"north":{"uv":[8,0,12,0.5],"texture":"#0"},"east":{"uv":[8,0.5,12,1],"texture":"#0"},"south":{"uv":[8,1,12,1.5],"texture":"#0"},"west":{"uv":[8,1.5,12,2],"texture":"#0"},"up":{"uv":[4,4,0,0],"texture":"#0"},"down":{"uv":[4,4,0,8],"texture":"#0"}}}],"display":{"thirdperson_righthand":{"translation":[0,-1.75,-2.25],"scale":[0.3,0.3,0.3]},"thirdperson_lefthand":{"translation":[0,-1.75,-2.25],"scale":[0.3,0.3,0.3]},"firstperson_righthand":{"scale":[0.5,0.5,0.5]},"firstperson_lefthand":{"scale":[0.5,0.5,0.5]},"ground":{"scale":[0.5,0.5,0.5]},"gui":{"rotation":[34,36,0],"translation":[0,-1,0],"scale":[0.5,0.5,0.5]},"fixed":{"rotation":[-90,0,0],"translation":[0,0,-15.5],"scale":[2,2,2]}},"groups":[{"name":"modern_table","origin":[0,0,0],"color":0,"nbt":"{}","armAnimationEnabled":false,"children":[0,1,2]}]}