{"credit":"Made with Blockbench","texture_size":[32,32],"textures":{"0":"hmcmodels:furniture/snights_modern_furniture/modern_cactus_pot","particle":"hmcmodels:furniture/snights_modern_furniture/modern_cactus_pot"},"elements":[{"from":[5,0,5],"to":[11,5,11],"faces":{"north":{"uv":[3,0,6,2.5],"texture":"#0"},"east":{"uv":[3,2.5,6,5],"texture":"#0"},"south":{"uv":[3,5,6,7.5],"texture":"#0"},"west":{"uv":[0,6,3,8.5],"texture":"#0"},"up":{"uv":[3,3,0,0],"texture":"#0"},"down":{"uv":[3,3,0,6],"texture":"#0"}}},{"from":[6,5,7],"to":[8,11,9],"faces":{"north":{"uv":[6,0,7,3],"texture":"#0"},"east":{"uv":[6,3,7,6],"texture":"#0"},"south":{"uv":[6,6,7,9],"texture":"#0"},"west":{"uv":[7,0,8,3],"texture":"#0"},"up":{"uv":[5,8.5,4,7.5],"texture":"#0"},"down":{"uv":[6,7.5,5,8.5],"texture":"#0"}}},{"from":[4.75,7,7.5],"to":[6.75,11,9.5],"rotation":{"angle":-22.5,"axis":"z","origin":[0,0,0]},"faces":{"north":{"uv":[7,3,8,5],"texture":"#0"},"east":{"uv":[7,5,8,7],"texture":"#0"},"south":{"uv":[7,7,8,9],"texture":"#0"},"west":{"uv":[3,7.5,4,9.5],"texture":"#0"},"up":{"uv":[9,1,8,0],"texture":"#0"},"down":{"uv":[9,1,8,2],"texture":"#0"}}}],"display":{"thirdperson_righthand":{"translation":[0,1.75,-2],"scale":[0.7,0.7,0.7]},"thirdperson_lefthand":{"translation":[0,1.75,-2],"scale":[0.7,0.7,0.7]},"firstperson_righthand":{"translation":[0,2.75,0]},"firstperson_lefthand":{"translation":[0,2.75,0]},"ground":{"translation":[0,4,0]},"gui":{"rotation":[41,-147,0],"translation":[0,2.75,0]},"fixed":{"rotation":[-90,0,0],"translation":[0,0,-15.5],"scale":[2,2,2]}},"groups":[{"name":"modern_cactus_pot","origin":[8,8,8],"color":0,"nbt":"{}","armAnimationEnabled":false,"children":[0,1,2]}]}