{"credit":"Made with Blockbench","texture_size":[64,64],"textures":{"0":"hmcmodels:furniture/snights_modern_furniture/modern_sofa_footstool","particle":"hmcmodels:furniture/snights_modern_furniture/modern_sofa_footstool"},"elements":[{"from":[15,0,0],"to":[15,5,16],"faces":{"north":{"uv":[0,0,0,1.25],"texture":"#0"},"east":{"uv":[4,0,8,1.25],"texture":"#0"},"south":{"uv":[0,0,0,1.25],"texture":"#0"},"west":{"uv":[4,1.25,8,2.5],"texture":"#0"},"up":{"uv":[0,4,0,0],"texture":"#0"},"down":{"uv":[0,0,0,4],"texture":"#0"}}},{"from":[1,0,0],"to":[1,5,16],"faces":{"north":{"uv":[0,0,0,1.25],"texture":"#0"},"east":{"uv":[4,2.5,8,3.75],"texture":"#0"},"south":{"uv":[0,0,0,1.25],"texture":"#0"},"west":{"uv":[4,3.75,8,5],"texture":"#0"},"up":{"uv":[0,4,0,0],"texture":"#0"},"down":{"uv":[0,0,0,4],"texture":"#0"}}},{"from":[0,5,0],"to":[16,9,16],"faces":{"north":{"uv":[4,5,8,6],"texture":"#0"},"east":{"uv":[4,6,8,7],"texture":"#0"},"south":{"uv":[4,7,8,8],"texture":"#0"},"west":{"uv":[0,8,4,9],"texture":"#0"},"up":{"uv":[4,4,0,0],"texture":"#0"},"down":{"uv":[4,4,0,8],"texture":"#0"}}}],"display":{"thirdperson_righthand":{"translation":[0,-0.5,-3.25],"scale":[0.4,0.4,0.4]},"thirdperson_lefthand":{"translation":[0,-0.5,-3.25],"scale":[0.4,0.4,0.4]},"firstperson_righthand":{"scale":[0.4,0.4,0.4]},"firstperson_lefthand":{"scale":[0.4,0.4,0.4]},"ground":{"translation":[0,-0.5,0],"scale":[0.4,0.4,0.4]},"gui":{"rotation":[36,30,0],"translation":[0,0.5,0],"scale":[0.5,0.5,0.5]},"fixed":{"rotation":[-90,0,0],"translation":[0,0,-15.5],"scale":[2,2,2]}},"groups":[{"name":"modern_sofa_footstool","origin":[8,8,8],"color":0,"nbt":"{}","armAnimationEnabled":false,"children":[0,1,2]}]}