{"credit":"Made with Blockbench","texture_size":[64,64],"textures":{"0":"hmcmodels:furniture/snights_modern_furniture/modern_lights","particle":"hmcmodels:furniture/snights_modern_furniture/modern_lights"},"elements":[{"from":[2,11,4],"to":[18,12,12],"faces":{"north":{"uv":[6,1.25,10,1.5],"texture":"#0"},"east":{"uv":[1,6.75,3,7],"texture":"#0"},"south":{"uv":[6,1.5,10,1.75],"texture":"#0"},"west":{"uv":[6,6.75,8,7],"texture":"#0"},"up":{"uv":[4,2,0,0],"texture":"#0"},"down":{"uv":[4,2,0,4],"texture":"#0"}}},{"from":[2,6,8],"to":[18,11,8],"faces":{"north":{"uv":[0,4,4,5.25],"texture":"#0"},"east":{"uv":[0,0,0,1.25],"texture":"#0"},"south":{"uv":[4,0,8,1.25],"texture":"#0"},"west":{"uv":[0,0,0,1.25],"texture":"#0"},"up":{"uv":[4,0,0,0],"texture":"#0"},"down":{"uv":[4,0,0,0],"texture":"#0"}}},{"from":[2,0,6],"to":[6,6,10],"faces":{"north":{"uv":[4,1.25,5,2.75],"texture":"#0"},"east":{"uv":[4,2.75,5,4.25],"texture":"#0"},"south":{"uv":[4,4.25,5,5.75],"texture":"#0"},"west":{"uv":[5,1.25,6,2.75],"texture":"#0"},"up":{"uv":[7,2.75,6,1.75],"texture":"#0"},"down":{"uv":[7,2.75,6,3.75],"texture":"#0"}}},{"from":[14,0,6],"to":[18,6,10],"faces":{"north":{"uv":[5,2.75,6,4.25],"texture":"#0"},"east":{"uv":[5,4.25,6,5.75],"texture":"#0"},"south":{"uv":[0,5.25,1,6.75],"texture":"#0"},"west":{"uv":[1,5.25,2,6.75],"texture":"#0"},"up":{"uv":[7,4.75,6,3.75],"texture":"#0"},"down":{"uv":[7,4.75,6,5.75],"texture":"#0"}}},{"from":[8,0,6],"to":[12,6,10],"faces":{"north":{"uv":[2,5.25,3,6.75],"texture":"#0"},"east":{"uv":[3,5.25,4,6.75],"texture":"#0"},"south":{"uv":[4,5.75,5,7.25],"texture":"#0"},"west":{"uv":[5,5.75,6,7.25],"texture":"#0"},"up":{"uv":[7,6.75,6,5.75],"texture":"#0"},"down":{"uv":[1,6.75,0,7.75],"texture":"#0"}}}],"display":{"thirdperson_righthand":{"translation":[0,-1,-1],"scale":[0.5,0.5,0.5]},"thirdperson_lefthand":{"translation":[0,-1,-1],"scale":[0.5,0.5,0.5]},"firstperson_righthand":{"translation":[0,2.5,0],"scale":[0.6,0.6,0.6]},"firstperson_lefthand":{"translation":[0,2.5,0],"scale":[0.6,0.6,0.6]},"ground":{"translation":[-1.5,-1,0.25],"scale":[0.5,0.5,0.5]},"gui":{"rotation":[27,29,0],"translation":[-1,0.25,0],"scale":[0.7,0.7,0.7]},"fixed":{"rotation":[90,0,0],"translation":[-4,0,-7.5],"scale":[2,2,2]}},"groups":[{"name":"modern_lights","origin":[8,8,8],"color":0,"nbt":"{}","armAnimationEnabled":false,"children":[0,1,2,3,4]}]}