{"credit":"Made with Blockbench","texture_size":[64,64],"textures":{"0":"hmcmodels:furniture/snights_modern_furniture/modern_lamp","particle":"hmcmodels:furniture/snights_modern_furniture/modern_lamp"},"elements":[{"from":[4,0,4],"to":[12,1,12],"faces":{"north":{"uv":[2,6.5,4,6.75],"texture":"#0"},"east":{"uv":[4,6.5,6,6.75],"texture":"#0"},"south":{"uv":[2,6.75,4,7],"texture":"#0"},"west":{"uv":[4,6.75,6,7],"texture":"#0"},"up":{"uv":[2,6.5,0,4.5],"texture":"#0"},"down":{"uv":[4,4.5,2,6.5],"texture":"#0"}}},{"from":[8,1,2],"to":[8,19,14],"faces":{"north":{"uv":[0,0,0,4.5],"texture":"#0"},"east":{"uv":[0,0,3,4.5],"texture":"#0"},"south":{"uv":[0,0,0,4.5],"texture":"#0"},"west":{"uv":[3,0,6,4.5],"texture":"#0"},"up":{"uv":[0,3,0,0],"texture":"#0"},"down":{"uv":[0,0,0,3],"texture":"#0"}}},{"from":[4,19,4],"to":[12,27,12],"faces":{"north":{"uv":[4,4.5,6,6.5],"texture":"#0"},"east":{"uv":[6,0,8,2],"texture":"#0"},"south":{"uv":[6,2,8,4],"texture":"#0"},"west":{"uv":[6,4,8,6],"texture":"#0"},"up":{"uv":[8,8,6,6],"texture":"#0"},"down":{"uv":[2,6.5,0,8.5],"texture":"#0"}}}],"display":{"thirdperson_righthand":{"translation":[0,-2.25,-2],"scale":[0.5,0.5,0.5]},"thirdperson_lefthand":{"translation":[0,-2.25,-2],"scale":[0.5,0.5,0.5]},"firstperson_righthand":{"translation":[0,-2.25,0],"scale":[0.6,0.6,0.6]},"firstperson_lefthand":{"translation":[0,-2.25,0],"scale":[0.6,0.6,0.6]},"ground":{"scale":[0.5,0.5,0.5]},"gui":{"rotation":[17,-146,0],"translation":[0,-2.5,0],"scale":[0.5,0.5,0.5]},"fixed":{"rotation":[-90,0,0],"translation":[0,0,-15.5],"scale":[2,2,2]}},"groups":[{"name":"modern_lamp","origin":[8,8,8],"color":0,"nbt":"{}","armAnimationEnabled":false,"children":[0,1,2]}]}