{"credit":"Made with Blockbench","texture_size":[32,32],"textures":{"0":"hmcmodels:furniture/snights_modern_furniture/modern_chair","particle":"hmcmodels:furniture/snights_modern_furniture/modern_chair"},"elements":[{"from":[3,0,3],"to":[3,6,13],"faces":{"north":{"uv":[0,0,0,3],"texture":"#0"},"east":{"uv":[5,0,10,3],"texture":"#0"},"south":{"uv":[0,0,0,3],"texture":"#0"},"west":{"uv":[5,3,10,6],"texture":"#0"},"up":{"uv":[0,5,0,0],"texture":"#0"},"down":{"uv":[0,0,0,5],"texture":"#0"}}},{"from":[13,0,3],"to":[13,6,13],"faces":{"north":{"uv":[0,0,0,3],"texture":"#0"},"east":{"uv":[5,6,10,9],"texture":"#0"},"south":{"uv":[0,0,0,3],"texture":"#0"},"west":{"uv":[5,9,10,12],"texture":"#0"},"up":{"uv":[0,5,0,0],"texture":"#0"},"down":{"uv":[0,0,0,5],"texture":"#0"}}},{"from":[3,8,13],"to":[13,13,13],"faces":{"north":{"uv":[0,10,5,12.5],"texture":"#0"},"east":{"uv":[0,0,0,2.5],"texture":"#0"},"south":{"uv":[10,5,15,7.5],"texture":"#0"},"west":{"uv":[0,0,0,2.5],"texture":"#0"},"up":{"uv":[5,0,0,0],"texture":"#0"},"down":{"uv":[5,0,0,0],"texture":"#0"}}},{"from":[2,13,12.5],"to":[14,18,13.5],"faces":{"north":{"uv":[10,0,16,2.5],"texture":"#0"},"east":{"uv":[11,12,11.5,14.5],"texture":"#0"},"south":{"uv":[10,2.5,16,5],"texture":"#0"},"west":{"uv":[11.5,12,12,14.5],"texture":"#0"},"up":{"uv":[16,12,10,11.5],"texture":"#0"},"down":{"uv":[11,12,5,12.5],"texture":"#0"}}},{"from":[3,6,3],"to":[13,8,13],"faces":{"north":{"uv":[10,7.5,15,8.5],"texture":"#0"},"east":{"uv":[10,8.5,15,9.5],"texture":"#0"},"south":{"uv":[10,9.5,15,10.5],"texture":"#0"},"west":{"uv":[10,10.5,15,11.5],"texture":"#0"},"up":{"uv":[5,5,0,0],"texture":"#0"},"down":{"uv":[5,5,0,10],"texture":"#0"}}}],"display":{"thirdperson_righthand":{"translation":[0,0,-2.5],"scale":[0.5,0.5,0.5]},"thirdperson_lefthand":{"translation":[0,0,-2.5],"scale":[0.5,0.5,0.5]},"firstperson_righthand":{"scale":[0.5,0.5,0.5]},"firstperson_lefthand":{"scale":[0.5,0.5,0.5]},"ground":{"translation":[0,0.75,0],"scale":[0.6,0.6,0.6]},"gui":{"rotation":[35,-147,0],"translation":[0.25,-0.75,0],"scale":[0.5,0.5,0.5]},"fixed":{"rotation":[-90,0,0],"translation":[0,0,-15.5],"scale":[2,2,2]}},"groups":[{"name":"modern_chair","origin":[8,8,8],"color":0,"nbt":"{}","armAnimationEnabled":false,"children":[0,1,2,3,4]}]}