{"credit":"Made with Blockbench","textures":{"1":"camelot:excalibur"},"elements":[{"from":[8.04791,3.55934,8],"to":[10.04791,23.40934,8.25],"rotation":{"angle":0,"axis":"y","origin":[16.04791,30.38434,16]},"faces":{"north":{"uv":[11.25,0,14,16],"texture":"#1"},"east":{"uv":[15.75,5.5,16,16],"texture":"#1"},"south":{"uv":[11.25,0,14,16],"texture":"#1"},"west":{"uv":[15.75,5.5,16,16],"texture":"#1"},"up":{"uv":[11.25,0,14,16],"texture":"#1"},"down":{"uv":[11.25,0,14,16],"texture":"#1"}}},{"from":[5.16567,25.40169,8],"to":[6.16567,26.65169,8.25],"rotation":{"angle":22.5,"axis":"z","origin":[13.16567,34.15169,16]},"faces":{"north":{"uv":[3.75,0,6,1],"rotation":90,"texture":"#1"},"east":{"uv":[15.75,2.5,16,3.5],"rotation":90,"texture":"#1"},"south":{"uv":[3.75,2,6,3],"rotation":90,"texture":"#1"},"west":{"uv":[3.75,2,6,3],"rotation":90,"texture":"#1"},"up":{"uv":[15.75,1.75,16,2.75],"rotation":90,"texture":"#1"},"down":{"uv":[3.75,2,6,3],"rotation":90,"texture":"#1"}}},{"from":[10.78634,19.65944,7.998],"to":[11.79034,20.91344,8.252],"rotation":{"angle":-22.5,"axis":"z","origin":[18.78834,28.41144,16]},"faces":{"north":{"uv":[3.75,2,6,3],"rotation":90,"texture":"#1"},"east":{"uv":[3.75,0,6,1],"rotation":90,"texture":"#1"},"south":{"uv":[3.75,0,6,1],"rotation":90,"texture":"#1"},"west":{"uv":[15.75,0,16,1],"rotation":90,"texture":"#1"},"up":{"uv":[3.75,0,6,1],"rotation":90,"texture":"#1"},"down":{"uv":[3.75,0,6,1],"rotation":90,"texture":"#1"}}},{"from":[12.37967,16.30375,8.006],"to":[13.12067,17.03675,8.252],"rotation":{"angle":-45,"axis":"z","origin":[20.40267,25.07675,16.004]},"faces":{"north":{"uv":[4,2,5.25,3],"rotation":90,"texture":"#1"},"east":{"uv":[4,2,5.25,3],"rotation":90,"texture":"#1"},"south":{"uv":[4,2,5.25,3],"rotation":90,"texture":"#1"},"west":{"uv":[15.75,2.25,16,3.25],"rotation":90,"texture":"#1"},"up":{"uv":[15.75,2.5,16,3.5],"rotation":90,"texture":"#1"},"down":{"uv":[4,2,5.25,3],"rotation":90,"texture":"#1"}}},{"from":[7.547,2.75,7.665],"to":[8.997,4,8.585],"rotation":{"angle":0,"axis":"y","origin":[17,11,15.5]},"faces":{"north":{"uv":[4.25,4,6.75,6.75],"rotation":270,"texture":"#1"},"east":{"uv":[4.25,4,6.75,6.75],"texture":"#1"},"south":{"uv":[4.25,4,6.75,6.75],"texture":"#1"},"west":{"uv":[4.25,4,6.75,6.75],"texture":"#1"},"up":{"uv":[4.75,4,6.75,5.25],"texture":"#1"},"down":{"uv":[6.5,1.75,9.5,3.25],"texture":"#1"}}},{"from":[9.545,3.998,7.913],"to":[9.799,6.252,8.337],"rotation":{"angle":0,"axis":"y","origin":[18.05,11,15.5]},"faces":{"north":{"uv":[7,4,8,6.25],"texture":"#1"},"east":{"uv":[7,4,8,6.25],"texture":"#1"},"south":{"uv":[7,4,8,6.25],"texture":"#1"},"west":{"uv":[7,4,8,6.25],"texture":"#1"},"up":{"uv":[7,4,8,6.25],"texture":"#1"},"down":{"uv":[7,4,8,6.25],"texture":"#1"}}},{"from":[8.295,3.998,7.913],"to":[8.549,6.252,8.337],"rotation":{"angle":0,"axis":"y","origin":[16.8,11,15.5]},"faces":{"north":{"uv":[7.75,4,8.25,6.25],"texture":"#1"},"east":{"uv":[7.75,4,8.25,6.25],"texture":"#1"},"south":{"uv":[7.75,4,8.25,6.25],"texture":"#1"},"west":{"uv":[7.75,4,8.25,6.25],"texture":"#1"},"up":{"uv":[7.75,4,8.25,6.25],"texture":"#1"},"down":{"uv":[7.75,4,8.25,6.25],"texture":"#1"}}},{"from":[8.926,4.854,7.919],"to":[9.168,6.046,8.331],"rotation":{"angle":0,"axis":"y","origin":[17.425,11,15.5]},"faces":{"north":{"uv":[7.75,4,8.25,6.25],"texture":"#1"},"east":{"uv":[7.75,4,8.25,6.25],"texture":"#1"},"south":{"uv":[7.75,4,8.25,6.25],"texture":"#1"},"west":{"uv":[7.75,4,8.25,6.25],"texture":"#1"},"up":{"uv":[7.75,4,8.25,6.25],"texture":"#1"},"down":{"uv":[7.75,4,8.25,6.25],"texture":"#1"}}},{"from":[8.526,4.004,7.969],"to":[9.543,6.371,8.281],"rotation":{"angle":0,"axis":"y","origin":[17.425,11,15.5]},"faces":{"north":{"uv":[6.5,9.25,9.5,13.75],"texture":"#1"},"east":{"uv":[6.5,9.25,9.5,13.75],"texture":"#1"},"south":{"uv":[6.5,9.25,9.5,13.75],"texture":"#1"},"west":{"uv":[6.5,9.25,9.5,13.75],"texture":"#1"},"up":{"uv":[6.5,9.25,9.5,13.75],"texture":"#1"},"down":{"uv":[6.5,9.25,9.5,13.75],"texture":"#1"}}},{"from":[8.701,6.371,7.969],"to":[9.368,6.588,8.281],"rotation":{"angle":0,"axis":"y","origin":[17.425,11.017,15.5]},"faces":{"north":{"uv":[6.5,9.25,7.5,10],"texture":"#1"},"east":{"uv":[6.5,9.25,7.5,10],"texture":"#1"},"south":{"uv":[6.5,9.25,7.5,10],"texture":"#1"},"west":{"uv":[6.5,9.25,7.5,10],"texture":"#1"},"up":{"uv":[6.5,9.25,7.5,10],"texture":"#1"},"down":{"uv":[6.5,9.25,7.5,10],"texture":"#1"}}},{"from":[6.30549,8.56249,7.921],"to":[6.39349,8.82549,8.329],"rotation":{"angle":22.5,"axis":"z","origin":[14.65249,13.78149,15.5]},"faces":{"north":{"uv":[7.75,4,8.25,6.25],"texture":"#1"},"east":{"uv":[7.75,4,8.25,6.25],"texture":"#1"},"south":{"uv":[7.75,4,8.25,6.25],"texture":"#1"},"west":{"uv":[7.75,4,8.25,6.25],"texture":"#1"},"up":{"uv":[7.75,4,8.25,6.25],"texture":"#1"},"down":{"uv":[7.75,4,8.25,6.25],"texture":"#1"}}},{"from":[10.43645,2.20765,7.921],"to":[10.52445,2.47065,8.329],"rotation":{"angle":-22.5,"axis":"z","origin":[18.78345,7.42665,15.5]},"faces":{"north":{"uv":[7.75,4,8.25,6.25],"texture":"#1"},"east":{"uv":[7.75,4,8.25,6.25],"texture":"#1"},"south":{"uv":[7.75,4,8.25,6.25],"texture":"#1"},"west":{"uv":[7.75,4,8.25,6.25],"texture":"#1"},"up":{"uv":[7.75,4,8.25,6.25],"texture":"#1"},"down":{"uv":[7.75,4,8.25,6.25],"texture":"#1"}}},{"from":[8.547,5.325,7.915],"to":[8.922,5.575,8.335],"rotation":{"angle":0,"axis":"y","origin":[17.425,11.2,15.5]},"faces":{"north":{"uv":[7.75,4,8.25,6.25],"texture":"#1"},"east":{"uv":[7.75,4,8.25,6.25],"texture":"#1"},"south":{"uv":[7.75,4,8.25,6.25],"texture":"#1"},"west":{"uv":[7.75,4,8.25,6.25],"texture":"#1"},"up":{"uv":[7.75,4,8.25,6.25],"texture":"#1"},"down":{"uv":[7.75,4,8.25,6.25],"texture":"#1"}}},{"from":[9.172,5.325,7.915],"to":[9.547,5.575,8.335],"rotation":{"angle":0,"axis":"y","origin":[18.05,11.2,15.5]},"faces":{"north":{"uv":[7.75,4,8.25,6.25],"texture":"#1"},"east":{"uv":[7.75,4,8.25,6.25],"texture":"#1"},"south":{"uv":[7.75,4,8.25,6.25],"texture":"#1"},"west":{"uv":[7.75,4,8.25,6.25],"texture":"#1"},"up":{"uv":[7.75,4,8.25,6.25],"texture":"#1"},"down":{"uv":[7.75,4,8.25,6.25],"texture":"#1"}}},{"from":[9.773,4.001,7.916],"to":[9.871,4.699,8.334],"rotation":{"angle":0,"axis":"y","origin":[18.05,11,15.5]},"faces":{"north":{"uv":[8.25,5.25,9,6.5],"texture":"#1"},"east":{"uv":[8.25,5.25,9,6.5],"texture":"#1"},"south":{"uv":[8.25,5.25,9,6.5],"texture":"#1"},"west":{"uv":[8.25,5.25,9,6.5],"texture":"#1"},"up":{"uv":[8.25,5.25,9,6.5],"texture":"#1"},"down":{"uv":[8.25,5.25,9,6.5],"texture":"#1"}}},{"from":[8.198,4.001,7.916],"to":[8.296,4.699,8.334],"rotation":{"angle":0,"axis":"y","origin":[16.475,11,15.5]},"faces":{"north":{"uv":[8.25,5.25,9,6.5],"texture":"#1"},"east":{"uv":[8.25,5.25,9,6.5],"texture":"#1"},"south":{"uv":[8.25,5.25,9,6.5],"texture":"#1"},"west":{"uv":[8.25,5.25,9,6.5],"texture":"#1"},"up":{"uv":[8.25,5.25,9,6.5],"texture":"#1"},"down":{"uv":[8.25,5.25,9,6.5],"texture":"#1"}}},{"from":[9.872,4,7.915],"to":[10.072,5.15,8.335],"rotation":{"angle":0,"axis":"y","origin":[18.05,11,15.5]},"faces":{"north":{"uv":[8.5,4.5,9.25,6.25],"texture":"#1"},"east":{"uv":[8.5,4.5,9.25,6.25],"texture":"#1"},"south":{"uv":[8.5,4.5,9.25,6.25],"texture":"#1"},"west":{"uv":[8.5,4.5,9.25,6.25],"texture":"#1"},"up":{"uv":[8.5,4.5,9.25,6.25],"texture":"#1"},"down":{"uv":[8.5,4.5,9.25,6.25],"texture":"#1"}}},{"from":[8.022,4,7.915],"to":[8.222,5.15,8.335],"rotation":{"angle":0,"axis":"y","origin":[16.15,11,15.5]},"faces":{"north":{"uv":[8.5,4.25,9.25,6.5],"texture":"#1"},"east":{"uv":[8.5,4.25,9.25,6.5],"texture":"#1"},"south":{"uv":[8.5,4.25,9.25,6.5],"texture":"#1"},"west":{"uv":[8.5,4.25,9.25,6.5],"texture":"#1"},"up":{"uv":[8.5,4.25,9.25,6.5],"texture":"#1"},"down":{"uv":[8.5,4.25,9.25,6.5],"texture":"#1"}}},{"from":[9.50628,-2.33055,7.915],"to":[9.81628,-1.57055,8.335],"rotation":{"angle":-45,"axis":"z","origin":[19.25928,3.41945,15.5]},"faces":{"north":{"uv":[5.5,4,6,5.75],"rotation":180,"texture":"#1"},"east":{"uv":[5.5,4,6,5.75],"rotation":180,"texture":"#1"},"south":{"uv":[5.5,4,6,5.75],"rotation":180,"texture":"#1"},"west":{"uv":[5.5,4,6,5.75],"rotation":180,"texture":"#1"},"up":{"uv":[5.5,4,6,5.75],"rotation":180,"texture":"#1"},"down":{"uv":[5.5,4,6,5.75],"rotation":180,"texture":"#1"}}},{"from":[9.50528,-1.58155,7.914],"to":[10.56728,-1.26955,8.336],"rotation":{"angle":-45,"axis":"z","origin":[19.25928,3.41945,15.5]},"faces":{"north":{"uv":[6,4,6.5,5.5],"texture":"#1"},"east":{"uv":[6,4,6.5,5.5],"texture":"#1"},"south":{"uv":[6,4,6.5,5.5],"texture":"#1"},"west":{"uv":[6,4,6.5,5.5],"texture":"#1"},"up":{"uv":[6,4,6.5,5.5],"texture":"#1"},"down":{"uv":[6,4,6.5,5.5],"texture":"#1"}}},{"from":[9.50828,-3.60355,7.917],"to":[10.56428,-3.29755,8.333],"rotation":{"angle":-45,"axis":"z","origin":[19.25928,1.39445,15.5]},"faces":{"north":{"uv":[4.75,4.75,5.25,6],"rotation":270,"texture":"#1"},"east":{"uv":[5.75,4,6.5,5.25],"texture":"#1"},"south":{"uv":[5.75,4,6.5,5.25],"texture":"#1"},"west":{"uv":[5.75,4,6.5,5.25],"texture":"#1"},"up":{"uv":[5.75,4,6.5,5.25],"texture":"#1"},"down":{"uv":[5.75,4,6.5,5.25],"texture":"#1"}}},{"from":[9.50828,-2.07855,7.917],"to":[9.68928,-1.89755,8.333],"rotation":{"angle":-45,"axis":"z","origin":[19.25928,2.79445,15.5]},"faces":{"north":{"uv":[5.75,4,6.5,5.25],"texture":"#1"},"east":{"uv":[5.75,4,6.5,5.25],"texture":"#1"},"south":{"uv":[5.75,4,6.5,5.25],"texture":"#1"},"west":{"uv":[5.75,4,6.5,5.25],"texture":"#1"},"up":{"uv":[5.75,4,6.5,5.25],"texture":"#1"},"down":{"uv":[5.75,4,6.5,5.25],"texture":"#1"}}},{"from":[8.88328,-2.87855,7.917],"to":[9.23928,-2.52255,8.333],"rotation":{"angle":-45,"axis":"z","origin":[18.63428,1.99445,15.5]},"faces":{"north":{"uv":[5.75,4,6.5,5.25],"texture":"#1"},"east":{"uv":[5.75,4,6.5,5.25],"texture":"#1"},"south":{"uv":[5.75,4,6.5,5.25],"texture":"#1"},"west":{"uv":[5.75,4,6.5,5.25],"texture":"#1"},"up":{"uv":[5.75,4,6.5,5.25],"texture":"#1"},"down":{"uv":[5.75,4,6.5,5.25],"texture":"#1"}}},{"from":[9.88328,-2.87855,7.917],"to":[10.23928,-2.52255,8.333],"rotation":{"angle":-45,"axis":"z","origin":[19.63428,1.99445,15.5]},"faces":{"north":{"uv":[5.75,4,6.5,5.25],"texture":"#1"},"east":{"uv":[5.75,4,6.5,5.25],"texture":"#1"},"south":{"uv":[5.75,4,6.5,5.25],"texture":"#1"},"west":{"uv":[5.75,4,6.5,5.25],"texture":"#1"},"up":{"uv":[5.75,4,6.5,5.25],"texture":"#1"},"down":{"uv":[5.75,4,6.5,5.25],"texture":"#1"}}},{"from":[9.50828,-4.60355,7.917],"to":[9.81428,-3.59755,8.333],"rotation":{"angle":-45,"axis":"z","origin":[19.25928,1.39445,15.5]},"faces":{"north":{"uv":[5,4.25,5.75,5.5],"rotation":90,"texture":"#1"},"east":{"uv":[5,4.25,5.75,5.5],"rotation":90,"texture":"#1"},"south":{"uv":[5,4.25,5.75,5.5],"rotation":90,"texture":"#1"},"west":{"uv":[5,4.25,5.75,5.5],"rotation":90,"texture":"#1"},"up":{"uv":[5,4.25,5.75,5.5],"rotation":90,"texture":"#1"},"down":{"uv":[5,4.25,5.75,5.5],"rotation":90,"texture":"#1"}}},{"from":[9.79528,-4.60155,7.919],"to":[10.33728,-3.92455,8.331],"rotation":{"angle":-45,"axis":"z","origin":[19.25928,1.39445,15.5]},"faces":{"north":{"uv":[5,4.25,6,5.25],"texture":"#1"},"east":{"uv":[5,4.25,6,5.25],"texture":"#1"},"south":{"uv":[5,4.25,6,5.25],"texture":"#1"},"west":{"uv":[5,4.25,6,5.25],"texture":"#1"},"up":{"uv":[5,4.25,6,5.25],"texture":"#1"},"down":{"uv":[5,4.25,6,5.25],"texture":"#1"}}},{"from":[10.11828,-3.94355,7.917],"to":[10.61428,-3.59755,8.333],"rotation":{"angle":-45,"axis":"z","origin":[19.25928,1.39445,15.5]},"faces":{"north":{"uv":[7.5,4.75,8.25,5.5],"texture":"#1"},"east":{"uv":[7.5,4.75,8.25,5.5],"texture":"#1"},"south":{"uv":[7.5,4.75,8.25,5.5],"texture":"#1"},"west":{"uv":[7.5,4.75,8.25,5.5],"texture":"#1"},"up":{"uv":[7.5,4.75,8.25,5.5],"texture":"#1"},"down":{"uv":[7.5,4.75,8.25,5.5],"texture":"#1"}}},{"from":[8.997,2.75,7.715],"to":[9.097,4,8.535],"rotation":{"angle":0,"axis":"y","origin":[17.1,11,15.5]},"faces":{"north":{"uv":[10,4,10.25,6.75],"texture":"#1"},"east":{"uv":[10,4,10.25,6.75],"texture":"#1"},"south":{"uv":[10,4,10.25,6.75],"texture":"#1"},"west":{"uv":[10,4,10.25,6.75],"texture":"#1"},"up":{"uv":[10,4,10.25,6.75],"texture":"#1"},"down":{"uv":[10,4,10.25,6.75],"texture":"#1"}}},{"from":[9.09808,2.75261,7.663],"to":[10.54808,4.00261,8.583],"rotation":{"angle":0,"axis":"y","origin":[18.55108,11.00261,15.498]},"faces":{"north":{"uv":[7,4,9.75,6.75],"rotation":90,"texture":"#1"},"east":{"uv":[7,4,9.75,6.75],"texture":"#1"},"south":{"uv":[7,4,9.75,6.75],"texture":"#1"},"west":{"uv":[7,4,9.75,6.75],"texture":"#1"},"up":{"uv":[7,4,8.75,5.25],"texture":"#1"},"down":{"uv":[6.5,2,9.25,3.5],"texture":"#1"}}},{"from":[10.19773,5.37033,7.662],"to":[11.87873,5.52633,8.588],"rotation":{"angle":-22.5,"axis":"z","origin":[4.24773,13.62333,15.5]},"faces":{"north":{"uv":[8.25,15.25,8.5,15],"rotation":180,"texture":"#1"},"east":{"uv":[8.25,15.25,8.5,15],"rotation":180,"texture":"#1"},"south":{"uv":[8.25,15.25,8.5,15],"rotation":180,"texture":"#1"},"west":{"uv":[8.25,15.25,8.5,15],"rotation":180,"texture":"#1"},"up":{"uv":[8.25,15.25,8.5,15],"rotation":180,"texture":"#1"},"down":{"uv":[8.25,15.25,8.5,15],"rotation":180,"texture":"#1"}}},{"from":[6.19627,5.37033,7.662],"to":[7.87727,5.52633,8.588],"rotation":{"angle":22.5,"axis":"z","origin":[13.82727,13.62333,15.5]},"faces":{"north":{"uv":[8.25,15.25,8.5,15],"rotation":180,"texture":"#1"},"east":{"uv":[8.25,15.25,8.5,15],"rotation":180,"texture":"#1"},"south":{"uv":[8.25,15.25,8.5,15],"rotation":180,"texture":"#1"},"west":{"uv":[8.25,15.25,8.5,15],"rotation":180,"texture":"#1"},"up":{"uv":[8.25,15.25,8.5,15],"rotation":180,"texture":"#1"},"down":{"uv":[8.25,15.25,8.5,15],"rotation":180,"texture":"#1"}}},{"from":[5.47426,-0.01624,7.664],"to":[6.17626,0.13576,8.586],"rotation":{"angle":22.5,"axis":"z","origin":[-0.97774,8.23476,15.5]},"faces":{"north":{"uv":[8.25,15.25,8.5,15],"texture":"#1"},"east":{"uv":[8.25,15.25,8.5,15],"texture":"#1"},"south":{"uv":[8.25,15.25,8.5,15],"texture":"#1"},"west":{"uv":[8.25,15.25,8.5,15],"texture":"#1"},"up":{"uv":[8.25,15.25,8.5,15],"texture":"#1"},"down":{"uv":[8.25,15.25,8.5,15],"texture":"#1"}}},{"from":[11.89574,-0.01924,7.661],"to":[12.60374,0.13876,8.589],"rotation":{"angle":-22.5,"axis":"z","origin":[19.05274,8.23476,15.525]},"faces":{"north":{"uv":[8.25,15.25,8.5,15],"texture":"#1"},"east":{"uv":[8.25,15.25,8.5,15],"texture":"#1"},"south":{"uv":[8.25,15.25,8.5,15],"texture":"#1"},"west":{"uv":[8.25,15.25,8.5,15],"texture":"#1"},"up":{"uv":[8.25,15.25,8.5,15],"texture":"#1"},"down":{"uv":[8.25,15.25,8.5,15],"texture":"#1"}}},{"from":[6.67329,5.74251,7.668],"to":[7.94229,6.98651,8.582],"rotation":{"angle":22.5,"axis":"z","origin":[16.12329,13.98951,15.5]},"faces":{"north":{"uv":[6.5,1.75,9.5,3.75],"texture":"#1"},"east":{"uv":[5.75,4.25,6.25,6.25],"texture":"#1"},"south":{"uv":[6.5,1.75,9.5,3.75],"texture":"#1"},"west":{"uv":[6.5,1.75,9.5,3.75],"texture":"#1"},"up":{"uv":[5.5,4,6.5,5],"texture":"#1"},"down":{"uv":[6.5,2,9.25,3.25],"texture":"#1"}}},{"from":[8.80292,-1.03428,7.667],"to":[10.07392,0.21172,8.583],"rotation":{"angle":-22.5,"axis":"z","origin":[18.32892,7.21372,15.5]},"faces":{"north":{"uv":[6,6.75,9,8.75],"texture":"#1"},"east":{"uv":[6,6.75,9,8.75],"texture":"#1"},"south":{"uv":[6,6.75,9,8.75],"texture":"#1"},"west":{"uv":[5.25,4.25,6,6.25],"texture":"#1"},"up":{"uv":[5.5,4,6.75,5],"texture":"#1"},"down":{"uv":[6.5,2,9.5,3.25],"texture":"#1"}}},{"from":[8.697,-3.775,7.72],"to":[9.397,2.375,8.52],"rotation":{"angle":0,"axis":"y","origin":[17,10.525,15.5]},"faces":{"north":{"uv":[4,7.5,5.5,16],"texture":"#1"},"east":{"uv":[4,7.5,5.5,16],"rotation":180,"texture":"#1"},"south":{"uv":[4,7.5,5.5,16],"texture":"#1"},"west":{"uv":[4,7.5,5.5,16],"rotation":180,"texture":"#1"},"up":{"uv":[4,7.5,5.5,16],"texture":"#1"},"down":{"uv":[4,7.5,5.5,16],"texture":"#1"}}},{"from":[8.75,2.5,7.77],"to":[9.35,2.75,8.47],"rotation":{"angle":0,"axis":"y","origin":[17,10.75,15.5]},"faces":{"north":{"uv":[1.25,14.75,2.85,15.5],"texture":"#1"},"east":{"uv":[1.25,14.75,2.85,15.5],"texture":"#1"},"south":{"uv":[1.25,14.75,2.85,15.5],"texture":"#1"},"west":{"uv":[1.25,14.75,2.85,15.5],"texture":"#1"},"up":{"uv":[1.25,14.75,2.85,15.5],"texture":"#1"},"down":{"uv":[1.25,14.75,2.85,15.5],"texture":"#1"}}},{"from":[8.675,2.35,7.695],"to":[9.425,2.6,8.545],"rotation":{"angle":0,"axis":"y","origin":[17,10.6,15.5]},"faces":{"north":{"uv":[1.5,13.25,3.1,14],"texture":"#1"},"east":{"uv":[1.5,13.25,3.1,14],"texture":"#1"},"south":{"uv":[1.5,13.25,3.1,14],"texture":"#1"},"west":{"uv":[1.5,13.25,3.1,14],"texture":"#1"},"up":{"uv":[1.5,13.25,3.1,14],"texture":"#1"},"down":{"uv":[1.5,13.25,3.1,14],"texture":"#1"}}},{"from":[8.75,-3.975,7.77],"to":[9.35,-3.725,8.47],"rotation":{"angle":0,"axis":"y","origin":[17,4.275,15.5]},"faces":{"north":{"uv":[2.25,15.25,3.35,16],"texture":"#1"},"east":{"uv":[2.25,15.25,3.35,16],"texture":"#1"},"south":{"uv":[2.25,15.25,3.35,16],"texture":"#1"},"west":{"uv":[2.25,15.25,3.35,16],"texture":"#1"},"up":{"uv":[2.25,15.25,3.35,16],"texture":"#1"},"down":{"uv":[0.25,10.25,1.1,11.25],"texture":"#1"}}}],"display":{"thirdperson_righthand":{"rotation":[0,90,0],"translation":[-0.25,5.75,2.75]},"thirdperson_lefthand":{"rotation":[0,90,0],"translation":[0,5.75,0.5]},"firstperson_righthand":{"rotation":[-9,91,0],"translation":[0,7,0]},"firstperson_lefthand":{"rotation":[-4,90,0],"translation":[1,7.5,-0.5]},"ground":{"rotation":[69,36,0]},"gui":{"rotation":[-13,-48,-63],"translation":[-1,0,0],"scale":[0.72,0.72,0.75]},"head":{"rotation":[123,90,0],"translation":[-6.75,-26,0],"scale":[1.5,1.5,1.5]},"fixed":{"rotation":[0,0,-180],"translation":[2.25,14,-2.25],"scale":[2,2,2]}}}