{"credit":"Made with Blockbench","textures":{"0":"mineinabyss:equipment/hook_base","1":"mineinabyss:equipment/hook","particle":"mineinabyss:equipment/hook_base"},"elements":[{"name":"shaft","from":[7,2,7],"to":[9,10,9],"faces":{"north":{"uv":[2,0,4,8],"texture":"#0"},"east":{"uv":[6,0,8,8],"texture":"#0"},"south":{"uv":[0,0,2,8],"texture":"#0"},"west":{"uv":[4,0,6,8],"texture":"#0"},"up":{"uv":[0,0,2,2],"texture":"#missing"},"down":{"uv":[0,0,2,2],"texture":"#missing"}}},{"name":"metal1","from":[5,10.2,7],"to":[11,11.2,9],"faces":{"north":{"uv":[9.5,4.5,15.5,5.5],"texture":"#1"},"east":{"uv":[0.5,0.5,2.5,1.5],"texture":"#1"},"south":{"uv":[0.5,0.5,6.5,1.5],"texture":"#1"},"west":{"uv":[0.5,0.5,2.5,1.5],"texture":"#1"},"up":{"uv":[0.5,0.5,6.5,2.5],"texture":"#1"},"down":{"uv":[0.5,0.5,6.5,2.5],"texture":"#1"}}},{"name":"metal2","from":[7,10,5],"to":[9,11,11],"faces":{"north":{"uv":[0.5,0.5,2.5,1.5],"texture":"#1"},"east":{"uv":[0.5,0.5,6.5,1.5],"texture":"#1"},"south":{"uv":[0.5,0.5,2.5,1.5],"texture":"#1"},"west":{"uv":[8,5,14,6],"texture":"#1"},"up":{"uv":[3.5,0.5,5.5,6.5],"texture":"#1"},"down":{"uv":[0.5,0.5,2.5,6.5],"texture":"#1"}}},{"name":"extent1","from":[7,9,4],"to":[9,10,5],"faces":{"north":{"uv":[0.5,0.5,2.5,1.5],"texture":"#1"},"east":{"uv":[0.5,0.5,1.5,1.5],"texture":"#1"},"south":{"uv":[0.5,0.5,2.5,1.5],"texture":"#1"},"west":{"uv":[0.5,0.5,1.5,1.5],"texture":"#1"},"up":{"uv":[2.5,1,4.5,2],"texture":"#1"},"down":{"uv":[0.5,0.5,2.5,1.5],"texture":"#1"}}},{"name":"extent2","from":[7,9,11],"to":[9,10,12],"faces":{"north":{"uv":[0.5,0.5,2.5,1.5],"texture":"#1"},"east":{"uv":[0.5,0.5,1.5,1.5],"texture":"#1"},"south":{"uv":[0.5,0.5,2.5,1.5],"texture":"#1"},"west":{"uv":[0.5,0.5,1.5,1.5],"texture":"#1"},"up":{"uv":[0.5,1,2.5,2],"texture":"#1"},"down":{"uv":[0.5,0.5,2.5,1.5],"texture":"#1"}}},{"name":"extent3","from":[11,9.2,7],"to":[12,10.2,9],"faces":{"north":{"uv":[0.5,0.5,1.5,1.5],"texture":"#1"},"east":{"uv":[0.5,0.5,2.5,1.5],"texture":"#1"},"south":{"uv":[0.5,0.5,1.5,1.5],"texture":"#1"},"west":{"uv":[0.5,0.5,2.5,1.5],"texture":"#1"},"up":{"uv":[5.5,1,6.5,3],"texture":"#1"},"down":{"uv":[0.5,0.5,1.5,2.5],"texture":"#1"}}},{"name":"extent4","from":[4,9.2,7],"to":[5,10.2,9],"faces":{"north":{"uv":[0.5,0.5,1.5,1.5],"texture":"#1"},"east":{"uv":[0.5,0.5,2.5,1.5],"texture":"#1"},"south":{"uv":[0.5,0.5,1.5,1.5],"texture":"#1"},"west":{"uv":[0.5,0.5,2.5,1.5],"texture":"#1"},"up":{"uv":[0.5,1.5,1.5,3.5],"texture":"#1"},"down":{"uv":[0.5,0.5,1.5,2.5],"texture":"#1"}}},{"name":"end1","from":[7,5,3],"to":[9,9,4],"faces":{"north":{"uv":[1,0.5,3,4.5],"texture":"#1"},"east":{"uv":[0.5,0.5,1.5,4.5],"texture":"#1"},"south":{"uv":[0.5,0.5,2.5,4.5],"texture":"#1"},"west":{"uv":[0.5,0.5,1.5,4.5],"texture":"#1"},"up":{"uv":[1,0.5,3,1.5],"texture":"#1"},"down":{"uv":[0.5,0.5,2.5,1.5],"texture":"#1"}}},{"name":"end2","from":[7,5,12],"to":[9,9,13],"faces":{"north":{"uv":[0.5,0.5,2.5,4.5],"texture":"#1"},"east":{"uv":[0.5,0.5,1.5,4.5],"texture":"#1"},"south":{"uv":[0.5,0.5,2.5,4.5],"texture":"#1"},"west":{"uv":[0.5,0.5,1.5,4.5],"texture":"#1"},"up":{"uv":[0.5,0.5,2.5,1.5],"texture":"#1"},"down":{"uv":[0.5,0.5,2.5,1.5],"texture":"#1"}}},{"name":"end3","from":[12,5.2,7],"to":[13,9.2,9],"faces":{"north":{"uv":[0.5,0.5,1.5,4.5],"texture":"#1"},"east":{"uv":[0.5,0.5,2.5,4.5],"texture":"#1"},"south":{"uv":[0.5,0.5,1.5,4.5],"texture":"#1"},"west":{"uv":[0.5,0.5,2.5,4.5],"texture":"#1"},"up":{"uv":[4.5,1.5,5.5,3.5],"texture":"#1"},"down":{"uv":[0.5,0.5,1.5,2.5],"texture":"#1"}}},{"name":"end4","from":[3,5.2,7],"to":[4,9.2,9],"faces":{"north":{"uv":[0.5,0.5,1.5,4.5],"texture":"#1"},"east":{"uv":[0.5,0.5,2.5,4.5],"texture":"#1"},"south":{"uv":[0.5,0.5,1.5,4.5],"texture":"#1"},"west":{"uv":[0.5,0.5,2.5,4.5],"texture":"#1"},"up":{"uv":[0.5,0.5,1.5,2.5],"texture":"#1"},"down":{"uv":[0.5,0.5,1.5,2.5],"texture":"#1"}}},{"name":"base1","from":[7,1.29,7],"to":[9,2.01,9],"faces":{"north":{"uv":[1,0.5,3,1.5],"texture":"#1"},"east":{"uv":[1,0.5,3,1.5],"texture":"#1"},"south":{"uv":[1,0.5,3,1.5],"texture":"#1"},"west":{"uv":[1,0.5,3,1.5],"texture":"#1"},"up":{"uv":[1,0.5,3,2.5],"texture":"#1"},"down":{"uv":[1,0.5,3,2.5],"texture":"#1"}}},{"name":"base2","from":[7,0,7],"to":[9,0.72,9],"faces":{"north":{"uv":[1,0.5,3,1.5],"texture":"#1"},"east":{"uv":[1,0.5,3,1.5],"texture":"#1"},"south":{"uv":[1,0.5,3,1.5],"texture":"#1"},"west":{"uv":[1,0.5,3,1.5],"texture":"#1"},"up":{"uv":[1,0.5,3,2.5],"texture":"#1"},"down":{"uv":[1,0.5,3,2.5],"texture":"#1"}}},{"name":"base3","from":[8.44,0.7,7],"to":[9,1.3,9],"faces":{"north":{"uv":[1,0.5,2,1.5],"texture":"#1"},"east":{"uv":[1,1,3,2],"texture":"#1"},"south":{"uv":[1,0.5,2,1.5],"texture":"#1"},"west":{"uv":[1,1,3,2],"texture":"#1"},"up":{"uv":[1,0.5,3,2.5],"texture":"#1"},"down":{"uv":[1,0.5,3,2.5],"texture":"#1"}}},{"name":"base4","from":[7,0.7,7],"to":[7.56,1.3,9],"faces":{"north":{"uv":[1,0.5,2,1.5],"texture":"#1"},"east":{"uv":[1,1,3,2],"texture":"#1"},"south":{"uv":[1,0.5,2,1.5],"texture":"#1"},"west":{"uv":[1,1,3,2],"texture":"#1"},"up":{"uv":[1,0.5,3,2.5],"texture":"#1"},"down":{"uv":[1,0.5,3,2.5],"texture":"#1"}}}],"display":{"thirdperson_righthand":{"translation":[0,3.25,0]},"thirdperson_lefthand":{"translation":[0,3.25,0]},"firstperson_righthand":{"translation":[0,4,0]},"firstperson_lefthand":{"translation":[0,4,0]},"ground":{"translation":[0,2.75,0]},"fixed":{"rotation":[0,-45,0],"translation":[0,2,0]},"gui":{"rotation":[0,-90,0],"translation":[0,2.25,0]}},"groups":[{"name":"model","children":[0,1,2,3,4,5,6,7,8,9,10,11,12,13,14]}]}