{"credit":"Made with Blockbench","textures":{"1_0":"mineinabyss:equipment/climbingrig","particle":"mineinabyss:equipment/climbingrig"},"elements":[{"from":[8.38,3.75,-4.5],"to":[9.13,5,-3.5],"rotation":{"angle":-45,"axis":"x","origin":[8.25,15,2.5]},"faces":{"north":{"uv":[15,6.5,16,10],"texture":"#1_0"},"east":{"uv":[15,6.5,16,10],"texture":"#1_0"},"south":{"uv":[15,6.5,16,10],"texture":"#1_0"},"west":{"uv":[15,6.5,16,10],"texture":"#1_0"},"up":{"uv":[15,6.5,16,7.5],"texture":"#1_0"},"down":{"uv":[15,15,16,16],"texture":"#1_0"}}},{"from":[7.63,-0.35,6.6],"to":[8.38,4.15,7.35],"rotation":{"angle":22.5,"axis":"x","origin":[6.25,-2.75,5]},"faces":{"north":{"uv":[15,12.5,16,6.5],"rotation":180,"texture":"#1_0"},"east":{"uv":[15,12.5,16,6.5],"rotation":180,"texture":"#1_0"},"south":{"uv":[15,12.5,16,6.5],"rotation":180,"texture":"#1_0"},"west":{"uv":[15,12.5,16,6.5],"rotation":180,"texture":"#1_0"},"up":{"uv":[15,7.5,16,6.5],"texture":"#1_0"},"down":{"uv":[15,16,16,15],"texture":"#1_0"}}},{"from":[7.75,0.45,6.45],"to":[8.25,2.95,7.2],"rotation":{"angle":45,"axis":"x","origin":[6.25,-0.25,2.5]},"faces":{"north":{"uv":[15,10,16,6.5],"texture":"#1_0"},"east":{"uv":[15,10,16,6.5],"texture":"#1_0"},"south":{"uv":[15,10,16,6.5],"texture":"#1_0"},"west":{"uv":[15,10,16,6.5],"texture":"#1_0"},"up":{"uv":[15,16,16,15],"texture":"#1_0"},"down":{"uv":[15,7.5,16,6.5],"texture":"#1_0"}}},{"from":[7.62,-3.25,3.75],"to":[8.37,-2.5,6.25],"faces":{"north":{"uv":[15,7.5,16,6.5],"rotation":180,"texture":"#1_0"},"east":{"uv":[16,6.5,15,10],"rotation":90,"texture":"#1_0"},"south":{"uv":[15,16,16,15],"texture":"#1_0"},"west":{"uv":[16,6.5,15,10],"rotation":270,"texture":"#1_0"},"up":{"uv":[15,10,16,6.5],"rotation":180,"texture":"#1_0"},"down":{"uv":[15,10,16,6.5],"texture":"#1_0"}}},{"from":[7.63,-3.75,1.75],"to":[8.38,0.25,2.5],"rotation":{"angle":-22.5,"axis":"x","origin":[6.25,1.75,1.5]},"faces":{"north":{"uv":[15,16,16,10],"rotation":180,"texture":"#1_0"},"east":{"uv":[15,16,16,10],"rotation":180,"texture":"#1_0"},"south":{"uv":[15,16,16,10],"rotation":180,"texture":"#1_0"},"west":{"uv":[15,16,16,10],"rotation":180,"texture":"#1_0"},"up":{"uv":[15,7.5,16,6.5],"texture":"#1_0"},"down":{"uv":[15,16,16,15],"texture":"#1_0"}}},{"from":[7.63,0.4,2.35],"to":[8.38,4.9,3.1],"faces":{"north":{"uv":[15,12.5,16,6.5],"rotation":180,"texture":"#1_0"},"east":{"uv":[15,12.5,16,6.5],"rotation":180,"texture":"#1_0"},"south":{"uv":[15,12.5,16,6.5],"rotation":180,"texture":"#1_0"},"west":{"uv":[15,12.5,16,6.5],"rotation":180,"texture":"#1_0"},"up":{"uv":[15,7.5,16,6.5],"texture":"#1_0"},"down":{"uv":[15,16,16,15],"texture":"#1_0"}}},{"from":[7.75,3.25,-1.25],"to":[8.25,5.5,-0.5],"rotation":{"angle":45,"axis":"x","origin":[6.25,-0.25,2.5]},"faces":{"north":{"uv":[15,10,16,6.5],"texture":"#1_0"},"east":{"uv":[15,10,16,6.5],"texture":"#1_0"},"south":{"uv":[15,10,16,6.5],"texture":"#1_0"},"west":{"uv":[15,10,16,6.5],"texture":"#1_0"},"up":{"uv":[15,16,16,15],"texture":"#1_0"},"down":{"uv":[15,7.5,16,6.5],"texture":"#1_0"}}},{"from":[7.62,5.75,3.75],"to":[8.37,6.5,6.25],"faces":{"north":{"uv":[15,7.5,16,6.5],"rotation":180,"texture":"#1_0"},"east":{"uv":[16,6.5,15,10],"rotation":90,"texture":"#1_0"},"south":{"uv":[15,16,16,15],"texture":"#1_0"},"west":{"uv":[16,6.5,15,10],"rotation":270,"texture":"#1_0"},"up":{"uv":[15,10,16,6.5],"rotation":180,"texture":"#1_0"},"down":{"uv":[15,10,16,6.5],"texture":"#1_0"}}},{"from":[7.88,1.75,7],"to":[8.63,4.25,7.75],"rotation":{"angle":-22.5,"axis":"x","origin":[6.5,1.75,1.5]},"faces":{"north":{"uv":[15,16,16,12.5],"rotation":180,"texture":"#1_0"},"east":{"uv":[15,16,16,12.5],"rotation":180,"texture":"#1_0"},"south":{"uv":[15,16,16,12.5],"rotation":180,"texture":"#1_0"},"west":{"uv":[15,16,16,12.5],"rotation":180,"texture":"#1_0"},"up":{"uv":[15,7.5,16,6.5],"texture":"#1_0"},"down":{"uv":[15,16,16,15],"texture":"#1_0"}}},{"from":[7.89,-0.35,6.6],"to":[8.64,4.15,7.35],"faces":{"north":{"uv":[15,12.5,16,6.5],"rotation":180,"texture":"#1_0"},"east":{"uv":[15,12.5,16,6.5],"rotation":180,"texture":"#1_0"},"south":{"uv":[15,12.5,16,6.5],"rotation":180,"texture":"#1_0"},"west":{"uv":[15,12.5,16,6.5],"rotation":180,"texture":"#1_0"},"up":{"uv":[15,7.5,16,6.5],"texture":"#1_0"},"down":{"uv":[15,16,16,15],"texture":"#1_0"}}},{"from":[8.25,1.7,5.7],"to":[8.75,3.95,6.45],"rotation":{"angle":45,"axis":"x","origin":[6.75,0.75,1.75]},"faces":{"north":{"uv":[15,10,16,6.5],"texture":"#1_0"},"east":{"uv":[15,10,16,6.5],"texture":"#1_0"},"south":{"uv":[15,10,16,6.5],"texture":"#1_0"},"west":{"uv":[15,10,16,6.5],"texture":"#1_0"},"up":{"uv":[15,16,16,15],"texture":"#1_0"},"down":{"uv":[15,7.5,16,6.5],"texture":"#1_0"}}},{"from":[8.12,-2,4.25],"to":[8.87,-1.25,5.75],"faces":{"north":{"uv":[15,7.5,16,6.5],"rotation":180,"texture":"#1_0"},"east":{"uv":[16,7.5,15,10],"rotation":90,"texture":"#1_0"},"south":{"uv":[15,16,16,15],"texture":"#1_0"},"west":{"uv":[16,7.5,15,10],"rotation":90,"texture":"#1_0"},"up":{"uv":[15,10,16,7.5],"rotation":180,"texture":"#1_0"},"down":{"uv":[15,10,16,7.5],"rotation":180,"texture":"#1_0"}}},{"from":[8.39,-2.85,2.6],"to":[9.14,0.65,3.35],"rotation":{"angle":-22.5,"axis":"x","origin":[7,1.75,1.5]},"faces":{"north":{"uv":[15,11.5,16,6.5],"rotation":180,"texture":"#1_0"},"east":{"uv":[15,11.5,16,6.5],"rotation":180,"texture":"#1_0"},"south":{"uv":[15,11.5,16,6.5],"rotation":180,"texture":"#1_0"},"west":{"uv":[15,11.5,16,6.5],"rotation":180,"texture":"#1_0"},"up":{"uv":[15,7.5,16,6.5],"texture":"#1_0"},"down":{"uv":[15,16,16,15],"texture":"#1_0"}}},{"from":[8.5,2.2,2.45],"to":[9,4.45,3.2],"rotation":{"angle":45,"axis":"x","origin":[7,0.75,1.75]},"faces":{"north":{"uv":[15,10,16,6.5],"texture":"#1_0"},"east":{"uv":[15,10,16,6.5],"texture":"#1_0"},"south":{"uv":[15,10,16,6.5],"texture":"#1_0"},"west":{"uv":[15,10,16,6.5],"texture":"#1_0"},"up":{"uv":[15,16,16,15],"texture":"#1_0"},"down":{"uv":[15,7.5,16,6.5],"texture":"#1_0"}}},{"from":[7.5,2.75,9],"to":[8.5,13.75,10],"faces":{"north":{"uv":[15,6.5,16,16],"rotation":180,"texture":"#1_0"},"east":{"uv":[15,6.5,16,16],"rotation":180,"texture":"#1_0"},"south":{"uv":[15,6.5,16,16],"rotation":180,"texture":"#1_0"},"west":{"uv":[15,6.5,16,16],"rotation":180,"texture":"#1_0"},"up":{"uv":[15,15,16,16],"texture":"#1_0"},"down":{"uv":[15,6.5,16,7.5],"texture":"#1_0"}}},{"from":[7.5,13.75,9],"to":[8.5,24.75,10],"faces":{"north":{"uv":[15,16,16,6.5],"rotation":180,"texture":"#1_0"},"east":{"uv":[15,16,16,6.5],"rotation":180,"texture":"#1_0"},"south":{"uv":[15,16,16,6.5],"rotation":180,"texture":"#1_0"},"west":{"uv":[15,16,16,6.5],"rotation":180,"texture":"#1_0"},"up":{"uv":[15,7.5,16,6.5],"texture":"#1_0"},"down":{"uv":[15,16,16,15],"texture":"#1_0"}}}],"display":{"thirdperson_righthand":{"rotation":[-144,0,180],"translation":[-1.75,2,3.75]},"thirdperson_lefthand":{"rotation":[-144,0,180],"translation":[-1.75,2,3.75]},"firstperson_righthand":{"rotation":[0,30,0],"translation":[-6.75,-0.5,0]},"firstperson_lefthand":{"rotation":[0,30,0],"translation":[-6.75,-0.5,0]},"ground":{"translation":[0,0.5,0],"scale":[0.6,0.6,0.6]},"gui":{"rotation":[32,120,0],"translation":[-0.5,-0.75,0],"scale":[0.6,0.6,0.6]},"head":{"translation":[0,5.5,6],"scale":[1.5,1.5,1.5]},"fixed":{"translation":[0,-4.5,-2.75]}},"groups":[{"name":"rope","children":[0,1,2,3,4,5,6,7,8,9,10,11,12,13]},14,15]}