{"credit":"Made with Blockbench","textures":{"0":"mineinabyss:item/other/air_pattern","particle":"mineinabyss:item/other/air_pattern"},"elements":[{"from":[4,4,8],"to":[12,12,8],"faces":{"north":{"uv":[0,0,16,16],"texture":"#0"},"east":{"uv":[0,0,0,8],"texture":"#0"},"south":{"uv":[0,0,16,16],"texture":"#0"},"west":{"uv":[0,0,0,8],"texture":"#0"},"up":{"uv":[0,0,8,0],"texture":"#0"},"down":{"uv":[0,0,8,0],"texture":"#0"}}}],"display":{"thirdperson_righthand":{"rotation":[0,0,-180],"translation":[0,-2,-0.25]},"firstperson_righthand":{"rotation":[0,0,-180],"translation":[0,-2,-0.25]}}}