{"credit":"Made with Blockbench","texture_size":[32,32],"textures":{"0":"camelot:tomoe_bow","particle":"camelot:tomoe_bow"},"elements":[{"from":[5.6,11.1,7.825],"to":[5.975,14.875,8.175],"rotation":{"angle":0,"axis":"y","origin":[6.18956,13.31972,7.98922]},"faces":{"north":{"uv":[0.5,0,1,0.5],"texture":"#0"},"east":{"uv":[0.5,0,1,0.5],"texture":"#0"},"south":{"uv":[0.5,0,1,0.5],"texture":"#0"},"west":{"uv":[0.5,0,1,0.5],"texture":"#0"},"up":{"uv":[0.575,0,0.925,0.375],"rotation":90,"texture":"#missing"},"down":{"uv":[0.575,0,0.925,0.375],"rotation":90,"texture":"#missing"}}},{"from":[5.375,13.73343,6.24318],"to":[5.725,14.78343,8.46818],"rotation":{"angle":-45,"axis":"x","origin":[6.18956,13.31972,7.98922]},"faces":{"north":{"uv":[0.5,0,1,0.5],"texture":"#0"},"east":{"uv":[0,5.5,5.33,8],"rotation":180,"texture":"#0"},"south":{"uv":[0,0,0.35,1.05],"texture":"#missing"},"west":{"uv":[0,0,5.33,2.55],"texture":"#0"},"up":{"uv":[0.5,0,1,0.5],"texture":"#0"},"down":{"uv":[0.5,0,1,0.5],"texture":"#0"}}},{"from":[5.375,11.57368,8.77551],"to":[5.725,13.79868,9.77551],"rotation":{"angle":45,"axis":"x","origin":[6.18956,13.31972,7.98922]},"faces":{"north":{"uv":[0.5,0,1,0.5],"texture":"#0"},"east":{"uv":[0,0,5.33,2.55],"rotation":270,"texture":"#0"},"south":{"uv":[0.5,0,1,0.5],"texture":"#0"},"west":{"uv":[0,5.5,5.33,8],"rotation":270,"texture":"#0"},"up":{"uv":[0,1,0.35,2],"texture":"#missing"},"down":{"uv":[0.5,0,1,0.5],"texture":"#0"}}},{"from":[5.375,11.57368,7.57551],"to":[5.725,12.62368,8.77551],"rotation":{"angle":45,"axis":"x","origin":[6.18956,13.31972,7.98922]},"faces":{"north":{"uv":[0,1.05,0.35,2.1],"texture":"#missing"},"east":{"uv":[0,2.665,2.5,5.33],"rotation":270,"texture":"#0"},"south":{"uv":[0,1.05,0.35,2.1],"texture":"#missing"},"west":{"uv":[0,2.665,2.5,5.33],"rotation":270,"texture":"#0"},"up":{"uv":[0.5,0,1,0.5],"texture":"#0"},"down":{"uv":[0.5,0,1,0.5],"texture":"#0"}}},{"from":[5.375,11.53343,8.46818],"to":[5.725,14.78343,9.46818],"rotation":{"angle":-45,"axis":"x","origin":[6.18956,13.31972,7.98922]},"faces":{"north":{"uv":[0.5,0,1,0.5],"texture":"#0"},"east":{"uv":[5.25,0,7.915,8],"rotation":180,"texture":"#0"},"south":{"uv":[0.5,0,1,0.5],"texture":"#0"},"west":{"uv":[5.25,0,7.915,8],"texture":"#0"},"up":{"uv":[0.5,0,1,0.5],"texture":"#0"},"down":{"uv":[0.5,0,1,0.5],"texture":"#0"}}},{"from":[5.75,10.50975,7.04805],"to":[5.875,10.85975,8.44805],"rotation":{"angle":-45,"axis":"x","origin":[6.18956,13.31972,7.98922]},"faces":{"north":{"uv":[0.125,0.35,0,0.7],"texture":"#missing"},"east":{"uv":[0,7,1.5,1],"rotation":90,"texture":"#0"},"south":{"uv":[0.125,0.35,0,0.7],"texture":"#missing"},"west":{"uv":[0,7,1.5,1],"rotation":90,"texture":"#0"},"up":{"uv":[0.5,0.5,1,0],"texture":"#0"},"down":{"uv":[0.5,0.5,1,0],"texture":"#0"}}},{"from":[5.755,12.66829,10.41088],"to":[5.879,13.99329,10.76088],"rotation":{"angle":22.5,"axis":"x","origin":[6.18956,13.31972,7.98922]},"faces":{"north":{"uv":[1,0,0.5,0.5],"texture":"#0"},"east":{"uv":[1.5,1,0,7],"texture":"#0"},"south":{"uv":[1,0,0.5,0.5],"texture":"#0"},"west":{"uv":[1.5,1,0,7],"texture":"#0"},"up":{"uv":[0,0.7,0.125,0.35],"rotation":180,"texture":"#missing"},"down":{"uv":[0,0.7,0.125,0.35],"texture":"#missing"}}},{"from":[5.75,12.87865,10.48267],"to":[5.885,13.36865,10.80767],"rotation":{"angle":0,"axis":"x","origin":[6.18956,13.31972,7.98922]},"faces":{"north":{"uv":[1,0,0.5,0.5],"texture":"#0"},"east":{"uv":[1.25,1,0,3],"rotation":180,"texture":"#0"},"south":{"uv":[1,0,0.5,0.5],"texture":"#0"},"west":{"uv":[1.25,1,0,3],"texture":"#0"},"up":{"uv":[1.25,1,0,3],"rotation":270,"texture":"#0"},"down":{"uv":[1.25,1,0,3],"rotation":90,"texture":"#0"}}},{"from":[5.755,12.28635,10.26185],"to":[5.879,13.61135,10.61185],"rotation":{"angle":-22.5,"axis":"x","origin":[6.18956,13.31972,7.98922]},"faces":{"north":{"uv":[1,0,0.5,0.5],"texture":"#0"},"east":{"uv":[1.5,1,0,7],"texture":"#0"},"south":{"uv":[1,0,0.5,0.5],"texture":"#0"},"west":{"uv":[1.5,1,0,7],"texture":"#0"},"up":{"uv":[0,0.35,0.125,0],"texture":"#missing"},"down":{"uv":[0,0.35,0.125,0],"rotation":180,"texture":"#missing"}}},{"from":[5.75,15.50432,7.32342],"to":[5.875,15.85432,8.72342],"rotation":{"angle":45,"axis":"x","origin":[6.18956,13.31972,7.98922]},"faces":{"north":{"uv":[0.125,0,0,0.35],"texture":"#missing"},"east":{"uv":[0,7,1.5,1],"rotation":90,"texture":"#0"},"south":{"uv":[0.125,0,0,0.35],"texture":"#missing"},"west":{"uv":[0,7,1.5,1],"rotation":90,"texture":"#0"},"up":{"uv":[0.5,0.5,1,0],"texture":"#0"},"down":{"uv":[0.5,0.5,1,0],"texture":"#0"}}},{"from":[5.745,15.73432,8.37342],"to":[5.88,16.35432,8.72342],"rotation":{"angle":45,"axis":"x","origin":[6.18956,13.31972,7.98922]},"faces":{"north":{"uv":[1,0,0.5,0.5],"rotation":180,"texture":"#0"},"east":{"uv":[1.5,1,0,2.5],"texture":"#0"},"south":{"uv":[1,0,0.5,0.5],"texture":"#0"},"west":{"uv":[1.5,1,0,2.5],"texture":"#0"},"up":{"uv":[1.5,1,0,2.5],"rotation":90,"texture":"#0"},"down":{"uv":[1.5,1,0,2.5],"rotation":90,"texture":"#0"}}},{"from":[5.75,13.77605,10.93985],"to":[5.875,14.12605,11.43985],"rotation":{"angle":-22.5,"axis":"x","origin":[6.18956,13.31972,7.98922]},"faces":{"north":{"uv":[0.125,0,0,0.35],"rotation":180,"texture":"#missing"},"east":{"uv":[0,2.5,1.5,1],"rotation":90,"texture":"#0"},"south":{"uv":[0.125,0,0,0.35],"rotation":180,"texture":"#missing"},"west":{"uv":[0,2.5,1.5,1],"rotation":90,"texture":"#0"},"up":{"uv":[0.5,0.5,1,0],"rotation":180,"texture":"#0"},"down":{"uv":[0.5,0.5,1,0],"texture":"#0"}}},{"from":[5.745,15.03517,10.86862],"to":[5.88,15.38517,11.36862],"rotation":{"angle":0,"axis":"x","origin":[6.18956,13.31972,7.98922]},"faces":{"north":{"uv":[0,2.5,1.5,1],"rotation":90,"texture":"#0"},"east":{"uv":[0,2.5,1.5,1],"rotation":90,"texture":"#0"},"south":{"uv":[0,2.5,1.5,1],"rotation":90,"texture":"#0"},"west":{"uv":[0,2.5,1.5,1],"rotation":90,"texture":"#0"},"up":{"uv":[0.5,0.5,1,0],"rotation":180,"texture":"#0"},"down":{"uv":[0.5,0.5,1,0],"texture":"#0"}}},{"from":[5.75,16.17119,10.32096],"to":[5.875,16.52119,10.82096],"rotation":{"angle":22.5,"axis":"x","origin":[6.18956,13.31972,7.98922]},"faces":{"north":{"uv":[0.25,0,0.125,0.35],"rotation":180,"texture":"#missing"},"east":{"uv":[0,2.5,1.5,1],"rotation":90,"texture":"#0"},"south":{"uv":[0.25,0,0.125,0.35],"rotation":180,"texture":"#missing"},"west":{"uv":[0,2.5,1.5,1],"rotation":90,"texture":"#0"},"up":{"uv":[0.5,0.5,1,0],"rotation":180,"texture":"#0"},"down":{"uv":[0.5,0.5,1,0],"texture":"#0"}}},{"from":[5.745,17.01115,9.38026],"to":[5.88,17.36115,9.88026],"rotation":{"angle":45,"axis":"x","origin":[6.18956,13.31972,7.98922]},"faces":{"north":{"uv":[0,2.5,1.5,1],"rotation":90,"texture":"#0"},"east":{"uv":[0,2.5,1.5,1],"rotation":90,"texture":"#0"},"south":{"uv":[0,2.5,1.5,1],"rotation":90,"texture":"#0"},"west":{"uv":[0,2.5,1.5,1],"rotation":90,"texture":"#0"},"up":{"uv":[0.5,0.5,1,0],"rotation":180,"texture":"#0"},"down":{"uv":[0.5,0.5,1,0],"texture":"#0"}}},{"from":[5.75,12.61922,12.09668],"to":[5.875,13.11922,12.44668],"rotation":{"angle":-22.5,"axis":"x","origin":[6.18956,13.31972,7.98922]},"faces":{"north":{"uv":[1,0,0.5,0.5],"texture":"#0"},"east":{"uv":[1.5,1,0,2.5],"texture":"#0"},"south":{"uv":[1,0,0.5,0.5],"rotation":180,"texture":"#0"},"west":{"uv":[1.5,1,0,2.5],"texture":"#0"},"up":{"uv":[0.125,0.35,0.25,0],"rotation":180,"texture":"#missing"},"down":{"uv":[0.125,0.35,0.25,0],"texture":"#missing"}}},{"from":[5.745,13.87834,12.02545],"to":[5.88,14.37834,12.37545],"rotation":{"angle":0,"axis":"x","origin":[6.18956,13.31972,7.98922]},"faces":{"north":{"uv":[1,0,0.5,0.5],"texture":"#0"},"east":{"uv":[1.5,1,0,2.5],"texture":"#0"},"south":{"uv":[1,0,0.5,0.5],"rotation":180,"texture":"#0"},"west":{"uv":[1.5,1,0,2.5],"texture":"#0"},"up":{"uv":[1.5,1,0,2.5],"rotation":90,"texture":"#0"},"down":{"uv":[1.5,1,0,2.5],"rotation":90,"texture":"#0"}}},{"from":[5.745,11.79131,11.65528],"to":[5.88,12.09131,12.00528],"rotation":{"angle":0,"axis":"x","origin":[6.18956,13.31972,7.98922]},"faces":{"north":{"uv":[1,0,0.5,0.5],"rotation":180,"texture":"#0"},"east":{"uv":[1.5,1,0,2.5],"texture":"#0"},"south":{"uv":[1,0,0.5,0.5],"rotation":180,"texture":"#0"},"west":{"uv":[1.5,1,0,2.5],"texture":"#0"},"up":{"uv":[1.5,1,0,2.5],"rotation":90,"texture":"#0"},"down":{"uv":[1.5,1,0,2.5],"rotation":90,"texture":"#0"}}},{"from":[5.75,13.14453,11.93448],"to":[5.875,13.44453,12.28448],"rotation":{"angle":22.5,"axis":"x","origin":[6.18956,13.31972,7.98922]},"faces":{"north":{"uv":[1,0,0.5,0.5],"rotation":180,"texture":"#0"},"east":{"uv":[1.5,1,0,2.5],"texture":"#0"},"south":{"uv":[1,0,0.5,0.5],"rotation":180,"texture":"#0"},"west":{"uv":[1.5,1,0,2.5],"texture":"#0"},"up":{"uv":[0.125,0.35,0.25,0],"texture":"#missing"},"down":{"uv":[0.125,0.35,0.25,0],"rotation":180,"texture":"#missing"}}},{"from":[5.745,9.28438,9.17109],"to":[5.88,9.63438,9.47109],"rotation":{"angle":-45,"axis":"x","origin":[6.18956,13.31972,7.98922]},"faces":{"north":{"uv":[0,2.5,1.5,1],"rotation":90,"texture":"#0"},"east":{"uv":[0,2.5,1.5,1],"rotation":90,"texture":"#0"},"south":{"uv":[0,2.5,1.5,1],"rotation":90,"texture":"#0"},"west":{"uv":[0,2.5,1.5,1],"rotation":90,"texture":"#0"},"up":{"uv":[0.5,0.5,1,0],"rotation":180,"texture":"#0"},"down":{"uv":[0.5,0.5,1,0],"rotation":180,"texture":"#0"}}},{"from":[5.75,10.04383,10.32538],"to":[5.875,10.39383,10.62538],"rotation":{"angle":-22.5,"axis":"x","origin":[6.18956,13.31972,7.98922]},"faces":{"north":{"uv":[0.25,0,0.125,0.35],"rotation":180,"texture":"#missing"},"east":{"uv":[0,2.5,1.5,1],"rotation":90,"texture":"#0"},"south":{"uv":[0.25,0,0.125,0.35],"rotation":180,"texture":"#missing"},"west":{"uv":[0,2.5,1.5,1],"rotation":90,"texture":"#0"},"up":{"uv":[0.5,0.5,1,0],"rotation":180,"texture":"#0"},"down":{"uv":[0.5,0.5,1,0],"rotation":180,"texture":"#0"}}},{"from":[5.745,11.18721,11.10118],"to":[5.88,11.53721,11.40118],"rotation":{"angle":0,"axis":"x","origin":[6.18956,13.31972,7.98922]},"faces":{"north":{"uv":[0,2.5,1.5,1],"rotation":90,"texture":"#0"},"east":{"uv":[0,2.5,1.5,1],"rotation":90,"texture":"#0"},"south":{"uv":[0,2.5,1.5,1],"rotation":90,"texture":"#0"},"west":{"uv":[0,2.5,1.5,1],"rotation":90,"texture":"#0"},"up":{"uv":[0.5,0.5,1,0],"rotation":180,"texture":"#0"},"down":{"uv":[0.5,0.5,1,0],"rotation":180,"texture":"#0"}}},{"from":[5.75,12.54043,11.38037],"to":[5.875,12.89043,11.68037],"rotation":{"angle":22.5,"axis":"x","origin":[6.18956,13.31972,7.98922]},"faces":{"north":{"uv":[0.25,0,0.125,0.35],"rotation":180,"texture":"#missing"},"east":{"uv":[0,2.5,1.5,1],"rotation":90,"texture":"#0"},"south":{"uv":[0.25,0,0.125,0.35],"rotation":180,"texture":"#missing"},"west":{"uv":[0,2.5,1.5,1],"rotation":90,"texture":"#0"},"up":{"uv":[0.5,0.5,1,0],"rotation":180,"texture":"#0"},"down":{"uv":[0.5,0.5,1,0],"rotation":180,"texture":"#0"}}},{"from":[5.745,9.88848,8.56699],"to":[5.88,10.18848,8.91699],"rotation":{"angle":-45,"axis":"x","origin":[6.18956,13.31972,7.98922]},"faces":{"north":{"uv":[1,0,0.5,0.5],"rotation":180,"texture":"#0"},"east":{"uv":[1.5,1,0,2.5],"texture":"#0"},"south":{"uv":[1,0,0.5,0.5],"rotation":180,"texture":"#0"},"west":{"uv":[1.5,1,0,2.5],"texture":"#0"},"up":{"uv":[1.5,1,0,2.5],"rotation":90,"texture":"#0"},"down":{"uv":[1.5,1,0,2.5],"rotation":90,"texture":"#0"}}},{"from":[5.75,10.64793,9.72128],"to":[5.875,11.04793,10.07128],"rotation":{"angle":-22.5,"axis":"x","origin":[6.18956,13.31972,7.98922]},"faces":{"north":{"uv":[1,0,0.5,0.5],"rotation":180,"texture":"#0"},"east":{"uv":[1.5,1,0,2.5],"texture":"#0"},"south":{"uv":[1,0,0.5,0.5],"rotation":180,"texture":"#0"},"west":{"uv":[1.5,1,0,2.5],"texture":"#0"},"up":{"uv":[0.125,0.35,0.25,0],"rotation":180,"texture":"#missing"},"down":{"uv":[0.125,0.35,0.25,0],"texture":"#missing"}}},{"from":[5.745,11.8837,10.45881],"to":[5.88,12.2837,10.80881],"rotation":{"angle":0,"axis":"x","origin":[6.18956,13.31972,7.98922]},"faces":{"north":{"uv":[1,0,0.5,0.5],"rotation":180,"texture":"#0"},"east":{"uv":[1.5,1,0,2.5],"texture":"#0"},"south":{"uv":[1,0,0.5,0.5],"rotation":180,"texture":"#0"},"west":{"uv":[1.5,1,0,2.5],"texture":"#0"},"up":{"uv":[1.5,1,0,2.5],"rotation":90,"texture":"#0"},"down":{"uv":[1.5,1,0,2.5],"rotation":90,"texture":"#0"}}},{"from":[5.75,13.30763,10.66729],"to":[5.875,13.80763,11.01729],"rotation":{"angle":22.5,"axis":"x","origin":[6.18956,13.31972,7.98922]},"faces":{"north":{"uv":[0.125,0.75,0,1.25],"texture":"#missing"},"east":{"uv":[1.5,1,0,2.5],"texture":"#0"},"south":{"uv":[1,0,0.5,0.5],"rotation":180,"texture":"#0"},"west":{"uv":[1.5,1,0,2.5],"texture":"#0"},"up":{"uv":[0.125,0.35,0.25,0],"rotation":180,"texture":"#missing"},"down":{"uv":[0.125,0.35,0.25,0],"texture":"#missing"}}},{"from":[5.745,14.79535,10.27672],"to":[5.88,15.29535,10.62672],"rotation":{"angle":45,"axis":"x","origin":[6.18956,13.31972,7.98922]},"faces":{"north":{"uv":[1,0,0.5,0.5],"texture":"#0"},"east":{"uv":[1.5,1,0,2.5],"texture":"#0"},"south":{"uv":[1,0,0.5,0.5],"rotation":180,"texture":"#0"},"west":{"uv":[1.5,1,0,2.5],"texture":"#0"},"up":{"uv":[1.5,1,0,2.5],"rotation":90,"texture":"#0"},"down":{"uv":[1.5,1,0,2.5],"rotation":90,"texture":"#0"}}},{"from":[5.75,11.61238,10.68985],"to":[5.875,11.96238,11.43985],"rotation":{"angle":-22.5,"axis":"x","origin":[6.18956,13.31972,7.98922]},"faces":{"north":{"uv":[0.25,0,0.125,0.35],"texture":"#missing"},"east":{"uv":[0,2.5,1.5,1],"rotation":90,"texture":"#0"},"south":{"uv":[0.25,0,0.125,0.35],"texture":"#missing"},"west":{"uv":[0,2.5,1.5,1],"rotation":90,"texture":"#0"},"up":{"uv":[0.5,0.5,1,0],"texture":"#0"},"down":{"uv":[0.5,0.5,1,0],"rotation":180,"texture":"#0"}}},{"from":[5.745,15.85432,10.53709],"to":[5.88,16.35432,10.88709],"rotation":{"angle":45,"axis":"x","origin":[6.18956,13.31972,7.98922]},"faces":{"north":{"uv":[1,0,0.5,0.5],"texture":"#0"},"east":{"uv":[1.5,1,0,2.5],"texture":"#0"},"south":{"uv":[1,0,0.5,0.5],"rotation":180,"texture":"#0"},"west":{"uv":[1.5,1,0,2.5],"texture":"#0"},"up":{"uv":[1.5,1,0,2.5],"rotation":90,"texture":"#0"},"down":{"uv":[1.5,1,0,2.5],"rotation":90,"texture":"#0"}}},{"from":[5.75,15.01435,11.4778],"to":[5.875,15.51435,11.8278],"rotation":{"angle":22.5,"axis":"x","origin":[6.18956,13.31972,7.98922]},"faces":{"north":{"uv":[1,0,0.5,0.5],"texture":"#0"},"east":{"uv":[1.5,1,0,2.5],"texture":"#0"},"south":{"uv":[1,0,0.5,0.5],"rotation":180,"texture":"#0"},"west":{"uv":[1.5,1,0,2.5],"texture":"#0"},"up":{"uv":[0.125,0.35,0.25,0],"rotation":180,"texture":"#missing"},"down":{"uv":[0.125,0.35,0.25,0],"texture":"#missing"}}},{"from":[5.75,15.48907,7.27026],"to":[5.875,15.83907,8.67026],"rotation":{"angle":-45,"axis":"x","origin":[6.18956,13.31972,7.98922]},"faces":{"north":{"uv":[0,0,0.125,0.35],"texture":"#missing"},"east":{"uv":[0,1,1.5,7],"rotation":90,"texture":"#0"},"south":{"uv":[0,0,0.125,0.35],"texture":"#missing"},"west":{"uv":[0,1,1.5,7],"rotation":90,"texture":"#0"},"up":{"uv":[0.5,0,1,0.5],"texture":"#0"},"down":{"uv":[0.5,0,1,0.5],"texture":"#0"}}},{"from":[5.745,15.71907,7.27026],"to":[5.88,16.33907,7.62026],"rotation":{"angle":-45,"axis":"x","origin":[6.18956,13.31972,7.98922]},"faces":{"north":{"uv":[0.5,0,1,0.5],"texture":"#0"},"east":{"uv":[0,1,1.5,2.5],"texture":"#0"},"south":{"uv":[0.5,0,1,0.5],"rotation":180,"texture":"#0"},"west":{"uv":[0,1,1.5,2.5],"texture":"#0"},"up":{"uv":[0,1,1.5,2.5],"rotation":90,"texture":"#0"},"down":{"uv":[0,1,1.5,2.5],"rotation":90,"texture":"#0"}}},{"from":[5.75,13.7843,4.55851],"to":[5.875,14.1343,5.05851],"rotation":{"angle":22.5,"axis":"x","origin":[6.18956,13.31972,7.98922]},"faces":{"north":{"uv":[0,0,0.125,0.35],"rotation":180,"texture":"#missing"},"east":{"uv":[0,1,1.5,2.5],"rotation":90,"texture":"#0"},"south":{"uv":[0,0,0.125,0.35],"rotation":180,"texture":"#missing"},"west":{"uv":[0,1,1.5,2.5],"rotation":90,"texture":"#0"},"up":{"uv":[0.5,0,1,0.5],"rotation":180,"texture":"#0"},"down":{"uv":[0.5,0,1,0.5],"texture":"#0"}}},{"from":[5.745,15.03517,4.63138],"to":[5.88,15.38517,5.13138],"rotation":{"angle":0,"axis":"x","origin":[6.18956,13.31972,7.98922]},"faces":{"north":{"uv":[0,1,1.5,2.5],"rotation":90,"texture":"#0"},"east":{"uv":[0,1,1.5,2.5],"rotation":90,"texture":"#0"},"south":{"uv":[0,1,1.5,2.5],"rotation":90,"texture":"#0"},"west":{"uv":[0,1,1.5,2.5],"rotation":90,"texture":"#0"},"up":{"uv":[0.5,0,1,0.5],"rotation":180,"texture":"#0"},"down":{"uv":[0.5,0,1,0.5],"texture":"#0"}}},{"from":[5.75,16.16294,5.1774],"to":[5.875,16.51294,5.6774],"rotation":{"angle":-22.5,"axis":"x","origin":[6.18956,13.31972,7.98922]},"faces":{"north":{"uv":[0.125,0,0.25,0.35],"rotation":180,"texture":"#missing"},"east":{"uv":[0,1,1.5,2.5],"rotation":90,"texture":"#0"},"south":{"uv":[0.125,0,0.25,0.35],"rotation":180,"texture":"#missing"},"west":{"uv":[0,1,1.5,2.5],"rotation":90,"texture":"#0"},"up":{"uv":[0.5,0,1,0.5],"rotation":180,"texture":"#0"},"down":{"uv":[0.5,0,1,0.5],"texture":"#0"}}},{"from":[5.745,16.9959,6.11343],"to":[5.88,17.3459,6.61343],"rotation":{"angle":-45,"axis":"x","origin":[6.18956,13.31972,7.98922]},"faces":{"north":{"uv":[0,1,1.5,2.5],"rotation":90,"texture":"#0"},"east":{"uv":[0,1,1.5,2.5],"rotation":90,"texture":"#0"},"south":{"uv":[0,1,1.5,2.5],"rotation":90,"texture":"#0"},"west":{"uv":[0,1,1.5,2.5],"rotation":90,"texture":"#0"},"up":{"uv":[0.5,0,1,0.5],"rotation":180,"texture":"#0"},"down":{"uv":[0.5,0,1,0.5],"texture":"#0"}}},{"from":[5.75,12.62747,3.55168],"to":[5.875,13.12747,3.90168],"rotation":{"angle":22.5,"axis":"x","origin":[6.18956,13.31972,7.98922]},"faces":{"north":{"uv":[0.5,0,1,0.5],"rotation":180,"texture":"#0"},"east":{"uv":[0,1,1.5,2.5],"texture":"#0"},"south":{"uv":[0.5,0,1,0.5],"texture":"#0"},"west":{"uv":[0,1,1.5,2.5],"texture":"#0"},"up":{"uv":[0.125,0,0.25,0.35],"rotation":180,"texture":"#missing"},"down":{"uv":[0.125,0,0.25,0.35],"texture":"#missing"}}},{"from":[5.745,13.87834,3.62455],"to":[5.88,14.37834,3.97455],"rotation":{"angle":0,"axis":"x","origin":[6.18956,13.31972,7.98922]},"faces":{"north":{"uv":[0.5,0,1,0.5],"rotation":180,"texture":"#0"},"east":{"uv":[0,1,1.5,2.5],"texture":"#0"},"south":{"uv":[0.5,0,1,0.5],"texture":"#0"},"west":{"uv":[0,1,1.5,2.5],"texture":"#0"},"up":{"uv":[0,1,1.5,2.5],"rotation":90,"texture":"#0"},"down":{"uv":[0,1,1.5,2.5],"rotation":90,"texture":"#0"}}},{"from":[5.75,15.0061,4.17056],"to":[5.875,15.5061,4.52056],"rotation":{"angle":-22.5,"axis":"x","origin":[6.18956,13.31972,7.98922]},"faces":{"north":{"uv":[0.5,0,1,0.5],"rotation":180,"texture":"#0"},"east":{"uv":[0,1,1.5,2.5],"texture":"#0"},"south":{"uv":[0.5,0,1,0.5],"texture":"#0"},"west":{"uv":[0,1,1.5,2.5],"texture":"#0"},"up":{"uv":[0.125,0,0.25,0.35],"rotation":180,"texture":"#missing"},"down":{"uv":[0.125,0,0.25,0.35],"texture":"#missing"}}},{"from":[5.745,15.83907,5.10659],"to":[5.88,16.33907,5.45659],"rotation":{"angle":-45,"axis":"x","origin":[6.18956,13.31972,7.98922]},"faces":{"north":{"uv":[0.5,0,1,0.5],"rotation":180,"texture":"#0"},"east":{"uv":[0,1,1.5,2.5],"texture":"#0"},"south":{"uv":[0.5,0,1,0.5],"texture":"#0"},"west":{"uv":[0,1,1.5,2.5],"texture":"#0"},"up":{"uv":[0,1,1.5,2.5],"rotation":90,"texture":"#0"},"down":{"uv":[0,1,1.5,2.5],"rotation":90,"texture":"#0"}}},{"from":[5.75,11.62063,4.55851],"to":[5.875,11.97063,5.30851],"rotation":{"angle":22.5,"axis":"x","origin":[6.18956,13.31972,7.98922]},"faces":{"north":{"uv":[0.125,0,0.25,0.35],"texture":"#missing"},"east":{"uv":[0,1,1.5,2.5],"rotation":90,"texture":"#0"},"south":{"uv":[0.125,0,0.25,0.35],"texture":"#missing"},"west":{"uv":[0,1,1.5,2.5],"rotation":90,"texture":"#0"},"up":{"uv":[0.5,0,1,0.5],"texture":"#0"},"down":{"uv":[0.5,0,1,0.5],"rotation":180,"texture":"#0"}}},{"from":[5.745,14.7801,5.36696],"to":[5.88,15.2801,5.71696],"rotation":{"angle":-45,"axis":"x","origin":[6.18956,13.31972,7.98922]},"faces":{"north":{"uv":[0.5,0,1,0.5],"rotation":180,"texture":"#0"},"east":{"uv":[0,1,1.5,2.5],"texture":"#0"},"south":{"uv":[0.5,0,1,0.5],"texture":"#0"},"west":{"uv":[0,1,1.5,2.5],"texture":"#0"},"up":{"uv":[0,1,1.5,2.5],"rotation":90,"texture":"#0"},"down":{"uv":[0,1,1.5,2.5],"rotation":90,"texture":"#0"}}},{"from":[5.75,13.29938,4.98106],"to":[5.875,13.79938,5.33106],"rotation":{"angle":-22.5,"axis":"x","origin":[6.18956,13.31972,7.98922]},"faces":{"north":{"uv":[0.5,0,1,0.5],"rotation":180,"texture":"#0"},"east":{"uv":[0,1,1.5,2.5],"texture":"#0"},"south":{"uv":[0,0.75,0.125,1.25],"texture":"#missing"},"west":{"uv":[0,1,1.5,2.5],"texture":"#0"},"up":{"uv":[0.125,0,0.25,0.35],"rotation":180,"texture":"#missing"},"down":{"uv":[0.125,0,0.25,0.35],"texture":"#missing"}}},{"from":[5.745,11.8837,5.19119],"to":[5.88,12.2837,5.54119],"rotation":{"angle":0,"axis":"x","origin":[6.18956,13.31972,7.98922]},"faces":{"north":{"uv":[0.5,0,1,0.5],"rotation":180,"texture":"#0"},"east":{"uv":[0,1,1.5,2.5],"texture":"#0"},"south":{"uv":[0.5,0,1,0.5],"rotation":180,"texture":"#0"},"west":{"uv":[0,1,1.5,2.5],"texture":"#0"},"up":{"uv":[0,1,1.5,2.5],"rotation":90,"texture":"#0"},"down":{"uv":[0,1,1.5,2.5],"rotation":90,"texture":"#0"}}},{"from":[5.75,10.65619,5.92708],"to":[5.875,11.05619,6.27708],"rotation":{"angle":22.5,"axis":"x","origin":[6.18956,13.31972,7.98922]},"faces":{"north":{"uv":[0.5,0,1,0.5],"rotation":180,"texture":"#0"},"east":{"uv":[0,1,1.5,2.5],"texture":"#0"},"south":{"uv":[0.5,0,1,0.5],"rotation":180,"texture":"#0"},"west":{"uv":[0,1,1.5,2.5],"texture":"#0"},"up":{"uv":[0.125,0,0.25,0.35],"rotation":180,"texture":"#missing"},"down":{"uv":[0.125,0,0.25,0.35],"texture":"#missing"}}},{"from":[5.745,9.90373,7.0767],"to":[5.88,10.20373,7.4267],"rotation":{"angle":45,"axis":"x","origin":[6.18956,13.31972,7.98922]},"faces":{"north":{"uv":[0.5,0,1,0.5],"rotation":180,"texture":"#0"},"east":{"uv":[0,1,1.5,2.5],"texture":"#0"},"south":{"uv":[0.5,0,1,0.5],"rotation":180,"texture":"#0"},"west":{"uv":[0,1,1.5,2.5],"texture":"#0"},"up":{"uv":[0,1,1.5,2.5],"rotation":90,"texture":"#0"},"down":{"uv":[0,1,1.5,2.5],"rotation":90,"texture":"#0"}}},{"from":[5.75,12.53218,4.31798],"to":[5.875,12.88218,4.61798],"rotation":{"angle":-22.5,"axis":"x","origin":[6.18956,13.31972,7.98922]},"faces":{"north":{"uv":[0.125,0,0.25,0.35],"rotation":180,"texture":"#missing"},"east":{"uv":[0,1,1.5,2.5],"rotation":90,"texture":"#0"},"south":{"uv":[0.125,0,0.25,0.35],"rotation":180,"texture":"#missing"},"west":{"uv":[0,1,1.5,2.5],"rotation":90,"texture":"#0"},"up":{"uv":[0.5,0,1,0.5],"rotation":180,"texture":"#0"},"down":{"uv":[0.5,0,1,0.5],"rotation":180,"texture":"#0"}}},{"from":[5.745,11.18721,4.59882],"to":[5.88,11.53721,4.89882],"rotation":{"angle":0,"axis":"x","origin":[6.18956,13.31972,7.98922]},"faces":{"north":{"uv":[0,1,1.5,2.5],"rotation":90,"texture":"#0"},"east":{"uv":[0,1,1.5,2.5],"rotation":90,"texture":"#0"},"south":{"uv":[0,1,1.5,2.5],"rotation":90,"texture":"#0"},"west":{"uv":[0,1,1.5,2.5],"rotation":90,"texture":"#0"},"up":{"uv":[0.5,0,1,0.5],"rotation":180,"texture":"#0"},"down":{"uv":[0.5,0,1,0.5],"rotation":180,"texture":"#0"}}},{"from":[5.75,10.05209,5.37298],"to":[5.875,10.40209,5.67298],"rotation":{"angle":22.5,"axis":"x","origin":[6.18956,13.31972,7.98922]},"faces":{"north":{"uv":[0.125,0,0.25,0.35],"rotation":180,"texture":"#missing"},"east":{"uv":[0,1,1.5,2.5],"rotation":90,"texture":"#0"},"south":{"uv":[0.125,0,0.25,0.35],"rotation":180,"texture":"#missing"},"west":{"uv":[0,1,1.5,2.5],"rotation":90,"texture":"#0"},"up":{"uv":[0.5,0,1,0.5],"rotation":180,"texture":"#0"},"down":{"uv":[0.5,0,1,0.5],"rotation":180,"texture":"#0"}}},{"from":[5.745,9.29963,6.5226],"to":[5.88,9.64963,6.8226],"rotation":{"angle":45,"axis":"x","origin":[6.18956,13.31972,7.98922]},"faces":{"north":{"uv":[0,1,1.5,2.5],"rotation":90,"texture":"#0"},"east":{"uv":[0,1,1.5,2.5],"rotation":90,"texture":"#0"},"south":{"uv":[0,1,1.5,2.5],"rotation":90,"texture":"#0"},"west":{"uv":[0,1,1.5,2.5],"rotation":90,"texture":"#0"},"up":{"uv":[0.5,0,1,0.5],"rotation":180,"texture":"#0"},"down":{"uv":[0.5,0,1,0.5],"rotation":180,"texture":"#0"}}},{"from":[5.75,13.13628,3.71388],"to":[5.875,13.43628,4.06388],"rotation":{"angle":-22.5,"axis":"x","origin":[6.18956,13.31972,7.98922]},"faces":{"north":{"uv":[0.5,0,1,0.5],"rotation":180,"texture":"#0"},"east":{"uv":[0,1,1.5,2.5],"texture":"#0"},"south":{"uv":[0.5,0,1,0.5],"rotation":180,"texture":"#0"},"west":{"uv":[0,1,1.5,2.5],"texture":"#0"},"up":{"uv":[0.125,0,0.25,0.35],"texture":"#missing"},"down":{"uv":[0.125,0,0.25,0.35],"rotation":180,"texture":"#missing"}}},{"from":[5.745,11.79131,3.99472],"to":[5.88,12.09131,4.34472],"rotation":{"angle":0,"axis":"x","origin":[6.18956,13.31972,7.98922]},"faces":{"north":{"uv":[0.5,0,1,0.5],"rotation":180,"texture":"#0"},"east":{"uv":[0,1,1.5,2.5],"texture":"#0"},"south":{"uv":[0.5,0,1,0.5],"rotation":180,"texture":"#0"},"west":{"uv":[0,1,1.5,2.5],"texture":"#0"},"up":{"uv":[0,1,1.5,2.5],"rotation":90,"texture":"#0"},"down":{"uv":[0,1,1.5,2.5],"rotation":90,"texture":"#0"}}},{"from":[5.75,10.525,7.54564],"to":[5.875,10.875,8.94564],"rotation":{"angle":45,"axis":"x","origin":[6.18956,13.31972,7.98922]},"faces":{"north":{"uv":[0,0.35,0.125,0.7],"texture":"#missing"},"east":{"uv":[0,1,1.5,7],"rotation":90,"texture":"#0"},"south":{"uv":[0,0.35,0.125,0.7],"texture":"#missing"},"west":{"uv":[0,1,1.5,7],"rotation":90,"texture":"#0"},"up":{"uv":[0.5,0,1,0.5],"texture":"#0"},"down":{"uv":[0.5,0,1,0.5],"texture":"#0"}}},{"from":[5.755,12.66004,5.23748],"to":[5.879,13.98504,5.58748],"rotation":{"angle":-22.5,"axis":"x","origin":[6.18956,13.31972,7.98922]},"faces":{"north":{"uv":[0.5,0,1,0.5],"texture":"#0"},"east":{"uv":[0,1,1.5,7],"texture":"#0"},"south":{"uv":[0.5,0,1,0.5],"texture":"#0"},"west":{"uv":[0,1,1.5,7],"texture":"#0"},"up":{"uv":[0,0.35,0.125,0.7],"rotation":180,"texture":"#missing"},"down":{"uv":[0,0.35,0.125,0.7],"texture":"#missing"}}},{"from":[5.755,12.2946,5.38651],"to":[5.879,13.6196,5.73651],"rotation":{"angle":22.5,"axis":"x","origin":[6.18956,13.31972,7.98922]},"faces":{"north":{"uv":[0.5,0,1,0.5],"texture":"#0"},"east":{"uv":[0,1,1.5,7],"texture":"#0"},"south":{"uv":[0.5,0,1,0.5],"texture":"#0"},"west":{"uv":[0,1,1.5,7],"texture":"#0"},"up":{"uv":[0,0,0.125,0.35],"texture":"#missing"},"down":{"uv":[0,0,0.125,0.35],"rotation":180,"texture":"#missing"}}},{"from":[5.75,12.87865,5.19233],"to":[5.885,13.36865,5.51733],"rotation":{"angle":0,"axis":"x","origin":[6.18956,13.31972,7.98922]},"faces":{"north":{"uv":[0.5,0,1,0.5],"texture":"#0"},"east":{"uv":[0,1,1.25,3],"rotation":180,"texture":"#0"},"south":{"uv":[0.5,0,1,0.5],"texture":"#0"},"west":{"uv":[0,1,1.25,3],"texture":"#0"},"up":{"uv":[0,1,1.25,3],"rotation":270,"texture":"#0"},"down":{"uv":[0,1,1.25,3],"rotation":90,"texture":"#0"}}},{"from":[5.65,13.98551,8.67026],"to":[6,15.98551,10.67026],"rotation":{"angle":-45,"axis":"x","origin":[6.18956,13.31972,7.98922]},"faces":{"north":{"uv":[0.5,0,1,0.5],"texture":"#0"},"east":{"uv":[0,0,8,8],"rotation":90,"texture":"#0"},"south":{"uv":[0.5,0,1,0.5],"texture":"#0"},"west":{"uv":[0,0,8,8],"texture":"#0"},"up":{"uv":[0.5,0,1,0.5],"texture":"#0"},"down":{"uv":[0.5,0,1,0.5],"texture":"#0"}}},{"from":[5.825,15.34921,10.03395],"to":[6.175,17.09921,11.78395],"rotation":{"angle":-45,"axis":"x","origin":[6.18956,13.31972,7.98922]},"faces":{"north":{"uv":[0.5,0,1,0.5],"texture":"#0"},"east":{"uv":[0,0,8,8],"rotation":90,"texture":"#0"},"south":{"uv":[0.5,0,1,0.5],"texture":"#0"},"west":{"uv":[0,0,8,8],"texture":"#0"},"up":{"uv":[0.5,0,1,0.5],"texture":"#0"},"down":{"uv":[0.5,0,1,0.5],"texture":"#0"}}},{"from":[6,16.64219,11.32694],"to":[6.35,18.14219,12.82694],"rotation":{"angle":-45,"axis":"x","origin":[6.18956,13.31972,7.98922]},"faces":{"north":{"uv":[8,0,16,0.5],"rotation":270,"texture":"#0"},"east":{"uv":[8,0,16,8],"rotation":270,"texture":"#0"},"south":{"uv":[0,8,0.5,16],"texture":"#0"},"west":{"uv":[8,0,16,8],"texture":"#0"},"up":{"uv":[0,8,0.5,16],"rotation":180,"texture":"#0"},"down":{"uv":[8,0,16,0.5],"rotation":270,"texture":"#0"}}},{"from":[6.275,17.49072,12.17546],"to":[6.625,18.74072,13.42546],"rotation":{"angle":-45,"axis":"x","origin":[6.18956,13.31972,7.98922]},"faces":{"north":{"uv":[0,8,0.5,16],"texture":"#0"},"east":{"uv":[0,8,8,16],"rotation":270,"texture":"#0"},"south":{"uv":[0,8,8,8.5],"rotation":270,"texture":"#0"},"west":{"uv":[0,8,8,16],"texture":"#0"},"up":{"uv":[0,8,8,8.5],"rotation":90,"texture":"#0"},"down":{"uv":[0,8,0.5,16],"texture":"#0"}}},{"from":[6.525,18.3746,13.05935],"to":[6.875,19.3746,14.05935],"rotation":{"angle":-45,"axis":"x","origin":[6.18956,13.31972,7.98922]},"faces":{"north":{"uv":[0,8,8,8.5],"rotation":270,"texture":"#0"},"east":{"uv":[8,8,16,16],"texture":"#0"},"south":{"uv":[8.5,8,9,8.5],"texture":"#0"},"west":{"uv":[8,8,16,16],"texture":"#0"},"up":{"uv":[8.5,8,9,8.5],"texture":"#0"},"down":{"uv":[0,8,8,8.5],"rotation":270,"texture":"#0"}}},{"from":[3.6387,20.32748,8],"to":[3.9887,21.07748,8],"rotation":{"angle":-22.5,"axis":"z","origin":[6.18956,13.31972,7.98922]},"faces":{"north":{"uv":[8.5,8,9,8.5],"texture":"#0"},"east":{"uv":[0,0,0.75,0],"rotation":90,"texture":"#missing"},"south":{"uv":[8.5,8,9,8.5],"texture":"#0"},"west":{"uv":[0,0,0.75,0],"rotation":270,"texture":"#missing"},"up":{"uv":[0,0,0.35,0],"texture":"#missing"},"down":{"uv":[0,0,0.35,0],"rotation":180,"texture":"#missing"}}},{"from":[3.73302,19.44651,8],"to":[4.08302,20.19651,8],"rotation":{"angle":-22.5,"axis":"z","origin":[6.18956,13.31972,7.98922]},"faces":{"north":{"uv":[0,8,0.5,16],"texture":"#0"},"east":{"uv":[0,0,0.75,0],"rotation":90,"texture":"#missing"},"south":{"uv":[0,8,0.5,16],"texture":"#0"},"west":{"uv":[0,0,0.75,0],"rotation":270,"texture":"#missing"},"up":{"uv":[0,0,0.35,0],"texture":"#missing"},"down":{"uv":[0,0,0.35,0],"rotation":180,"texture":"#missing"}}},{"from":[3.9804,18.19599,8],"to":[4.3304,18.94599,8],"rotation":{"angle":-22.5,"axis":"z","origin":[6.18956,13.31972,7.98922]},"faces":{"north":{"uv":[8,0,16,0.5],"rotation":270,"texture":"#0"},"east":{"uv":[0,0,0.75,0],"rotation":90,"texture":"#missing"},"south":{"uv":[8,0,16,0.5],"rotation":270,"texture":"#0"},"west":{"uv":[0,0,0.75,0],"rotation":270,"texture":"#missing"},"up":{"uv":[0,0,0.35,0],"texture":"#missing"},"down":{"uv":[0,0,0.35,0],"rotation":180,"texture":"#missing"}}},{"from":[4.18555,17.2321,8],"to":[4.53555,17.7321,8],"rotation":{"angle":-22.5,"axis":"z","origin":[6.18956,13.31972,7.98922]},"faces":{"north":{"uv":[8,0,8.5,8],"texture":"#0"},"east":{"uv":[0,0,0.5,0],"rotation":90,"texture":"#missing"},"south":{"uv":[8,0,8.5,8],"texture":"#0"},"west":{"uv":[0,0,0.5,0],"rotation":270,"texture":"#missing"},"up":{"uv":[0,0,0.35,0],"texture":"#missing"},"down":{"uv":[0,0,0.35,0],"rotation":180,"texture":"#missing"}}},{"from":[4.72363,15.47576,8],"to":[5.07363,15.97576,8],"rotation":{"angle":-22.5,"axis":"z","origin":[6.18956,13.31972,7.98922]},"faces":{"north":{"uv":[0.5,0,1,0.5],"texture":"#0"},"east":{"uv":[0,0,0.5,0],"rotation":90,"texture":"#missing"},"south":{"uv":[0.5,0,1,0.5],"texture":"#0"},"west":{"uv":[0,0,0.5,0],"rotation":270,"texture":"#missing"},"up":{"uv":[0,0,0.35,0],"texture":"#missing"},"down":{"uv":[0,0,0.35,0],"rotation":180,"texture":"#missing"}}},{"from":[6.775,18.97564,13.66039],"to":[7.125,19.97564,14.66039],"rotation":{"angle":-45,"axis":"x","origin":[6.18956,13.31972,7.98922]},"faces":{"north":{"uv":[8.5,8,9,8.5],"texture":"#0"},"east":{"uv":[8.5,8,9,8.5],"texture":"#0"},"south":{"uv":[8.5,8,9,8.5],"texture":"#0"},"west":{"uv":[8,8,16,16],"texture":"#0"},"up":{"uv":[8.5,8,9,8.5],"texture":"#0"},"down":{"uv":[8.5,8,9,8.5],"texture":"#0"}}},{"from":[7,19.54133,14.22607],"to":[7.35,20.54133,15.22607],"rotation":{"angle":-45,"axis":"x","origin":[6.18956,13.31972,7.98922]},"faces":{"north":{"uv":[8.5,8,9,8.5],"texture":"#0"},"east":{"uv":[8.5,8,9,8.5],"texture":"#0"},"south":{"uv":[8.5,8,9,8.5],"texture":"#0"},"west":{"uv":[8,8,16,16],"texture":"#0"},"up":{"uv":[8.5,8,9,8.5],"texture":"#0"},"down":{"uv":[8.5,8,9,8.5],"texture":"#0"}}},{"from":[3.55073,20.79051,7.7],"to":[3.92573,24.56551,8.275],"rotation":{"angle":-22.5,"axis":"z","origin":[6.18956,13.31972,7.98922]},"faces":{"north":{"uv":[8.5,8,9,8.5],"texture":"#0"},"east":{"uv":[8.5,8,9,8.5],"texture":"#0"},"south":{"uv":[8.5,8,9,8.5],"texture":"#0"},"west":{"uv":[8.5,8,9,8.5],"texture":"#0"},"up":{"uv":[8.5,8,9,8.5],"texture":"#0"},"down":{"uv":[8.5,8,9,8.5],"texture":"#0"}}},{"from":[-0.74986,22.44409,7.75],"to":[-0.22486,22.59409,8.225],"rotation":{"angle":-45,"axis":"z","origin":[6.18956,13.31972,7.98922]},"faces":{"north":{"uv":[8.5,8,9,8.5],"texture":"#0"},"east":{"uv":[0,0.15,0.475,0.3],"rotation":180,"texture":"#missing"},"south":{"uv":[8.5,8,9,8.5],"texture":"#0"},"west":{"uv":[0,0.15,0.475,0.3],"rotation":180,"texture":"#missing"},"up":{"uv":[0,0.475,0.525,0.95],"rotation":180,"texture":"#missing"},"down":{"uv":[8.5,8,9,8.5],"texture":"#0"}}},{"from":[3.02573,24.39051,7.725],"to":[3.60073,24.56551,8.25],"rotation":{"angle":-22.5,"axis":"z","origin":[6.18956,13.31972,7.98922]},"faces":{"north":{"uv":[8.5,8,9,8.5],"texture":"#0"},"east":{"uv":[0,0.175,0.525,0.35],"rotation":180,"texture":"#missing"},"south":{"uv":[8.5,8,9,8.5],"texture":"#0"},"west":{"uv":[8.5,8,9,8.5],"texture":"#0"},"up":{"uv":[8.5,8,9,8.5],"texture":"#0"},"down":{"uv":[8.5,8,9,8.5],"texture":"#0"}}},{"from":[7.49514,24.52022,7.75],"to":[7.57014,24.92022,8.225],"rotation":{"angle":0,"axis":"y","origin":[6.18956,13.31972,7.98922]},"faces":{"north":{"uv":[8.5,8,9,8.5],"texture":"#0"},"east":{"uv":[8.5,8,9,8.5],"texture":"#0"},"south":{"uv":[8.5,8,9,8.5],"texture":"#0"},"west":{"uv":[8.5,8,9,8.5],"texture":"#0"},"up":{"uv":[8.5,8,9,8.5],"texture":"#0"},"down":{"uv":[8.5,8,9,8.5],"texture":"#0"}}},{"from":[5.675,10.36087,8.96331],"to":[6.025,12.36087,10.96331],"rotation":{"angle":45,"axis":"x","origin":[6.18956,13.31972,7.98922]},"faces":{"north":{"uv":[0.5,0.5,1,0],"texture":"#0"},"east":{"uv":[8,0,0,8],"rotation":90,"texture":"#0"},"south":{"uv":[0.5,0.5,1,0],"texture":"#0"},"west":{"uv":[0,8,8,0],"texture":"#0"},"up":{"uv":[0.5,0.5,1,0],"texture":"#0"},"down":{"uv":[0.5,0.5,1,0],"texture":"#0"}}},{"from":[5.85,9.24718,10.32701],"to":[6.2,10.99718,12.07701],"rotation":{"angle":45,"axis":"x","origin":[6.18956,13.31972,7.98922]},"faces":{"north":{"uv":[0.5,0.5,1,0],"texture":"#0"},"east":{"uv":[8,0,0,8],"rotation":90,"texture":"#0"},"south":{"uv":[0.5,0.5,1,0],"texture":"#0"},"west":{"uv":[0,8,8,0],"texture":"#0"},"up":{"uv":[0.5,0.5,1,0],"texture":"#0"},"down":{"uv":[0.5,0.5,1,0],"texture":"#0"}}},{"from":[6.025,8.2042,11.61999],"to":[6.375,9.7042,13.11999],"rotation":{"angle":45,"axis":"x","origin":[6.18956,13.31972,7.98922]},"faces":{"north":{"uv":[16,0,8,0.5],"rotation":270,"texture":"#0"},"east":{"uv":[16,0,8,8],"rotation":270,"texture":"#0"},"south":{"uv":[0,16,0.5,8],"texture":"#0"},"west":{"uv":[8,8,16,0],"texture":"#0"},"up":{"uv":[16,0,8,0.5],"rotation":270,"texture":"#0"},"down":{"uv":[0,16,0.5,8],"rotation":180,"texture":"#0"}}},{"from":[6.3,7.60567,12.46852],"to":[6.65,8.85567,13.71852],"rotation":{"angle":45,"axis":"x","origin":[6.18956,13.31972,7.98922]},"faces":{"north":{"uv":[0,16,0.5,8],"texture":"#0"},"east":{"uv":[8,8,0,16],"rotation":270,"texture":"#0"},"south":{"uv":[8,8,0,8.5],"rotation":270,"texture":"#0"},"west":{"uv":[0,16,8,8],"texture":"#0"},"up":{"uv":[0,16,0.5,8],"texture":"#0"},"down":{"uv":[8,8,0,8.5],"rotation":90,"texture":"#0"}}},{"from":[6.55,6.97179,13.3524],"to":[6.9,7.97179,14.3524],"rotation":{"angle":45,"axis":"x","origin":[6.18956,13.31972,7.98922]},"faces":{"north":{"uv":[8,8,0,8.5],"rotation":270,"texture":"#0"},"east":{"uv":[8,16,16,8],"texture":"#0"},"south":{"uv":[8.5,8.5,9,8],"texture":"#0"},"west":{"uv":[8,16,16,8],"texture":"#0"},"up":{"uv":[8,8,0,8.5],"rotation":270,"texture":"#0"},"down":{"uv":[8.5,8.5,9,8],"texture":"#0"}}},{"from":[3.5032,5.1695,8],"to":[3.8532,5.9195,8],"rotation":{"angle":22.5,"axis":"z","origin":[6.18956,13.31972,7.98922]},"faces":{"north":{"uv":[8.5,8.5,9,8],"texture":"#0"},"east":{"uv":[0.75,0,0,0],"rotation":90,"texture":"#missing"},"south":{"uv":[8.5,8.5,9,8],"texture":"#0"},"west":{"uv":[0.75,0,0,0],"rotation":270,"texture":"#missing"},"up":{"uv":[0,0,0.35,0],"rotation":180,"texture":"#missing"},"down":{"uv":[0,0,0.35,0],"texture":"#missing"}}},{"from":[3.59751,6.05047,8],"to":[3.94751,6.80047,8],"rotation":{"angle":22.5,"axis":"z","origin":[6.18956,13.31972,7.98922]},"faces":{"north":{"uv":[0,16,0.5,8],"texture":"#0"},"east":{"uv":[0.75,0,0,0],"rotation":90,"texture":"#missing"},"south":{"uv":[0,16,0.5,8],"texture":"#0"},"west":{"uv":[0.75,0,0,0],"rotation":270,"texture":"#missing"},"up":{"uv":[0,0,0.35,0],"rotation":180,"texture":"#missing"},"down":{"uv":[0,0,0.35,0],"texture":"#missing"}}},{"from":[3.8449,7.30099,8],"to":[4.1949,8.05099,8],"rotation":{"angle":22.5,"axis":"z","origin":[6.18956,13.31972,7.98922]},"faces":{"north":{"uv":[16,0,8,0.5],"rotation":270,"texture":"#0"},"east":{"uv":[0.75,0,0,0],"rotation":90,"texture":"#missing"},"south":{"uv":[16,0,8,0.5],"rotation":270,"texture":"#0"},"west":{"uv":[0.75,0,0,0],"rotation":270,"texture":"#missing"},"up":{"uv":[0,0,0.35,0],"rotation":180,"texture":"#missing"},"down":{"uv":[0,0,0.35,0],"texture":"#missing"}}},{"from":[4.05005,8.51488,8],"to":[4.40005,9.01488,8],"rotation":{"angle":22.5,"axis":"z","origin":[6.18956,13.31972,7.98922]},"faces":{"north":{"uv":[8,8,8.5,0],"texture":"#0"},"east":{"uv":[0.5,0,0,0],"rotation":90,"texture":"#missing"},"south":{"uv":[8,8,8.5,0],"texture":"#0"},"west":{"uv":[0.5,0,0,0],"rotation":270,"texture":"#missing"},"up":{"uv":[0,0,0.35,0],"rotation":180,"texture":"#missing"},"down":{"uv":[0,0,0.35,0],"texture":"#missing"}}},{"from":[4.58813,10.27122,8],"to":[4.93813,10.77122,8],"rotation":{"angle":22.5,"axis":"z","origin":[6.18956,13.31972,7.98922]},"faces":{"north":{"uv":[0.5,0.5,1,0],"texture":"#0"},"east":{"uv":[0.5,0,0,0],"rotation":90,"texture":"#missing"},"south":{"uv":[0.5,0.5,1,0],"texture":"#0"},"west":{"uv":[0.5,0,0,0],"rotation":270,"texture":"#missing"},"up":{"uv":[0,0,0.35,0],"rotation":180,"texture":"#missing"},"down":{"uv":[0,0,0.35,0],"texture":"#missing"}}},{"from":[6.8,6.37074,13.95344],"to":[7.15,7.37074,14.95344],"rotation":{"angle":45,"axis":"x","origin":[6.18956,13.31972,7.98922]},"faces":{"north":{"uv":[8.5,8.5,9,8],"texture":"#0"},"east":{"uv":[8.5,8.5,9,8],"texture":"#0"},"south":{"uv":[8.5,8.5,9,8],"texture":"#0"},"west":{"uv":[8,16,16,8],"texture":"#0"},"up":{"uv":[8.5,8.5,9,8],"texture":"#0"},"down":{"uv":[8.5,8.5,9,8],"texture":"#0"}}},{"from":[7.025,5.80506,14.51913],"to":[7.375,6.80506,15.51913],"rotation":{"angle":45,"axis":"x","origin":[6.18956,13.31972,7.98922]},"faces":{"north":{"uv":[8.5,8.5,9,8],"texture":"#0"},"east":{"uv":[8.5,8.5,9,8],"texture":"#0"},"south":{"uv":[8.5,8.5,9,8],"texture":"#0"},"west":{"uv":[8,16,16,8],"texture":"#0"},"up":{"uv":[8.5,8.5,9,8],"texture":"#0"},"down":{"uv":[8.5,8.5,9,8],"texture":"#0"}}},{"from":[3.41523,1.68147,7.7],"to":[3.79023,5.45647,8.275],"rotation":{"angle":22.5,"axis":"z","origin":[6.18956,13.31972,7.98922]},"faces":{"north":{"uv":[8.5,8.5,9,8],"texture":"#0"},"east":{"uv":[8.5,8.5,9,8],"texture":"#0"},"south":{"uv":[8.5,8.5,9,8],"texture":"#0"},"west":{"uv":[8.5,8.5,9,8],"texture":"#0"},"up":{"uv":[8.5,8.5,9,8],"texture":"#0"},"down":{"uv":[8.5,8.5,9,8],"texture":"#0"}}},{"from":[-1.02523,3.73462,7.75],"to":[-0.50023,3.88462,8.225],"rotation":{"angle":45,"axis":"z","origin":[6.18956,13.31972,7.98922]},"faces":{"north":{"uv":[8.5,8.5,9,8],"texture":"#0"},"east":{"uv":[0,0.3,0.475,0.15],"rotation":180,"texture":"#missing"},"south":{"uv":[8.5,8.5,9,8],"texture":"#0"},"west":{"uv":[0,0.3,0.475,0.15],"rotation":180,"texture":"#missing"},"up":{"uv":[8.5,8.5,9,8],"texture":"#0"},"down":{"uv":[0,0.95,0.525,0.475],"rotation":180,"texture":"#missing"}}},{"from":[2.89023,1.68147,7.725],"to":[3.46523,1.85647,8.25],"rotation":{"angle":22.5,"axis":"z","origin":[6.18956,13.31972,7.98922]},"faces":{"north":{"uv":[8.5,8.5,9,8],"texture":"#0"},"east":{"uv":[0,0.35,0.525,0.175],"rotation":180,"texture":"#missing"},"south":{"uv":[8.5,8.5,9,8],"texture":"#0"},"west":{"uv":[8.5,8.5,9,8],"texture":"#0"},"up":{"uv":[8.5,8.5,9,8],"texture":"#0"},"down":{"uv":[8.5,8.5,9,8],"texture":"#0"}}},{"from":[7.52014,1.30478,7.75],"to":[7.59514,1.70478,8.225],"rotation":{"angle":0,"axis":"y","origin":[6.18956,13.31972,7.98922]},"faces":{"north":{"uv":[8.5,8.5,9,8],"texture":"#0"},"east":{"uv":[8.5,8.5,9,8],"texture":"#0"},"south":{"uv":[8.5,8.5,9,8],"texture":"#0"},"west":{"uv":[8.5,8.5,9,8],"texture":"#0"},"up":{"uv":[8.5,8.5,9,8],"texture":"#0"},"down":{"uv":[8.5,8.5,9,8],"texture":"#0"}}}],"display":{"thirdperson_righthand":{"rotation":[0,-90,0],"translation":[0,-12.5,3.5],"scale":[1.5,2,1.5]},"thirdperson_lefthand":{"rotation":[0,90,0],"translation":[0,-12.5,3.5],"scale":[1.5,2,1.5]},"firstperson_righthand":{"rotation":[0,-90,80],"translation":[4,3,10],"scale":[2,2,1.5]},"firstperson_lefthand":{"rotation":[0,90,-80],"translation":[4,3,10],"scale":[2,2,1.5]},"ground":{"rotation":[0,0,50],"translation":[10,5,0],"scale":[2,2,1.5]},"gui":{"rotation":[135,-145,115],"translation":[-3.5,-3,0],"scale":[0.9,0.9,0.675]},"head":{"rotation":[90,53,-90],"translation":[-5.5,-23.5,0],"scale":[2,2,1.5]},"fixed":{"rotation":[90,-90,90],"translation":[0,-15.25,0],"scale":[3,3,2.25]}},"groups":[{"name":"handle","origin":[13,27.25,8.25],"children":[0,1,2,3,4,{"name":"side","origin":[6.08027,15.32202,9.41099],"children":[5,6,7,8,9,10,11,12,13,14,15,16,17,18,19,20,21,22,23,24,25,26,27,28,29,30]},{"name":"side","origin":[6.08027,15.32202,6.58901],"children":[31,32,33,34,35,36,37,38,39,40,41,42,43,44,45,46,47,48,49,50,51,52,53,54,55,56]}]},{"name":"leafTop","origin":[6.49052,13.12959,7.99866],"children":[57,58,59,60,61,62,63,64,65,66,67,68,69,70,71,72]},{"name":"leafBot","origin":[6.49052,13.12959,7.99866],"children":[73,74,75,76,77,78,79,80,81,82,83,84,85,86,87,88]}]}