{"credit":"Made with Blockbench","texture_size":[64,64],"textures":{"1":"mineinabyss:tools/iron_tools","3":"mineinabyss:block/bonfire/meat","5":"mineinabyss:block/bonfire/sticks","6":"mineinabyss:equipment/backpack/yellow_backpack","particle":"mineinabyss:tools/iron_tools"},"elements":[{"from":[1.25,5.25,12.75],"to":[3.25,27.25,14.75],"rotation":{"angle":0,"axis":"y","origin":[8,19.41667,8]},"faces":{"north":{"uv":[0,0,0.5,5.5],"texture":"#5"},"east":{"uv":[0.5,0,1,5.5],"texture":"#5"},"south":{"uv":[1,0,1.5,5.5],"texture":"#5"},"west":{"uv":[1.5,0,2,5.5],"texture":"#5"},"up":{"uv":[4.5,1.5,4,1],"texture":"#5"},"down":{"uv":[4.5,1.5,4,2],"texture":"#5"}}},{"from":[12.75,5.25,1.25],"to":[14.75,27.25,3.25],"rotation":{"angle":0,"axis":"y","origin":[8,19.41667,8]},"faces":{"north":{"uv":[2,0,2.5,5.5],"texture":"#5"},"east":{"uv":[2.5,0,3,5.5],"texture":"#5"},"south":{"uv":[3,0,3.5,5.5],"texture":"#5"},"west":{"uv":[3.5,0,4,5.5],"texture":"#5"},"up":{"uv":[4.5,2.5,4,2],"texture":"#5"},"down":{"uv":[4.5,2.5,4,3],"texture":"#5"}}},{"from":[-0.5,25.25,7.5],"to":[16.5,26.25,8.5],"rotation":{"angle":45,"axis":"y","origin":[8,19.41667,8]},"faces":{"north":{"uv":[4,0,8.25,0.25],"texture":"#5"},"east":{"uv":[4,3,4.25,3.25],"texture":"#5"},"south":{"uv":[4,0.25,8.25,0.5],"texture":"#5"},"west":{"uv":[4,3.25,4.25,3.5],"texture":"#5"},"up":{"uv":[8.25,0.75,4,0.5],"texture":"#5"},"down":{"uv":[8.25,0.75,4,1],"texture":"#5"}}},{"from":[5,22.5,8],"to":[6,26.5,10.75],"rotation":{"angle":45,"axis":"y","origin":[6.5,25,10.625]},"faces":{"north":{"uv":[7,2.5,7.5,4.5],"texture":"#3"},"east":{"uv":[0,0,1.5,2],"texture":"#3"},"south":{"uv":[2.5,7.5,3,9.5],"texture":"#3"},"west":{"uv":[1.5,0,3,2],"texture":"#3"},"up":{"uv":[5,4,4.5,2.5],"texture":"#3"},"down":{"uv":[8.5,6,8,7.5],"texture":"#3"}}},{"from":[6,23,8.75],"to":[6.25,26.25,10.5],"rotation":{"angle":45,"axis":"y","origin":[6.5,25,10.625]},"faces":{"north":{"uv":[6.5,8,7,9.5],"texture":"#3"},"east":{"uv":[6,1.5,7,3],"texture":"#3"},"south":{"uv":[8,7.5,8.5,9],"texture":"#3"},"west":{"uv":[2,6,3,7.5],"texture":"#3"},"up":{"uv":[6,2.5,5.5,1.5],"texture":"#3"},"down":{"uv":[2,9,1.5,10],"texture":"#3"}}},{"from":[4.75,23,8.75],"to":[5,26.25,10.5],"rotation":{"angle":45,"axis":"y","origin":[6.5,25,10.625]},"faces":{"north":{"uv":[8.5,0,9,1.5],"texture":"#3"},"east":{"uv":[6,3,7,4.5],"texture":"#3"},"south":{"uv":[8.5,3,9,4.5],"texture":"#3"},"west":{"uv":[3,6.5,4,8],"texture":"#3"},"up":{"uv":[9.5,2.5,9,1.5],"texture":"#3"},"down":{"uv":[9.5,2.5,9,3.5],"texture":"#3"}}},{"from":[5.25,21.25,7.75],"to":[5.75,25.75,8.5],"rotation":{"angle":45,"axis":"y","origin":[6.5,25,10.625]},"faces":{"north":{"uv":[7,0,7.5,2.5],"texture":"#3"},"east":{"uv":[7,6,7.5,8.5],"texture":"#3"},"south":{"uv":[7.5,0,8,2.5],"texture":"#3"},"west":{"uv":[2,7.5,2.5,10],"texture":"#3"},"up":{"uv":[6.5,5,6,4.5],"texture":"#3"},"down":{"uv":[7,6,6.5,6.5],"texture":"#3"}}},{"from":[8,22.75,8.75],"to":[9,26.75,11.5],"rotation":{"angle":45,"axis":"y","origin":[6.5,25,10.625]},"faces":{"north":{"uv":[7.5,2.5,8,4.5],"texture":"#3"},"east":{"uv":[0,2,1.5,4],"texture":"#3"},"south":{"uv":[7.5,4.5,8,6.5],"texture":"#3"},"west":{"uv":[1.5,2,3,4],"texture":"#3"},"up":{"uv":[9,7.5,8.5,6],"texture":"#3"},"down":{"uv":[7.5,8.5,7,10],"texture":"#3"}}},{"from":[7.75,23.5,9],"to":[8,26.5,11],"rotation":{"angle":45,"axis":"y","origin":[6.5,25,10.625]},"faces":{"north":{"uv":[7.5,8.5,8,10],"texture":"#3"},"east":{"uv":[4,6.5,5,8],"texture":"#3"},"south":{"uv":[8.5,7.5,9,9],"texture":"#3"},"west":{"uv":[6.5,4.5,7.5,6],"texture":"#3"},"up":{"uv":[4,10,3.5,9],"texture":"#3"},"down":{"uv":[9.5,3.5,9,4.5],"texture":"#3"}}},{"from":[9,23.5,9],"to":[9.25,26.5,11],"rotation":{"angle":45,"axis":"y","origin":[6.5,25,10.625]},"faces":{"north":{"uv":[9,0,9.5,1.5],"texture":"#3"},"east":{"uv":[5,6.5,6,8],"texture":"#3"},"south":{"uv":[1,9,1.5,10.5],"texture":"#3"},"west":{"uv":[6,6.5,7,8],"texture":"#3"},"up":{"uv":[4.5,10,4,9],"texture":"#3"},"down":{"uv":[5,9,4.5,10],"texture":"#3"}}},{"from":[8.25,22,11],"to":[8.75,26,11.75],"rotation":{"angle":45,"axis":"y","origin":[6.5,25,10.625]},"faces":{"north":{"uv":[7.5,6.5,8,8.5],"texture":"#3"},"east":{"uv":[0,8,0.5,10],"texture":"#3"},"south":{"uv":[8,0,8.5,2],"texture":"#3"},"west":{"uv":[0.5,8,1,10],"texture":"#3"},"up":{"uv":[9,2,8.5,1.5],"texture":"#3"},"down":{"uv":[6.5,9,6,9.5],"texture":"#3"}}},{"from":[11,21.75,8.75],"to":[13.5,25.75,11.5],"rotation":{"angle":45,"axis":"y","origin":[6.5,25,10.625]},"faces":{"north":{"uv":[3,0,4.5,2],"texture":"#3"},"east":{"uv":[3,2,4.5,4],"texture":"#3"},"south":{"uv":[0,4,1.5,6],"texture":"#3"},"west":{"uv":[1.5,4,3,6],"texture":"#3"},"up":{"uv":[6.5,6.5,5,5],"texture":"#3"},"down":{"uv":[7,0,5.5,1.5],"texture":"#3"}}},{"from":[11.25,21,9],"to":[13.25,21.75,11.25],"rotation":{"angle":45,"axis":"y","origin":[6.5,25,10.625]},"faces":{"north":{"uv":[8.5,4.5,9.5,5],"texture":"#3"},"east":{"uv":[5,9,6,9.5],"texture":"#3"},"south":{"uv":[9,5,10,5.5],"texture":"#3"},"west":{"uv":[9,5.5,10,6],"texture":"#3"},"up":{"uv":[2,9,1,8],"texture":"#3"},"down":{"uv":[9,2,8,3],"texture":"#3"}}},{"from":[11.25,22.5,8.5],"to":[13.25,26.75,8.75],"rotation":{"angle":45,"axis":"y","origin":[6.5,25,10.625]},"faces":{"north":{"uv":[0,6,1,8],"texture":"#3"},"east":{"uv":[3,8,3.5,10],"texture":"#3"},"south":{"uv":[1,6,2,8],"texture":"#3"},"west":{"uv":[8,3,8.5,5],"texture":"#3"},"up":{"uv":[10,6.5,9,6],"texture":"#3"},"down":{"uv":[10,6.5,9,7],"texture":"#3"}}},{"from":[11.25,25.5,8.75],"to":[13.25,26.75,10.75],"rotation":{"angle":45,"axis":"y","origin":[6.5,25,10.625]},"faces":{"north":{"uv":[9,7,10,7.5],"texture":"#3"},"east":{"uv":[9,7.5,10,8],"texture":"#3"},"south":{"uv":[8,9,9,9.5],"texture":"#3"},"west":{"uv":[9,8,10,8.5],"texture":"#3"},"up":{"uv":[4.5,9,3.5,8],"texture":"#3"},"down":{"uv":[5.5,8,4.5,9],"texture":"#3"}}},{"from":[9.0507,23,4.08686],"to":[10.5507,27.75,5.58686],"rotation":{"angle":45,"axis":"y","origin":[10.3007,27.125,5.58686]},"faces":{"north":{"uv":[3,4,4,6.5],"texture":"#3"},"east":{"uv":[4,4,5,6.5],"texture":"#3"},"south":{"uv":[4.5,0,5.5,2.5],"texture":"#3"},"west":{"uv":[5,2.5,6,5],"texture":"#3"},"up":{"uv":[9,6,8,5],"texture":"#3"},"down":{"uv":[6.5,8,5.5,9],"texture":"#3"}}},{"from":[8.875,0.35,-2.775],"to":[18.95,11.075,-2.125],"rotation":{"angle":0,"axis":"y","origin":[13.68264,5.73785,-4.1396]},"faces":{"north":{"uv":[0,0,2.5,2.75],"texture":"#6"},"east":{"uv":[1.5,6.25,1.75,9],"texture":"#6"},"south":{"uv":[2.5,0,5,2.75],"texture":"#6"},"west":{"uv":[1.75,7.25,2,10],"texture":"#6"},"up":{"uv":[9.25,1.75,6.75,1.5],"texture":"#6"},"down":{"uv":[9.25,1.75,6.75,2],"texture":"#6"}}},{"from":[11.875,11.1308,-4.49253],"to":[12.7,13.0308,-3.59253],"rotation":{"angle":22.5,"axis":"x","origin":[13.68264,5.73785,-4.1396]},"faces":{"north":{"uv":[6.75,5,7,5.5],"texture":"#6"},"east":{"uv":[6,7.25,6.25,7.75],"texture":"#6"},"south":{"uv":[4.25,7.5,4.5,8],"texture":"#6"},"west":{"uv":[9.5,7,9.75,7.5],"texture":"#6"},"up":{"uv":[5,5.75,4.75,5.5],"texture":"#6"},"down":{"uv":[7.25,10.25,7,10.5],"texture":"#6"}}},{"from":[14.8,11.1308,-4.49253],"to":[15.625,13.0308,-3.59253],"rotation":{"angle":22.5,"axis":"x","origin":[13.68264,5.73785,-4.1396]},"faces":{"north":{"uv":[5.75,9.75,6,10.25],"texture":"#6"},"east":{"uv":[6.25,9.75,6.5,10.25],"texture":"#6"},"south":{"uv":[9.75,6.25,10,6.75],"texture":"#6"},"west":{"uv":[6.5,9.75,6.75,10.25],"texture":"#6"},"up":{"uv":[9.75,10.5,9.5,10.25],"texture":"#6"},"down":{"uv":[10.5,10.25,10.25,10.5],"texture":"#6"}}},{"from":[14.55108,12.32244,-1.575],"to":[16.87608,13.32244,-0.925],"rotation":{"angle":22.5,"axis":"z","origin":[13.68264,5.73785,-3.9396]},"faces":{"north":{"uv":[9.75,0.75,10.25,1],"texture":"#6"},"east":{"uv":[0,10.5,0.25,10.75],"texture":"#6"},"south":{"uv":[9.75,2.25,10.25,2.5],"texture":"#6"},"west":{"uv":[10.5,0,10.75,0.25],"texture":"#6"},"up":{"uv":[10.25,5.5,9.75,5.25],"texture":"#6"},"down":{"uv":[10.25,6.75,9.75,7],"texture":"#6"}}},{"from":[10.61366,12.374,-1.575],"to":[12.93866,13.374,-0.925],"rotation":{"angle":-22.5,"axis":"z","origin":[13.68264,5.73785,-3.9396]},"faces":{"north":{"uv":[9.75,7,10.25,7.25],"texture":"#6"},"east":{"uv":[0.25,10.5,0.5,10.75],"texture":"#6"},"south":{"uv":[9.75,7.25,10.25,7.5],"texture":"#6"},"west":{"uv":[10.5,0.25,10.75,0.5],"texture":"#6"},"up":{"uv":[10.25,9,9.75,8.75],"texture":"#6"},"down":{"uv":[10.25,9,9.75,9.25],"texture":"#6"}}},{"from":[10.375,6.73656,-1.04375],"to":[11.45,7.73656,-0.14375],"rotation":{"angle":0,"axis":"y","origin":[13.68264,5.73785,-4.1396]},"faces":{"north":{"uv":[0.5,10.5,0.75,10.75],"texture":"#6"},"east":{"uv":[10.5,0.5,10.75,0.75],"texture":"#6"},"south":{"uv":[0.75,10.5,1,10.75],"texture":"#6"},"west":{"uv":[10.5,1,10.75,1.25],"texture":"#6"},"up":{"uv":[10.75,1.5,10.5,1.25],"texture":"#6"},"down":{"uv":[1.75,10.5,1.5,10.75],"texture":"#6"}}},{"from":[16.05,6.73656,-1.04375],"to":[17.125,7.73656,-0.14375],"rotation":{"angle":0,"axis":"y","origin":[13.68264,5.73785,-4.1396]},"faces":{"north":{"uv":[10.5,1.5,10.75,1.75],"texture":"#6"},"east":{"uv":[1.75,10.5,2,10.75],"texture":"#6"},"south":{"uv":[10.5,1.75,10.75,2],"texture":"#6"},"west":{"uv":[2,10.5,2.25,10.75],"texture":"#6"},"up":{"uv":[10.75,2.25,10.5,2],"texture":"#6"},"down":{"uv":[2.5,10.5,2.25,10.75],"texture":"#6"}}},{"from":[15.8,3.52116,0.66112],"to":[17.375,5.52116,1.31112],"rotation":{"angle":45,"axis":"x","origin":[13.68264,5.73785,-4.1396]},"faces":{"north":{"uv":[0.5,9,1,9.5],"texture":"#6"},"east":{"uv":[1.5,10,1.75,10.5],"texture":"#6"},"south":{"uv":[4.25,9,4.75,9.5],"texture":"#6"},"west":{"uv":[10,1.5,10.25,2],"texture":"#6"},"up":{"uv":[10.5,2.25,10,2],"texture":"#6"},"down":{"uv":[10.5,2.5,10,2.75],"texture":"#6"}}},{"from":[15.8,1.73656,-1.04375],"to":[17.375,7.23656,-0.39375],"rotation":{"angle":0,"axis":"y","origin":[13.68264,5.73785,-4.1396]},"faces":{"north":{"uv":[5.75,5.75,6.25,7.25],"texture":"#6"},"east":{"uv":[2.75,8.75,3,10.25],"texture":"#6"},"south":{"uv":[0,6.25,0.5,7.75],"texture":"#6"},"west":{"uv":[3,8.75,3.25,10.25],"texture":"#6"},"up":{"uv":[10.5,3,10,2.75],"texture":"#6"},"down":{"uv":[10.5,4,10,4.25],"texture":"#6"}}},{"from":[15.55,5.68893,-0.82392],"to":[17.625,9.41393,-0.17392],"rotation":{"angle":-22.5,"axis":"x","origin":[13.68264,5.73785,-4.1396]},"faces":{"north":{"uv":[6.5,7.75,7,8.75],"texture":"#6"},"east":{"uv":[1.5,9,1.75,10],"texture":"#6"},"south":{"uv":[7.75,6.75,8.25,7.75],"texture":"#6"},"west":{"uv":[4.75,9,5,10],"texture":"#6"},"up":{"uv":[10.5,4.5,10,4.25],"texture":"#6"},"down":{"uv":[10.5,4.5,10,4.75],"texture":"#6"}}},{"from":[10.125,3.52116,0.66112],"to":[11.7,5.52116,1.31112],"rotation":{"angle":45,"axis":"x","origin":[13.68264,5.73785,-4.1396]},"faces":{"north":{"uv":[5,9,5.5,9.5],"texture":"#6"},"east":{"uv":[1.75,10,2,10.5],"texture":"#6"},"south":{"uv":[6.75,9,7.25,9.5],"texture":"#6"},"west":{"uv":[4,10,4.25,10.5],"texture":"#6"},"up":{"uv":[10.5,5,10,4.75],"texture":"#6"},"down":{"uv":[10.5,5,10,5.25],"texture":"#6"}}},{"from":[10.125,1.73656,-1.04375],"to":[11.7,7.23656,-0.39375],"rotation":{"angle":0,"axis":"y","origin":[13.68264,5.73785,-4.1396]},"faces":{"north":{"uv":[0.5,6.25,1,7.75],"texture":"#6"},"east":{"uv":[3.25,8.75,3.5,10.25],"texture":"#6"},"south":{"uv":[1,6.25,1.5,7.75],"texture":"#6"},"west":{"uv":[3.5,8.75,3.75,10.25],"texture":"#6"},"up":{"uv":[10.5,6.5,10,6.25],"texture":"#6"},"down":{"uv":[10.5,6.5,10,6.75],"texture":"#6"}}},{"from":[9.875,5.68893,-0.82392],"to":[11.95,9.41393,-0.17392],"rotation":{"angle":-22.5,"axis":"x","origin":[13.68264,5.73785,-4.1396]},"faces":{"north":{"uv":[7,7.75,7.5,8.75],"texture":"#6"},"east":{"uv":[5.5,9,5.75,10],"texture":"#6"},"south":{"uv":[7.5,7.75,8,8.75],"texture":"#6"},"west":{"uv":[7.25,9,7.5,10],"texture":"#6"},"up":{"uv":[10.5,7.75,10,7.5],"texture":"#6"},"down":{"uv":[10.5,7.75,10,8],"texture":"#6"}}},{"from":[8.875,0.35,-6.675],"to":[18.95,7.825,-6.025],"rotation":{"angle":0,"axis":"y","origin":[13.68264,5.73785,-4.1396]},"faces":{"north":{"uv":[0,2.75,2.5,4.5],"texture":"#6"},"east":{"uv":[5.75,8,6,9.75],"texture":"#6"},"south":{"uv":[2.5,2.75,5,4.5],"texture":"#6"},"west":{"uv":[4,8.25,4.25,10],"texture":"#6"},"up":{"uv":[9.75,2.25,7.25,2],"texture":"#6"},"down":{"uv":[9.75,2.25,7.25,2.5],"texture":"#6"}}},{"from":[9.525,-0.15,-6.025],"to":[18.625,0.675,-2.775],"rotation":{"angle":0,"axis":"y","origin":[13.68264,5.73785,-4.1396]},"faces":{"north":{"uv":[7.25,2.5,9.5,2.75],"texture":"#6"},"east":{"uv":[9.25,7.5,10,7.75],"texture":"#6"},"south":{"uv":[7.25,2.75,9.5,3],"texture":"#6"},"west":{"uv":[9.5,5.5,10.25,5.75],"texture":"#6"},"up":{"uv":[7.25,2.75,5,2],"texture":"#6"},"down":{"uv":[7.25,2.75,5,3.5],"texture":"#6"}}},{"from":[12.775,6.525,-7.325],"to":[14.725,8.075,-6.525],"rotation":{"angle":0,"axis":"y","origin":[13.68264,5.73785,-4.1396]},"faces":{"north":{"uv":[9,8.75,9.5,9.25],"texture":"#6"},"east":{"uv":[1.25,10.25,1.5,10.75],"texture":"#6"},"south":{"uv":[9.25,1.5,9.75,2],"texture":"#6"},"west":{"uv":[10.25,1.5,10.5,2],"texture":"#6"},"up":{"uv":[10.5,8.75,10,8.5],"texture":"#6"},"down":{"uv":[10.75,0.75,10.25,1],"texture":"#6"}}},{"from":[10.425,0.85,-9.275],"to":[17.4,4.575,-8.625],"rotation":{"angle":0,"axis":"y","origin":[13.68264,5.73785,-4.1396]},"faces":{"north":{"uv":[5,0,6.75,1],"texture":"#6"},"east":{"uv":[9.25,5.5,9.5,6.5],"texture":"#6"},"south":{"uv":[5,1,6.75,2],"texture":"#6"},"west":{"uv":[6,9.25,6.25,10.25],"texture":"#6"},"up":{"uv":[10.25,3.75,8.5,3.5],"texture":"#6"},"down":{"uv":[10.25,3.75,8.5,4],"texture":"#6"}}},{"from":[10.825,0.6,-8.625],"to":[17,1,-6.675],"rotation":{"angle":0,"axis":"y","origin":[13.68264,5.73785,-4.1396]},"faces":{"north":{"uv":[8.5,4,10,4.25],"texture":"#6"},"east":{"uv":[2.25,10.25,2.75,10.5],"texture":"#6"},"south":{"uv":[8.5,4.25,10,4.5],"texture":"#6"},"west":{"uv":[10.25,2.25,10.75,2.5],"texture":"#6"},"up":{"uv":[7.75,6.25,6.25,5.75],"texture":"#6"},"down":{"uv":[7.75,6.25,6.25,6.75],"texture":"#6"}}},{"from":[13.1,2.7,-9.925],"to":[14.725,4.25,-9.275],"rotation":{"angle":0,"axis":"y","origin":[13.68264,5.73785,-4.1396]},"faces":{"north":{"uv":[9.25,4.5,9.75,5],"texture":"#6"},"east":{"uv":[2.75,10.25,3,10.75],"texture":"#6"},"south":{"uv":[6.25,9.25,6.75,9.75],"texture":"#6"},"west":{"uv":[3,10.25,3.25,10.75],"texture":"#6"},"up":{"uv":[10.75,3.25,10.25,3],"texture":"#6"},"down":{"uv":[3.75,10.25,3.25,10.5],"texture":"#6"}}},{"from":[17,0.6,-8.625],"to":[17.65,4.575,-6.675],"rotation":{"angle":0,"axis":"y","origin":[13.68264,5.73785,-4.1396]},"faces":{"north":{"uv":[9.25,6.5,9.5,7.5],"texture":"#6"},"east":{"uv":[4.25,8,4.75,9],"texture":"#6"},"south":{"uv":[7.5,9.25,7.75,10.25],"texture":"#6"},"west":{"uv":[4.75,8,5.25,9],"texture":"#6"},"up":{"uv":[10.5,3.75,10.25,3.25],"texture":"#6"},"down":{"uv":[4.5,10.25,4.25,10.75],"texture":"#6"}}},{"from":[10.175,0.6,-8.625],"to":[10.825,4.575,-6.675],"rotation":{"angle":0,"axis":"y","origin":[13.68264,5.73785,-4.1396]},"faces":{"north":{"uv":[7.75,9.25,8,10.25],"texture":"#6"},"east":{"uv":[5.25,8,5.75,9],"texture":"#6"},"south":{"uv":[8,9.25,8.25,10.25],"texture":"#6"},"west":{"uv":[8,8,8.5,9],"texture":"#6"},"up":{"uv":[4.75,10.75,4.5,10.25],"texture":"#6"},"down":{"uv":[5.25,10.25,5,10.75],"texture":"#6"}}},{"from":[18.3,0.35,-6.025],"to":[18.95,7.825,-2.775],"rotation":{"angle":0,"axis":"y","origin":[13.68264,5.73785,-4.1396]},"faces":{"north":{"uv":[1,8.5,1.25,10.25],"texture":"#6"},"east":{"uv":[1.75,5.5,2.5,7.25],"texture":"#6"},"south":{"uv":[1.25,8.5,1.5,10.25],"texture":"#6"},"west":{"uv":[2.5,5.5,3.25,7.25],"texture":"#6"},"up":{"uv":[5.25,10.25,5,9.5],"texture":"#6"},"down":{"uv":[5.5,9.5,5.25,10.25],"texture":"#6"}}},{"from":[18.625,0.35,-6.025],"to":[19.6,3.275,-2.775],"rotation":{"angle":0,"axis":"y","origin":[13.68264,5.73785,-4.1396]},"faces":{"north":{"uv":[9.5,6.25,9.75,7],"texture":"#6"},"east":{"uv":[4.5,7.25,5.25,8],"texture":"#6"},"south":{"uv":[6.75,9.5,7,10.25],"texture":"#6"},"west":{"uv":[5.25,7.25,6,8],"texture":"#6"},"up":{"uv":[7.25,10.25,7,9.5],"texture":"#6"},"down":{"uv":[9,9.5,8.75,10.25],"texture":"#6"}}},{"from":[19.6,1.975,-5.05],"to":[19.925,3.275,-3.75],"rotation":{"angle":0,"axis":"y","origin":[13.68264,5.73785,-4.1396]},"faces":{"north":{"uv":[10.5,3.5,10.75,3.75],"texture":"#6"},"east":{"uv":[3.75,10.5,4,10.75],"texture":"#6"},"south":{"uv":[4,10.5,4.25,10.75],"texture":"#6"},"west":{"uv":[10.5,4,10.75,4.25],"texture":"#6"},"up":{"uv":[10.75,4.5,10.5,4.25],"texture":"#6"},"down":{"uv":[10.75,4.5,10.5,4.75],"texture":"#6"}}},{"from":[17.59588,0.73422,-6.35],"to":[18.24588,2.35922,-2.45],"rotation":{"angle":22.5,"axis":"z","origin":[13.68264,5.73785,-4.1396]},"faces":{"north":{"uv":[5.25,10.25,5.5,10.75],"texture":"#6"},"east":{"uv":[2,8.25,3,8.75],"texture":"#6"},"south":{"uv":[10.25,5.25,10.5,5.75],"texture":"#6"},"west":{"uv":[3,8.25,4,8.75],"texture":"#6"},"up":{"uv":[8.5,10.25,8.25,9.25],"texture":"#6"},"down":{"uv":[9.25,9.25,9,10.25],"texture":"#6"}}},{"from":[8.225,0.35,-6.025],"to":[9.2,3.275,-2.775],"rotation":{"angle":0,"axis":"y","origin":[13.68264,5.73785,-4.1396]},"faces":{"north":{"uv":[9.5,8.75,9.75,9.5],"texture":"#6"},"east":{"uv":[2,7.5,2.75,8.25],"texture":"#6"},"south":{"uv":[9.5,9.5,9.75,10.25],"texture":"#6"},"west":{"uv":[2.75,7.5,3.5,8.25],"texture":"#6"},"up":{"uv":[10,0.75,9.75,0],"texture":"#6"},"down":{"uv":[10,1.5,9.75,2.25],"texture":"#6"}}},{"from":[9.54412,0.91014,-6.35],"to":[10.19412,2.53514,-2.45],"rotation":{"angle":-22.5,"axis":"z","origin":[13.68264,5.73785,-4.1396]},"faces":{"north":{"uv":[5.75,10.25,6,10.75],"texture":"#6"},"east":{"uv":[8.25,5.75,9.25,6.25],"texture":"#6"},"south":{"uv":[10.25,5.75,10.5,6.25],"texture":"#6"},"west":{"uv":[8.25,6.25,9.25,6.75],"texture":"#6"},"up":{"uv":[9.5,10.25,9.25,9.25],"texture":"#6"},"down":{"uv":[0.25,9.5,0,10.5],"texture":"#6"}}},{"from":[7.9,1.975,-5.05],"to":[8.225,3.275,-3.75],"rotation":{"angle":0,"axis":"y","origin":[13.68264,5.73785,-4.1396]},"faces":{"north":{"uv":[4.75,10.5,5,10.75],"texture":"#6"},"east":{"uv":[10.5,4.75,10.75,5],"texture":"#6"},"south":{"uv":[10.5,5,10.75,5.25],"texture":"#6"},"west":{"uv":[10.5,5.25,10.75,5.5],"texture":"#6"},"up":{"uv":[5.75,10.75,5.5,10.5],"texture":"#6"},"down":{"uv":[10.75,5.5,10.5,5.75],"texture":"#6"}}},{"from":[8.875,0.35,-6.025],"to":[9.525,7.825,-2.775],"rotation":{"angle":0,"axis":"y","origin":[13.68264,5.73785,-4.1396]},"faces":{"north":{"uv":[8.5,8,8.75,9.75],"texture":"#6"},"east":{"uv":[3.25,5.5,4,7.25],"texture":"#6"},"south":{"uv":[2,8.75,2.25,10.5],"texture":"#6"},"west":{"uv":[4,5.5,4.75,7.25],"texture":"#6"},"up":{"uv":[4,10.5,3.75,9.75],"texture":"#6"},"down":{"uv":[10,4.5,9.75,5.25],"texture":"#6"}}},{"from":[9.2,7.01682,-5.68397],"to":[9.85,8.64182,-1.45897],"rotation":{"angle":-22.5,"axis":"x","origin":[13.68264,5.73785,-4.1396]},"faces":{"north":{"uv":[6,10.25,6.25,10.75],"texture":"#6"},"east":{"uv":[8.25,6.75,9.25,7.25],"texture":"#6"},"south":{"uv":[6.25,10.25,6.5,10.75],"texture":"#6"},"west":{"uv":[8.25,7.25,9.25,7.75],"texture":"#6"},"up":{"uv":[9.75,1,9.5,0],"texture":"#6"},"down":{"uv":[0.5,9.5,0.25,10.5],"texture":"#6"}}},{"from":[17.975,7.01682,-5.68397],"to":[18.625,8.64182,-1.45897],"rotation":{"angle":-22.5,"axis":"x","origin":[13.68264,5.73785,-4.1396]},"faces":{"north":{"uv":[6.5,10.25,6.75,10.75],"texture":"#6"},"east":{"uv":[0,8.5,1,9],"texture":"#6"},"south":{"uv":[6.75,10.25,7,10.75],"texture":"#6"},"west":{"uv":[8.5,0,9.5,0.5],"texture":"#6"},"up":{"uv":[0.75,10.5,0.5,9.5],"texture":"#6"},"down":{"uv":[1,9.5,0.75,10.5],"texture":"#6"}}},{"from":[9.125,9.61023,-4.32417],"to":[18.7,10.26023,-0.09917],"rotation":{"angle":-22.5,"axis":"x","origin":[13.68264,5.73785,-4.1396]},"faces":{"north":{"uv":[6.75,5.5,9.25,5.75],"texture":"#6"},"east":{"uv":[7.5,9,8.5,9.25],"texture":"#6"},"south":{"uv":[2,7.25,4.5,7.5],"texture":"#6"},"west":{"uv":[9,8.5,10,8.75],"texture":"#6"},"up":{"uv":[2.5,5.5,0,4.5],"texture":"#6"},"down":{"uv":[5,4.5,2.5,5.5],"texture":"#6"}}},{"from":[10.175,5.8552,-7.6029],"to":[17.65,8.7802,-6.9529],"rotation":{"angle":22.5,"axis":"x","origin":[13.68264,5.73785,-4.1396]},"faces":{"north":{"uv":[5,5,6.75,5.75],"texture":"#6"},"east":{"uv":[4.25,9.5,4.5,10.25],"texture":"#6"},"south":{"uv":[0,5.5,1.75,6.25],"texture":"#6"},"west":{"uv":[4.5,9.5,4.75,10.25],"texture":"#6"},"up":{"uv":[10.25,3.25,8.5,3],"texture":"#6"},"down":{"uv":[10.25,3.25,8.5,3.5],"texture":"#6"}}},{"from":[9.35,6.6052,-7.3529],"to":[10.325,8.7802,-6.9529],"rotation":{"angle":22.5,"axis":"x","origin":[13.68264,5.73785,-4.1396]},"faces":{"north":{"uv":[9.75,10,10,10.5],"texture":"#6"},"east":{"uv":[10,10,10.25,10.5],"texture":"#6"},"south":{"uv":[10.25,0.25,10.5,0.75],"texture":"#6"},"west":{"uv":[1,10.25,1.25,10.75],"texture":"#6"},"up":{"uv":[10.75,3,10.5,2.75],"texture":"#6"},"down":{"uv":[3.5,10.5,3.25,10.75],"texture":"#6"}}},{"from":[17.675,6.6052,-7.3529],"to":[18.4,8.7802,-6.9529],"rotation":{"angle":22.5,"axis":"x","origin":[13.68264,5.73785,-4.1396]},"faces":{"north":{"uv":[4.75,10,5,10.5],"texture":"#6"},"east":{"uv":[5.5,10,5.75,10.5],"texture":"#6"},"south":{"uv":[7.25,10,7.5,10.5],"texture":"#6"},"west":{"uv":[10,8,10.25,8.5],"texture":"#6"},"up":{"uv":[2.75,10.75,2.5,10.5],"texture":"#6"},"down":{"uv":[10.75,2.5,10.5,2.75],"texture":"#6"}}},{"from":[11.475,1.64746,-8.61513],"to":[16.35,2.94746,-8.29013],"rotation":{"angle":22.5,"axis":"x","origin":[13.68264,5.73785,-4.1396]},"faces":{"north":{"uv":[8.5,5,9.75,5.25],"texture":"#6"},"east":{"uv":[10.5,3.25,10.75,3.5],"texture":"#6"},"south":{"uv":[6.75,8.75,8,9],"texture":"#6"},"west":{"uv":[3.5,10.5,3.75,10.75],"texture":"#6"},"up":{"uv":[10,8.25,8.75,8],"texture":"#6"},"down":{"uv":[10,8.25,8.75,8.5],"texture":"#6"}}},{"from":[9.85,6.4322,-9.30708],"to":[17.975,7.0822,-6.05708],"rotation":{"angle":-22.5,"axis":"x","origin":[13.68264,5.73785,-4.1396]},"faces":{"north":{"uv":[7.75,5.25,9.75,5.5],"texture":"#6"},"east":{"uv":[9.5,5.75,10.25,6],"texture":"#6"},"south":{"uv":[8,7.75,10,8],"texture":"#6"},"west":{"uv":[9.5,6,10.25,6.25],"texture":"#6"},"up":{"uv":[7,4.25,5,3.5],"texture":"#6"},"down":{"uv":[7,4.25,5,5],"texture":"#6"}}},{"from":[11.02149,7.64673,-4.325],"to":[13.47149,8.19673,-3.275],"rotation":{"angle":22.5,"axis":"z","origin":[13.68264,5.73785,-4.1396]},"faces":{"north":{"uv":[10.25,3.75,10.75,4],"texture":"#6"},"east":{"uv":[10.5,5.75,10.75,6],"texture":"#6"},"south":{"uv":[10.25,6.75,10.75,7],"texture":"#6"},"west":{"uv":[10.5,6,10.75,6.25],"texture":"#6"},"up":{"uv":[10.75,7.25,10.25,7],"texture":"#6"},"down":{"uv":[10.75,7.25,10.25,7.5],"texture":"#6"}}},{"from":[10.775,6.79254,-5.09923],"to":[13.225,7.34254,-4.04923],"rotation":{"angle":-22.5,"axis":"x","origin":[13.68264,5.73785,-4.1396]},"faces":{"north":{"uv":[7.5,10.25,8,10.5],"texture":"#6"},"east":{"uv":[10.5,6.25,10.75,6.5],"texture":"#6"},"south":{"uv":[8,10.25,8.5,10.5],"texture":"#6"},"west":{"uv":[10.5,6.5,10.75,6.75],"texture":"#6"},"up":{"uv":[10.75,8.25,10.25,8],"texture":"#6"},"down":{"uv":[10.75,8.25,10.25,8.5],"texture":"#6"}}},{"from":[10.025,4.525,-5.825],"to":[13.975,6.525,-3.025],"rotation":{"angle":0,"axis":"y","origin":[13.68264,5.73785,-4.1396]},"faces":{"north":{"uv":[8.5,0.5,9.5,1],"texture":"#6"},"east":{"uv":[8.5,4.5,9.25,5],"texture":"#6"},"south":{"uv":[8.5,1,9.5,1.5],"texture":"#6"},"west":{"uv":[6,8.75,6.75,9.25],"texture":"#6"},"up":{"uv":[7.75,0.75,6.75,0],"texture":"#6"},"down":{"uv":[7.75,0.75,6.75,1.5],"texture":"#6"}}},{"from":[11.77149,6.89673,-4.575],"to":[14.22149,7.44673,-3.525],"rotation":{"angle":22.5,"axis":"z","origin":[13.68264,5.73785,-4.1396]},"faces":{"north":{"uv":[8.5,10.25,9,10.5],"texture":"#6"},"east":{"uv":[7,10.5,7.25,10.75],"texture":"#6"},"south":{"uv":[10.25,8.75,10.75,9],"texture":"#6"},"west":{"uv":[7.25,10.5,7.5,10.75],"texture":"#6"},"up":{"uv":[9.5,10.5,9,10.25],"texture":"#6"},"down":{"uv":[10.75,9,10.25,9.25],"texture":"#6"}}},{"from":[15.02149,2.89673,-7.825],"to":[17.47149,3.44673,-6.775],"rotation":{"angle":22.5,"axis":"z","origin":[16.93264,1.73785,-7.3896]},"faces":{"north":{"uv":[8.5,10.25,9,10.5],"texture":"#6"},"east":{"uv":[7,10.5,7.25,10.75],"texture":"#6"},"south":{"uv":[10.25,8.75,10.75,9],"texture":"#6"},"west":{"uv":[7.25,10.5,7.5,10.75],"texture":"#6"},"up":{"uv":[9.5,10.5,9,10.25],"texture":"#6"},"down":{"uv":[10.75,9,10.25,9.25],"texture":"#6"}}},{"from":[14.275,2.79254,-8.34923],"to":[16.725,3.34254,-7.29923],"rotation":{"angle":-22.5,"axis":"x","origin":[16.93264,1.73785,-7.3896]},"faces":{"north":{"uv":[7.5,10.25,8,10.5],"texture":"#6"},"east":{"uv":[10.5,6.25,10.75,6.5],"texture":"#6"},"south":{"uv":[8,10.25,8.5,10.5],"texture":"#6"},"west":{"uv":[10.5,6.5,10.75,6.75],"texture":"#6"},"up":{"uv":[10.75,8.25,10.25,8],"texture":"#6"},"down":{"uv":[10.75,8.25,10.25,8.5],"texture":"#6"}}},{"from":[13.77149,3.89673,-7.575],"to":[16.22149,4.44673,-6.525],"rotation":{"angle":22.5,"axis":"z","origin":[16.93264,1.73785,-7.3896]},"faces":{"north":{"uv":[10.25,3.75,10.75,4],"texture":"#6"},"east":{"uv":[10.5,5.75,10.75,6],"texture":"#6"},"south":{"uv":[10.25,6.75,10.75,7],"texture":"#6"},"west":{"uv":[10.5,6,10.75,6.25],"texture":"#6"},"up":{"uv":[10.75,7.25,10.25,7],"texture":"#6"},"down":{"uv":[10.75,7.25,10.25,7.5],"texture":"#6"}}},{"from":[10.68567,2.85348,-8.725],"to":[13.13567,3.40348,-7.675],"rotation":{"angle":-22.5,"axis":"z","origin":[12.25669,2.5647,-7.95]},"faces":{"north":{"uv":[10.75,7,10.25,6.75],"texture":"#6"},"east":{"uv":[10.75,6,10.5,5.75],"texture":"#6"},"south":{"uv":[10.75,4,10.25,3.75],"texture":"#6"},"west":{"uv":[10.75,6.25,10.5,6],"texture":"#6"},"up":{"uv":[10.75,7.25,10.25,7.5],"texture":"#6"},"down":{"uv":[10.75,7.25,10.25,7],"texture":"#6"}}},{"from":[11.93567,3.60348,-8.725],"to":[14.38567,4.15348,-7.675],"rotation":{"angle":-22.5,"axis":"z","origin":[12.25669,2.5647,-7.95]},"faces":{"north":{"uv":[10.75,9,10.25,8.75],"texture":"#6"},"east":{"uv":[7.25,10.75,7,10.5],"texture":"#6"},"south":{"uv":[9,10.5,8.5,10.25],"texture":"#6"},"west":{"uv":[7.5,10.75,7.25,10.5],"texture":"#6"},"up":{"uv":[10.75,9,10.25,9.25],"texture":"#6"},"down":{"uv":[9.5,10.5,9,10.25],"texture":"#6"}}},{"from":[11.025,2.12769,-7.73031],"to":[13.475,2.67769,-6.68031],"rotation":{"angle":-22.5,"axis":"x","origin":[12.25669,2.5647,-7.95]},"faces":{"north":{"uv":[8.5,10.5,8,10.25],"texture":"#6"},"east":{"uv":[10.75,6.5,10.5,6.25],"texture":"#6"},"south":{"uv":[8,10.5,7.5,10.25],"texture":"#6"},"west":{"uv":[10.75,6.75,10.5,6.5],"texture":"#6"},"up":{"uv":[10.75,8.25,10.25,8.5],"texture":"#6"},"down":{"uv":[10.75,8.25,10.25,8],"texture":"#6"}}},{"name":"body","from":[14.2036,5.94735,-6.11],"to":[17.4036,8.50735,-2.91],"rotation":{"angle":-22.5,"axis":"z","origin":[13.68264,5.73785,-4.1396]},"faces":{"north":{"uv":[3.5,7.5,4.25,8.25],"texture":"#6"},"east":{"uv":[0,7.75,0.75,8.5],"texture":"#6"},"south":{"uv":[7.75,0,8.5,0.75],"texture":"#6"},"west":{"uv":[0.75,7.75,1.5,8.5],"texture":"#6"},"up":{"uv":[8.5,1.5,7.75,0.75],"texture":"#6"},"down":{"uv":[8.5,3,7.75,3.75],"texture":"#6"}}},{"name":"base","from":[14.5236,5.30735,-5.79],"to":[17.0836,9.14735,-3.23],"rotation":{"angle":-22.5,"axis":"z","origin":[13.68264,5.73785,-4.1396]},"faces":{"north":{"uv":[6.25,6.75,7,7.75],"texture":"#6"},"east":{"uv":[7,3.5,7.75,4.5],"texture":"#6"},"south":{"uv":[7,4.5,7.75,5.5],"texture":"#6"},"west":{"uv":[7,6.75,7.75,7.75],"texture":"#6"},"up":{"uv":[8.5,4.5,7.75,3.75],"texture":"#6"},"down":{"uv":[8.5,4.5,7.75,5.25],"texture":"#6"}}},{"name":"top","from":[14.9716,9.14735,-5.342],"to":[16.5716,9.78735,-3.742],"rotation":{"angle":-22.5,"axis":"z","origin":[13.68264,5.73785,-4.1396]},"faces":{"north":{"uv":[10.25,9.25,10.75,9.5],"texture":"#6"},"east":{"uv":[10.25,9.5,10.75,9.75],"texture":"#6"},"south":{"uv":[10.25,9.75,10.75,10],"texture":"#6"},"west":{"uv":[10.25,10,10.75,10.25],"texture":"#6"},"up":{"uv":[10,1.5,9.5,1],"texture":"#6"},"down":{"uv":[10,2.5,9.5,3],"texture":"#6"}}},{"from":[-1.19904,12.75,12.94904],"to":[0.80096,15.75,14.44904],"rotation":{"angle":0,"axis":"y","origin":[1,26.18475,13.69904]},"faces":{"north":{"uv":[6,0,8,3],"texture":"#1"},"east":{"uv":[6.5,0,8,3],"texture":"#1"},"south":{"uv":[6,0,8,3],"texture":"#1"},"west":{"uv":[6.5,0,8,3],"texture":"#1"},"up":{"uv":[9,5,10.5,7],"rotation":270,"texture":"#1"},"down":{"uv":[6.5,5,8,7],"rotation":270,"texture":"#1"}}},{"from":[-1.19904,23.75,12.94904],"to":[0.80096,27.25,14.44904],"rotation":{"angle":0,"axis":"y","origin":[1,26.18475,13.69904]},"faces":{"north":{"uv":[11,9.5,13,13],"texture":"#1"},"east":{"uv":[11,9.5,12.5,13],"rotation":180,"texture":"#1"},"south":{"uv":[6,0,8,3.5],"texture":"#1"},"west":{"uv":[6,0.5,7.5,4],"rotation":180,"texture":"#1"},"up":{"uv":[6.5,0,8,2],"rotation":270,"texture":"#1"},"down":{"uv":[3,0,4.5,2],"rotation":90,"texture":"#1"}}},{"from":[-1.19904,27.25,12.69904],"to":[0.80096,28.75,14.69904],"rotation":{"angle":0,"axis":"y","origin":[1,26.18475,13.69904]},"faces":{"north":{"uv":[11,10,13,11.5],"rotation":90,"texture":"#1"},"east":{"uv":[4.5,14,6.5,15.5],"texture":"#1"},"south":{"uv":[11,10,13,11.5],"rotation":90,"texture":"#1"},"west":{"uv":[4,14.5,6,16],"texture":"#1"},"up":{"uv":[11,10,13,12],"rotation":270,"texture":"#1"},"down":{"uv":[11,12.5,11.4,13],"rotation":90,"texture":"#1"}}},{"from":[-0.69904,27.75,13.27404],"to":[0.30096,29.25,14.12404],"rotation":{"angle":0,"axis":"y","origin":[1,26.18475,13.69904]},"faces":{"north":{"uv":[3.5,0,4.5,1.5],"texture":"#1"},"east":{"uv":[3.5,0,4.35,1.5],"texture":"#1"},"south":{"uv":[3.5,0,4.5,1.5],"texture":"#1"},"west":{"uv":[3.5,0.5,4.35,2],"texture":"#1"},"up":{"uv":[3.5,1,4.35,2],"rotation":270,"texture":"#1"},"down":{"uv":[4,1,4.85,2],"rotation":90,"texture":"#1"}}},{"from":[-0.94904,15.75,13.14904],"to":[0.55096,23.75,14.24904],"rotation":{"angle":0,"axis":"y","origin":[1,26.18475,13.69904]},"faces":{"north":{"uv":[0,0,2,8],"rotation":180,"texture":"#1"},"east":{"uv":[0.5,0,1.5,8],"texture":"#1"},"south":{"uv":[0,0,2,8],"texture":"#1"},"west":{"uv":[0.5,0,1.5,8],"texture":"#1"},"up":{"uv":[0,0,1.1,1.5],"rotation":270,"texture":"#1"},"down":{"uv":[0,0,1.1,1.5],"rotation":90,"texture":"#1"}}},{"from":[-0.18873,26.88964,12.99904],"to":[2.23627,28.38964,14.39904],"rotation":{"angle":22.5,"axis":"z","origin":[1,26.18475,13.69904]},"faces":{"north":{"uv":[5.5,14.5,7.925,16],"texture":"#1"},"east":{"uv":[2.5,14.5,3.9,16],"texture":"#1"},"south":{"uv":[4,14.5,6.425,16],"texture":"#1"},"west":{"uv":[4.5,14,5.9,15.5],"texture":"#1"},"up":{"uv":[6.5,0.5,7.9,2.925],"rotation":270,"texture":"#1"},"down":{"uv":[15.5,0.5,15.9,2.925],"rotation":90,"texture":"#1"}}},{"from":[1.02596,27.275,12.97404],"to":[3.57596,29.1,14.42404],"rotation":{"angle":0,"axis":"y","origin":[1,26.18475,13.69904]},"faces":{"north":{"uv":[2.5,14,5.05,15.825],"texture":"#1"},"east":{"uv":[3.5,14,4.95,15.825],"texture":"#1"},"south":{"uv":[5,14,7.55,15.825],"texture":"#1"},"west":{"uv":[1,14,2.45,15.825],"texture":"#1"},"up":{"uv":[14.5,12.5,15.95,15.05],"rotation":270,"texture":"#1"},"down":{"uv":[15,0,15.45,2.5],"rotation":90,"texture":"#1"}}},{"from":[-2.52404,28.15,13.09904],"to":[-1.62404,28.725,14.29904],"rotation":{"angle":0,"axis":"y","origin":[1,26.18475,13.69904]},"faces":{"north":{"uv":[6,14.5,6.9,15.075],"texture":"#1"},"east":{"uv":[5.5,15,6.7,15.575],"texture":"#1"},"south":{"uv":[5,14.5,5.9,15.075],"texture":"#1"},"west":{"uv":[5,14.5,6.2,15.075],"texture":"#1"},"up":{"uv":[14,7,15.2,7.9],"rotation":270,"texture":"#1"},"down":{"uv":[14.5,2.5,15.7,3.4],"rotation":90,"texture":"#1"}}},{"from":[2.29296,28.19458,13.07404],"to":[4.46796,29.79458,14.32404],"rotation":{"angle":-22.5,"axis":"z","origin":[1,26.18475,13.69904]},"faces":{"north":{"uv":[2.5,14,4.5,16],"texture":"#1"},"east":{"uv":[0.5,14,1.75,15.6],"texture":"#1"},"south":{"uv":[5.5,14,7.5,16],"texture":"#1"},"west":{"uv":[2,14,3.25,15.6],"texture":"#1"},"up":{"uv":[14,13.5,16,15.5],"rotation":270,"texture":"#1"},"down":{"uv":[15,0,15.5,0.5],"rotation":90,"texture":"#1"}}},{"from":[-2.69291,25.36641,13.12404],"to":[-1.34291,26.46641,14.27404],"rotation":{"angle":-45,"axis":"z","origin":[1,26.18475,13.69904]},"faces":{"north":{"uv":[3.5,14.5,4.85,15.1],"texture":"#1"},"east":{"uv":[14,6.5,15.15,7.6],"texture":"#1"},"south":{"uv":[3,4.5,4.35,5.6],"texture":"#1"},"west":{"uv":[14,7,15.15,8.1],"texture":"#1"},"up":{"uv":[14,6.5,15.15,7.85],"rotation":270,"texture":"#1"},"down":{"uv":[14.5,2,15.65,3.35],"rotation":90,"texture":"#1"}}},{"from":[2.82256,30.04693,13.17404],"to":[4.99756,30.79693,14.22404],"rotation":{"angle":-45,"axis":"z","origin":[1,26.18475,13.69904]},"faces":{"north":{"uv":[3.5,14,4.5,15],"texture":"#1"},"east":{"uv":[4.5,14,5.5,15],"texture":"#1"},"south":{"uv":[3.5,14,4.5,15],"texture":"#1"},"west":{"uv":[0,0,1.05,0.75],"texture":"#1"},"up":{"uv":[14,12.5,16,13.5],"rotation":270,"texture":"#1"},"down":{"uv":[14.5,8.5,15.55,10.675],"rotation":90,"texture":"#1"}}},{"from":[3.99626,28.22314,13.22404],"to":[6.17126,28.97314,14.17404],"rotation":{"angle":-22.5,"axis":"z","origin":[1,26.18475,13.69904]},"faces":{"north":{"uv":[1.5,15,2.5,16],"texture":"#1"},"east":{"uv":[6,15,6.95,15.75],"texture":"#1"},"south":{"uv":[3,15,4,16],"texture":"#1"},"west":{"uv":[2.5,15,3.45,15.75],"texture":"#1"},"up":{"uv":[15,13.5,15.95,15.675],"rotation":270,"texture":"#1"},"down":{"uv":[15.5,2,16,3],"rotation":90,"texture":"#1"}}},{"from":[-1.44904,27.225,12.62404],"to":[-1.14904,29.1,14.77404],"rotation":{"angle":0,"axis":"y","origin":[1,26.18475,13.69904]},"faces":{"north":{"uv":[7,1.5,7.3,3.375],"texture":"#1"},"east":{"uv":[3,1,5,3],"texture":"#1"},"south":{"uv":[7,0.5,7.3,2.375],"texture":"#1"},"west":{"uv":[11.5,1,13.5,3],"texture":"#1"},"up":{"uv":[4,15.5,6.15,15.8],"rotation":270,"texture":"#1"},"down":{"uv":[5,14,7.15,14.3],"rotation":90,"texture":"#1"}}},{"from":[0.75096,27.225,12.49904],"to":[1.05096,29.35,14.89904],"rotation":{"angle":0,"axis":"y","origin":[1,26.18475,13.69904]},"faces":{"north":{"uv":[7,0.5,7.3,2.625],"texture":"#1"},"east":{"uv":[14,6,15.5,8],"texture":"#1"},"south":{"uv":[7,0.5,7.3,2.625],"texture":"#1"},"west":{"uv":[12.5,0,14,3],"texture":"#1"},"up":{"uv":[4.5,15.5,6.9,15.8],"rotation":270,"texture":"#1"},"down":{"uv":[14.5,0,15,0.5],"rotation":90,"texture":"#1"}}}],"display":{"thirdperson_righthand":{"rotation":[-180,0,0],"translation":[0,-6,1.25]},"thirdperson_lefthand":{"rotation":[-180,0,0],"translation":[0,-6,1.25]},"firstperson_righthand":{"rotation":[159,-11,0],"translation":[1.25,-8.5,3.5]},"firstperson_lefthand":{"rotation":[159,-11,0],"translation":[1.25,-8.5,3.5]},"ground":{"rotation":[115,106,0],"translation":[0,0,6.25],"scale":[0.75,0.75,0.75]},"gui":{"rotation":[128,52,-112],"translation":[3,4,0],"scale":[0.7,0.7,0.7]},"head":{"translation":[0,-19.25,0],"scale":[2,2,2]},"fixed":{"rotation":[0,90,0],"translation":[0,7.25,-1.25]}},"groups":[{"name":"sticks","origin":[8,8,8],"color":0,"children":[0,1,2]},{"name":"meat","origin":[8,8,8],"color":0,"children":[{"name":"meat1","origin":[8,8,8],"color":0,"children":[3,4,5,6]},{"name":"meat2","origin":[8,8,8],"color":0,"children":[7,8,9,10]},{"name":"meat3","origin":[8,8,8],"color":0,"children":[11,12,13,14,15]}]},{"name":"backpack","origin":[8,8,8],"color":0,"children":[16,17,18,19,20,21,22,23,24,25,26,27,28,29,30,31,32,33,34,35,36,37,38,39,40,41,42,43,44,45,46,{"name":"cover_1","origin":[13.68264,14.98785,-1.3896],"color":0,"children":[47,48,49,50]},{"name":"cover_2","origin":[13.68264,14.98785,-1.3896],"color":0,"children":[51,52]},{"name":"backpack_contents","origin":[13.5,24.8,-1.8],"color":0,"children":[{"name":"rations","origin":[13.5,24.8,-1.8],"color":0,"children":[53,54,55,56,57,58,59,60,61,62]},{"name":"boob_stone","origin":[8,8,8],"color":0,"children":[{"name":"model","origin":[8,8,8],"color":0,"children":[63,64,65]}]}]}]},{"name":"iron_pick_mia","origin":[8,8,8],"color":0,"children":[66,67,68,69,70,71,72,73,74,75,76,77,78,79]}]}