{"credit":"Made with Blockbench","textures":{"0":"camelot:bryn_spear","particle":"camelot:bryn_spear"},"elements":[{"from":[8,22.25,4.25],"to":[9,31.6,6],"rotation":{"angle":-22.5,"axis":"x","origin":[16,39,13]},"faces":{"north":{"uv":[8,0,9,9.35],"texture":"#0"},"east":{"uv":[4.5,0,7.75,15.85],"texture":"#0"},"south":{"uv":[13,0,14.5,13.35],"texture":"#0"},"west":{"uv":[10,0,12.75,15.85],"texture":"#0"},"up":{"uv":[10,0,11,1.75],"texture":"#0"},"down":{"uv":[10.5,5,11.5,6.75],"texture":"#0"}}},{"from":[8.05,22.485,-3.86998],"to":[8.95,29.285,-2.11998],"rotation":{"angle":-45,"axis":"x","origin":[16,39.82028,4.88002]},"faces":{"north":{"uv":[4.5,3,5.5,5.35],"texture":"#0"},"east":{"uv":[8,0,11.75,8.85],"texture":"#0"},"south":{"uv":[8,0,9,9.35],"texture":"#0"},"west":{"uv":[13,3,15.75,14.35],"texture":"#0"},"up":{"uv":[10,0,11,1.75],"texture":"#0"},"down":{"uv":[10.5,5,11.5,6.75],"texture":"#0"}}},{"from":[8,14.15937,16.17789],"to":[9,15.65937,17.97789],"rotation":{"angle":22.5,"axis":"x","origin":[16,30.15937,24.72789]},"faces":{"north":{"uv":[8,0,9,9.35],"texture":"#0"},"east":{"uv":[5.5,2.5,7.75,5.35],"texture":"#0"},"south":{"uv":[8,0,9,9.35],"texture":"#0"},"west":{"uv":[11,8.5,13.75,11.85],"texture":"#0"},"up":{"uv":[10,0,11,1.75],"texture":"#0"},"down":{"uv":[10.5,5,11.5,6.75],"texture":"#0"}}},{"from":[8,14.15937,-1.37789],"to":[9,15.65937,0.42211],"rotation":{"angle":-22.5,"axis":"x","origin":[16,30.15937,-8.12789]},"faces":{"north":{"uv":[8,0,9,9.35],"texture":"#0"},"east":{"uv":[11.5,12.5,13.75,15.85],"texture":"#0"},"south":{"uv":[8,0,9,9.35],"texture":"#0"},"west":{"uv":[6.5,3,8.25,5.85],"texture":"#0"},"up":{"uv":[10,0,11,1.75],"texture":"#0"},"down":{"uv":[10.5,5,11.5,6.75],"texture":"#0"}}},{"from":[8,12.90237,13.76822],"to":[9,14.40237,15.21822],"rotation":{"angle":22.5,"axis":"x","origin":[16,28.90237,21.96822]},"faces":{"north":{"uv":[8,0,9,9.35],"texture":"#0"},"east":{"uv":[5.5,2.5,7.75,5.35],"texture":"#0"},"south":{"uv":[8,0,9,9.35],"texture":"#0"},"west":{"uv":[11,8.5,13.75,11.85],"texture":"#0"},"up":{"uv":[10,0,11,1.75],"texture":"#0"},"down":{"uv":[10.5,5,11.5,6.75],"texture":"#0"}}},{"from":[8.025,13.90237,12.76822],"to":[8.975,15.40237,13.96822],"rotation":{"angle":22.5,"axis":"x","origin":[16,29.90237,20.96822]},"faces":{"north":{"uv":[8,0,9,9.35],"texture":"#0"},"east":{"uv":[7,0,8.75,9.35],"texture":"#0"},"south":{"uv":[8,0,9,9.35],"texture":"#0"},"west":{"uv":[8,3,9.75,5.85],"texture":"#0"},"up":{"uv":[10,0,11,1.75],"texture":"#0"},"down":{"uv":[10.5,5,11.5,6.75],"texture":"#0"}}},{"from":[8.025,19.65237,1.51822],"to":[8.975,21.15237,2.71822],"rotation":{"angle":-22.5,"axis":"x","origin":[16,35.65237,9.46822]},"faces":{"north":{"uv":[8,0,9,9.35],"texture":"#0"},"east":{"uv":[5.5,2.5,7.75,5.35],"texture":"#0"},"south":{"uv":[8,0,9,9.35],"texture":"#0"},"west":{"uv":[11,8.5,13.75,11.85],"texture":"#0"},"up":{"uv":[10,0,11,1.75],"texture":"#0"},"down":{"uv":[10.5,5,11.5,6.75],"texture":"#0"}}},{"from":[8,12.90237,1.38178],"to":[9,14.40237,3.08178],"rotation":{"angle":-22.5,"axis":"x","origin":[16,28.90237,-5.36822]},"faces":{"north":{"uv":[8,0,9,9.35],"texture":"#0"},"east":{"uv":[11.5,12.5,13.75,15.85],"texture":"#0"},"south":{"uv":[8,0,9,9.35],"texture":"#0"},"west":{"uv":[9,4.5,10.75,7.35],"texture":"#0"},"up":{"uv":[10,0,11,1.75],"texture":"#0"},"down":{"uv":[10.5,5,11.5,6.75],"texture":"#0"}}},{"from":[8.025,19.34623,11.06779],"to":[8.975,20.84623,12.94279],"rotation":{"angle":0,"axis":"y","origin":[16,35.34623,19.69279]},"faces":{"north":{"uv":[8,0,9,9.35],"texture":"#0"},"east":{"uv":[5.5,2.5,7.75,5.35],"texture":"#0"},"south":{"uv":[8,0,9,9.35],"texture":"#0"},"west":{"uv":[11,8.5,13.75,11.85],"texture":"#0"},"up":{"uv":[10,0,11,1.75],"texture":"#0"},"down":{"uv":[10.5,5,11.5,6.75],"texture":"#0"}}},{"from":[8.025,19.34623,3.65721],"to":[8.975,20.84623,5.53221],"rotation":{"angle":0,"axis":"y","origin":[16,35.34623,-3.09279]},"faces":{"north":{"uv":[8,0,9,9.35],"texture":"#0"},"east":{"uv":[11.5,12.5,13.75,15.85],"texture":"#0"},"south":{"uv":[8,0,9,9.35],"texture":"#0"},"west":{"uv":[8,3,9.75,5.85],"texture":"#0"},"up":{"uv":[10,0,11,1.75],"texture":"#0"},"down":{"uv":[10.5,5,11.5,6.75],"texture":"#0"}}},{"from":[8.025,17.97387,-2.34875],"to":[8.975,19.64887,-1.09875],"rotation":{"angle":-45,"axis":"x","origin":[16,34.22387,5.65125]},"faces":{"north":{"uv":[8,0,9,9.35],"texture":"#0"},"east":{"uv":[5.5,2.5,7.75,5.35],"texture":"#0"},"south":{"uv":[8,0,9,9.35],"texture":"#0"},"west":{"uv":[13,11.5,15.75,14.85],"texture":"#0"},"up":{"uv":[10,0,11,1.75],"texture":"#0"},"down":{"uv":[10.5,5,11.5,6.75],"texture":"#0"}}},{"from":[8.025,17.97387,17.69875],"to":[8.975,19.64887,18.94875],"rotation":{"angle":45,"axis":"x","origin":[16,34.22387,10.94875]},"faces":{"north":{"uv":[8,0,9,9.35],"texture":"#0"},"east":{"uv":[11.5,12.5,13.75,15.85],"texture":"#0"},"south":{"uv":[8,0,9,9.35],"texture":"#0"},"west":{"uv":[8,3,9.75,5.85],"texture":"#0"},"up":{"uv":[10,0,11,1.75],"texture":"#0"},"down":{"uv":[10.5,5,11.5,6.75],"texture":"#0"}}},{"from":[8,10.2109,8.49403],"to":[9,11.9609,9.46903],"rotation":{"angle":-22.5,"axis":"x","origin":[16,18.7109,-6.78097]},"faces":{"north":{"uv":[8,0,9,9.35],"rotation":180,"texture":"#0"},"east":{"uv":[5.5,3.5,7.75,5.35],"rotation":90,"texture":"#0"},"south":{"uv":[8,0,9,9.35],"texture":"#0"},"west":{"uv":[11,10,14.25,11.85],"rotation":270,"texture":"#0"},"up":{"uv":[10,0,11,1.75],"texture":"#0"},"down":{"uv":[10.5,5,11.5,6.75],"rotation":180,"texture":"#0"}}},{"from":[8,10.2109,7.13097],"to":[9,11.9609,8.10597],"rotation":{"angle":22.5,"axis":"x","origin":[16,18.7109,23.38097]},"faces":{"north":{"uv":[8,0,9,9.35],"texture":"#0"},"east":{"uv":[11.5,14,13.75,15.85],"rotation":90,"texture":"#0"},"south":{"uv":[8,0,9,9.35],"rotation":180,"texture":"#0"},"west":{"uv":[8,5,10.25,6.85],"rotation":270,"texture":"#0"},"up":{"uv":[10,0,11,1.75],"texture":"#0"},"down":{"uv":[10.5,5,11.5,6.75],"rotation":180,"texture":"#0"}}},{"from":[8.025,16.70341,9.6091],"to":[8.975,18.32841,10.5841],"rotation":{"angle":0,"axis":"y","origin":[16,25.20341,-5.6659]},"faces":{"north":{"uv":[8,0,9,9.35],"rotation":180,"texture":"#0"},"east":{"uv":[5.5,2.5,7.75,5.35],"rotation":90,"texture":"#0"},"south":{"uv":[8,0,9,9.35],"texture":"#0"},"west":{"uv":[11,8.5,13.75,11.85],"rotation":270,"texture":"#0"},"up":{"uv":[10,0,11,1.75],"texture":"#0"},"down":{"uv":[10.5,5,11.5,6.75],"rotation":180,"texture":"#0"}}},{"from":[8.025,16.70341,6.0159],"to":[8.975,18.32841,6.9909],"rotation":{"angle":0,"axis":"y","origin":[16,25.20341,22.2659]},"faces":{"north":{"uv":[8,0,9,9.35],"texture":"#0"},"east":{"uv":[11.5,12.5,13.75,15.85],"rotation":90,"texture":"#0"},"south":{"uv":[8,0,9,9.35],"rotation":180,"texture":"#0"},"west":{"uv":[8,3,9.75,5.85],"rotation":270,"texture":"#0"},"up":{"uv":[10,0,11,1.75],"texture":"#0"},"down":{"uv":[10.5,5,11.5,6.75],"rotation":180,"texture":"#0"}}},{"from":[7.975,16.68102,8.59716],"to":[9.025,26.03102,10.34716],"rotation":{"angle":22.5,"axis":"x","origin":[16,31.18102,16.59716]},"faces":{"north":{"uv":[5.5,0,7,12.35],"texture":"#0"},"east":{"uv":[8.5,0,12.25,15.85],"texture":"#0"},"south":{"uv":[8,0,9,9.35],"texture":"#0"},"west":{"uv":[6,0,8.75,15.85],"texture":"#0"},"up":{"uv":[10,0,11,1.75],"texture":"#0"},"down":{"uv":[10.5,5,11.5,6.75],"texture":"#0"}}},{"from":[8.024,12.90602,11.59716],"to":[8.994,19.85602,13.34716],"rotation":{"angle":45,"axis":"x","origin":[16,26.43102,19.59716]},"faces":{"north":{"uv":[8,0,9,9.35],"texture":"#0"},"east":{"uv":[10,4,13.25,15.85],"texture":"#0"},"south":{"uv":[5,2.5,5.5,6.35],"texture":"#0"},"west":{"uv":[8.5,0,11.75,11.35],"texture":"#0"},"up":{"uv":[10,0,11,1.75],"texture":"#0"},"down":{"uv":[10.5,5,11.5,6.75],"texture":"#0"}}},{"from":[7.95,21.69161,11.05709],"to":[9.05,23.19161,12.55709],"rotation":{"angle":45,"axis":"x","origin":[16,30.19161,18.55709]},"faces":{"north":{"uv":[8,0,9,1.85],"texture":"#0"},"east":{"uv":[9,6,11.75,9.35],"texture":"#0"},"south":{"uv":[8,0,9,9.35],"texture":"#0"},"west":{"uv":[11.5,4.5,14.25,7.85],"texture":"#0"},"up":{"uv":[10,0,11,1.75],"texture":"#0"},"down":{"uv":[10.5,5,11.5,6.75],"texture":"#0"}}},{"from":[8.075,18.94161,11.05709],"to":[8.975,20.44161,12.55709],"rotation":{"angle":45,"axis":"x","origin":[16,27.44161,18.55709]},"faces":{"north":{"uv":[8,0,9,9.35],"texture":"#0"},"east":{"uv":[7,0,8.75,9.35],"texture":"#0"},"south":{"uv":[8,0,9,9.35],"texture":"#0"},"west":{"uv":[5.5,0,7.25,9.35],"texture":"#0"},"up":{"uv":[10,0,11,1.75],"texture":"#0"},"down":{"uv":[10.5,5,11.5,6.75],"texture":"#0"}}},{"from":[8,13.19161,11.05709],"to":[9,14.89161,12.80709],"rotation":{"angle":45,"axis":"x","origin":[16,21.94161,18.55709]},"faces":{"north":{"uv":[8,0,9,9.35],"texture":"#0"},"east":{"uv":[7,0,8.75,9.35],"texture":"#0"},"south":{"uv":[8,0,9,9.35],"texture":"#0"},"west":{"uv":[5.5,2,7.75,4.35],"texture":"#0"},"up":{"uv":[10,0,11,1.75],"texture":"#0"},"down":{"uv":[10.5,5,11.5,6.75],"texture":"#0"}}},{"from":[8.275,9.44161,9.80709],"to":[8.725,10.64161,11.55709],"rotation":{"angle":45,"axis":"x","origin":[16,17.69161,17.30709]},"faces":{"north":{"uv":[0,0,0.5,1.2],"texture":"#0"},"east":{"uv":[2,0,2.75,1.2],"texture":"#0"},"south":{"uv":[0,0,0.5,1.2],"texture":"#0"},"west":{"uv":[2.5,0,4.25,1.2],"texture":"#0"},"up":{"uv":[0,0,0.5,1.75],"texture":"#0"},"down":{"uv":[0,0,0.5,1.75],"texture":"#0"}}},{"from":[8.275,18.81078,1.20226],"to":[8.725,20.01078,2.45226],"rotation":{"angle":-45,"axis":"x","origin":[16,27.06078,8.70226]},"faces":{"north":{"uv":[0,0,0.5,1.2],"texture":"#0"},"east":{"uv":[2,0,3.25,1.2],"texture":"#0"},"south":{"uv":[0,0,0.5,1.2],"texture":"#0"},"west":{"uv":[0,0,1.25,1.2],"texture":"#0"},"up":{"uv":[0,0,0.5,1.25],"texture":"#0"},"down":{"uv":[1,0,1.5,1.25],"texture":"#0"}}},{"from":[8.25,15.92385,7.43259],"to":[8.75,17.17385,9.23259],"rotation":{"angle":0,"axis":"y","origin":[16,23.42385,0.98259]},"faces":{"north":{"uv":[0,0,0.5,1.25],"rotation":180,"texture":"#0"},"east":{"uv":[2,0,3.25,1.8],"rotation":90,"texture":"#0"},"south":{"uv":[0,0,0.5,1.25],"texture":"#0"},"west":{"uv":[2,0,3.25,1.8],"rotation":270,"texture":"#0"},"up":{"uv":[0,0,0.5,1.8],"texture":"#0"},"down":{"uv":[1.5,0,2,1.8],"rotation":180,"texture":"#0"}}},{"from":[8.175,6.69161,11.05709],"to":[8.825,8.39161,12.80709],"rotation":{"angle":45,"axis":"x","origin":[16,15.44161,18.55709]},"faces":{"north":{"uv":[1,0,1.7,1.7],"texture":"#0"},"east":{"uv":[2,0,3.75,1.7],"texture":"#0"},"south":{"uv":[0,0,0.7,1.7],"texture":"#0"},"west":{"uv":[2,0,3.75,1.7],"texture":"#0"},"up":{"uv":[1,0,1.7,1.75],"texture":"#0"},"down":{"uv":[0,0,0.7,1.75],"texture":"#0"}}},{"from":[8.2,9.8603,10.74135],"to":[8.8,11.7853,11.76635],"rotation":{"angle":22.5,"axis":"x","origin":[16,18.8353,17.51635]},"faces":{"north":{"uv":[0,0,0.7,1.925],"texture":"#0"},"east":{"uv":[0,0,1.025,1.925],"texture":"#0"},"south":{"uv":[1,0,1.7,1.925],"texture":"#0"},"west":{"uv":[0,0,1.025,1.925],"texture":"#0"},"up":{"uv":[0,0,0.7,1.025],"texture":"#0"},"down":{"uv":[0,0,0.7,1.025],"texture":"#0"}}},{"from":[8.2,14.72487,3.83584],"to":[8.8,16.69987,4.83584],"rotation":{"angle":-22.5,"axis":"x","origin":[16,23.74987,10.83584]},"faces":{"north":{"uv":[1,0,1.7,16],"texture":"#0"},"east":{"uv":[0,0,1,1.975],"texture":"#0"},"south":{"uv":[0,0,0.7,1.975],"texture":"#0"},"west":{"uv":[0,0,1,1.975],"texture":"#0"},"up":{"uv":[0,0,0.7,1],"texture":"#0"},"down":{"uv":[0,0,0.7,1],"texture":"#0"}}},{"from":[8.1,11.94161,15.55709],"to":[8.9,13.14161,16.80709],"rotation":{"angle":45,"axis":"x","origin":[16,20.69161,23.05709]},"faces":{"north":{"uv":[8,0,9,9.35],"texture":"#0"},"east":{"uv":[5.5,2.5,7.75,5.35],"texture":"#0"},"south":{"uv":[8,0,9,9.35],"texture":"#0"},"west":{"uv":[11,8.5,13.75,11.85],"texture":"#0"},"up":{"uv":[10,0,11,1.75],"texture":"#0"},"down":{"uv":[10.5,5,11.5,6.75],"texture":"#0"}}},{"from":[8.1,11.94161,7.30709],"to":[8.9,13.14161,8.55709],"rotation":{"angle":45,"axis":"x","origin":[16,20.69161,14.80709]},"faces":{"north":{"uv":[8,0,9,9.35],"texture":"#0"},"east":{"uv":[11.5,12.5,13.75,15.85],"texture":"#0"},"south":{"uv":[8,0,9,9.35],"texture":"#0"},"west":{"uv":[8,3,9.75,5.85],"texture":"#0"},"up":{"uv":[10,0,11,1.75],"texture":"#0"},"down":{"uv":[10.5,5,11.5,6.75],"texture":"#0"}}},{"from":[8.1,17.19161,4.30709],"to":[8.9,18.39161,5.55709],"rotation":{"angle":0,"axis":"y","origin":[16,25.94161,11.80709]},"faces":{"north":{"uv":[8,0,9,9.35],"texture":"#0"},"east":{"uv":[11.5,12.5,13.75,15.85],"texture":"#0"},"south":{"uv":[8,0,9,9.35],"texture":"#0"},"west":{"uv":[8,3,9.75,5.85],"texture":"#0"},"up":{"uv":[10,0,11,1.75],"texture":"#0"},"down":{"uv":[10.5,5,11.5,6.75],"texture":"#0"}}},{"from":[8.1,17.19161,10.80709],"to":[8.9,18.39161,12.05709],"rotation":{"angle":0,"axis":"y","origin":[16,25.94161,18.30709]},"faces":{"north":{"uv":[8,0,9,9.35],"texture":"#0"},"east":{"uv":[5.5,2.5,7.75,5.35],"texture":"#0"},"south":{"uv":[8,0,9,9.35],"texture":"#0"},"west":{"uv":[11,8.5,13.75,11.85],"texture":"#0"},"up":{"uv":[10,0,11,1.75],"texture":"#0"},"down":{"uv":[10.5,5,11.5,6.75],"texture":"#0"}}},{"from":[8.1,14.86661,6.43209],"to":[8.9,16.06661,7.68209],"rotation":{"angle":22.5,"axis":"x","origin":[16,23.61661,13.93209]},"faces":{"north":{"uv":[8,0,9,9.35],"texture":"#0"},"east":{"uv":[11.5,12.5,13.75,15.85],"texture":"#0"},"south":{"uv":[8,0,9,9.35],"texture":"#0"},"west":{"uv":[8,3,9.75,5.85],"texture":"#0"},"up":{"uv":[10,0,11,1.75],"texture":"#0"},"down":{"uv":[10.5,5,11.5,6.75],"texture":"#0"}}},{"from":[8.1,20.12851,7.83998],"to":[8.9,21.32851,9.08998],"rotation":{"angle":-22.5,"axis":"x","origin":[16,28.87851,15.33998]},"faces":{"north":{"uv":[8,0,9,9.35],"texture":"#0"},"east":{"uv":[5.5,2.5,7.75,5.35],"texture":"#0"},"south":{"uv":[8,0,9,9.35],"texture":"#0"},"west":{"uv":[5.5,0,7.25,9.35],"texture":"#0"},"up":{"uv":[10,0,11,1.75],"texture":"#0"},"down":{"uv":[10.5,5,11.5,6.75],"texture":"#0"}}},{"from":[8,15.19161,11.05709],"to":[9,17.14161,13.05709],"rotation":{"angle":45,"axis":"x","origin":[16,24.19161,18.55709]},"faces":{"north":{"uv":[8,0,9,9.35],"texture":"#0"},"east":{"uv":[9.5,7.5,11.75,9.85],"texture":"#0"},"south":{"uv":[8,0,9,9.35],"texture":"#0"},"west":{"uv":[6.5,12,9.25,14.85],"texture":"#0"},"up":{"uv":[10,0,11,1.75],"texture":"#0"},"down":{"uv":[10.5,5,11.5,6.75],"texture":"#0"}}},{"from":[7.925,13.54161,11.05709],"to":[9.075,14.19161,11.70709],"rotation":{"angle":45,"axis":"x","origin":[16,21.19161,18.55709]},"faces":{"north":{"uv":[0,0,1,1.95],"texture":"#0"},"east":{"uv":[1,0,3,1.95],"texture":"#0"},"south":{"uv":[0,0,1,1.95],"texture":"#0"},"west":{"uv":[0,0,2,1.95],"texture":"#0"},"up":{"uv":[0,0,1,2],"texture":"#0"},"down":{"uv":[0,0,1,2],"texture":"#0"}}},{"from":[7.925,15.54161,11.05709],"to":[9.125,16.19161,11.70709],"rotation":{"angle":45,"axis":"x","origin":[16,23.19161,18.55709]},"faces":{"north":{"uv":[0,0,1,1.95],"texture":"#0"},"east":{"uv":[1,0,3,1.95],"texture":"#0"},"south":{"uv":[0,0,1,1.95],"texture":"#0"},"west":{"uv":[0,0,2,1.95],"texture":"#0"},"up":{"uv":[0,0,1,2],"texture":"#0"},"down":{"uv":[0,0,1,2],"texture":"#0"}}},{"from":[7.925,17.04161,11.23209],"to":[9.075,17.51661,11.70709],"rotation":{"angle":45,"axis":"x","origin":[16,24.69161,18.55709]},"faces":{"north":{"uv":[0,0,1,1.95],"texture":"#0"},"east":{"uv":[1,0,3,1.95],"texture":"#0"},"south":{"uv":[0,0,1,1.95],"texture":"#0"},"west":{"uv":[0,0,2,1.95],"texture":"#0"},"up":{"uv":[0,0,1,2],"texture":"#0"},"down":{"uv":[0,0,1,2],"texture":"#0"}}},{"from":[7.925,11.54161,11.05709],"to":[9.075,12.19161,11.70709],"rotation":{"angle":45,"axis":"x","origin":[16,19.19161,18.55709]},"faces":{"north":{"uv":[0,0,1,1.95],"texture":"#0"},"east":{"uv":[1,0,3,1.95],"texture":"#0"},"south":{"uv":[0,0,1,1.95],"texture":"#0"},"west":{"uv":[0,0,2,1.95],"texture":"#0"},"up":{"uv":[0,0,1,2],"texture":"#0"},"down":{"uv":[0,0,1,2],"texture":"#0"}}},{"from":[7.975,17.19161,7.63209],"to":[9.025,23.11661,9.00709],"rotation":{"angle":0,"axis":"y","origin":[16,25.19161,15.05709]},"faces":{"north":{"uv":[8,0,9,9.35],"texture":"#0"},"east":{"uv":[8.5,5.5,11.25,15.85],"texture":"#0"},"south":{"uv":[8,0,9,9.35],"texture":"#0"},"west":{"uv":[8,6.5,10.25,14.85],"texture":"#0"},"up":{"uv":[10,0,11,1.75],"texture":"#0"},"down":{"uv":[10.5,5,11.5,6.75],"texture":"#0"}}},{"from":[7.95,17.11661,8.13209],"to":[9.05,24.46661,8.50709],"rotation":{"angle":0,"axis":"y","origin":[16,25.19161,15.05709]},"faces":{"north":{"uv":[0,0,1,6.5],"texture":"#0"},"east":{"uv":[0,0,1.375,6.5],"texture":"#0"},"south":{"uv":[0,0,1,6.5],"texture":"#0"},"west":{"uv":[0,0,1.375,6.5],"texture":"#0"},"up":{"uv":[0,0,1,1.375],"texture":"#0"},"down":{"uv":[0,0,1,1.375],"texture":"#0"}}},{"from":[7.9,23.09161,8.05709],"to":[9.1,24.46661,8.60709],"rotation":{"angle":0,"axis":"y","origin":[16,25.19161,14.93209]},"faces":{"north":{"uv":[0,0,1,6.5],"texture":"#0"},"east":{"uv":[1.5,0,2.875,6.5],"texture":"#0"},"south":{"uv":[0,0,1,6.5],"texture":"#0"},"west":{"uv":[0,0,1.375,6.5],"texture":"#0"},"up":{"uv":[0,0,1,1.375],"texture":"#0"},"down":{"uv":[0,0,1,1.375],"texture":"#0"}}},{"from":[8.15,-16,7.80709],"to":[8.85,18.44161,8.80709],"rotation":{"angle":0,"axis":"y","origin":[16,25.19161,15.05709]},"faces":{"north":{"uv":[1,0,1.7,16],"texture":"#0"},"east":{"uv":[0,0,1,16],"texture":"#0"},"south":{"uv":[1,0,1.7,16],"texture":"#0"},"west":{"uv":[0,0,1,16],"texture":"#0"},"up":{"uv":[0,0,0.7,1],"texture":"#0"},"down":{"uv":[1,0,1.7,1],"texture":"#0"}}}],"display":{"thirdperson_righthand":{"translation":[0,5.75,1],"scale":[1,1.5,1]},"thirdperson_lefthand":{"translation":[0,5.75,1],"scale":[1,1.5,1]},"firstperson_righthand":{"rotation":[-34,23,-4],"translation":[4.5,-7.5,-2.75],"scale":[1,2,1]},"firstperson_lefthand":{"rotation":[-30,16,-6],"translation":[11,-8.75,-7],"scale":[0.98,2,1]},"ground":{"rotation":[61,74,0],"translation":[0,11.25,0],"scale":[1,1.5,1]},"gui":{"rotation":[-48,-38,-60],"translation":[0.25,0,0],"scale":[0.38,0.44,0.37]},"head":{"rotation":[0,170,136],"translation":[-2.25,-11.75,4.25],"scale":[1.5,2,1.5]},"fixed":{"rotation":[0,90,-180],"translation":[-0.75,11,-0.75],"scale":[2,2.5,2]}}}