{"credit":"Made with Blockbench","textures":{"0":"camelot:shuten_bowl","particle":"camelot:shuten_bowl"},"elements":[{"from":[6.5,10.75,5],"to":[9.5,10.925,6],"rotation":{"angle":0,"axis":"y","origin":[7.95124,10.432,8.44749]},"faces":{"north":{"uv":[0,0,3,0.175],"texture":"#0"},"east":{"uv":[0,0,1,0.175],"texture":"#0"},"south":{"uv":[0,0,3,0.175],"texture":"#0"},"west":{"uv":[0,0,1,0.175],"texture":"#0"},"up":{"uv":[0,0,3,1],"texture":"#0"},"down":{"uv":[0,0,3,1],"texture":"#0"}}},{"from":[6.5,10.75,11.24264],"to":[9.5,10.925,12.24264],"rotation":{"angle":0,"axis":"y","origin":[7.95124,10.432,8.44749]},"faces":{"north":{"uv":[0,0,3,0.175],"texture":"#0"},"east":{"uv":[0,0,1,0.175],"texture":"#0"},"south":{"uv":[0,0,3,0.175],"texture":"#0"},"west":{"uv":[0,0,1,0.175],"texture":"#0"},"up":{"uv":[0,0,3,1],"texture":"#0"},"down":{"uv":[0,0,3,1],"texture":"#0"}}},{"from":[6.75,10.5,10.74264],"to":[9.25,10.75,11.74264],"rotation":{"angle":0,"axis":"y","origin":[7.95124,10.432,8.44749]},"faces":{"north":{"uv":[0,0,2.5,0.25],"texture":"#0"},"east":{"uv":[0,0,1,0.25],"texture":"#0"},"south":{"uv":[0,0,2.5,0.25],"texture":"#0"},"west":{"uv":[0,0,1,0.25],"texture":"#0"},"up":{"uv":[0,0,2.5,1],"texture":"#0"},"down":{"uv":[0,0,2.5,1],"texture":"#0"}}},{"from":[7,10.25,10.24264],"to":[9,10.5,11.24264],"rotation":{"angle":0,"axis":"y","origin":[7.95124,10.432,8.44749]},"faces":{"north":{"uv":[0,0,2,0.25],"texture":"#0"},"east":{"uv":[0,0,1,0.25],"texture":"#0"},"south":{"uv":[0,0,2,0.25],"texture":"#0"},"west":{"uv":[0,0,1,0.25],"texture":"#0"},"up":{"uv":[0,0,2,1],"texture":"#0"},"down":{"uv":[0,0,2,1],"texture":"#0"}}},{"from":[7.25,10,9.74264],"to":[8.75,10.25,10.74264],"rotation":{"angle":0,"axis":"y","origin":[7.95124,10.432,8.44749]},"faces":{"north":{"uv":[0,0,1.5,0.25],"texture":"#0"},"east":{"uv":[0,0,1,0.25],"texture":"#0"},"south":{"uv":[0,0,1.5,0.25],"texture":"#0"},"west":{"uv":[0,0,1,0.25],"texture":"#0"},"up":{"uv":[0,0,1.5,1],"texture":"#0"},"down":{"uv":[0,0,1.5,1],"texture":"#0"}}},{"from":[7.25,9.625,9.24264],"to":[8.75,10,10.24264],"rotation":{"angle":0,"axis":"y","origin":[7.95124,10.432,8.44749]},"faces":{"north":{"uv":[0,0,1.5,0.375],"texture":"#0"},"east":{"uv":[0,0,1,0.375],"texture":"#0"},"south":{"uv":[0,0,1.5,0.375],"texture":"#0"},"west":{"uv":[0,0,1,0.375],"texture":"#0"},"up":{"uv":[0,0,1.5,1],"texture":"#0"},"down":{"uv":[0,0,1.5,1],"texture":"#0"}}},{"from":[7.25,9.55,9.34264],"to":[8.75,9.625,10.31764],"rotation":{"angle":0,"axis":"y","origin":[7.95124,10.432,8.44749]},"faces":{"north":{"uv":[0,0,1.5,0.075],"texture":"#0"},"east":{"uv":[0,0,0.975,0.075],"texture":"#0"},"south":{"uv":[0,0,1.5,0.075],"texture":"#0"},"west":{"uv":[0,0,0.975,0.075],"texture":"#0"},"up":{"uv":[0,0,1.5,0.975],"texture":"#0"},"down":{"uv":[0,0,1.5,0.975],"texture":"#0"}}},{"from":[6.75,10.5,5.49264],"to":[9.25,10.75,6.49264],"rotation":{"angle":0,"axis":"y","origin":[7.95124,10.432,8.44749]},"faces":{"north":{"uv":[0,0,2.5,0.25],"texture":"#0"},"east":{"uv":[0,0,1,0.25],"texture":"#0"},"south":{"uv":[0,0,2.5,0.25],"texture":"#0"},"west":{"uv":[0,0,1,0.25],"texture":"#0"},"up":{"uv":[0,0,2.5,1],"texture":"#0"},"down":{"uv":[0,0,2.5,1],"texture":"#0"}}},{"from":[7,10.25,5.99264],"to":[9,10.5,6.99264],"rotation":{"angle":0,"axis":"y","origin":[7.95124,10.432,8.44749]},"faces":{"north":{"uv":[0,0,2,0.25],"texture":"#0"},"east":{"uv":[0,0,1,0.25],"texture":"#0"},"south":{"uv":[0,0,2,0.25],"texture":"#0"},"west":{"uv":[0,0,1,0.25],"texture":"#0"},"up":{"uv":[0,0,2,1],"texture":"#0"},"down":{"uv":[0,0,2,1],"texture":"#0"}}},{"from":[7.25,10,6.49264],"to":[8.75,10.25,7.49264],"rotation":{"angle":0,"axis":"y","origin":[7.95124,10.432,8.44749]},"faces":{"north":{"uv":[0,0,1.5,0.25],"texture":"#0"},"east":{"uv":[0,0,1,0.25],"texture":"#0"},"south":{"uv":[0,0,1.5,0.25],"texture":"#0"},"west":{"uv":[0,0,1,0.25],"texture":"#0"},"up":{"uv":[0,0,1.5,1],"texture":"#0"},"down":{"uv":[0,0,1.5,1],"texture":"#0"}}},{"from":[7.25,9.625,6.99264],"to":[8.75,10,9.74264],"rotation":{"angle":0,"axis":"y","origin":[7.95124,10.432,8.44749]},"faces":{"north":{"uv":[0,0,1.5,0.375],"texture":"#0"},"east":{"uv":[0,0,2.75,0.375],"texture":"#0"},"south":{"uv":[0,0,1.5,0.375],"texture":"#0"},"west":{"uv":[0,0,2.75,0.375],"texture":"#0"},"up":{"uv":[0,0,1.5,2.75],"texture":"#0"},"down":{"uv":[0,0,1.5,2.75],"texture":"#0"}}},{"from":[7.25,9.55,6.91764],"to":[8.75,9.625,9.64264],"rotation":{"angle":0,"axis":"y","origin":[7.95124,10.432,8.44749]},"faces":{"north":{"uv":[0,0,1.5,0.075],"texture":"#0"},"east":{"uv":[0,0,2.725,0.075],"texture":"#0"},"south":{"uv":[0,0,1.5,0.075],"texture":"#0"},"west":{"uv":[0,0,2.725,0.075],"texture":"#0"},"up":{"uv":[0,0,1.5,2.725],"texture":"#0"},"down":{"uv":[0,0,1.5,2.725],"texture":"#0"}}},{"from":[10.62132,10.75,7.12132],"to":[11.62132,10.925,10.12132],"rotation":{"angle":0,"axis":"y","origin":[7.95124,10.432,8.44749]},"faces":{"north":{"uv":[0,0,1,0.175],"texture":"#0"},"east":{"uv":[0,0,3,0.175],"texture":"#0"},"south":{"uv":[0,0,1,0.175],"texture":"#0"},"west":{"uv":[0,0,3,0.175],"texture":"#0"},"up":{"uv":[0,0,1,3],"texture":"#0"},"down":{"uv":[0,0,1,3],"texture":"#0"}}},{"from":[4.37868,10.75,7.12132],"to":[5.37868,10.925,10.12132],"rotation":{"angle":0,"axis":"y","origin":[7.95124,10.432,8.44749]},"faces":{"north":{"uv":[2,0,3,0.175],"texture":"#0"},"east":{"uv":[0,1,1,2.175],"texture":"#0"},"south":{"uv":[0,0,1,0.175],"texture":"#0"},"west":{"uv":[0,0,3,0.175],"texture":"#0"},"up":{"uv":[0,0,2,1],"texture":"#0"},"down":{"uv":[0,0,1,3],"texture":"#0"}}},{"from":[4.87868,10.5,7.37132],"to":[5.87868,10.75,9.87132],"rotation":{"angle":0,"axis":"y","origin":[7.95124,10.432,8.44749]},"faces":{"north":{"uv":[0,0,1,0.25],"texture":"#0"},"east":{"uv":[0,0,2.5,0.25],"texture":"#0"},"south":{"uv":[0,0,1,0.25],"texture":"#0"},"west":{"uv":[0,0,2.5,0.25],"texture":"#0"},"up":{"uv":[0,0,1,2.5],"texture":"#0"},"down":{"uv":[0,0,1,2.5],"texture":"#0"}}},{"from":[5.37868,10.25,7.62132],"to":[6.37868,10.5,9.62132],"rotation":{"angle":0,"axis":"y","origin":[7.95124,10.432,8.44749]},"faces":{"north":{"uv":[0,0,1,0.25],"texture":"#0"},"east":{"uv":[0,0,2,0.25],"texture":"#0"},"south":{"uv":[0,0,1,0.25],"texture":"#0"},"west":{"uv":[0,0,2,0.25],"texture":"#0"},"up":{"uv":[0,0,1,2],"texture":"#0"},"down":{"uv":[0,0,1,2],"texture":"#0"}}},{"from":[5.87868,10,7.87132],"to":[6.87868,10.25,9.37132],"rotation":{"angle":0,"axis":"y","origin":[7.95124,10.432,8.44749]},"faces":{"north":{"uv":[0,0,1,0.25],"texture":"#0"},"east":{"uv":[0,0,1.5,0.25],"texture":"#0"},"south":{"uv":[0,0,1,0.25],"texture":"#0"},"west":{"uv":[0,0,1.5,0.25],"texture":"#0"},"up":{"uv":[0,0,1,1.5],"texture":"#0"},"down":{"uv":[0,0,1,1.5],"texture":"#0"}}},{"from":[6.37868,9.625,7.87132],"to":[7.37868,10,9.37132],"rotation":{"angle":0,"axis":"y","origin":[7.95124,10.432,8.44749]},"faces":{"north":{"uv":[0,0,1,0.375],"texture":"#0"},"east":{"uv":[0,0,1.5,0.375],"texture":"#0"},"south":{"uv":[0,0,1,0.375],"texture":"#0"},"west":{"uv":[0,0,1.5,0.375],"texture":"#0"},"up":{"uv":[0,0,1,1.5],"texture":"#0"},"down":{"uv":[0,0,1,1.5],"texture":"#0"}}},{"from":[6.30368,9.55,7.87132],"to":[7.27868,9.625,9.37132],"rotation":{"angle":0,"axis":"y","origin":[7.95124,10.432,8.44749]},"faces":{"north":{"uv":[0,0,0.975,0.075],"texture":"#0"},"east":{"uv":[0,0,1.5,0.075],"texture":"#0"},"south":{"uv":[0,0,0.975,0.075],"texture":"#0"},"west":{"uv":[0,0,1.5,0.075],"texture":"#0"},"up":{"uv":[0,0,0.975,1.5],"texture":"#0"},"down":{"uv":[0,0,0.975,1.5],"texture":"#0"}}},{"from":[6.37868,9.75,7.87132],"to":[7.37868,10,9.37132],"rotation":{"angle":0,"axis":"y","origin":[7.95124,10.432,8.44749]},"faces":{"north":{"uv":[0,0,1,0.25],"texture":"#0"},"east":{"uv":[0,0,1.5,0.25],"texture":"#0"},"south":{"uv":[0,0,1,0.25],"texture":"#0"},"west":{"uv":[0,0,1.5,0.25],"texture":"#0"},"up":{"uv":[0,0,1,1.5],"texture":"#0"},"down":{"uv":[0,0,1,1.5],"texture":"#0"}}},{"from":[10.12868,10.5,7.37132],"to":[11.12868,10.75,9.87132],"rotation":{"angle":0,"axis":"y","origin":[7.95124,10.432,8.44749]},"faces":{"north":{"uv":[0,0,1,0.25],"texture":"#0"},"east":{"uv":[0,0,2.5,0.25],"texture":"#0"},"south":{"uv":[0,0,1,0.25],"texture":"#0"},"west":{"uv":[0,0,2.5,0.25],"texture":"#0"},"up":{"uv":[0,0,1,2.5],"texture":"#0"},"down":{"uv":[0,0,1,2.5],"texture":"#0"}}},{"from":[9.62868,10.25,7.62132],"to":[10.62868,10.5,9.62132],"rotation":{"angle":0,"axis":"y","origin":[7.95124,10.432,8.44749]},"faces":{"north":{"uv":[0,0,1,0.25],"texture":"#0"},"east":{"uv":[0,0,2,0.25],"texture":"#0"},"south":{"uv":[0,0,1,0.25],"texture":"#0"},"west":{"uv":[0,0,2,0.25],"texture":"#0"},"up":{"uv":[0,0,1,2],"texture":"#0"},"down":{"uv":[0,0,1,2],"texture":"#0"}}},{"from":[9.12868,10,7.87132],"to":[10.12868,10.25,9.37132],"rotation":{"angle":0,"axis":"y","origin":[7.95124,10.432,8.44749]},"faces":{"north":{"uv":[0,0,1,0.25],"texture":"#0"},"east":{"uv":[0,0,1.5,0.25],"texture":"#0"},"south":{"uv":[0,0,1,0.25],"texture":"#0"},"west":{"uv":[0,0,1.5,0.25],"texture":"#0"},"up":{"uv":[0,0,1,1.5],"texture":"#0"},"down":{"uv":[0,0,1,1.5],"texture":"#0"}}},{"from":[8.62868,9.625,7.87132],"to":[9.62868,10,9.37132],"rotation":{"angle":0,"axis":"y","origin":[7.95124,10.432,8.44749]},"faces":{"north":{"uv":[0,0,1,0.375],"texture":"#0"},"east":{"uv":[0,0,1.5,0.375],"texture":"#0"},"south":{"uv":[0,0,1,0.375],"texture":"#0"},"west":{"uv":[0,0,1.5,0.375],"texture":"#0"},"up":{"uv":[0,0,1,1.5],"texture":"#0"},"down":{"uv":[0,0,1,1.5],"texture":"#0"}}},{"from":[8.70368,9.55,7.87132],"to":[9.70368,9.625,9.37132],"rotation":{"angle":0,"axis":"y","origin":[7.95124,10.432,8.44749]},"faces":{"north":{"uv":[0,0,1,0.075],"texture":"#0"},"east":{"uv":[0,0,1.5,0.075],"texture":"#0"},"south":{"uv":[0,0,1,0.075],"texture":"#0"},"west":{"uv":[0,0,1.5,0.075],"texture":"#0"},"up":{"uv":[0,0,1,1.5],"texture":"#0"},"down":{"uv":[0,0,1,1.5],"texture":"#0"}}},{"from":[6.60863,10.75,4.91461],"to":[9.60863,10.925,5.91461],"rotation":{"angle":-45,"axis":"y","origin":[7.95124,10.432,8.44749]},"faces":{"north":{"uv":[0,0,3,0.175],"texture":"#0"},"east":{"uv":[0,0,1,0.175],"texture":"#0"},"south":{"uv":[0,0,3,0.175],"texture":"#0"},"west":{"uv":[0,0,1,0.175],"texture":"#0"},"up":{"uv":[0,0,3,1],"texture":"#0"},"down":{"uv":[0,0,3,1],"texture":"#0"}}},{"from":[6.60863,10.75,11.15725],"to":[9.60863,10.925,12.15725],"rotation":{"angle":-45,"axis":"y","origin":[7.95124,10.432,8.44749]},"faces":{"north":{"uv":[0,0,3,0.175],"texture":"#0"},"east":{"uv":[0,0,1,0.175],"texture":"#0"},"south":{"uv":[0,0,3,0.175],"texture":"#0"},"west":{"uv":[0,0,1,0.175],"texture":"#0"},"up":{"uv":[0,0,3,1],"texture":"#0"},"down":{"uv":[0,0,3,1],"texture":"#0"}}},{"from":[6.78705,10.5,5.43973],"to":[9.43705,10.75,6.43973],"rotation":{"angle":-45,"axis":"y","origin":[7.95124,10.432,8.44749]},"faces":{"north":{"uv":[0,0,2.65,0.25],"texture":"#0"},"east":{"uv":[0,0,1,0.25],"texture":"#0"},"south":{"uv":[0,0,2.65,0.25],"texture":"#0"},"west":{"uv":[0,0,1,0.25],"texture":"#0"},"up":{"uv":[0,0,2.65,1],"texture":"#0"},"down":{"uv":[0,0,2.65,1],"texture":"#0"}}},{"from":[6.78541,10.5,10.62692],"to":[9.43541,10.75,11.62692],"rotation":{"angle":-45,"axis":"y","origin":[7.95124,10.432,8.44749]},"faces":{"north":{"uv":[0,0,2.65,0.25],"texture":"#0"},"east":{"uv":[0,0,1,0.25],"texture":"#0"},"south":{"uv":[0,0,2.65,0.25],"texture":"#0"},"west":{"uv":[0,0,1,0.25],"texture":"#0"},"up":{"uv":[0,0,2.65,1],"texture":"#0"},"down":{"uv":[0,0,2.65,1],"texture":"#0"}}},{"from":[6.53959,10.5,10.69588],"to":[9.18959,10.75,11.69588],"rotation":{"angle":45,"axis":"y","origin":[7.95124,10.432,8.44749]},"faces":{"north":{"uv":[0,0,2.65,0.25],"texture":"#0"},"east":{"uv":[0,0,1,0.25],"texture":"#0"},"south":{"uv":[0,0,2.65,0.25],"texture":"#0"},"west":{"uv":[0,0,1,0.25],"texture":"#0"},"up":{"uv":[0,0,2.65,1],"texture":"#0"},"down":{"uv":[0,0,2.65,1],"texture":"#0"}}},{"from":[6.54123,10.5,5.50869],"to":[9.19123,10.75,6.50869],"rotation":{"angle":45,"axis":"y","origin":[7.95124,10.432,8.44749]},"faces":{"north":{"uv":[0,0,2.65,0.25],"texture":"#0"},"east":{"uv":[0,0,1,0.25],"texture":"#0"},"south":{"uv":[0,0,2.65,0.25],"texture":"#0"},"west":{"uv":[0,0,1,0.25],"texture":"#0"},"up":{"uv":[0,0,2.65,1],"texture":"#0"},"down":{"uv":[0,0,2.65,1],"texture":"#0"}}},{"from":[6.96028,10.25,5.97006],"to":[9.26028,10.5,6.97006],"rotation":{"angle":-45,"axis":"y","origin":[7.95124,10.432,8.44749]},"faces":{"north":{"uv":[0,0,2.3,0.25],"texture":"#0"},"east":{"uv":[0,0,1,0.25],"texture":"#0"},"south":{"uv":[0,0,2.3,0.25],"texture":"#0"},"west":{"uv":[0,0,1,0.25],"texture":"#0"},"up":{"uv":[0,0,2.3,1],"texture":"#0"},"down":{"uv":[0,0,2.3,1],"texture":"#0"}}},{"from":[6.96218,10.25,10.09659],"to":[9.26218,10.5,11.09659],"rotation":{"angle":-45,"axis":"y","origin":[7.95124,10.432,8.44749]},"faces":{"north":{"uv":[0,0,2.3,0.25],"texture":"#0"},"east":{"uv":[0,0,1,0.25],"texture":"#0"},"south":{"uv":[0,0,2.3,0.25],"texture":"#0"},"west":{"uv":[0,0,1,0.25],"texture":"#0"},"up":{"uv":[0,0,2.3,1],"texture":"#0"},"down":{"uv":[0,0,2.3,1],"texture":"#0"}}},{"from":[6.71636,10.25,10.16555],"to":[9.01636,10.5,11.16555],"rotation":{"angle":45,"axis":"y","origin":[7.95124,10.432,8.44749]},"faces":{"north":{"uv":[0,0,2.3,0.25],"texture":"#0"},"east":{"uv":[0,0,1,0.25],"texture":"#0"},"south":{"uv":[0,0,2.3,0.25],"texture":"#0"},"west":{"uv":[0,0,1,0.25],"texture":"#0"},"up":{"uv":[0,0,2.3,1],"texture":"#0"},"down":{"uv":[0,0,2.3,1],"texture":"#0"}}},{"from":[6.71445,10.25,6.03903],"to":[9.01445,10.5,7.03903],"rotation":{"angle":45,"axis":"y","origin":[7.95124,10.432,8.44749]},"faces":{"north":{"uv":[0,0,2.3,0.25],"texture":"#0"},"east":{"uv":[0,0,1,0.25],"texture":"#0"},"south":{"uv":[0,0,2.3,0.25],"texture":"#0"},"west":{"uv":[0,0,1,0.25],"texture":"#0"},"up":{"uv":[0,0,2.3,1],"texture":"#0"},"down":{"uv":[0,0,2.3,1],"texture":"#0"}}},{"from":[7.13351,10,6.50039],"to":[9.08351,10.25,7.50039],"rotation":{"angle":-45,"axis":"y","origin":[7.95124,10.432,8.44749]},"faces":{"north":{"uv":[0,0,1.95,0.25],"texture":"#0"},"east":{"uv":[0,0,1,0.25],"texture":"#0"},"south":{"uv":[0,0,1.95,0.25],"texture":"#0"},"west":{"uv":[0,0,1,0.25],"texture":"#0"},"up":{"uv":[0,0,1.95,1],"texture":"#0"},"down":{"uv":[0,0,1.95,1],"texture":"#0"}}},{"from":[7.13896,10,9.56626],"to":[9.08896,10.25,10.56626],"rotation":{"angle":-45,"axis":"y","origin":[7.95124,10.432,8.44749]},"faces":{"north":{"uv":[0,0,1.95,0.25],"texture":"#0"},"east":{"uv":[0,0,1,0.25],"texture":"#0"},"south":{"uv":[0,0,1.95,0.25],"texture":"#0"},"west":{"uv":[0,0,1,0.25],"texture":"#0"},"up":{"uv":[0,0,1.95,1],"texture":"#0"},"down":{"uv":[0,0,1.95,1],"texture":"#0"}}},{"from":[6.89314,10,9.63521],"to":[8.84314,10.25,10.63521],"rotation":{"angle":45,"axis":"y","origin":[7.95124,10.432,8.44749]},"faces":{"north":{"uv":[0,0,1.95,0.25],"texture":"#0"},"east":{"uv":[0,0,1,0.25],"texture":"#0"},"south":{"uv":[0,0,1.95,0.25],"texture":"#0"},"west":{"uv":[0,0,1,0.25],"texture":"#0"},"up":{"uv":[0,0,1.95,1],"texture":"#0"},"down":{"uv":[0,0,1.95,1],"texture":"#0"}}},{"from":[6.88768,10,6.56935],"to":[8.83768,10.25,7.56935],"rotation":{"angle":45,"axis":"y","origin":[7.95124,10.432,8.44749]},"faces":{"north":{"uv":[0,0,1.95,0.25],"texture":"#0"},"east":{"uv":[0,0,1,0.25],"texture":"#0"},"south":{"uv":[0,0,1.95,0.25],"texture":"#0"},"west":{"uv":[0,0,1,0.25],"texture":"#0"},"up":{"uv":[0,0,1.95,1],"texture":"#0"},"down":{"uv":[0,0,1.95,1],"texture":"#0"}}},{"from":[7.49251,9.625,9.21271],"to":[8.73251,10,10.21271],"rotation":{"angle":-45,"axis":"y","origin":[7.95124,10.432,8.44749]},"faces":{"north":{"uv":[0,0,1.24,0.375],"texture":"#0"},"east":{"uv":[0,0,1,0.375],"texture":"#0"},"south":{"uv":[0,0,1.24,0.375],"texture":"#0"},"west":{"uv":[0,0,1,0.375],"texture":"#0"},"up":{"uv":[0,0,1.24,1],"texture":"#0"},"down":{"uv":[0,0,1.24,1],"texture":"#0"}}},{"from":[7.43948,9.55,9.26574],"to":[8.77948,9.625,10.26574],"rotation":{"angle":-45,"axis":"y","origin":[7.95124,10.432,8.44749]},"faces":{"north":{"uv":[0,0,1.34,0.075],"texture":"#0"},"east":{"uv":[0,0,1,0.075],"texture":"#0"},"south":{"uv":[0,0,1.34,0.075],"texture":"#0"},"west":{"uv":[0,0,1,0.075],"texture":"#0"},"up":{"uv":[0,0,1.34,1],"texture":"#0"},"down":{"uv":[0,0,1.34,1],"texture":"#0"}}},{"from":[7.24669,9.625,9.28167],"to":[8.48669,10,10.28167],"rotation":{"angle":45,"axis":"y","origin":[7.95124,10.432,8.44749]},"faces":{"north":{"uv":[0,0,1.24,0.375],"texture":"#0"},"east":{"uv":[0,0,1,0.375],"texture":"#0"},"south":{"uv":[0,0,1.24,0.375],"texture":"#0"},"west":{"uv":[0,0,1,0.375],"texture":"#0"},"up":{"uv":[0,0,1.24,1],"texture":"#0"},"down":{"uv":[0,0,1.24,1],"texture":"#0"}}},{"from":[7.19365,9.55,9.3347],"to":[8.53365,9.625,10.3347],"rotation":{"angle":45,"axis":"y","origin":[7.95124,10.432,8.44749]},"faces":{"north":{"uv":[0,0,1.34,0.075],"texture":"#0"},"east":{"uv":[0,0,1,0.075],"texture":"#0"},"south":{"uv":[0,0,1.34,0.075],"texture":"#0"},"west":{"uv":[0,0,1,0.075],"texture":"#0"},"up":{"uv":[0,0,1.34,1],"texture":"#0"},"down":{"uv":[0,0,1.34,1],"texture":"#0"}}},{"from":[7.24412,9.625,6.92291],"to":[8.48412,10,7.92291],"rotation":{"angle":45,"axis":"y","origin":[7.95124,10.432,8.44749]},"faces":{"north":{"uv":[0,0,1.24,0.375],"texture":"#0"},"east":{"uv":[0,0,1,0.375],"texture":"#0"},"south":{"uv":[0,0,1.24,0.375],"texture":"#0"},"west":{"uv":[0,0,1,0.375],"texture":"#0"},"up":{"uv":[0,0,1.24,1],"texture":"#0"},"down":{"uv":[0,0,1.24,1],"texture":"#0"}}},{"from":[7.19715,9.55,6.86988],"to":[8.53715,9.625,7.86988],"rotation":{"angle":45,"axis":"y","origin":[7.95124,10.432,8.44749]},"faces":{"north":{"uv":[0,0,1.34,0.075],"texture":"#0"},"east":{"uv":[0,0,1,0.075],"texture":"#0"},"south":{"uv":[0,0,1.34,0.075],"texture":"#0"},"west":{"uv":[0,0,1,0.075],"texture":"#0"},"up":{"uv":[0,0,1.34,1],"texture":"#0"},"down":{"uv":[0,0,1.34,1],"texture":"#0"}}},{"from":[7.48732,9.625,6.85395],"to":[8.72732,10,7.85395],"rotation":{"angle":-45,"axis":"y","origin":[7.95124,10.432,8.44749]},"faces":{"north":{"uv":[0,0,1.24,0.375],"texture":"#0"},"east":{"uv":[0,0,1,0.375],"texture":"#0"},"south":{"uv":[0,0,1.24,0.375],"texture":"#0"},"west":{"uv":[0,0,1,0.375],"texture":"#0"},"up":{"uv":[0,0,1.24,1],"texture":"#0"},"down":{"uv":[0,0,1.24,1],"texture":"#0"}}},{"from":[7.44298,9.55,6.80091],"to":[8.78298,9.625,7.80091],"rotation":{"angle":-45,"axis":"y","origin":[7.95124,10.432,8.44749]},"faces":{"north":{"uv":[0,0,1.34,0.075],"texture":"#0"},"east":{"uv":[0,0,1,0.075],"texture":"#0"},"south":{"uv":[0,0,1.34,0.075],"texture":"#0"},"west":{"uv":[0,0,1,0.075],"texture":"#0"},"up":{"uv":[0,0,1.34,1],"texture":"#0"},"down":{"uv":[0,0,1.34,1],"texture":"#0"}}},{"from":[6.36281,10.75,11.22621],"to":[9.36281,10.925,12.22621],"rotation":{"angle":45,"axis":"y","origin":[7.95124,10.432,8.44749]},"faces":{"north":{"uv":[0,0,3,0.175],"texture":"#0"},"east":{"uv":[0,0,1,0.175],"texture":"#0"},"south":{"uv":[0,0,3,0.175],"texture":"#0"},"west":{"uv":[0,0,1,0.175],"texture":"#0"},"up":{"uv":[0,0,3,1],"texture":"#0"},"down":{"uv":[0,0,3,1],"texture":"#0"}}},{"from":[6.3628,10.75,4.98357],"to":[9.3628,10.925,5.98357],"rotation":{"angle":45,"axis":"y","origin":[7.95124,10.432,8.44749]},"faces":{"north":{"uv":[0,0,3,0.175],"texture":"#0"},"east":{"uv":[0,0,1,0.175],"texture":"#0"},"south":{"uv":[0,0,3,0.175],"texture":"#0"},"west":{"uv":[0,0,1,0.175],"texture":"#0"},"up":{"uv":[0,0,3,1],"texture":"#0"},"down":{"uv":[0,0,3,1],"texture":"#0"}}},{"from":[11.65,9.13445,9.01266],"to":[11.7,10.13445,9.48766],"rotation":{"angle":-45,"axis":"x","origin":[7.95124,10.432,8.44749]},"faces":{"north":{"uv":[15,0,16,0.475],"rotation":180,"texture":"#0"},"east":{"uv":[16,0,16,1],"rotation":270,"texture":"#0"},"south":{"uv":[15,0,16,0.475],"texture":"#0"},"west":{"uv":[15,1,15,2],"rotation":90,"texture":"#0"},"up":{"uv":[16,0,16,0.475],"rotation":180,"texture":"#0"},"down":{"uv":[16,0,16,0.475],"texture":"#0"}}},{"from":[4.325,10.37189,7.77522],"to":[4.375,11.37189,8.25022],"rotation":{"angle":-45,"axis":"x","origin":[7.95124,10.432,8.44749]},"faces":{"north":{"uv":[15,0,16,0.475],"rotation":180,"texture":"#0"},"east":{"uv":[16,1,16,2],"rotation":270,"texture":"#0"},"south":{"uv":[15,0,16,0.475],"texture":"#0"},"west":{"uv":[16,0,16,1],"rotation":90,"texture":"#0"},"up":{"uv":[16,0,16,0.475],"rotation":180,"texture":"#0"},"down":{"uv":[16,0,16,0.475],"texture":"#0"}}},{"from":[7.21249,9.43587,12.25],"to":[7.68749,10.43587,12.3],"rotation":{"angle":-45,"axis":"z","origin":[7.95124,10.432,8.44749]},"faces":{"north":{"uv":[15,1,16,1.475],"rotation":90,"texture":"#0"},"east":{"uv":[16,0,16,1],"rotation":180,"texture":"#0"},"south":{"uv":[15,0,16,0.475],"rotation":270,"texture":"#0"},"west":{"uv":[16,0,16,1],"texture":"#0"},"up":{"uv":[16,0,16,0.475],"rotation":270,"texture":"#0"},"down":{"uv":[16,0,16,0.475],"rotation":270,"texture":"#0"}}},{"from":[8.11405,10.33743,4.925],"to":[8.58905,11.33743,4.975],"rotation":{"angle":-45,"axis":"z","origin":[7.95124,10.432,8.44749]},"faces":{"north":{"uv":[15,0,16,0.475],"rotation":90,"texture":"#0"},"east":{"uv":[16,0,16,1],"rotation":180,"texture":"#0"},"south":{"uv":[15,1,16,1.475],"rotation":270,"texture":"#0"},"west":{"uv":[16,0,16,1],"texture":"#0"},"up":{"uv":[16,0,16,0.475],"rotation":270,"texture":"#0"},"down":{"uv":[16,0,16,0.475],"rotation":270,"texture":"#0"}}},{"from":[11.65,8.65715,8.53536],"to":[11.7,9.65715,9.01036],"rotation":{"angle":-45,"axis":"x","origin":[7.95124,10.432,8.44749]},"faces":{"north":{"uv":[16,0,16,1],"rotation":180,"texture":"#0"},"east":{"uv":[15,0,16,0.475],"rotation":270,"texture":"#0"},"south":{"uv":[16,0,16,1],"texture":"#0"},"west":{"uv":[15,1,16,1.475],"rotation":90,"texture":"#0"},"up":{"uv":[16,0,16,0.475],"rotation":180,"texture":"#0"},"down":{"uv":[16,0,16,0.475],"texture":"#0"}}},{"from":[4.325,9.89459,7.29793],"to":[4.375,10.89459,7.77293],"rotation":{"angle":-45,"axis":"x","origin":[7.95124,10.432,8.44749]},"faces":{"north":{"uv":[15,0,16,0.475],"rotation":180,"texture":"#0"},"east":{"uv":[16,1,16,2],"rotation":270,"texture":"#0"},"south":{"uv":[15,0,16,0.475],"texture":"#0"},"west":{"uv":[16,0,16,1],"rotation":90,"texture":"#0"},"up":{"uv":[16,0,16,0.475],"rotation":180,"texture":"#0"},"down":{"uv":[16,0,16,0.475],"texture":"#0"}}},{"from":[7.68979,8.95857,12.25],"to":[8.16479,9.95857,12.3],"rotation":{"angle":-45,"axis":"z","origin":[7.95124,10.432,8.44749]},"faces":{"north":{"uv":[15,1,16,1.475],"rotation":90,"texture":"#0"},"east":{"uv":[16,0,16,1],"rotation":180,"texture":"#0"},"south":{"uv":[15,0,16,0.475],"rotation":270,"texture":"#0"},"west":{"uv":[16,0,16,1],"texture":"#0"},"up":{"uv":[16,0,16,0.475],"rotation":270,"texture":"#0"},"down":{"uv":[16,0,16,0.475],"rotation":270,"texture":"#0"}}},{"from":[8.59135,9.86013,4.925],"to":[9.06635,10.86013,4.975],"rotation":{"angle":-45,"axis":"z","origin":[7.95124,10.432,8.44749]},"faces":{"north":{"uv":[15,0,16,0.475],"rotation":90,"texture":"#0"},"east":{"uv":[16,0,16,1],"rotation":180,"texture":"#0"},"south":{"uv":[14,1,15,1.475],"rotation":270,"texture":"#0"},"west":{"uv":[16,0,16,1],"texture":"#0"},"up":{"uv":[16,0,16,0.475],"rotation":270,"texture":"#0"},"down":{"uv":[16,0,16,0.475],"rotation":270,"texture":"#0"}}},{"from":[11.65,8.17986,8.05806],"to":[11.7,9.17986,8.53306],"rotation":{"angle":-45,"axis":"x","origin":[7.95124,10.432,8.44749]},"faces":{"north":{"uv":[15,0,16,0.475],"rotation":180,"texture":"#0"},"east":{"uv":[16,0,16,1],"rotation":270,"texture":"#0"},"south":{"uv":[15,0,16,0.475],"texture":"#0"},"west":{"uv":[15,1,15,2],"rotation":90,"texture":"#0"},"up":{"uv":[16,0,16,0.475],"rotation":180,"texture":"#0"},"down":{"uv":[16,0,16,0.475],"texture":"#0"}}},{"from":[4.325,9.41729,6.82063],"to":[4.375,10.41729,7.29563],"rotation":{"angle":-45,"axis":"x","origin":[7.95124,10.432,8.44749]},"faces":{"north":{"uv":[15,0,16,0.475],"rotation":180,"texture":"#0"},"east":{"uv":[15,1,15,2],"rotation":270,"texture":"#0"},"south":{"uv":[15,0,16,0.475],"texture":"#0"},"west":{"uv":[16,0,16,1],"rotation":90,"texture":"#0"},"up":{"uv":[16,0,16,0.475],"rotation":180,"texture":"#0"},"down":{"uv":[16,0,16,0.475],"texture":"#0"}}},{"from":[8.16708,8.48127,12.25],"to":[8.64208,9.48127,12.3],"rotation":{"angle":-45,"axis":"z","origin":[7.95124,10.432,8.44749]},"faces":{"north":{"uv":[15,1,16,1.475],"rotation":90,"texture":"#0"},"east":{"uv":[16,0,16,1],"rotation":180,"texture":"#0"},"south":{"uv":[15,0,16,0.475],"rotation":270,"texture":"#0"},"west":{"uv":[16,0,16,1],"texture":"#0"},"up":{"uv":[16,0,16,0.475],"rotation":270,"texture":"#0"},"down":{"uv":[16,0,16,0.475],"rotation":270,"texture":"#0"}}},{"from":[9.06865,9.38283,4.925],"to":[9.54365,10.38283,4.975],"rotation":{"angle":-45,"axis":"z","origin":[7.95124,10.432,8.44749]},"faces":{"north":{"uv":[15,0,16,0.475],"rotation":90,"texture":"#0"},"east":{"uv":[16,0,16,1],"rotation":180,"texture":"#0"},"south":{"uv":[15,1,16,1.475],"rotation":270,"texture":"#0"},"west":{"uv":[16,0,16,1],"texture":"#0"},"up":{"uv":[16,0,16,0.475],"rotation":270,"texture":"#0"},"down":{"uv":[16,0,16,0.475],"rotation":270,"texture":"#0"}}},{"from":[11.65,7.70256,7.58077],"to":[11.7,8.70256,8.05577],"rotation":{"angle":-45,"axis":"x","origin":[7.95124,10.432,8.44749]},"faces":{"north":{"uv":[15,0,16,0.475],"rotation":180,"texture":"#0"},"east":{"uv":[16,0,16,1],"rotation":270,"texture":"#0"},"south":{"uv":[15,0,16,0.475],"texture":"#0"},"west":{"uv":[16,1,16,2],"rotation":90,"texture":"#0"},"up":{"uv":[16,0,16,0.475],"rotation":180,"texture":"#0"},"down":{"uv":[16,0,16,0.475],"texture":"#0"}}},{"from":[4.325,8.94,6.34333],"to":[4.375,9.94,6.81833],"rotation":{"angle":-45,"axis":"x","origin":[7.95124,10.432,8.44749]},"faces":{"north":{"uv":[15,0,16,0.475],"rotation":180,"texture":"#0"},"east":{"uv":[16,1,16,2],"rotation":270,"texture":"#0"},"south":{"uv":[15,0,16,0.475],"texture":"#0"},"west":{"uv":[16,0,16,1],"rotation":90,"texture":"#0"},"up":{"uv":[16,0,16,0.475],"rotation":180,"texture":"#0"},"down":{"uv":[16,0,16,0.475],"texture":"#0"}}},{"from":[8.64438,8.00398,12.25],"to":[9.11938,9.00398,12.3],"rotation":{"angle":-45,"axis":"z","origin":[7.95124,10.432,8.44749]},"faces":{"north":{"uv":[15,1,16,1.475],"rotation":90,"texture":"#0"},"east":{"uv":[16,0,16,1],"rotation":180,"texture":"#0"},"south":{"uv":[15,0,16,0.475],"rotation":270,"texture":"#0"},"west":{"uv":[16,0,16,1],"texture":"#0"},"up":{"uv":[16,0,16,0.475],"rotation":270,"texture":"#0"},"down":{"uv":[16,0,16,0.475],"rotation":270,"texture":"#0"}}},{"from":[9.54594,8.90554,4.925],"to":[10.02094,9.90554,4.975],"rotation":{"angle":-45,"axis":"z","origin":[7.95124,10.432,8.44749]},"faces":{"north":{"uv":[15,0,16,0.475],"rotation":90,"texture":"#0"},"east":{"uv":[16,0,16,1],"rotation":180,"texture":"#0"},"south":{"uv":[14,1,15,1.475],"rotation":270,"texture":"#0"},"west":{"uv":[16,0,16,1],"texture":"#0"},"up":{"uv":[16,0,16,0.475],"rotation":270,"texture":"#0"},"down":{"uv":[16,0,16,0.475],"rotation":270,"texture":"#0"}}},{"from":[11.65,7.22526,7.10347],"to":[11.7,8.22526,7.57847],"rotation":{"angle":-45,"axis":"x","origin":[7.95124,10.432,8.44749]},"faces":{"north":{"uv":[15,0,16,0.475],"rotation":180,"texture":"#0"},"east":{"uv":[16,0,16,1],"rotation":270,"texture":"#0"},"south":{"uv":[15,0,16,0.475],"texture":"#0"},"west":{"uv":[15,1,15,2],"rotation":90,"texture":"#0"},"up":{"uv":[16,0,16,0.475],"rotation":180,"texture":"#0"},"down":{"uv":[16,0,16,0.475],"texture":"#0"}}},{"from":[4.325,8.4627,5.86603],"to":[4.375,9.4627,6.34103],"rotation":{"angle":-45,"axis":"x","origin":[7.95124,10.432,8.44749]},"faces":{"north":{"uv":[15,0,16,0.475],"rotation":180,"texture":"#0"},"east":{"uv":[16,1,16,2],"rotation":270,"texture":"#0"},"south":{"uv":[15,0,16,0.475],"texture":"#0"},"west":{"uv":[16,0,16,1],"rotation":90,"texture":"#0"},"up":{"uv":[16,0,16,0.475],"rotation":180,"texture":"#0"},"down":{"uv":[16,0,16,0.475],"texture":"#0"}}},{"from":[9.12168,7.52668,12.25],"to":[9.59668,8.52668,12.3],"rotation":{"angle":-45,"axis":"z","origin":[7.95124,10.432,8.44749]},"faces":{"north":{"uv":[15,1,16,1.475],"rotation":90,"texture":"#0"},"east":{"uv":[16,0,16,1],"rotation":180,"texture":"#0"},"south":{"uv":[15,0,16,0.475],"rotation":270,"texture":"#0"},"west":{"uv":[16,0,16,1],"texture":"#0"},"up":{"uv":[16,0,16,0.475],"rotation":270,"texture":"#0"},"down":{"uv":[16,0,16,0.475],"rotation":270,"texture":"#0"}}},{"from":[10.02324,8.42824,4.925],"to":[10.49824,9.42824,4.975],"rotation":{"angle":-45,"axis":"z","origin":[7.95124,10.432,8.44749]},"faces":{"north":{"uv":[15,0,16,0.475],"rotation":90,"texture":"#0"},"east":{"uv":[16,0,16,1],"rotation":180,"texture":"#0"},"south":{"uv":[15,1,16,1.475],"rotation":270,"texture":"#0"},"west":{"uv":[16,0,16,1],"texture":"#0"},"up":{"uv":[16,0,16,0.475],"rotation":270,"texture":"#0"},"down":{"uv":[16,0,16,0.475],"rotation":270,"texture":"#0"}}},{"from":[6,10.5,7],"to":[7.25,11.75,8.25],"rotation":{"angle":0,"axis":"y","origin":[7.95124,10.432,8.44749]},"faces":{"north":{"uv":[11,2,16,7],"texture":"#0"},"east":{"uv":[11,7,16,12],"texture":"#0"},"south":{"uv":[11,2,16,7],"texture":"#0"},"west":{"uv":[11,7,16,12],"texture":"#0"},"up":{"uv":[6,2,11,7],"texture":"#0"},"down":{"uv":[6,2,11,7],"texture":"#0"}}},{"from":[7.5,10.75,9.5],"to":[8.75,12,10.75],"rotation":{"angle":0,"axis":"y","origin":[7.95124,10.432,8.44749]},"faces":{"north":{"uv":[11,2,16,7],"texture":"#0"},"east":{"uv":[11,7,16,12],"texture":"#0"},"south":{"uv":[11,2,16,7],"texture":"#0"},"west":{"uv":[11,7,16,12],"texture":"#0"},"up":{"uv":[6,2,11,7],"texture":"#0"},"down":{"uv":[6,2,11,7],"texture":"#0"}}},{"from":[9.25,10.5,8.5],"to":[10.5,11.75,9.75],"rotation":{"angle":0,"axis":"y","origin":[7.95124,10.432,8.44749]},"faces":{"north":{"uv":[11,2,16,7],"texture":"#0"},"east":{"uv":[11,7,16,12],"texture":"#0"},"south":{"uv":[11,2,16,7],"texture":"#0"},"west":{"uv":[11,7,16,12],"texture":"#0"},"up":{"uv":[6,2,11,7],"texture":"#0"},"down":{"uv":[6,2,11,7],"texture":"#0"}}},{"from":[9.25,10.75,7],"to":[9.75,11.25,7.5],"rotation":{"angle":0,"axis":"y","origin":[7.95124,10.432,8.44749]},"faces":{"north":{"uv":[12,15,13,15.175],"texture":"#0"},"east":{"uv":[11,12,12,13.175],"texture":"#0"},"south":{"uv":[13,15,14,15.175],"texture":"#0"},"west":{"uv":[13,15,16,15.175],"texture":"#0"},"up":{"uv":[11,13,13,14],"texture":"#0"},"down":{"uv":[15,13,16,16],"texture":"#0"}}},{"from":[8.75,11.5,7.25],"to":[9.25,12,7.75],"rotation":{"angle":0,"axis":"y","origin":[7.95124,10.432,8.44749]},"faces":{"north":{"uv":[12,15,13,15.175],"texture":"#0"},"east":{"uv":[11,12,12,13.175],"texture":"#0"},"south":{"uv":[13,15,14,15.175],"texture":"#0"},"west":{"uv":[13,15,16,15.175],"texture":"#0"},"up":{"uv":[11,13,13,14],"texture":"#0"},"down":{"uv":[15,13,16,16],"texture":"#0"}}},{"from":[8.5,11,7.5],"to":[9,11.5,8],"rotation":{"angle":0,"axis":"y","origin":[7.95124,10.432,8.44749]},"faces":{"north":{"uv":[12,15,13,15.175],"texture":"#0"},"east":{"uv":[11,12,12,13.175],"texture":"#0"},"south":{"uv":[13,15,14,15.175],"texture":"#0"},"west":{"uv":[13,15,16,15.175],"texture":"#0"},"up":{"uv":[11,13,13,14],"texture":"#0"},"down":{"uv":[15,13,16,16],"texture":"#0"}}},{"from":[8.5,11.25,6.75],"to":[9,11.75,7.25],"rotation":{"angle":0,"axis":"y","origin":[7.95124,10.432,8.44749]},"faces":{"north":{"uv":[12,15,13,15.175],"texture":"#0"},"east":{"uv":[11,12,12,13.175],"texture":"#0"},"south":{"uv":[13,15,14,15.175],"texture":"#0"},"west":{"uv":[13,15,16,15.175],"texture":"#0"},"up":{"uv":[11,13,13,14],"texture":"#0"},"down":{"uv":[15,13,16,16],"texture":"#0"}}},{"from":[8.25,10.75,6.5],"to":[8.75,11.25,7],"rotation":{"angle":0,"axis":"y","origin":[7.95124,10.432,8.44749]},"faces":{"north":{"uv":[12,15,13,15.175],"texture":"#0"},"east":{"uv":[11,12,12,13.175],"texture":"#0"},"south":{"uv":[13,15,14,15.175],"texture":"#0"},"west":{"uv":[13,15,16,15.175],"texture":"#0"},"up":{"uv":[11,13,13,14],"texture":"#0"},"down":{"uv":[15,13,16,16],"texture":"#0"}}},{"from":[7.5,12,7],"to":[8,12.5,7.5],"rotation":{"angle":0,"axis":"y","origin":[7.95124,10.432,8.44749]},"faces":{"north":{"uv":[12,15,13,15.175],"texture":"#0"},"east":{"uv":[11,12,12,13.175],"texture":"#0"},"south":{"uv":[13,15,14,15.175],"texture":"#0"},"west":{"uv":[13,15,16,15.175],"texture":"#0"},"up":{"uv":[11,13,13,14],"texture":"#0"},"down":{"uv":[15,13,16,16],"texture":"#0"}}},{"from":[7.5,11,6.75],"to":[8,11.5,7.25],"rotation":{"angle":0,"axis":"y","origin":[7.95124,10.432,8.44749]},"faces":{"north":{"uv":[12,15,13,15.175],"texture":"#0"},"east":{"uv":[11,12,12,13.175],"texture":"#0"},"south":{"uv":[13,15,14,15.175],"texture":"#0"},"west":{"uv":[13,15,16,15.175],"texture":"#0"},"up":{"uv":[11,13,13,14],"texture":"#0"},"down":{"uv":[15,13,16,16],"texture":"#0"}}},{"from":[8,11,7.25],"to":[8.5,11.5,7.75],"rotation":{"angle":0,"axis":"y","origin":[7.95124,10.432,8.44749]},"faces":{"north":{"uv":[12,15,13,15.175],"texture":"#0"},"east":{"uv":[11,12,12,13.175],"texture":"#0"},"south":{"uv":[13,15,14,15.175],"texture":"#0"},"west":{"uv":[13,15,16,15.175],"texture":"#0"},"up":{"uv":[11,13,13,14],"texture":"#0"},"down":{"uv":[15,13,16,16],"texture":"#0"}}},{"from":[7.75,11.25,7.5],"to":[8.25,11.75,8],"rotation":{"angle":0,"axis":"y","origin":[7.95124,10.432,8.44749]},"faces":{"north":{"uv":[12,15,13,15.175],"texture":"#0"},"east":{"uv":[11,12,12,13.175],"texture":"#0"},"south":{"uv":[13,15,14,15.175],"texture":"#0"},"west":{"uv":[13,15,16,15.175],"texture":"#0"},"up":{"uv":[11,13,13,14],"texture":"#0"},"down":{"uv":[15,13,16,16],"texture":"#0"}}},{"from":[7,11.5,7.5],"to":[7.5,12,8],"rotation":{"angle":0,"axis":"y","origin":[7.95124,10.432,8.44749]},"faces":{"north":{"uv":[12,15,13,15.175],"texture":"#0"},"east":{"uv":[11,12,12,13.175],"texture":"#0"},"south":{"uv":[13,15,14,15.175],"texture":"#0"},"west":{"uv":[13,15,16,15.175],"texture":"#0"},"up":{"uv":[11,13,13,14],"texture":"#0"},"down":{"uv":[15,13,16,16],"texture":"#0"}}},{"from":[7.25,10.75,7.5],"to":[7.75,11.25,8],"rotation":{"angle":0,"axis":"y","origin":[7.95124,10.432,8.44749]},"faces":{"north":{"uv":[12,15,13,15.175],"texture":"#0"},"east":{"uv":[11,12,12,13.175],"texture":"#0"},"south":{"uv":[13,15,14,15.175],"texture":"#0"},"west":{"uv":[13,15,16,15.175],"texture":"#0"},"up":{"uv":[11,13,13,14],"texture":"#0"},"down":{"uv":[15,13,16,16],"texture":"#0"}}},{"from":[7.25,10,7.5],"to":[7.75,10.5,8],"rotation":{"angle":0,"axis":"y","origin":[7.95124,10.432,8.44749]},"faces":{"north":{"uv":[12,15,13,15.175],"texture":"#0"},"east":{"uv":[11,12,12,13.175],"texture":"#0"},"south":{"uv":[13,15,14,15.175],"texture":"#0"},"west":{"uv":[13,15,16,15.175],"texture":"#0"},"up":{"uv":[11,13,13,14],"texture":"#0"},"down":{"uv":[15,13,16,16],"texture":"#0"}}},{"from":[6.5,11.75,8],"to":[7,12.25,8.5],"rotation":{"angle":0,"axis":"y","origin":[7.95124,10.432,8.44749]},"faces":{"north":{"uv":[12,15,13,15.175],"texture":"#0"},"east":{"uv":[11,12,12,13.175],"texture":"#0"},"south":{"uv":[13,15,14,15.175],"texture":"#0"},"west":{"uv":[13,15,16,15.175],"texture":"#0"},"up":{"uv":[11,13,13,14],"texture":"#0"},"down":{"uv":[15,13,16,16],"texture":"#0"}}},{"from":[6.75,12.25,7.75],"to":[7.25,12.75,8.25],"rotation":{"angle":0,"axis":"y","origin":[7.95124,10.432,8.44749]},"faces":{"north":{"uv":[12,15,13,15.175],"texture":"#0"},"east":{"uv":[11,12,12,13.175],"texture":"#0"},"south":{"uv":[13,15,14,15.175],"texture":"#0"},"west":{"uv":[13,15,16,15.175],"texture":"#0"},"up":{"uv":[11,13,13,14],"texture":"#0"},"down":{"uv":[15,13,16,16],"texture":"#0"}}},{"from":[7.5,12.5,7.75],"to":[8,13,8.25],"rotation":{"angle":0,"axis":"y","origin":[7.95124,10.432,8.44749]},"faces":{"north":{"uv":[12,15,13,15.175],"texture":"#0"},"east":{"uv":[11,12,12,13.175],"texture":"#0"},"south":{"uv":[13,15,14,15.175],"texture":"#0"},"west":{"uv":[13,15,16,15.175],"texture":"#0"},"up":{"uv":[11,13,13,14],"texture":"#0"},"down":{"uv":[15,13,16,16],"texture":"#0"}}},{"from":[8,12,8],"to":[8.5,12.5,8.5],"rotation":{"angle":0,"axis":"y","origin":[7.95124,10.432,8.44749]},"faces":{"north":{"uv":[12,15,13,15.175],"texture":"#0"},"east":{"uv":[11,12,12,13.175],"texture":"#0"},"south":{"uv":[13,15,14,15.175],"texture":"#0"},"west":{"uv":[13,15,16,15.175],"texture":"#0"},"up":{"uv":[11,13,13,14],"texture":"#0"},"down":{"uv":[15,13,16,16],"texture":"#0"}}},{"from":[7.5,12.5,7.75],"to":[8,13,8.25],"rotation":{"angle":0,"axis":"y","origin":[7.95124,10.432,8.44749]},"color":1,"faces":{"north":{"uv":[0,0,0.5,0.5],"texture":"#missing"},"east":{"uv":[0,0,0.5,0.5],"texture":"#missing"},"south":{"uv":[0,0,0.5,0.5],"texture":"#missing"},"west":{"uv":[0,0,0.5,0.5],"texture":"#missing"},"up":{"uv":[0,0,0.5,0.5],"texture":"#missing"},"down":{"uv":[0,0,0.5,0.5],"texture":"#missing"}}},{"from":[7.25,12,8],"to":[7.75,12.5,8.5],"rotation":{"angle":0,"axis":"y","origin":[7.95124,10.432,8.44749]},"faces":{"north":{"uv":[12,15,13,15.175],"texture":"#0"},"east":{"uv":[11,12,12,13.175],"texture":"#0"},"south":{"uv":[13,15,14,15.175],"texture":"#0"},"west":{"uv":[13,15,16,15.175],"texture":"#0"},"up":{"uv":[11,13,13,14],"texture":"#0"},"down":{"uv":[15,13,16,16],"texture":"#0"}}},{"from":[8.5,11.25,7.5],"to":[9,11.75,8],"rotation":{"angle":0,"axis":"y","origin":[7.95124,10.432,8.44749]},"faces":{"north":{"uv":[12,15,13,15.175],"texture":"#0"},"east":{"uv":[11,12,12,13.175],"texture":"#0"},"south":{"uv":[13,15,14,15.175],"texture":"#0"},"west":{"uv":[13,15,16,15.175],"texture":"#0"},"up":{"uv":[11,13,13,14],"texture":"#0"},"down":{"uv":[15,13,16,16],"texture":"#0"}}},{"from":[7.75,10.5,7.25],"to":[8.25,11,7.75],"rotation":{"angle":0,"axis":"y","origin":[7.95124,10.432,8.44749]},"faces":{"north":{"uv":[12,15,13,15.175],"texture":"#0"},"east":{"uv":[11,12,12,13.175],"texture":"#0"},"south":{"uv":[13,15,14,15.175],"texture":"#0"},"west":{"uv":[13,15,16,15.175],"texture":"#0"},"up":{"uv":[11,13,13,14],"texture":"#0"},"down":{"uv":[15,13,16,16],"texture":"#0"}}},{"from":[8.75,10.5,7.25],"to":[9.25,11,7.75],"rotation":{"angle":0,"axis":"y","origin":[7.95124,10.432,8.44749]},"faces":{"north":{"uv":[12,15,13,15.175],"texture":"#0"},"east":{"uv":[11,12,12,13.175],"texture":"#0"},"south":{"uv":[13,15,14,15.175],"texture":"#0"},"west":{"uv":[13,15,16,15.175],"texture":"#0"},"up":{"uv":[11,13,13,14],"texture":"#0"},"down":{"uv":[15,13,16,16],"texture":"#0"}}},{"from":[9,10.25,8],"to":[9.5,10.75,8.5],"rotation":{"angle":0,"axis":"y","origin":[7.95124,10.432,8.44749]},"faces":{"north":{"uv":[12,15,13,15.175],"texture":"#0"},"east":{"uv":[11,12,12,13.175],"texture":"#0"},"south":{"uv":[13,15,14,15.175],"texture":"#0"},"west":{"uv":[13,15,16,15.175],"texture":"#0"},"up":{"uv":[11,13,13,14],"texture":"#0"},"down":{"uv":[15,13,16,16],"texture":"#0"}}},{"from":[8.25,10.5,8],"to":[8.75,11,8.5],"rotation":{"angle":0,"axis":"y","origin":[7.95124,10.432,8.44749]},"faces":{"north":{"uv":[12,15,13,15.175],"texture":"#0"},"east":{"uv":[11,12,12,13.175],"texture":"#0"},"south":{"uv":[13,15,14,15.175],"texture":"#0"},"west":{"uv":[13,15,16,15.175],"texture":"#0"},"up":{"uv":[11,13,13,14],"texture":"#0"},"down":{"uv":[15,13,16,16],"texture":"#0"}}},{"from":[8,11.25,8.5],"to":[8.5,11.75,9],"rotation":{"angle":0,"axis":"y","origin":[7.95124,10.432,8.44749]},"faces":{"north":{"uv":[12,15,13,15.175],"texture":"#0"},"east":{"uv":[11,12,12,13.175],"texture":"#0"},"south":{"uv":[13,15,14,15.175],"texture":"#0"},"west":{"uv":[13,15,16,15.175],"texture":"#0"},"up":{"uv":[11,13,13,14],"texture":"#0"},"down":{"uv":[15,13,16,16],"texture":"#0"}}},{"from":[7,11,8.5],"to":[7.5,11.5,9],"rotation":{"angle":0,"axis":"y","origin":[7.95124,10.432,8.44749]},"faces":{"north":{"uv":[12,15,13,15.175],"texture":"#0"},"east":{"uv":[11,12,12,13.175],"texture":"#0"},"south":{"uv":[13,15,14,15.175],"texture":"#0"},"west":{"uv":[13,15,16,15.175],"texture":"#0"},"up":{"uv":[11,13,13,14],"texture":"#0"},"down":{"uv":[15,13,16,16],"texture":"#0"}}},{"from":[7.5,10.75,8.75],"to":[8,11.25,9.25],"rotation":{"angle":0,"axis":"y","origin":[7.95124,10.432,8.44749]},"faces":{"north":{"uv":[12,15,13,15.175],"texture":"#0"},"east":{"uv":[11,12,12,13.175],"texture":"#0"},"south":{"uv":[13,15,14,15.175],"texture":"#0"},"west":{"uv":[13,15,16,15.175],"texture":"#0"},"up":{"uv":[11,13,13,14],"texture":"#0"},"down":{"uv":[15,13,16,16],"texture":"#0"}}},{"from":[6.5,10.25,8.25],"to":[7,10.75,8.75],"rotation":{"angle":0,"axis":"y","origin":[7.95124,10.432,8.44749]},"faces":{"north":{"uv":[12,15,13,15.175],"texture":"#0"},"east":{"uv":[11,12,12,13.175],"texture":"#0"},"south":{"uv":[13,15,14,15.175],"texture":"#0"},"west":{"uv":[13,15,16,15.175],"texture":"#0"},"up":{"uv":[11,13,13,14],"texture":"#0"},"down":{"uv":[15,13,16,16],"texture":"#0"}}},{"from":[6.75,10.5,8.75],"to":[7.25,11,9.25],"rotation":{"angle":0,"axis":"y","origin":[7.95124,10.432,8.44749]},"faces":{"north":{"uv":[12,15,13,15.175],"texture":"#0"},"east":{"uv":[11,12,12,13.175],"texture":"#0"},"south":{"uv":[13,15,14,15.175],"texture":"#0"},"west":{"uv":[13,15,16,15.175],"texture":"#0"},"up":{"uv":[11,13,13,14],"texture":"#0"},"down":{"uv":[15,13,16,16],"texture":"#0"}}},{"from":[6.75,10.75,8.25],"to":[7.25,11.25,8.75],"rotation":{"angle":0,"axis":"y","origin":[7.95124,10.432,8.44749]},"faces":{"north":{"uv":[12,15,13,15.175],"texture":"#0"},"east":{"uv":[11,12,12,13.175],"texture":"#0"},"south":{"uv":[13,15,14,15.175],"texture":"#0"},"west":{"uv":[13,15,16,15.175],"texture":"#0"},"up":{"uv":[11,13,13,14],"texture":"#0"},"down":{"uv":[15,13,16,16],"texture":"#0"}}},{"from":[7.25,10,9.25],"to":[7.75,10.5,9.75],"rotation":{"angle":0,"axis":"y","origin":[7.95124,10.432,8.44749]},"faces":{"north":{"uv":[12,15,13,15.175],"texture":"#0"},"east":{"uv":[11,12,12,13.175],"texture":"#0"},"south":{"uv":[13,15,14,15.175],"texture":"#0"},"west":{"uv":[13,15,16,15.175],"texture":"#0"},"up":{"uv":[11,13,13,14],"texture":"#0"},"down":{"uv":[15,13,16,16],"texture":"#0"}}},{"from":[7.75,11.5,8],"to":[8.25,12,8.5],"rotation":{"angle":0,"axis":"y","origin":[7.95124,10.432,8.44749]},"faces":{"north":{"uv":[12,15,13,15.175],"texture":"#0"},"east":{"uv":[11,12,12,13.175],"texture":"#0"},"south":{"uv":[13,15,14,15.175],"texture":"#0"},"west":{"uv":[13,15,16,15.175],"texture":"#0"},"up":{"uv":[11,13,13,14],"texture":"#0"},"down":{"uv":[15,13,16,16],"texture":"#0"}}},{"from":[7.75,10.75,7.75],"to":[8.25,11.25,8.25],"rotation":{"angle":0,"axis":"y","origin":[7.95124,10.432,8.44749]},"faces":{"north":{"uv":[12,15,13,15.175],"texture":"#0"},"east":{"uv":[11,12,12,13.175],"texture":"#0"},"south":{"uv":[13,15,14,15.175],"texture":"#0"},"west":{"uv":[13,15,16,15.175],"texture":"#0"},"up":{"uv":[11,13,13,14],"texture":"#0"},"down":{"uv":[15,13,16,16],"texture":"#0"}}},{"from":[7.93636,12.87401,7.975],"to":[7.98636,13.47401,8.05],"rotation":{"angle":22.5,"axis":"z","origin":[7.95124,10.432,8.44749]},"faces":{"north":{"uv":[1,16,2.05,16],"rotation":270,"texture":"#0"},"east":{"uv":[0,15,1.05,15.075],"rotation":90,"texture":"#0"},"south":{"uv":[0,16,1.05,16],"rotation":90,"texture":"#0"},"west":{"uv":[0,15,1.05,15.075],"rotation":90,"texture":"#0"},"up":{"uv":[0,16,0.075,16],"rotation":90,"texture":"#0"},"down":{"uv":[0,16,0.075,16],"rotation":90,"texture":"#0"}}},{"from":[5.13926,12.5702,7.975],"to":[6.68926,12.6202,8.05],"rotation":{"angle":-22.5,"axis":"z","origin":[7.95124,10.432,8.44749]},"faces":{"north":{"uv":[1,16,2.05,16],"texture":"#0"},"east":{"uv":[0,15,1.05,15.075],"texture":"#0"},"south":{"uv":[0,16,1.05,16],"texture":"#0"},"west":{"uv":[0,15,1.05,15.075],"texture":"#0"},"up":{"uv":[0,16,0.075,16],"texture":"#0"},"down":{"uv":[0,16,0.075,16],"texture":"#0"}}}],"display":{"thirdperson_righthand":{"rotation":[69,55,0],"translation":[0,3.5,-4.75],"scale":[1.5,1.5,1.5]},"thirdperson_lefthand":{"rotation":[74,23,0],"translation":[0,4.25,-4.25],"scale":[1.5,1.5,1.5]},"firstperson_righthand":{"rotation":[7,-146,0],"translation":[-0.5,0.5,0],"scale":[1.5,1.5,1.5]},"firstperson_lefthand":{"rotation":[9,112,1],"translation":[0,0.25,0],"scale":[1.5,1.5,1.5]},"ground":{"scale":[2,2,2]},"gui":{"rotation":[31,-45,10],"translation":[1.75,-3,0],"scale":[2,2,2]},"head":{"translation":[0,1.75,-2],"scale":[3,3,3]},"fixed":{"rotation":[-90,23,0],"translation":[0,-3,5.25],"scale":[3.5,3.5,3.5]}}}