{"credit":"Made with Blockbench","texture_size":[64,64],"textures":{"6":"mineinabyss:equipment/backpack/yellow_backpack"},"elements":[{"from":[2.875,-0.65,10.225],"to":[12.95,10.075,10.875],"rotation":{"angle":0,"axis":"y","origin":[7.68264,5.73785,8.8604]},"faces":{"north":{"uv":[0,0,2.5,2.75],"texture":"#6"},"east":{"uv":[1.5,6.25,1.75,9],"texture":"#6"},"south":{"uv":[2.5,0,5,2.75],"texture":"#6"},"west":{"uv":[1.75,7.25,2,10],"texture":"#6"},"up":{"uv":[9.25,1.75,6.75,1.5],"texture":"#6"},"down":{"uv":[9.25,1.75,6.75,2],"texture":"#6"}}},{"from":[5.875,10.1308,8.50747],"to":[6.7,12.0308,9.40747],"rotation":{"angle":22.5,"axis":"x","origin":[7.68264,5.73785,8.8604]},"faces":{"north":{"uv":[6.75,5,7,5.5],"texture":"#6"},"east":{"uv":[6,7.25,6.25,7.75],"texture":"#6"},"south":{"uv":[4.25,7.5,4.5,8],"texture":"#6"},"west":{"uv":[9.5,7,9.75,7.5],"texture":"#6"},"up":{"uv":[5,5.75,4.75,5.5],"texture":"#6"},"down":{"uv":[7.25,10.25,7,10.5],"texture":"#6"}}},{"from":[8.8,10.1308,8.50747],"to":[9.625,12.0308,9.40747],"rotation":{"angle":22.5,"axis":"x","origin":[7.68264,5.73785,8.8604]},"faces":{"north":{"uv":[5.75,9.75,6,10.25],"texture":"#6"},"east":{"uv":[6.25,9.75,6.5,10.25],"texture":"#6"},"south":{"uv":[9.75,6.25,10,6.75],"texture":"#6"},"west":{"uv":[6.5,9.75,6.75,10.25],"texture":"#6"},"up":{"uv":[9.75,10.5,9.5,10.25],"texture":"#6"},"down":{"uv":[10.5,10.25,10.25,10.5],"texture":"#6"}}},{"from":[8.55108,11.32244,11.425],"to":[10.87608,12.32244,12.075],"rotation":{"angle":22.5,"axis":"z","origin":[7.68264,5.73785,9.0604]},"faces":{"north":{"uv":[9.75,0.75,10.25,1],"texture":"#6"},"east":{"uv":[0,10.5,0.25,10.75],"texture":"#6"},"south":{"uv":[9.75,2.25,10.25,2.5],"texture":"#6"},"west":{"uv":[10.5,0,10.75,0.25],"texture":"#6"},"up":{"uv":[10.25,5.5,9.75,5.25],"texture":"#6"},"down":{"uv":[10.25,6.75,9.75,7],"texture":"#6"}}},{"from":[4.61366,11.374,11.425],"to":[6.93866,12.374,12.075],"rotation":{"angle":-22.5,"axis":"z","origin":[7.68264,5.73785,9.0604]},"faces":{"north":{"uv":[9.75,7,10.25,7.25],"texture":"#6"},"east":{"uv":[0.25,10.5,0.5,10.75],"texture":"#6"},"south":{"uv":[9.75,7.25,10.25,7.5],"texture":"#6"},"west":{"uv":[10.5,0.25,10.75,0.5],"texture":"#6"},"up":{"uv":[10.25,9,9.75,8.75],"texture":"#6"},"down":{"uv":[10.25,9,9.75,9.25],"texture":"#6"}}},{"from":[4.375,5.73656,11.95625],"to":[5.45,6.73656,12.85625],"rotation":{"angle":0,"axis":"y","origin":[7.68264,5.73785,8.8604]},"faces":{"north":{"uv":[0.5,10.5,0.75,10.75],"texture":"#6"},"east":{"uv":[10.5,0.5,10.75,0.75],"texture":"#6"},"south":{"uv":[0.75,10.5,1,10.75],"texture":"#6"},"west":{"uv":[10.5,1,10.75,1.25],"texture":"#6"},"up":{"uv":[10.75,1.5,10.5,1.25],"texture":"#6"},"down":{"uv":[1.75,10.5,1.5,10.75],"texture":"#6"}}},{"from":[10.05,5.73656,11.95625],"to":[11.125,6.73656,12.85625],"rotation":{"angle":0,"axis":"y","origin":[7.68264,5.73785,8.8604]},"faces":{"north":{"uv":[10.5,1.5,10.75,1.75],"texture":"#6"},"east":{"uv":[1.75,10.5,2,10.75],"texture":"#6"},"south":{"uv":[10.5,1.75,10.75,2],"texture":"#6"},"west":{"uv":[2,10.5,2.25,10.75],"texture":"#6"},"up":{"uv":[10.75,2.25,10.5,2],"texture":"#6"},"down":{"uv":[2.5,10.5,2.25,10.75],"texture":"#6"}}},{"from":[9.8,2.52116,13.66112],"to":[11.375,4.52116,14.31112],"rotation":{"angle":45,"axis":"x","origin":[7.68264,5.73785,8.8604]},"faces":{"north":{"uv":[0.5,9,1,9.5],"texture":"#6"},"east":{"uv":[1.5,10,1.75,10.5],"texture":"#6"},"south":{"uv":[4.25,9,4.75,9.5],"texture":"#6"},"west":{"uv":[10,1.5,10.25,2],"texture":"#6"},"up":{"uv":[10.5,2.25,10,2],"texture":"#6"},"down":{"uv":[10.5,2.5,10,2.75],"texture":"#6"}}},{"from":[9.8,0.73656,11.95625],"to":[11.375,6.23656,12.60625],"rotation":{"angle":0,"axis":"y","origin":[7.68264,5.73785,8.8604]},"faces":{"north":{"uv":[5.75,5.75,6.25,7.25],"texture":"#6"},"east":{"uv":[2.75,8.75,3,10.25],"texture":"#6"},"south":{"uv":[0,6.25,0.5,7.75],"texture":"#6"},"west":{"uv":[3,8.75,3.25,10.25],"texture":"#6"},"up":{"uv":[10.5,3,10,2.75],"texture":"#6"},"down":{"uv":[10.5,4,10,4.25],"texture":"#6"}}},{"from":[9.55,4.68893,12.17608],"to":[11.625,8.41393,12.82608],"rotation":{"angle":-22.5,"axis":"x","origin":[7.68264,5.73785,8.8604]},"faces":{"north":{"uv":[6.5,7.75,7,8.75],"texture":"#6"},"east":{"uv":[1.5,9,1.75,10],"texture":"#6"},"south":{"uv":[7.75,6.75,8.25,7.75],"texture":"#6"},"west":{"uv":[4.75,9,5,10],"texture":"#6"},"up":{"uv":[10.5,4.5,10,4.25],"texture":"#6"},"down":{"uv":[10.5,4.5,10,4.75],"texture":"#6"}}},{"from":[4.125,2.52116,13.66112],"to":[5.7,4.52116,14.31112],"rotation":{"angle":45,"axis":"x","origin":[7.68264,5.73785,8.8604]},"faces":{"north":{"uv":[5,9,5.5,9.5],"texture":"#6"},"east":{"uv":[1.75,10,2,10.5],"texture":"#6"},"south":{"uv":[6.75,9,7.25,9.5],"texture":"#6"},"west":{"uv":[4,10,4.25,10.5],"texture":"#6"},"up":{"uv":[10.5,5,10,4.75],"texture":"#6"},"down":{"uv":[10.5,5,10,5.25],"texture":"#6"}}},{"from":[4.125,0.73656,11.95625],"to":[5.7,6.23656,12.60625],"rotation":{"angle":0,"axis":"y","origin":[7.68264,5.73785,8.8604]},"faces":{"north":{"uv":[0.5,6.25,1,7.75],"texture":"#6"},"east":{"uv":[3.25,8.75,3.5,10.25],"texture":"#6"},"south":{"uv":[1,6.25,1.5,7.75],"texture":"#6"},"west":{"uv":[3.5,8.75,3.75,10.25],"texture":"#6"},"up":{"uv":[10.5,6.5,10,6.25],"texture":"#6"},"down":{"uv":[10.5,6.5,10,6.75],"texture":"#6"}}},{"from":[3.875,4.68893,12.17608],"to":[5.95,8.41393,12.82608],"rotation":{"angle":-22.5,"axis":"x","origin":[7.68264,5.73785,8.8604]},"faces":{"north":{"uv":[7,7.75,7.5,8.75],"texture":"#6"},"east":{"uv":[5.5,9,5.75,10],"texture":"#6"},"south":{"uv":[7.5,7.75,8,8.75],"texture":"#6"},"west":{"uv":[7.25,9,7.5,10],"texture":"#6"},"up":{"uv":[10.5,7.75,10,7.5],"texture":"#6"},"down":{"uv":[10.5,7.75,10,8],"texture":"#6"}}},{"from":[2.875,-0.65,6.325],"to":[12.95,6.825,6.975],"rotation":{"angle":0,"axis":"y","origin":[7.68264,5.73785,8.8604]},"faces":{"north":{"uv":[0,2.75,2.5,4.5],"texture":"#6"},"east":{"uv":[5.75,8,6,9.75],"texture":"#6"},"south":{"uv":[2.5,2.75,5,4.5],"texture":"#6"},"west":{"uv":[4,8.25,4.25,10],"texture":"#6"},"up":{"uv":[9.75,2.25,7.25,2],"texture":"#6"},"down":{"uv":[9.75,2.25,7.25,2.5],"texture":"#6"}}},{"from":[3.525,-1.15,6.975],"to":[12.625,-0.325,10.225],"rotation":{"angle":0,"axis":"y","origin":[7.68264,5.73785,8.8604]},"faces":{"north":{"uv":[7.25,2.5,9.5,2.75],"texture":"#6"},"east":{"uv":[9.25,7.5,10,7.75],"texture":"#6"},"south":{"uv":[7.25,2.75,9.5,3],"texture":"#6"},"west":{"uv":[9.5,5.5,10.25,5.75],"texture":"#6"},"up":{"uv":[7.25,2.75,5,2],"texture":"#6"},"down":{"uv":[7.25,2.75,5,3.5],"texture":"#6"}}},{"from":[6.775,5.525,5.675],"to":[8.725,7.075,6.475],"rotation":{"angle":0,"axis":"y","origin":[7.68264,5.73785,8.8604]},"faces":{"north":{"uv":[9,8.75,9.5,9.25],"texture":"#6"},"east":{"uv":[1.25,10.25,1.5,10.75],"texture":"#6"},"south":{"uv":[9.25,1.5,9.75,2],"texture":"#6"},"west":{"uv":[10.25,1.5,10.5,2],"texture":"#6"},"up":{"uv":[10.5,8.75,10,8.5],"texture":"#6"},"down":{"uv":[10.75,0.75,10.25,1],"texture":"#6"}}},{"from":[4.425,-0.15,3.725],"to":[11.4,3.575,4.375],"rotation":{"angle":0,"axis":"y","origin":[7.68264,5.73785,8.8604]},"faces":{"north":{"uv":[5,0,6.75,1],"texture":"#6"},"east":{"uv":[9.25,5.5,9.5,6.5],"texture":"#6"},"south":{"uv":[5,1,6.75,2],"texture":"#6"},"west":{"uv":[6,9.25,6.25,10.25],"texture":"#6"},"up":{"uv":[10.25,3.75,8.5,3.5],"texture":"#6"},"down":{"uv":[10.25,3.75,8.5,4],"texture":"#6"}}},{"from":[4.825,-0.4,4.375],"to":[11,0,6.325],"rotation":{"angle":0,"axis":"y","origin":[7.68264,5.73785,8.8604]},"faces":{"north":{"uv":[8.5,4,10,4.25],"texture":"#6"},"east":{"uv":[2.25,10.25,2.75,10.5],"texture":"#6"},"south":{"uv":[8.5,4.25,10,4.5],"texture":"#6"},"west":{"uv":[10.25,2.25,10.75,2.5],"texture":"#6"},"up":{"uv":[7.75,6.25,6.25,5.75],"texture":"#6"},"down":{"uv":[7.75,6.25,6.25,6.75],"texture":"#6"}}},{"from":[7.1,1.7,3.075],"to":[8.725,3.25,3.725],"rotation":{"angle":0,"axis":"y","origin":[7.68264,5.73785,8.8604]},"faces":{"north":{"uv":[9.25,4.5,9.75,5],"texture":"#6"},"east":{"uv":[2.75,10.25,3,10.75],"texture":"#6"},"south":{"uv":[6.25,9.25,6.75,9.75],"texture":"#6"},"west":{"uv":[3,10.25,3.25,10.75],"texture":"#6"},"up":{"uv":[10.75,3.25,10.25,3],"texture":"#6"},"down":{"uv":[3.75,10.25,3.25,10.5],"texture":"#6"}}},{"from":[11,-0.4,4.375],"to":[11.65,3.575,6.325],"rotation":{"angle":0,"axis":"y","origin":[7.68264,5.73785,8.8604]},"faces":{"north":{"uv":[9.25,6.5,9.5,7.5],"texture":"#6"},"east":{"uv":[4.25,8,4.75,9],"texture":"#6"},"south":{"uv":[7.5,9.25,7.75,10.25],"texture":"#6"},"west":{"uv":[4.75,8,5.25,9],"texture":"#6"},"up":{"uv":[10.5,3.75,10.25,3.25],"texture":"#6"},"down":{"uv":[4.5,10.25,4.25,10.75],"texture":"#6"}}},{"from":[4.175,-0.4,4.375],"to":[4.825,3.575,6.325],"rotation":{"angle":0,"axis":"y","origin":[7.68264,5.73785,8.8604]},"faces":{"north":{"uv":[7.75,9.25,8,10.25],"texture":"#6"},"east":{"uv":[5.25,8,5.75,9],"texture":"#6"},"south":{"uv":[8,9.25,8.25,10.25],"texture":"#6"},"west":{"uv":[8,8,8.5,9],"texture":"#6"},"up":{"uv":[4.75,10.75,4.5,10.25],"texture":"#6"},"down":{"uv":[5.25,10.25,5,10.75],"texture":"#6"}}},{"from":[12.3,-0.65,6.975],"to":[12.95,6.825,10.225],"rotation":{"angle":0,"axis":"y","origin":[7.68264,5.73785,8.8604]},"faces":{"north":{"uv":[1,8.5,1.25,10.25],"texture":"#6"},"east":{"uv":[1.75,5.5,2.5,7.25],"texture":"#6"},"south":{"uv":[1.25,8.5,1.5,10.25],"texture":"#6"},"west":{"uv":[2.5,5.5,3.25,7.25],"texture":"#6"},"up":{"uv":[5.25,10.25,5,9.5],"texture":"#6"},"down":{"uv":[5.5,9.5,5.25,10.25],"texture":"#6"}}},{"from":[12.625,-0.65,6.975],"to":[13.6,2.275,10.225],"rotation":{"angle":0,"axis":"y","origin":[7.68264,5.73785,8.8604]},"faces":{"north":{"uv":[9.5,6.25,9.75,7],"texture":"#6"},"east":{"uv":[4.5,7.25,5.25,8],"texture":"#6"},"south":{"uv":[6.75,9.5,7,10.25],"texture":"#6"},"west":{"uv":[5.25,7.25,6,8],"texture":"#6"},"up":{"uv":[7.25,10.25,7,9.5],"texture":"#6"},"down":{"uv":[9,9.5,8.75,10.25],"texture":"#6"}}},{"from":[13.6,0.975,7.95],"to":[13.925,2.275,9.25],"rotation":{"angle":0,"axis":"y","origin":[7.68264,5.73785,8.8604]},"faces":{"north":{"uv":[10.5,3.5,10.75,3.75],"texture":"#6"},"east":{"uv":[3.75,10.5,4,10.75],"texture":"#6"},"south":{"uv":[4,10.5,4.25,10.75],"texture":"#6"},"west":{"uv":[10.5,4,10.75,4.25],"texture":"#6"},"up":{"uv":[10.75,4.5,10.5,4.25],"texture":"#6"},"down":{"uv":[10.75,4.5,10.5,4.75],"texture":"#6"}}},{"from":[11.59588,-0.26578,6.65],"to":[12.24588,1.35922,10.55],"rotation":{"angle":22.5,"axis":"z","origin":[7.68264,5.73785,8.8604]},"faces":{"north":{"uv":[5.25,10.25,5.5,10.75],"texture":"#6"},"east":{"uv":[2,8.25,3,8.75],"texture":"#6"},"south":{"uv":[10.25,5.25,10.5,5.75],"texture":"#6"},"west":{"uv":[3,8.25,4,8.75],"texture":"#6"},"up":{"uv":[8.5,10.25,8.25,9.25],"texture":"#6"},"down":{"uv":[9.25,9.25,9,10.25],"texture":"#6"}}},{"from":[2.225,-0.65,6.975],"to":[3.2,2.275,10.225],"rotation":{"angle":0,"axis":"y","origin":[7.68264,5.73785,8.8604]},"faces":{"north":{"uv":[9.5,8.75,9.75,9.5],"texture":"#6"},"east":{"uv":[2,7.5,2.75,8.25],"texture":"#6"},"south":{"uv":[9.5,9.5,9.75,10.25],"texture":"#6"},"west":{"uv":[2.75,7.5,3.5,8.25],"texture":"#6"},"up":{"uv":[10,0.75,9.75,0],"texture":"#6"},"down":{"uv":[10,1.5,9.75,2.25],"texture":"#6"}}},{"from":[3.54412,-0.08986,6.65],"to":[4.19412,1.53514,10.55],"rotation":{"angle":-22.5,"axis":"z","origin":[7.68264,5.73785,8.8604]},"faces":{"north":{"uv":[5.75,10.25,6,10.75],"texture":"#6"},"east":{"uv":[8.25,5.75,9.25,6.25],"texture":"#6"},"south":{"uv":[10.25,5.75,10.5,6.25],"texture":"#6"},"west":{"uv":[8.25,6.25,9.25,6.75],"texture":"#6"},"up":{"uv":[9.5,10.25,9.25,9.25],"texture":"#6"},"down":{"uv":[0.25,9.5,0,10.5],"texture":"#6"}}},{"from":[1.9,0.975,7.95],"to":[2.225,2.275,9.25],"rotation":{"angle":0,"axis":"y","origin":[7.68264,5.73785,8.8604]},"faces":{"north":{"uv":[4.75,10.5,5,10.75],"texture":"#6"},"east":{"uv":[10.5,4.75,10.75,5],"texture":"#6"},"south":{"uv":[10.5,5,10.75,5.25],"texture":"#6"},"west":{"uv":[10.5,5.25,10.75,5.5],"texture":"#6"},"up":{"uv":[5.75,10.75,5.5,10.5],"texture":"#6"},"down":{"uv":[10.75,5.5,10.5,5.75],"texture":"#6"}}},{"from":[2.875,-0.65,6.975],"to":[3.525,6.825,10.225],"rotation":{"angle":0,"axis":"y","origin":[7.68264,5.73785,8.8604]},"faces":{"north":{"uv":[8.5,8,8.75,9.75],"texture":"#6"},"east":{"uv":[3.25,5.5,4,7.25],"texture":"#6"},"south":{"uv":[2,8.75,2.25,10.5],"texture":"#6"},"west":{"uv":[4,5.5,4.75,7.25],"texture":"#6"},"up":{"uv":[4,10.5,3.75,9.75],"texture":"#6"},"down":{"uv":[10,4.5,9.75,5.25],"texture":"#6"}}},{"from":[3.2,6.01682,7.31603],"to":[3.85,7.64182,11.54103],"rotation":{"angle":-22.5,"axis":"x","origin":[7.68264,5.73785,8.8604]},"faces":{"north":{"uv":[6,10.25,6.25,10.75],"texture":"#6"},"east":{"uv":[8.25,6.75,9.25,7.25],"texture":"#6"},"south":{"uv":[6.25,10.25,6.5,10.75],"texture":"#6"},"west":{"uv":[8.25,7.25,9.25,7.75],"texture":"#6"},"up":{"uv":[9.75,1,9.5,0],"texture":"#6"},"down":{"uv":[0.5,9.5,0.25,10.5],"texture":"#6"}}},{"from":[11.975,6.01682,7.31603],"to":[12.625,7.64182,11.54103],"rotation":{"angle":-22.5,"axis":"x","origin":[7.68264,5.73785,8.8604]},"faces":{"north":{"uv":[6.5,10.25,6.75,10.75],"texture":"#6"},"east":{"uv":[0,8.5,1,9],"texture":"#6"},"south":{"uv":[6.75,10.25,7,10.75],"texture":"#6"},"west":{"uv":[8.5,0,9.5,0.5],"texture":"#6"},"up":{"uv":[0.75,10.5,0.5,9.5],"texture":"#6"},"down":{"uv":[1,9.5,0.75,10.5],"texture":"#6"}}},{"from":[3.125,8.61023,8.67583],"to":[12.7,9.26023,12.90083],"rotation":{"angle":-22.5,"axis":"x","origin":[7.68264,5.73785,8.8604]},"faces":{"north":{"uv":[6.75,5.5,9.25,5.75],"texture":"#6"},"east":{"uv":[7.5,9,8.5,9.25],"texture":"#6"},"south":{"uv":[2,7.25,4.5,7.5],"texture":"#6"},"west":{"uv":[9,8.5,10,8.75],"texture":"#6"},"up":{"uv":[2.5,5.5,0,4.5],"texture":"#6"},"down":{"uv":[5,4.5,2.5,5.5],"texture":"#6"}}},{"from":[4.175,4.8552,5.3971],"to":[11.65,7.7802,6.0471],"rotation":{"angle":22.5,"axis":"x","origin":[7.68264,5.73785,8.8604]},"faces":{"north":{"uv":[5,5,6.75,5.75],"texture":"#6"},"east":{"uv":[4.25,9.5,4.5,10.25],"texture":"#6"},"south":{"uv":[0,5.5,1.75,6.25],"texture":"#6"},"west":{"uv":[4.5,9.5,4.75,10.25],"texture":"#6"},"up":{"uv":[10.25,3.25,8.5,3],"texture":"#6"},"down":{"uv":[10.25,3.25,8.5,3.5],"texture":"#6"}}},{"from":[3.35,5.6052,5.6471],"to":[4.325,7.7802,6.0471],"rotation":{"angle":22.5,"axis":"x","origin":[7.68264,5.73785,8.8604]},"faces":{"north":{"uv":[9.75,10,10,10.5],"texture":"#6"},"east":{"uv":[10,10,10.25,10.5],"texture":"#6"},"south":{"uv":[10.25,0.25,10.5,0.75],"texture":"#6"},"west":{"uv":[1,10.25,1.25,10.75],"texture":"#6"},"up":{"uv":[10.75,3,10.5,2.75],"texture":"#6"},"down":{"uv":[3.5,10.5,3.25,10.75],"texture":"#6"}}},{"from":[11.675,5.6052,5.6471],"to":[12.4,7.7802,6.0471],"rotation":{"angle":22.5,"axis":"x","origin":[7.68264,5.73785,8.8604]},"faces":{"north":{"uv":[4.75,10,5,10.5],"texture":"#6"},"east":{"uv":[5.5,10,5.75,10.5],"texture":"#6"},"south":{"uv":[7.25,10,7.5,10.5],"texture":"#6"},"west":{"uv":[10,8,10.25,8.5],"texture":"#6"},"up":{"uv":[2.75,10.75,2.5,10.5],"texture":"#6"},"down":{"uv":[10.75,2.5,10.5,2.75],"texture":"#6"}}},{"from":[5.475,0.64746,4.38487],"to":[10.35,1.94746,4.70987],"rotation":{"angle":22.5,"axis":"x","origin":[7.68264,5.73785,8.8604]},"faces":{"north":{"uv":[8.5,5,9.75,5.25],"texture":"#6"},"east":{"uv":[10.5,3.25,10.75,3.5],"texture":"#6"},"south":{"uv":[6.75,8.75,8,9],"texture":"#6"},"west":{"uv":[3.5,10.5,3.75,10.75],"texture":"#6"},"up":{"uv":[10,8.25,8.75,8],"texture":"#6"},"down":{"uv":[10,8.25,8.75,8.5],"texture":"#6"}}},{"from":[3.85,5.4322,3.69292],"to":[11.975,6.0822,6.94292],"rotation":{"angle":-22.5,"axis":"x","origin":[7.68264,5.73785,8.8604]},"faces":{"north":{"uv":[7.75,5.25,9.75,5.5],"texture":"#6"},"east":{"uv":[9.5,5.75,10.25,6],"texture":"#6"},"south":{"uv":[8,7.75,10,8],"texture":"#6"},"west":{"uv":[9.5,6,10.25,6.25],"texture":"#6"},"up":{"uv":[7,4.25,5,3.5],"texture":"#6"},"down":{"uv":[7,4.25,5,5],"texture":"#6"}}},{"from":[5.02149,6.64673,8.675],"to":[7.47149,7.19673,9.725],"rotation":{"angle":22.5,"axis":"z","origin":[7.68264,5.73785,8.8604]},"faces":{"north":{"uv":[10.25,3.75,10.75,4],"texture":"#6"},"east":{"uv":[10.5,5.75,10.75,6],"texture":"#6"},"south":{"uv":[10.25,6.75,10.75,7],"texture":"#6"},"west":{"uv":[10.5,6,10.75,6.25],"texture":"#6"},"up":{"uv":[10.75,7.25,10.25,7],"texture":"#6"},"down":{"uv":[10.75,7.25,10.25,7.5],"texture":"#6"}}},{"from":[4.775,5.79254,7.90077],"to":[7.225,6.34254,8.95077],"rotation":{"angle":-22.5,"axis":"x","origin":[7.68264,5.73785,8.8604]},"faces":{"north":{"uv":[7.5,10.25,8,10.5],"texture":"#6"},"east":{"uv":[10.5,6.25,10.75,6.5],"texture":"#6"},"south":{"uv":[8,10.25,8.5,10.5],"texture":"#6"},"west":{"uv":[10.5,6.5,10.75,6.75],"texture":"#6"},"up":{"uv":[10.75,8.25,10.25,8],"texture":"#6"},"down":{"uv":[10.75,8.25,10.25,8.5],"texture":"#6"}}},{"from":[4.025,3.525,7.175],"to":[7.975,5.525,9.975],"rotation":{"angle":0,"axis":"y","origin":[7.68264,5.73785,8.8604]},"faces":{"north":{"uv":[8.5,0.5,9.5,1],"texture":"#6"},"east":{"uv":[8.5,4.5,9.25,5],"texture":"#6"},"south":{"uv":[8.5,1,9.5,1.5],"texture":"#6"},"west":{"uv":[6,8.75,6.75,9.25],"texture":"#6"},"up":{"uv":[7.75,0.75,6.75,0],"texture":"#6"},"down":{"uv":[7.75,0.75,6.75,1.5],"texture":"#6"}}},{"from":[5.77149,5.89673,8.425],"to":[8.22149,6.44673,9.475],"rotation":{"angle":22.5,"axis":"z","origin":[7.68264,5.73785,8.8604]},"faces":{"north":{"uv":[8.5,10.25,9,10.5],"texture":"#6"},"east":{"uv":[7,10.5,7.25,10.75],"texture":"#6"},"south":{"uv":[10.25,8.75,10.75,9],"texture":"#6"},"west":{"uv":[7.25,10.5,7.5,10.75],"texture":"#6"},"up":{"uv":[9.5,10.5,9,10.25],"texture":"#6"},"down":{"uv":[10.75,9,10.25,9.25],"texture":"#6"}}},{"from":[9.02149,1.89673,5.175],"to":[11.47149,2.44673,6.225],"rotation":{"angle":22.5,"axis":"z","origin":[10.93264,1.73785,5.6104]},"faces":{"north":{"uv":[8.5,10.25,9,10.5],"texture":"#6"},"east":{"uv":[7,10.5,7.25,10.75],"texture":"#6"},"south":{"uv":[10.25,8.75,10.75,9],"texture":"#6"},"west":{"uv":[7.25,10.5,7.5,10.75],"texture":"#6"},"up":{"uv":[9.5,10.5,9,10.25],"texture":"#6"},"down":{"uv":[10.75,9,10.25,9.25],"texture":"#6"}}},{"from":[8.275,1.79254,4.65077],"to":[10.725,2.34254,5.70077],"rotation":{"angle":-22.5,"axis":"x","origin":[10.93264,1.73785,5.6104]},"faces":{"north":{"uv":[7.5,10.25,8,10.5],"texture":"#6"},"east":{"uv":[10.5,6.25,10.75,6.5],"texture":"#6"},"south":{"uv":[8,10.25,8.5,10.5],"texture":"#6"},"west":{"uv":[10.5,6.5,10.75,6.75],"texture":"#6"},"up":{"uv":[10.75,8.25,10.25,8],"texture":"#6"},"down":{"uv":[10.75,8.25,10.25,8.5],"texture":"#6"}}},{"from":[7.77149,2.89673,5.425],"to":[10.22149,3.44673,6.475],"rotation":{"angle":22.5,"axis":"z","origin":[10.93264,1.73785,5.6104]},"faces":{"north":{"uv":[10.25,3.75,10.75,4],"texture":"#6"},"east":{"uv":[10.5,5.75,10.75,6],"texture":"#6"},"south":{"uv":[10.25,6.75,10.75,7],"texture":"#6"},"west":{"uv":[10.5,6,10.75,6.25],"texture":"#6"},"up":{"uv":[10.75,7.25,10.25,7],"texture":"#6"},"down":{"uv":[10.75,7.25,10.25,7.5],"texture":"#6"}}},{"from":[4.68567,1.85348,4.275],"to":[7.13567,2.40348,5.325],"rotation":{"angle":-22.5,"axis":"z","origin":[6.25669,2.5647,5.05]},"faces":{"north":{"uv":[10.75,7,10.25,6.75],"texture":"#6"},"east":{"uv":[10.75,6,10.5,5.75],"texture":"#6"},"south":{"uv":[10.75,4,10.25,3.75],"texture":"#6"},"west":{"uv":[10.75,6.25,10.5,6],"texture":"#6"},"up":{"uv":[10.75,7.25,10.25,7.5],"texture":"#6"},"down":{"uv":[10.75,7.25,10.25,7],"texture":"#6"}}},{"from":[5.93567,2.60348,4.275],"to":[8.38567,3.15348,5.325],"rotation":{"angle":-22.5,"axis":"z","origin":[6.25669,2.5647,5.05]},"faces":{"north":{"uv":[10.75,9,10.25,8.75],"texture":"#6"},"east":{"uv":[7.25,10.75,7,10.5],"texture":"#6"},"south":{"uv":[9,10.5,8.5,10.25],"texture":"#6"},"west":{"uv":[7.5,10.75,7.25,10.5],"texture":"#6"},"up":{"uv":[10.75,9,10.25,9.25],"texture":"#6"},"down":{"uv":[9.5,10.5,9,10.25],"texture":"#6"}}},{"from":[5.025,1.12769,5.26969],"to":[7.475,1.67769,6.31969],"rotation":{"angle":-22.5,"axis":"x","origin":[6.25669,2.5647,5.05]},"faces":{"north":{"uv":[8.5,10.5,8,10.25],"texture":"#6"},"east":{"uv":[10.75,6.5,10.5,6.25],"texture":"#6"},"south":{"uv":[8,10.5,7.5,10.25],"texture":"#6"},"west":{"uv":[10.75,6.75,10.5,6.5],"texture":"#6"},"up":{"uv":[10.75,8.25,10.25,8.5],"texture":"#6"},"down":{"uv":[10.75,8.25,10.25,8],"texture":"#6"}}},{"name":"body","from":[8.2036,4.94735,6.89],"to":[11.4036,7.50735,10.09],"rotation":{"angle":-22.5,"axis":"z","origin":[7.68264,5.73785,8.8604]},"faces":{"north":{"uv":[3.5,7.5,4.25,8.25],"texture":"#6"},"east":{"uv":[0,7.75,0.75,8.5],"texture":"#6"},"south":{"uv":[7.75,0,8.5,0.75],"texture":"#6"},"west":{"uv":[0.75,7.75,1.5,8.5],"texture":"#6"},"up":{"uv":[8.5,1.5,7.75,0.75],"texture":"#6"},"down":{"uv":[8.5,3,7.75,3.75],"texture":"#6"}}},{"name":"base","from":[8.5236,4.30735,7.21],"to":[11.0836,8.14735,9.77],"rotation":{"angle":-22.5,"axis":"z","origin":[7.68264,5.73785,8.8604]},"faces":{"north":{"uv":[6.25,6.75,7,7.75],"texture":"#6"},"east":{"uv":[7,3.5,7.75,4.5],"texture":"#6"},"south":{"uv":[7,4.5,7.75,5.5],"texture":"#6"},"west":{"uv":[7,6.75,7.75,7.75],"texture":"#6"},"up":{"uv":[8.5,4.5,7.75,3.75],"texture":"#6"},"down":{"uv":[8.5,4.5,7.75,5.25],"texture":"#6"}}},{"name":"top","from":[8.9716,8.14735,7.658],"to":[10.5716,8.78735,9.258],"rotation":{"angle":-22.5,"axis":"z","origin":[7.68264,5.73785,8.8604]},"faces":{"north":{"uv":[10.25,9.25,10.75,9.5],"texture":"#6"},"east":{"uv":[10.25,9.5,10.75,9.75],"texture":"#6"},"south":{"uv":[10.25,9.75,10.75,10],"texture":"#6"},"west":{"uv":[10.25,10,10.75,10.25],"texture":"#6"},"up":{"uv":[10,1.5,9.5,1],"texture":"#6"},"down":{"uv":[10,2.5,9.5,3],"texture":"#6"}}}],"display":{"thirdperson_righthand":{"rotation":[40,0,0],"translation":[0,2,-1.25],"scale":[0.7,0.7,0.7]},"thirdperson_lefthand":{"rotation":[40,0,0],"translation":[0,2,-1.25],"scale":[0.7,0.7,0.7]},"firstperson_righthand":{"rotation":[-15,0,0],"translation":[-0.75,4,1.5],"scale":[0.5,0.5,0.5]},"firstperson_lefthand":{"rotation":[-15,0,0],"translation":[-0.75,4,1.5],"scale":[0.5,0.5,0.5]},"ground":{"rotation":[20,-10,0],"translation":[0,3.75,0],"scale":[0.75,0.75,0.75]},"gui":{"rotation":[20,-145,0],"translation":[0,1.75,0]},"head":{"rotation":[0,-180,0],"translation":[0,-45.25,7.25],"scale":[1.3,1.3,1.3]},"fixed":{"translation":[0,3.75,-4.25]}},"groups":[{"name":"backpack","origin":[8,8,8],"color":0,"children":[0,1,2,3,4,5,6,7,8,9,10,11,12,13,14,15,16,17,18,19,20,21,22,23,24,25,26,27,28,29,30,{"name":"cover_1","origin":[13.68264,14.98785,-1.3896],"color":0,"children":[31,32,33,34]},{"name":"cover_2","origin":[13.68264,14.98785,-1.3896],"color":0,"children":[35,36]},{"name":"backpack_contents","origin":[13.5,24.8,-1.8],"color":0,"children":[{"name":"rations","origin":[13.5,24.8,-1.8],"color":0,"children":[37,38,39,40,41,42,43,44,45,46]},{"name":"boob_stone","origin":[8,8,8],"color":0,"children":[{"name":"model","origin":[8,8,8],"color":0,"children":[47,48,49]}]}]}]}]}