{"credit":"Made with Blockbench","texture_size":[32,32],"textures":{"2":"hmcmodels:furniture/furniture/haunted_house/candelabrum"},"elements":[{"from":[3.42893,9,3.67157],"to":[6.42893,10,6.67157],"rotation":{"angle":45,"axis":"y","origin":[7.75736,5,8]},"faces":{"north":{"uv":[9.5,4,11,4.5],"texture":"#2"},"east":{"uv":[9.5,4.5,11,5],"texture":"#2"},"south":{"uv":[9.5,5,11,5.5],"texture":"#2"},"west":{"uv":[9.5,5.5,11,6],"texture":"#2"},"up":{"uv":[5.5,9,4,7.5],"texture":"#2"},"down":{"uv":[9.5,0,8,1.5],"texture":"#2"}}},{"from":[7.67157,9,3.67157],"to":[10.67157,10,6.67157],"rotation":{"angle":45,"axis":"y","origin":[12,5,8]},"faces":{"north":{"uv":[9.5,8,11,8.5],"texture":"#2"},"east":{"uv":[9.5,8.5,11,9],"texture":"#2"},"south":{"uv":[8,10,9.5,10.5],"texture":"#2"},"west":{"uv":[10,9,11.5,9.5],"texture":"#2"},"up":{"uv":[9.5,6,8,4.5],"texture":"#2"},"down":{"uv":[9.5,6,8,7.5],"texture":"#2"}}},{"from":[7.67157,0,3.67157],"to":[10.67157,1,6.67157],"rotation":{"angle":45,"axis":"y","origin":[12,5,8]},"faces":{"north":{"uv":[9.5,10,11,10.5],"texture":"#2"},"east":{"uv":[10,9.5,11.5,10],"texture":"#2"},"south":{"uv":[0,10.5,1.5,11],"texture":"#2"},"west":{"uv":[10.5,0,12,0.5],"texture":"#2"},"up":{"uv":[9.5,9,8,7.5],"texture":"#2"},"down":{"uv":[5.5,9,4,10.5],"texture":"#2"}}},{"from":[9.57107,9,3.67157],"to":[12.57107,10,6.67157],"rotation":{"angle":-45,"axis":"y","origin":[8.24264,5,8]},"faces":{"north":{"uv":[9.5,6,11,6.5],"texture":"#2"},"east":{"uv":[9.5,6.5,11,7],"texture":"#2"},"south":{"uv":[9.5,7,11,7.5],"texture":"#2"},"west":{"uv":[9.5,7.5,11,8],"texture":"#2"},"up":{"uv":[9.5,3,8,1.5],"texture":"#2"},"down":{"uv":[9.5,3,8,4.5],"texture":"#2"}}},{"from":[7,1,7],"to":[9,14,9],"rotation":{"angle":45,"axis":"y","origin":[8,5,8]},"faces":{"north":{"uv":[0,4,1,10.5],"texture":"#2"},"east":{"uv":[1,4,2,10.5],"texture":"#2"},"south":{"uv":[2,4,3,10.5],"texture":"#2"},"west":{"uv":[3,4,4,10.5],"texture":"#2"},"up":{"uv":[9,10,8,9],"texture":"#2"},"down":{"uv":[10,9,9,10],"texture":"#2"}}},{"from":[7.5,14,8],"to":[8.5,15,8],"rotation":{"angle":0,"axis":"y","origin":[8,15,8]},"faces":{"north":{"uv":[5.5,7.5,6,8],"texture":"#2"},"east":{"uv":[0,0,0,0.5],"texture":"#2"},"south":{"uv":[5.5,8,6,8.5],"texture":"#2"},"west":{"uv":[0,0,0,0.5],"texture":"#2"},"up":{"uv":[0.5,0,0,0],"texture":"#2"},"down":{"uv":[0.5,0,0,0],"texture":"#2"}}},{"from":[8,14,7.5],"to":[8,15,8.5],"rotation":{"angle":0,"axis":"y","origin":[8,15,8]},"faces":{"north":{"uv":[0,0,0,0.5],"texture":"#2"},"east":{"uv":[5.5,8.5,6,9],"texture":"#2"},"south":{"uv":[0,0,0,0.5],"texture":"#2"},"west":{"uv":[5.5,9,6,9.5],"texture":"#2"},"up":{"uv":[0,0.5,0,0],"texture":"#2"},"down":{"uv":[0,0,0,0.5],"texture":"#2"}}},{"from":[3.3,13,8],"to":[4.3,14,8],"rotation":{"angle":0,"axis":"y","origin":[8,15,8]},"faces":{"north":{"uv":[10.5,0.5,11,1],"texture":"#2"},"east":{"uv":[0,0,0,0.5],"texture":"#2"},"south":{"uv":[10.5,1,11,1.5],"texture":"#2"},"west":{"uv":[0,0,0,0.5],"texture":"#2"},"up":{"uv":[0.5,0,0,0],"texture":"#2"},"down":{"uv":[0.5,0,0,0],"texture":"#2"}}},{"from":[3.8,13,7.5],"to":[3.8,14,8.5],"rotation":{"angle":0,"axis":"y","origin":[8,15,8]},"faces":{"north":{"uv":[0,0,0,0.5],"texture":"#2"},"east":{"uv":[5.5,9.5,6,10],"texture":"#2"},"south":{"uv":[0,0,0,0.5],"texture":"#2"},"west":{"uv":[5.5,10,6,10.5],"texture":"#2"},"up":{"uv":[0,0.5,0,0],"texture":"#2"},"down":{"uv":[0,0,0,0.5],"texture":"#2"}}},{"from":[11.7,13,8],"to":[12.7,14,8],"rotation":{"angle":0,"axis":"y","origin":[8,15,8]},"faces":{"north":{"uv":[2,10.5,2.5,11],"texture":"#2"},"east":{"uv":[0,0,0,0.5],"texture":"#2"},"south":{"uv":[10.5,2,11,2.5],"texture":"#2"},"west":{"uv":[0,0,0,0.5],"texture":"#2"},"up":{"uv":[0.5,0,0,0],"texture":"#2"},"down":{"uv":[0.5,0,0,0],"texture":"#2"}}},{"from":[12.2,13,7.5],"to":[12.2,14,8.5],"rotation":{"angle":0,"axis":"y","origin":[8,15,8]},"faces":{"north":{"uv":[0,0,0,0.5],"texture":"#2"},"east":{"uv":[1.5,10.5,2,11],"texture":"#2"},"south":{"uv":[0,0,0,0.5],"texture":"#2"},"west":{"uv":[10.5,1.5,11,2],"texture":"#2"},"up":{"uv":[0,0.5,0,0],"texture":"#2"},"down":{"uv":[0,0,0,0.5],"texture":"#2"}}},{"from":[2,3,8],"to":[14,7,8],"rotation":{"angle":0,"axis":"y","origin":[8,5,8]},"faces":{"north":{"uv":[0,0,6,2],"texture":"#2"},"east":{"uv":[0,0,0,2],"texture":"#2"},"south":{"uv":[0,0,6,2],"texture":"#2"},"west":{"uv":[0,0,0,2],"texture":"#2"},"up":{"uv":[6,0,0,0],"texture":"#2"},"down":{"uv":[6,0,0,0],"texture":"#2"}}},{"from":[3.92893,6,4.17157],"to":[5.92893,13,6.17157],"rotation":{"angle":45,"axis":"y","origin":[7.75736,5,8]},"faces":{"north":{"uv":[4,4,5,7.5],"texture":"#2"},"east":{"uv":[5,4,6,7.5],"texture":"#2"},"south":{"uv":[6,0,7,3.5],"texture":"#2"},"west":{"uv":[6,3.5,7,7],"texture":"#2"},"up":{"uv":[10.5,1,9.5,0],"texture":"#2"},"down":{"uv":[10.5,1,9.5,2],"texture":"#2"}}},{"from":[10.07107,6,9.82843],"to":[12.07107,13,11.82843],"rotation":{"angle":45,"axis":"y","origin":[8.24264,5,8]},"faces":{"north":{"uv":[7,0,8,3.5],"texture":"#2"},"east":{"uv":[7,3.5,8,7],"texture":"#2"},"south":{"uv":[6,7,7,10.5],"texture":"#2"},"west":{"uv":[7,7,8,10.5],"texture":"#2"},"up":{"uv":[10.5,3,9.5,2],"texture":"#2"},"down":{"uv":[10.5,3,9.5,4],"texture":"#2"}}}],"display":{"thirdperson_righthand":{"rotation":[75,45,0],"translation":[0,2.5,0],"scale":[0.375,0.375,0.375]},"thirdperson_lefthand":{"rotation":[75,45,0],"translation":[0,2.5,0],"scale":[0.375,0.375,0.375]},"firstperson_righthand":{"rotation":[0,45,0],"scale":[0.4,0.4,0.4]},"firstperson_lefthand":{"rotation":[0,225,0],"scale":[0.4,0.4,0.4]},"ground":{"translation":[0,3,0],"scale":[0.25,0.25,0.25]},"gui":{"rotation":[30,225,0],"scale":[0.625,0.625,0.625]},"fixed":{"rotation":[-90,0,0],"translation":[0,0,-16],"scale":[2,2,2]}}}