{"credit":"Made with Blockbench","texture_size":[64,64],"textures":{"1":"hmcmodels:furniture/furniture/haunted_house/cobweb_2"},"elements":[{"from":[-16,-10,8],"to":[32,20,8],"faces":{"north":{"uv":[0,0,12,7.5],"texture":"#1"},"east":{"uv":[0,0,0,7.5],"texture":"#1"},"south":{"uv":[12,0,0,7.5],"texture":"#1"},"west":{"uv":[0,0,0,7.5],"texture":"#1"},"up":{"uv":[12,0,0,0],"texture":"#1"},"down":{"uv":[12,0,0,0],"texture":"#1"}}}],"display":{"thirdperson_righthand":{"rotation":[75,45,0],"translation":[0,2.5,0],"scale":[0.375,0.375,0.375]},"thirdperson_lefthand":{"rotation":[75,45,0],"translation":[0,2.5,0],"scale":[0.375,0.375,0.375]},"firstperson_righthand":{"rotation":[0,45,0],"scale":[0.4,0.4,0.4]},"firstperson_lefthand":{"rotation":[0,225,0],"scale":[0.4,0.4,0.4]},"ground":{"translation":[0,3,0],"scale":[0.25,0.25,0.25]},"gui":{"rotation":[30,225,0],"translation":[0.25,0,0],"scale":[0.4,0.4,0.4]},"fixed":{"rotation":[90,0,0],"translation":[0,0,-24],"scale":[2,2,2]}}}