{"credit":"Made with Blockbench","texture_size":[64,64],"textures":{"2":"hmcmodels:furniture/furniture/haunted_house/covered_side_table","particle":"haunted_house/covered_side_table"},"elements":[{"from":[2,0,2],"to":[4,13,4],"faces":{"north":{"uv":[6.5,9,7,12.25],"texture":"#2"},"east":{"uv":[7,9,7.5,12.25],"texture":"#2"},"south":{"uv":[7.5,9,8,12.25],"texture":"#2"},"west":{"uv":[8,9,8.5,12.25],"texture":"#2"},"up":{"uv":[4.75,11,4.25,10.5],"texture":"#2"},"down":{"uv":[5.25,10.5,4.75,11],"texture":"#2"}}},{"from":[12,0,2],"to":[14,13,4],"rotation":{"angle":0,"axis":"y","origin":[16,0,0]},"faces":{"north":{"uv":[8.5,9,9,12.25],"texture":"#2"},"east":{"uv":[9,9,9.5,12.25],"texture":"#2"},"south":{"uv":[9.5,0,10,3.25],"texture":"#2"},"west":{"uv":[9.5,9,10,12.25],"texture":"#2"},"up":{"uv":[5.75,11,5.25,10.5],"texture":"#2"},"down":{"uv":[6.25,10.5,5.75,11],"texture":"#2"}}},{"from":[12,0,12],"to":[14,13,14],"rotation":{"angle":0,"axis":"y","origin":[16,0,16]},"faces":{"north":{"uv":[10.25,3.25,10.75,6.5],"texture":"#2"},"east":{"uv":[10.5,0,11,3.25],"texture":"#2"},"south":{"uv":[3.25,10.5,3.75,13.75],"texture":"#2"},"west":{"uv":[3.75,10.5,4.25,13.75],"texture":"#2"},"up":{"uv":[11,10,10.5,9.5],"texture":"#2"},"down":{"uv":[11,10,10.5,10.5],"texture":"#2"}}},{"from":[2,0,12],"to":[4,13,14],"rotation":{"angle":0,"axis":"y","origin":[0,0,16]},"faces":{"north":{"uv":[9.75,3.25,10.25,6.5],"texture":"#2"},"east":{"uv":[10,0,10.5,3.25],"texture":"#2"},"south":{"uv":[10,6.5,10.5,9.75],"texture":"#2"},"west":{"uv":[10,9.75,10.5,13],"texture":"#2"},"up":{"uv":[11,9,10.5,8.5],"texture":"#2"},"down":{"uv":[11,9,10.5,9.5],"texture":"#2"}}},{"from":[1.5,16,1.5],"to":[14.5,16,14.5],"faces":{"north":{"uv":[0,0,3.25,0],"texture":"#2"},"east":{"uv":[0,0,3.25,0],"texture":"#2"},"south":{"uv":[0,0,3.25,0],"texture":"#2"},"west":{"uv":[0,0,3.25,0],"texture":"#2"},"up":{"uv":[3.25,3.25,0,0],"texture":"#2"},"down":{"uv":[3.25,3.25,0,6.5],"texture":"#2"}}},{"from":[1.5,7,1.5],"to":[14.5,16,1.5],"faces":{"north":{"uv":[3.25,6,6.5,8.25],"texture":"#2"},"east":{"uv":[0,0,0,2.25],"texture":"#2"},"south":{"uv":[6.25,0,9.5,2.25],"texture":"#2"},"west":{"uv":[0,0,0,2.25],"texture":"#2"},"up":{"uv":[3.25,0,0,0],"texture":"#2"},"down":{"uv":[3.25,0,0,0],"texture":"#2"}}},{"from":[1.5,7,14.5],"to":[14.5,16,14.5],"rotation":{"angle":0,"axis":"y","origin":[0,0,16]},"faces":{"north":{"uv":[6.25,2.25,9.5,4.5],"texture":"#2"},"east":{"uv":[0,0,0,2.25],"texture":"#2"},"south":{"uv":[0,6.5,3.25,8.75],"texture":"#2"},"west":{"uv":[0,0,0,2.25],"texture":"#2"},"up":{"uv":[3.25,0,0,0],"texture":"#2"},"down":{"uv":[3.25,0,0,0],"texture":"#2"}}},{"from":[1.5,7,1.5],"to":[1.5,16,14.5],"rotation":{"angle":0,"axis":"y","origin":[0,0,16]},"faces":{"north":{"uv":[0,0,0,2.25],"texture":"#2"},"east":{"uv":[3.25,8.25,6.5,10.5],"texture":"#2"},"south":{"uv":[0,0,0,2.25],"texture":"#2"},"west":{"uv":[0,8.75,3.25,11],"texture":"#2"},"up":{"uv":[0,3.25,0,0],"texture":"#2"},"down":{"uv":[0,0,0,3.25],"texture":"#2"}}},{"from":[14.5,7,1.5],"to":[14.5,16,14.5],"rotation":{"angle":0,"axis":"y","origin":[16,0,16]},"faces":{"north":{"uv":[0,0,0,2.25],"texture":"#2"},"east":{"uv":[6.5,4.5,9.75,6.75],"texture":"#2"},"south":{"uv":[0,0,0,2.25],"texture":"#2"},"west":{"uv":[6.5,6.75,9.75,9],"texture":"#2"},"up":{"uv":[0,3.25,0,0],"texture":"#2"},"down":{"uv":[0,0,0,3.25],"texture":"#2"}}},{"from":[2,13,2],"to":[14,15,14],"faces":{"north":{"uv":[10.5,6.5,13.5,7],"texture":"#2"},"east":{"uv":[10.5,7,13.5,7.5],"texture":"#2"},"south":{"uv":[10.5,7.5,13.5,8],"texture":"#2"},"west":{"uv":[10.5,8,13.5,8.5],"texture":"#2"},"up":{"uv":[6.25,3,3.25,0],"texture":"#2"},"down":{"uv":[6.25,3,3.25,6],"texture":"#2"}}}],"display":{"thirdperson_righthand":{"rotation":[75,45,0],"translation":[0,2.5,0],"scale":[0.375,0.375,0.375]},"thirdperson_lefthand":{"rotation":[75,45,0],"translation":[0,2.5,0],"scale":[0.375,0.375,0.375]},"firstperson_righthand":{"rotation":[0,45,0],"scale":[0.4,0.4,0.4]},"firstperson_lefthand":{"rotation":[0,225,0],"scale":[0.4,0.4,0.4]},"ground":{"translation":[0,3,0],"scale":[0.25,0.25,0.25]},"gui":{"rotation":[30,225,0],"scale":[0.625,0.625,0.625]},"fixed":{"rotation":[-90,0,0],"translation":[0,0,-16],"scale":[2,2,2]}}}