{"credit":"Made with Blockbench","texture_size":[64,64],"textures":{"2":"hmcmodels:furniture/furniture/haunted_house/window_boards_tall","particle":"haunted_house/window_boards_tall"},"elements":[{"from":[-2,-1,0],"to":[18,3,1],"rotation":{"angle":0,"axis":"y","origin":[0,-1,0]},"faces":{"north":{"uv":[0,0,5,1],"texture":"#2"},"east":{"uv":[5,4,5.25,5],"texture":"#2"},"south":{"uv":[0,1,5,2],"texture":"#2"},"west":{"uv":[5,5,5.25,6],"texture":"#2"},"up":{"uv":[10,2.25,5,2],"texture":"#2"},"down":{"uv":[10,2.25,5,2.5],"texture":"#2"}}},{"from":[-1,24.2,0],"to":[19,28.2,1],"rotation":{"angle":-45,"axis":"z","origin":[8,26,0.5]},"faces":{"north":{"uv":[0,0,5,1],"texture":"#2"},"east":{"uv":[5,4,5.25,5],"texture":"#2"},"south":{"uv":[0,1,5,2],"texture":"#2"},"west":{"uv":[5,5,5.25,6],"texture":"#2"},"up":{"uv":[10,2.25,5,2],"texture":"#2"},"down":{"uv":[10,2.25,5,2.5],"texture":"#2"}}},{"from":[-2,20.6,-0.4],"to":[18,24.6,0.6],"rotation":{"angle":22.5,"axis":"z","origin":[8,22,0.5]},"faces":{"north":{"uv":[0,0,5,1],"texture":"#2"},"east":{"uv":[5,4,5.25,5],"texture":"#2"},"south":{"uv":[0,1,5,2],"texture":"#2"},"west":{"uv":[5,5,5.25,6],"texture":"#2"},"up":{"uv":[10,2.25,5,2],"texture":"#2"},"down":{"uv":[10,2.25,5,2.5],"texture":"#2"}}},{"from":[-2,13,-0.5],"to":[18,17,0.5],"rotation":{"angle":0,"axis":"y","origin":[0,-1,0]},"faces":{"north":{"uv":[5,0,10,1],"texture":"#2"},"east":{"uv":[5.75,4,6,5],"texture":"#2"},"south":{"uv":[5,1,10,2],"texture":"#2"},"west":{"uv":[5.75,5,6,6],"texture":"#2"},"up":{"uv":[10,3.75,5,3.5],"texture":"#2"},"down":{"uv":[10,3.75,5,4],"texture":"#2"}}},{"from":[-2,28,-0.5],"to":[18,32,0.5],"rotation":{"angle":0,"axis":"y","origin":[8,30,0]},"faces":{"north":{"uv":[5,0,10,1],"texture":"#2"},"east":{"uv":[5.75,4,6,5],"texture":"#2"},"south":{"uv":[5,1,10,2],"texture":"#2"},"west":{"uv":[5.75,5,6,6],"texture":"#2"},"up":{"uv":[10,3.75,5,3.5],"texture":"#2"},"down":{"uv":[10,3.75,5,4],"texture":"#2"}}},{"from":[-2,10.1,0],"to":[18,14.1,1],"rotation":{"angle":-45,"axis":"z","origin":[8,10,0.5]},"faces":{"north":{"uv":[0,4,5,5],"texture":"#2"},"east":{"uv":[5.5,4,5.75,5],"texture":"#2"},"south":{"uv":[0,5,5,6],"texture":"#2"},"west":{"uv":[5.5,5,5.75,6],"texture":"#2"},"up":{"uv":[10,3.25,5,3],"texture":"#2"},"down":{"uv":[10,3.25,5,3.5],"texture":"#2"}}},{"from":[-2,4,-0.5],"to":[18,8,0.5],"rotation":{"angle":22.5,"axis":"z","origin":[8,6,0.5]},"faces":{"north":{"uv":[0,2,5,3],"texture":"#2"},"east":{"uv":[5.25,4,5.5,5],"texture":"#2"},"south":{"uv":[0,3,5,4],"texture":"#2"},"west":{"uv":[5.25,5,5.5,6],"texture":"#2"},"up":{"uv":[10,2.75,5,2.5],"texture":"#2"},"down":{"uv":[10,2.75,5,3],"texture":"#2"}}},{"from":[-0.3,2.4,-0.7],"to":[0.7,3.4,-0.7],"faces":{"north":{"uv":[0,6,0.25,6.25],"texture":"#2"},"east":{"uv":[0,0,0,0.25],"texture":"#2"},"south":{"uv":[0.25,6,0.5,6.25],"texture":"#2"},"west":{"uv":[0,0,0,0.25],"texture":"#2"},"up":{"uv":[0.25,0,0,0],"texture":"#2"},"down":{"uv":[0.25,0,0,0],"texture":"#2"}}},{"from":[12.4,7.6,-0.7],"to":[13.4,8.6,-0.7],"faces":{"north":{"uv":[0,6,0.25,6.25],"texture":"#2"},"east":{"uv":[0,0,0,0.25],"texture":"#2"},"south":{"uv":[0.25,6,0.5,6.25],"texture":"#2"},"west":{"uv":[0,0,0,0.25],"texture":"#2"},"up":{"uv":[0.25,0,0,0],"texture":"#2"},"down":{"uv":[0.25,0,0,0],"texture":"#2"}}},{"from":[5.4,14.6,-0.7],"to":[6.4,15.6,-0.7],"faces":{"north":{"uv":[0,6,0.25,6.25],"texture":"#2"},"east":{"uv":[0,0,0,0.25],"texture":"#2"},"south":{"uv":[0.25,6,0.5,6.25],"texture":"#2"},"west":{"uv":[0,0,0,0.25],"texture":"#2"},"up":{"uv":[0.25,0,0,0],"texture":"#2"},"down":{"uv":[0.25,0,0,0],"texture":"#2"}}},{"from":[10.3,23.6,-0.7],"to":[11.3,24.6,-0.7],"faces":{"north":{"uv":[0,6,0.25,6.25],"texture":"#2"},"east":{"uv":[0,0,0,0.25],"texture":"#2"},"south":{"uv":[0.25,6,0.5,6.25],"texture":"#2"},"west":{"uv":[0,0,0,0.25],"texture":"#2"},"up":{"uv":[0.25,0,0,0],"texture":"#2"},"down":{"uv":[0.25,0,0,0],"texture":"#2"}}},{"from":[3.9,29.6,-0.7],"to":[4.9,30.6,-0.7],"faces":{"north":{"uv":[0,6,0.25,6.25],"texture":"#2"},"east":{"uv":[0,0,0,0.25],"texture":"#2"},"south":{"uv":[0.25,6,0.5,6.25],"texture":"#2"},"west":{"uv":[0,0,0,0.25],"texture":"#2"},"up":{"uv":[0.25,0,0,0],"texture":"#2"},"down":{"uv":[0.25,0,0,0],"texture":"#2"}}}],"display":{"thirdperson_righthand":{"rotation":[75,45,0],"translation":[0,2.5,0],"scale":[0.375,0.375,0.375]},"thirdperson_lefthand":{"rotation":[75,45,0],"translation":[0,2.5,0],"scale":[0.375,0.375,0.375]},"firstperson_righthand":{"rotation":[0,45,0],"scale":[0.4,0.4,0.4]},"firstperson_lefthand":{"rotation":[0,225,0],"scale":[0.4,0.4,0.4]},"ground":{"translation":[0,3,0],"scale":[0.25,0.25,0.25]},"gui":{"rotation":[30,225,0],"translation":[-2,-1.25,0],"scale":[0.4,0.4,0.4]},"fixed":{"translation":[0,0,14],"scale":[2,2,2]}}}