{"credit":"Made with Blockbench","textures":{"0":"item/fishing_rod","particle":"item/fishing_rod"},"elements":[{"from":[7.6,-15.975,7.96],"to":[8.8,-10.375,9.24],"rotation":{"angle":0,"axis":"y","origin":[14.4,-9.575,14.4]},"faces":{"north":{"uv":[5,0,5.5,8],"texture":"#0"},"east":{"uv":[4,0,6,8],"texture":"#0"},"south":{"uv":[4,0,4.5,8],"texture":"#0"},"west":{"uv":[4,0,6,8],"rotation":180,"texture":"#0"},"up":{"uv":[4,0.5,4.6,1],"texture":"#0"},"down":{"uv":[5,3.5,5.5,4],"texture":"#0"}}},{"from":[7.625,-9.755,7.96],"to":[8.765,-9.355,9.22],"rotation":{"angle":0,"axis":"y","origin":[14.425,-9.575,14.4]},"faces":{"north":{"uv":[12,1.5,14.075,3],"texture":"#0"},"east":{"uv":[11.5,8,15.575,9.5],"texture":"#0"},"south":{"uv":[12,2,14.075,3.5],"texture":"#0"},"west":{"uv":[11.5,8,15.575,9.5],"texture":"#0"},"up":{"uv":[11.5,8,15.575,9.5],"texture":"#0"},"down":{"uv":[12,1.5,14.075,3],"texture":"#0"}}},{"from":[7.625,-7.355,7.96],"to":[8.815,-6.955,9.22],"rotation":{"angle":0,"axis":"y","origin":[14.425,-7.175,14.4]},"faces":{"north":{"uv":[0,15,1,16],"texture":"#0"},"east":{"uv":[4,8,6.5,9],"texture":"#0"},"south":{"uv":[0,15,1,16],"texture":"#0"},"west":{"uv":[4,8,6.5,9],"texture":"#0"},"up":{"uv":[5.5,8,6,8.5],"texture":"#0"},"down":{"uv":[4,8,6.5,9],"texture":"#0"}}},{"from":[7.6,-2.605,7.96],"to":[8.84,-2.205,9.22],"rotation":{"angle":0,"axis":"y","origin":[14.425,-2.425,14.4]},"faces":{"north":{"uv":[15,0.5,16,3.5],"rotation":270,"texture":"#0"},"east":{"uv":[15,0.5,16,3.5],"rotation":270,"texture":"#0"},"south":{"uv":[15,0.5,16,3.5],"rotation":270,"texture":"#0"},"west":{"uv":[15,0.5,16,3.5],"rotation":270,"texture":"#0"},"up":{"uv":[15,0.5,16,3.5],"rotation":270,"texture":"#0"},"down":{"uv":[15,0.5,16,3.5],"rotation":270,"texture":"#0"}}},{"from":[8.2128,12.2604,9.2422],"to":[8.5168,12.4514,9.9414],"rotation":{"angle":-22.5,"axis":"x","origin":[17.766,3.68,14.547]},"faces":{"north":{"uv":[0.5,0.5,1,1],"texture":"#0"},"east":{"uv":[0.5,0.5,1,1],"texture":"#0"},"south":{"uv":[0.5,0.5,1,1],"texture":"#0"},"west":{"uv":[0.5,0.5,1,1],"texture":"#0"},"up":{"uv":[0.5,0.5,1,1],"texture":"#0"},"down":{"uv":[0.5,0.5,1,1],"texture":"#0"}}},{"from":[8.2128,6.41812,8.36429],"to":[8.5168,6.76532,8.55429],"rotation":{"angle":22.5,"axis":"x","origin":[17.766,11.52292,17.13469]},"faces":{"north":{"uv":[0.5,0.5,1,1],"rotation":270,"texture":"#0"},"east":{"uv":[0.5,0.5,1,1],"rotation":270,"texture":"#0"},"south":{"uv":[0.5,0.5,1,1],"rotation":270,"texture":"#0"},"west":{"uv":[0.5,0.5,1,1],"rotation":270,"texture":"#0"},"up":{"uv":[0.5,0.5,1,1],"rotation":270,"texture":"#0"},"down":{"uv":[0.5,0.5,1,1],"rotation":270,"texture":"#0"}}},{"from":[8.2128,2.28235,7.9149],"to":[8.5168,2.62955,8.1049],"rotation":{"angle":45,"axis":"x","origin":[17.766,7.38715,16.6853]},"faces":{"north":{"uv":[0.5,0.5,1,1],"rotation":270,"texture":"#0"},"east":{"uv":[0.5,0.5,1,1],"rotation":270,"texture":"#0"},"south":{"uv":[0.5,0.5,1,1],"rotation":270,"texture":"#0"},"west":{"uv":[0.5,0.5,1,1],"rotation":270,"texture":"#0"},"up":{"uv":[0.5,0.5,1,1],"rotation":270,"texture":"#0"},"down":{"uv":[0.5,0.5,1,1],"rotation":270,"texture":"#0"}}},{"from":[8.2128,13.29082,4.51358],"to":[8.5168,13.53502,4.70358],"rotation":{"angle":-22.5,"axis":"x","origin":[17.766,18.59562,13.28398]},"faces":{"north":{"uv":[0.5,0.5,1,1],"rotation":270,"texture":"#0"},"east":{"uv":[0.5,0.5,1,1],"rotation":270,"texture":"#0"},"south":{"uv":[0.5,0.5,1,1],"rotation":270,"texture":"#0"},"west":{"uv":[0.5,0.5,1,1],"rotation":270,"texture":"#0"},"up":{"uv":[0.5,0.5,1,1],"rotation":270,"texture":"#0"},"down":{"uv":[0.5,0.5,1,1],"rotation":270,"texture":"#0"}}},{"from":[8.2128,11.86157,10.76151],"to":[8.5168,12.01357,10.98071],"rotation":{"angle":22.5,"axis":"x","origin":[17.766,20.59397,5.67591]},"faces":{"north":{"uv":[0.5,0.5,1,1],"rotation":180,"texture":"#0"},"east":{"uv":[0.5,0.5,1,1],"rotation":180,"texture":"#0"},"south":{"uv":[0.5,0.5,1,1],"rotation":180,"texture":"#0"},"west":{"uv":[0.5,0.5,1,1],"rotation":180,"texture":"#0"},"up":{"uv":[0.5,0.5,1,1],"rotation":180,"texture":"#0"},"down":{"uv":[0.5,0.5,1,1],"rotation":180,"texture":"#0"}}},{"from":[8.2128,10.57854,6.89661],"to":[8.5168,10.72054,7.09081],"rotation":{"angle":0,"axis":"x","origin":[17.766,19.30094,1.78601]},"faces":{"north":{"uv":[0.5,0.5,1,1],"rotation":180,"texture":"#0"},"east":{"uv":[0.5,0.5,1,1],"rotation":180,"texture":"#0"},"south":{"uv":[0.5,0.5,1,1],"rotation":180,"texture":"#0"},"west":{"uv":[0.5,0.5,1,1],"rotation":180,"texture":"#0"},"up":{"uv":[0.5,0.5,1,1],"rotation":180,"texture":"#0"},"down":{"uv":[0.5,0.5,1,1],"rotation":180,"texture":"#0"}}},{"from":[8.2128,7.80861,3.74003],"to":[8.5168,8.07561,4.00923],"rotation":{"angle":-22.5,"axis":"x","origin":[17.766,16.65601,-1.19557]},"faces":{"north":{"uv":[0.5,0.5,1,1],"rotation":180,"texture":"#0"},"east":{"uv":[0.5,0.5,1,1],"rotation":180,"texture":"#0"},"south":{"uv":[0.5,0.5,1,1],"rotation":180,"texture":"#0"},"west":{"uv":[0.5,0.5,1,1],"rotation":180,"texture":"#0"},"up":{"uv":[0.5,0.5,1,1],"rotation":180,"texture":"#0"},"down":{"uv":[0.5,0.5,1,1],"rotation":180,"texture":"#0"}}},{"from":[7.775,9.22,7.735],"to":[8.69,9.62,8.995],"rotation":{"angle":-22.5,"axis":"x","origin":[14.425,5.25,12.225]},"faces":{"north":{"uv":[15,0.5,16,2.5],"rotation":270,"texture":"#0"},"east":{"uv":[15,0.5,16,2.5],"rotation":270,"texture":"#0"},"south":{"uv":[15,0.5,16,2.5],"rotation":270,"texture":"#0"},"west":{"uv":[15,0.5,16,2.5],"rotation":270,"texture":"#0"},"up":{"uv":[15,0.5,16,2.5],"rotation":270,"texture":"#0"},"down":{"uv":[15,0.5,16,2.5],"rotation":270,"texture":"#0"}}},{"from":[7.875,17.32,4.885],"to":[8.54,17.72,5.72],"rotation":{"angle":-45,"axis":"x","origin":[14.425,13.35,9.375]},"faces":{"north":{"uv":[15,0.5,16,2.5],"rotation":270,"texture":"#0"},"east":{"uv":[15,0.5,16,2.5],"rotation":270,"texture":"#0"},"south":{"uv":[15,0.5,16,2.5],"rotation":270,"texture":"#0"},"west":{"uv":[15,0.5,16,2.5],"rotation":270,"texture":"#0"},"up":{"uv":[15,0.5,16,2.5],"rotation":270,"texture":"#0"},"down":{"uv":[15,0.5,16,2.5],"rotation":270,"texture":"#0"}}},{"from":[7.95,23.32,4.985],"to":[8.465,23.595,5.445],"rotation":{"angle":-45,"axis":"x","origin":[14.425,13.35,9.25]},"faces":{"north":{"uv":[15,0.5,16,2.5],"rotation":270,"texture":"#0"},"east":{"uv":[15,0.5,16,2.5],"rotation":270,"texture":"#0"},"south":{"uv":[15,0.5,16,2.5],"rotation":270,"texture":"#0"},"west":{"uv":[15,0.5,16,2.5],"rotation":270,"texture":"#0"},"up":{"uv":[15.5,0.5,16,2.5],"rotation":270,"texture":"#0"},"down":{"uv":[13.5,1.5,14.5,3.5],"rotation":270,"texture":"#0"}}},{"from":[8.1,23.32,4.66],"to":[8.29,23.545,4.985],"rotation":{"angle":-45,"axis":"x","origin":[14.425,13.35,9.25]},"faces":{"north":{"uv":[15,0.5,16,2.5],"rotation":270,"texture":"#0"},"east":{"uv":[15,0.5,16,2.5],"rotation":270,"texture":"#0"},"south":{"uv":[15,0.5,16,2.5],"rotation":270,"texture":"#0"},"west":{"uv":[15,0.5,16,2.5],"rotation":270,"texture":"#0"},"up":{"uv":[15.5,0.5,16,2.5],"rotation":270,"texture":"#0"},"down":{"uv":[13,1.5,14,3.5],"rotation":270,"texture":"#0"}}},{"from":[7.55,-7.105,6.01],"to":[8.89,-6.355,6.76],"rotation":{"angle":45,"axis":"x","origin":[14.425,-6.575,12.45]},"faces":{"north":{"uv":[13,7,14,8],"texture":"#0"},"east":{"uv":[13,7,14,8],"texture":"#0"},"south":{"uv":[12.5,2,13.5,3],"texture":"#0"},"west":{"uv":[13,7,14,8],"texture":"#0"},"up":{"uv":[13,7,14,8],"texture":"#0"},"down":{"uv":[10.5,6.5,11.5,7.5],"texture":"#0"}}},{"from":[7.725,4.72,5.785],"to":[8.74,5.47,6.535],"rotation":{"angle":22.5,"axis":"x","origin":[14.425,5.25,12.225]},"faces":{"north":{"uv":[13,7,14,8],"texture":"#0"},"east":{"uv":[13,7,14,8],"texture":"#0"},"south":{"uv":[13,1.5,14,2.5],"texture":"#0"},"west":{"uv":[13,7,14,8],"texture":"#0"},"up":{"uv":[13,7,14,8],"texture":"#0"},"down":{"uv":[10.5,7,11.5,8],"texture":"#0"}}},{"from":[7.825,12.82,2.935],"to":[8.59,13.57,3.685],"rotation":{"angle":0,"axis":"x","origin":[14.425,13.35,9.375]},"faces":{"north":{"uv":[13,7,14,8],"texture":"#0"},"east":{"uv":[13,7,14,8],"texture":"#0"},"south":{"uv":[12.5,2.5,13.5,3.5],"texture":"#0"},"west":{"uv":[13,7,14,8],"texture":"#0"},"up":{"uv":[13,7,14,8],"texture":"#0"},"down":{"uv":[10.5,7,11.5,8],"texture":"#0"}}},{"from":[7.425,-9.355,7.76],"to":[8.965,-7.355,9.42],"rotation":{"angle":0,"axis":"y","origin":[14.425,-9.775,14.4]},"faces":{"north":{"uv":[12,1.5,14.5,4],"texture":"#0"},"east":{"uv":[12,6.5,15.575,9],"texture":"#0"},"south":{"uv":[12,1.5,14.5,4],"texture":"#0"},"west":{"uv":[12,6.5,15.575,9],"texture":"#0"},"up":{"uv":[15.5,1.5,16,3],"texture":"#0"},"down":{"uv":[12,1.5,14.075,4],"texture":"#0"}}},{"from":[7.675,-9.105,5.545],"to":[8.715,-7.855,7.545],"rotation":{"angle":0,"axis":"y","origin":[14.425,-9.775,12.525]},"faces":{"north":{"uv":[11,14.5,14.925,16],"texture":"#0"},"east":{"uv":[11,14.5,14.925,16],"texture":"#0"},"south":{"uv":[11,14.5,14.925,16],"rotation":180,"texture":"#0"},"west":{"uv":[11,14.5,14.925,16],"texture":"#0"},"up":{"uv":[11,13,14.925,14.5],"rotation":180,"texture":"#0"},"down":{"uv":[11,14.5,14.925,16],"rotation":180,"texture":"#0"}}},{"from":[8.708,-9.176,5.404],"to":[9.008,-7.676,7.804],"rotation":{"angle":0,"axis":"y","origin":[15.56,-9.98,13.78]},"faces":{"north":{"uv":[15.5,0,16,5.5],"texture":"#0"},"east":{"uv":[10.5,0,16,5.5],"texture":"#0"},"south":{"uv":[10.5,0,11,5.5],"texture":"#0"},"west":{"uv":[12,1.5,14.5,4],"texture":"#0"},"up":{"uv":[10.5,0,16,0.5],"texture":"#0"},"down":{"uv":[10.5,5,16,5.5],"texture":"#0"}}},{"from":[9.01,-9.399,6.406],"to":[9.131,-8.303,6.802],"rotation":{"angle":0,"axis":"y","origin":[15.56,-9.98,13.78]},"faces":{"north":{"uv":[15.5,2,16,4.5],"texture":"#0"},"east":{"uv":[15,2,16,4.5],"texture":"#0"},"south":{"uv":[15,2,15.5,4.5],"texture":"#0"},"west":{"uv":[15,2,15.5,4.5],"texture":"#0"},"up":{"uv":[15,2,16,4.5],"texture":"#0"},"down":{"uv":[15,2,16,4.5],"texture":"#0"}}},{"from":[9.133,-8.576,6.404],"to":[9.308,-8.301,6.804],"rotation":{"angle":0,"axis":"y","origin":[15.56,-9.98,13.78]},"faces":{"north":{"uv":[4,8,4.5,8.5],"texture":"#0"},"east":{"uv":[5,8.5,5.5,9],"texture":"#0"},"south":{"uv":[4,8.5,4.5,9],"texture":"#0"},"west":{"uv":[4,8.5,4.5,9],"texture":"#0"},"up":{"uv":[5.5,8,6,8.5],"texture":"#0"},"down":{"uv":[0,15.5,0.5,16],"texture":"#0"}}},{"from":[7.092,-8.576,6.404],"to":[7.267,-8.301,6.804],"rotation":{"angle":0,"axis":"y","origin":[0.84,-9.98,13.78]},"faces":{"north":{"uv":[4.575,8.5,4.075,9],"texture":"#0"},"east":{"uv":[4.575,8.5,4.075,9],"texture":"#0"},"south":{"uv":[4.575,8.5,4.075,9],"texture":"#0"},"west":{"uv":[5.5,8.5,5,9],"texture":"#0"},"up":{"uv":[6,8,5.5,8.5],"texture":"#0"},"down":{"uv":[0.5,15.5,0,16],"texture":"#0"}}},{"from":[9.008,-8.826,5.954],"to":[9.133,-8.051,7.254],"rotation":{"angle":0,"axis":"y","origin":[15.56,-9.98,13.78]},"faces":{"north":{"uv":[12,1.5,14.5,4],"texture":"#0"},"east":{"uv":[15,1.5,16,3],"texture":"#0"},"south":{"uv":[12,1.5,14.5,4],"texture":"#0"},"west":{"uv":[12,1.5,14.5,4],"texture":"#0"},"up":{"uv":[12,1.5,14.5,4],"texture":"#0"},"down":{"uv":[12,1.5,14.5,4],"texture":"#0"}}},{"from":[7.267,-8.826,5.954],"to":[7.392,-8.051,7.254],"rotation":{"angle":0,"axis":"y","origin":[0.84,-9.98,13.78]},"faces":{"north":{"uv":[12,1.5,14.425,4],"texture":"#0"},"east":{"uv":[12,1.5,14.425,4],"texture":"#0"},"south":{"uv":[12,1.5,14.425,4],"texture":"#0"},"west":{"uv":[12,1.5,14.425,4],"texture":"#0"},"up":{"uv":[12,1.5,14.425,4],"texture":"#0"},"down":{"uv":[12,1.5,14.425,4],"texture":"#0"}}},{"from":[9.008,-12.54279,5.23046],"to":[9.133,-11.94279,5.63046],"rotation":{"angle":22.5,"axis":"x","origin":[15.56,-13.62179,12.60646]},"faces":{"north":{"uv":[15.5,1.5,16,4],"texture":"#0"},"east":{"uv":[15,1.5,16,4],"texture":"#0"},"south":{"uv":[15,1.5,15.5,4],"texture":"#0"},"west":{"uv":[15,1.5,15.5,4],"texture":"#0"},"up":{"uv":[15,1.5,16,4],"texture":"#0"},"down":{"uv":[15,1.5,16,4],"texture":"#0"}}},{"from":[9.01,-10.06484,8.7738],"to":[9.131,-9.54384,9.3698],"rotation":{"angle":-22.5,"axis":"x","origin":[15.56,-17.04284,7.6928]},"faces":{"north":{"uv":[15,0.5,16,3],"rotation":270,"texture":"#0"},"east":{"uv":[15,0.5,16,3],"rotation":270,"texture":"#0"},"south":{"uv":[15,0.5,16,3],"rotation":270,"texture":"#0"},"west":{"uv":[15,0.5,16,3],"rotation":270,"texture":"#0"},"up":{"uv":[15.5,0.5,16,3],"rotation":270,"texture":"#0"},"down":{"uv":[15,0.5,15.5,3],"rotation":270,"texture":"#0"}}},{"from":[8.858,-9.91684,8.9218],"to":[9.233,-9.69184,9.1468],"rotation":{"angle":-22.5,"axis":"x","origin":[15.56,-17.06784,7.6678]},"faces":{"north":{"uv":[12.5,2.5,13.5,3],"rotation":180,"texture":"#0"},"east":{"uv":[12.5,2.5,13.5,3],"rotation":180,"texture":"#0"},"south":{"uv":[12.5,2.5,13.5,3],"rotation":180,"texture":"#0"},"west":{"uv":[12.5,2.5,13.5,3],"rotation":180,"texture":"#0"},"up":{"uv":[12.5,2.5,13.5,3],"rotation":180,"texture":"#0"},"down":{"uv":[12.5,2.5,13.5,3],"rotation":180,"texture":"#0"}}},{"from":[9.233,-9.96684,8.8968],"to":[10.533,-9.61684,9.2468],"rotation":{"angle":-22.5,"axis":"x","origin":[15.56,-17.04284,7.6928]},"faces":{"north":{"uv":[0,15,0.925,16],"rotation":180,"texture":"#0"},"east":{"uv":[4,8,4.925,9],"rotation":180,"texture":"#0"},"south":{"uv":[4,8,4.925,9],"rotation":180,"texture":"#0"},"west":{"uv":[4,8,4.925,9],"rotation":180,"texture":"#0"},"up":{"uv":[5.425,8,5.925,8.5],"rotation":180,"texture":"#0"},"down":{"uv":[0,15,0.925,16],"rotation":180,"texture":"#0"}}},{"from":[7.383,-9.176,5.404],"to":[7.683,-7.676,7.804],"rotation":{"angle":0,"axis":"y","origin":[14.235,-9.98,13.78]},"faces":{"north":{"uv":[15.5,0,16,5.5],"texture":"#0"},"east":{"uv":[12,1.5,14.5,4],"texture":"#0"},"south":{"uv":[10.5,0,11,5.5],"texture":"#0"},"west":{"uv":[10.5,0,16,5.5],"rotation":270,"texture":"#0"},"up":{"uv":[10.5,0,16,0.5],"texture":"#0"},"down":{"uv":[10.5,5,16,5.5],"texture":"#0"}}},{"from":[7.66,-10.375,8.04],"to":[8.74,-9.755,9.14],"rotation":{"angle":0,"axis":"y","origin":[14.4,-9.575,14.4]},"faces":{"north":{"uv":[0,15,0.5,16],"texture":"#0"},"east":{"uv":[4,8,6.5,9],"rotation":180,"texture":"#0"},"south":{"uv":[0,15,1,16],"texture":"#0"},"west":{"uv":[4,8,6.5,9],"texture":"#0"},"up":{"uv":[4,8,6.5,9],"texture":"#0"},"down":{"uv":[4,8,6.5,9],"texture":"#0"}}},{"from":[7.685,-6.975,8.04],"to":[8.765,4.045,9.14],"rotation":{"angle":0,"axis":"y","origin":[14.425,-6.175,14.4]},"faces":{"north":{"uv":[2.5,0,3.85,13.775],"texture":"#0"},"east":{"uv":[0,2,1.375,13.775],"texture":"#0"},"south":{"uv":[2.5,0,3.85,13.775],"texture":"#0"},"west":{"uv":[0,0,1.875,13.775],"rotation":180,"texture":"#0"},"up":{"uv":[0,0,1.35,1.375],"texture":"#0"},"down":{"uv":[0,0,1.35,1.375],"texture":"#0"}}},{"from":[8.185,-9.9,5.115],"to":[8.265,-4.03,5.215],"rotation":{"angle":22.5,"axis":"x","origin":[14.425,-9.9,10.475]},"faces":{"north":{"uv":[11,13,11.5,13.5],"texture":"#0"},"east":{"uv":[11,13,11.5,13.5],"texture":"#0"},"south":{"uv":[11,13,11.5,13.5],"texture":"#0"},"west":{"uv":[11,13,11.5,13.5],"texture":"#0"},"up":{"uv":[11,13,11.5,13.5],"texture":"#0"},"down":{"uv":[11,13,11.5,13.5],"texture":"#0"}}},{"from":[8.185,-2.275,7.74],"to":[8.265,3.895,7.84],"rotation":{"angle":0,"axis":"x","origin":[14.425,-2.275,13.1]},"faces":{"north":{"uv":[11,13,11.5,13.5],"texture":"#0"},"east":{"uv":[11,13,11.5,13.5],"texture":"#0"},"south":{"uv":[11,13,11.5,13.5],"texture":"#0"},"west":{"uv":[11,13,11.5,13.5],"texture":"#0"},"up":{"uv":[11,13,11.5,13.5],"texture":"#0"},"down":{"uv":[11,13,11.5,13.5],"texture":"#0"}}},{"from":[8.185,5.9,7.34],"to":[8.265,14.47,7.44],"rotation":{"angle":-22.5,"axis":"x","origin":[14.425,5.9,12.7]},"faces":{"north":{"uv":[11,13,11.5,13.5],"texture":"#0"},"east":{"uv":[11,13,11.5,13.5],"texture":"#0"},"south":{"uv":[11,13,11.5,13.5],"texture":"#0"},"west":{"uv":[11,13,11.5,13.5],"texture":"#0"},"up":{"uv":[11,13,11.5,13.5],"texture":"#0"},"down":{"uv":[11,13,11.5,13.5],"texture":"#0"}}},{"from":[8.185,15.52411,2.92018],"to":[8.265,23.44411,3.02018],"rotation":{"angle":-45,"axis":"x","origin":[14.425,15.52411,8.28018]},"faces":{"north":{"uv":[11,13,11.5,13.5],"texture":"#0"},"east":{"uv":[11,13,11.5,13.5],"texture":"#0"},"south":{"uv":[11,13,11.5,13.5],"texture":"#0"},"west":{"uv":[11,13,11.5,13.5],"texture":"#0"},"up":{"uv":[11,13,11.5,13.5],"texture":"#0"},"down":{"uv":[11,13,11.5,13.5],"texture":"#0"}}},{"from":[7.785,6.83587,11.62563],"to":[8.665,11.08587,12.65063],"rotation":{"angle":-22.5,"axis":"x","origin":[14.425,-3.38413,17.91063]},"faces":{"north":{"uv":[2.5,3,3.85,13.5],"texture":"#0"},"east":{"uv":[0,3.5,1.375,14],"texture":"#0"},"south":{"uv":[2.5,3.5,3.85,14],"texture":"#0"},"west":{"uv":[1,3,2.375,13.5],"texture":"#0"},"up":{"uv":[0,0,1.35,1.375],"texture":"#0"},"down":{"uv":[0,0,1.35,1.375],"texture":"#0"}}},{"from":[7.91,11.06087,11.70063],"to":[8.54,15.21087,12.50063],"rotation":{"angle":-22.5,"axis":"x","origin":[14.425,-3.38413,17.91063]},"faces":{"north":{"uv":[2.5,3.5,3.85,14],"texture":"#0"},"east":{"uv":[1,3.5,2.375,14],"texture":"#0"},"south":{"uv":[2.5,3.5,3.85,14],"texture":"#0"},"west":{"uv":[0,2.5,1.375,13],"texture":"#0"},"up":{"uv":[0,0,1.35,1.375],"texture":"#0"},"down":{"uv":[0,0,1.35,1.375],"texture":"#0"}}},{"from":[7.96,16.94603,7.20592],"to":[8.49,21.34603,7.80592],"rotation":{"angle":-45,"axis":"x","origin":[14.425,11.81937,13.14092]},"faces":{"north":{"uv":[2.5,3.5,3.85,14],"texture":"#0"},"east":{"uv":[0.5,3,1.875,13.5],"texture":"#0"},"south":{"uv":[2.5,3.5,3.85,14],"texture":"#0"},"west":{"uv":[1,3,2.375,13.5],"texture":"#0"},"up":{"uv":[0,0,1.35,1.375],"texture":"#0"},"down":{"uv":[0,0,1.35,1.375],"texture":"#0"}}},{"from":[8.01,21.24603,7.20592],"to":[8.44,25.59603,7.58092],"rotation":{"angle":-45,"axis":"x","origin":[14.425,11.81937,13.01592]},"faces":{"north":{"uv":[2.5,3,3.85,13.5],"texture":"#0"},"east":{"uv":[0,0,1.375,10.5],"texture":"#0"},"south":{"uv":[2.5,3,3.85,13.5],"texture":"#0"},"west":{"uv":[0,0,1.375,10.5],"texture":"#0"},"up":{"uv":[0,0,1.35,1.375],"texture":"#0"},"down":{"uv":[0,0,1.35,1.375],"texture":"#0"}}}],"display":{"thirdperson_righthand":{"translation":[0,21,0.25]},"thirdperson_lefthand":{"translation":[0,21,0.25]},"firstperson_righthand":{"rotation":[-27,0,0],"translation":[9.5,13.5,-18.5]},"firstperson_lefthand":{"rotation":[-27,0,0],"translation":[9.5,13.5,-18.5]},"ground":{"rotation":[85,74,-4],"translation":[0,2.5,6.75]},"gui":{"rotation":[35,-115,92],"translation":[1,2.5,0],"scale":[0.44,0.78,0.46]},"head":{"rotation":[44,56,131],"translation":[0.25,-19.5,6]},"fixed":{"rotation":[0,90,0],"translation":[0,9,-1]}}}