{"data":5002,"parent":"item/generated","textures":{"layer0":"item/leather_horse_armor"},"overrides":[{"predicate":{"custom_model_data":1001},"model":"modelengine:windmill/fan8"},{"predicate":{"custom_model_data":1002},"model":"modelengine:windmill/fan7"},{"predicate":{"custom_model_data":1003},"model":"modelengine:windmill/fan6"},{"predicate":{"custom_model_data":1004},"model":"modelengine:windmill/fan5"},{"predicate":{"custom_model_data":1005},"model":"modelengine:windmill/fan4"},{"predicate":{"custom_model_data":1006},"model":"modelengine:windmill/fan3"},{"predicate":{"custom_model_data":1007},"model":"modelengine:windmill/fan2"},{"predicate":{"custom_model_data":1008},"model":"modelengine:windmill/fan1"},{"predicate":{"custom_model_data":1009},"model":"modelengine:windmill/front"},{"predicate":{"custom_model_data":1010},"model":"modelengine:windmill/1_cube_pain"},{"predicate":{"custom_model_data":2001},"model":"modelengine:bounding_lance/long"},{"predicate":{"custom_model_data":2002},"model":"modelengine:bounding_lance/short"},{"predicate":{"custom_model_data":2003},"model":"modelengine:bounding_lance/shaft"},{"predicate":{"custom_model_data":2004},"model":"modelengine:bounding_lance/prongs"},{"predicate":{"custom_model_data":2005},"model":"modelengine:bounding_lance/group"},{"predicate":{"custom_model_data":2006},"model":"modelengine:unheard_bell/top"},{"predicate":{"custom_model_data":2007},"model":"modelengine:unheard_bell/bone"},{"predicate":{"custom_model_data":2008},"model":"modelengine:unheard_bell/bone2"},{"predicate":{"custom_model_data":2009},"model":"modelengine:unheard_bell/bone3"},{"predicate":{"custom_model_data":2010},"model":"modelengine:unheard_bell/bone4"},{"predicate":{"custom_model_data":2011},"model":"modelengine:unheard_bell/bone5"},{"predicate":{"custom_model_data":2012},"model":"modelengine:unheard_bell/bone6"},{"predicate":{"custom_model_data":2013},"model":"modelengine:unheard_bell/bone7"},{"predicate":{"custom_model_data":2014},"model":"modelengine:unheard_bell/bone8"},{"predicate":{"custom_model_data":3001},"model":"modelengine:abyssal_snail/abyssal_snail"},{"predicate":{"custom_model_data":3002},"model":"modelengine:amakagame/amakagame"},{"predicate":{"custom_model_data":3003},"model":"modelengine:ashimite/head"},{"predicate":{"custom_model_data":3004},"model":"modelengine:ashimite/leg_right"},{"predicate":{"custom_model_data":3005},"model":"modelengine:ashimite/leg_left"},{"predicate":{"custom_model_data":3006},"model":"modelengine:ashimite/ashimite"},{"predicate":{"custom_model_data":3007},"model":"modelengine:beniguma/legfl"},{"predicate":{"custom_model_data":3008},"model":"modelengine:beniguma/legfr"},{"predicate":{"custom_model_data":3009},"model":"modelengine:beniguma/legbl"},{"predicate":{"custom_model_data":3010},"model":"modelengine:beniguma/legbr"},{"predicate":{"custom_model_data":3011},"model":"modelengine:beniguma/tail"},{"predicate":{"custom_model_data":3012},"model":"modelengine:beniguma/model"},{"predicate":{"custom_model_data":3013},"model":"modelengine:billabonk/billabonk"},{"predicate":{"custom_model_data":3014},"model":"modelengine:chimokami/chimokami"},{"predicate":{"custom_model_data":3015},"model":"modelengine:corpse_weeper/body2"},{"predicate":{"custom_model_data":3016},"model":"modelengine:corpse_weeper/wing7"},{"predicate":{"custom_model_data":3017},"model":"modelengine:corpse_weeper/glass"},{"predicate":{"custom_model_data":3018},"model":"modelengine:cyatoria/body2"},{"predicate":{"custom_model_data":3019},"model":"modelengine:cyatoria/ribbon8"},{"predicate":{"custom_model_data":3020},"model":"modelengine:cyatoria/ribbon7"},{"predicate":{"custom_model_data":3021},"model":"modelengine:cyatoria/ribbon6"},{"predicate":{"custom_model_data":3022},"model":"modelengine:cyatoria/ribbon5"},{"predicate":{"custom_model_data":3023},"model":"modelengine:cyatoria/wing6"},{"predicate":{"custom_model_data":3024},"model":"modelengine:cyatoria/wing5"},{"predicate":{"custom_model_data":3025},"model":"modelengine:cyatoria/wing4"},{"predicate":{"custom_model_data":3026},"model":"modelengine:cyatoria/ribbon4"},{"predicate":{"custom_model_data":3027},"model":"modelengine:cyatoria/ribbon3"},{"predicate":{"custom_model_data":3028},"model":"modelengine:cyatoria/ribbon2"},{"predicate":{"custom_model_data":3029},"model":"modelengine:cyatoria/ribbon1"},{"predicate":{"custom_model_data":3030},"model":"modelengine:cyatoria/wing3"},{"predicate":{"custom_model_data":3031},"model":"modelengine:cyatoria/wing2"},{"predicate":{"custom_model_data":3032},"model":"modelengine:cyatoria/wing1"},{"predicate":{"custom_model_data":3033},"model":"modelengine:cyatoria/glass"},{"predicate":{"custom_model_data":3034},"model":"modelengine:demonfish/demonfish"},{"predicate":{"custom_model_data":3035},"model":"modelengine:dosetori/body2"},{"predicate":{"custom_model_data":3036},"model":"modelengine:dosetori/glass"},{"predicate":{"custom_model_data":3037},"model":"modelengine:edusan/torso"},{"predicate":{"custom_model_data":3038},"model":"modelengine:edusan/leftfrontc"},{"predicate":{"custom_model_data":3039},"model":"modelengine:edusan/leftfrontd"},{"predicate":{"custom_model_data":3040},"model":"modelengine:edusan/leftfrontb"},{"predicate":{"custom_model_data":3041},"model":"modelengine:edusan/leftfronta"},{"predicate":{"custom_model_data":3042},"model":"modelengine:edusan/leftarma"},{"predicate":{"custom_model_data":3043},"model":"modelengine:edusan/leftarm"},{"predicate":{"custom_model_data":3044},"model":"modelengine:edusan/leftfinab"},{"predicate":{"custom_model_data":3045},"model":"modelengine:edusan/leftfina"},{"predicate":{"custom_model_data":3046},"model":"modelengine:edusan/leftfinb"},{"predicate":{"custom_model_data":3047},"model":"modelengine:edusan/centerfind"},{"predicate":{"custom_model_data":3048},"model":"modelengine:edusan/head"},{"predicate":{"custom_model_data":3049},"model":"modelengine:edusan/centerfinc"},{"predicate":{"custom_model_data":3050},"model":"modelengine:edusan/rightfinab"},{"predicate":{"custom_model_data":3051},"model":"modelengine:edusan/rightfina"},{"predicate":{"custom_model_data":3052},"model":"modelengine:edusan/rightfinb"},{"predicate":{"custom_model_data":3053},"model":"modelengine:edusan/rightfronta"},{"predicate":{"custom_model_data":3054},"model":"modelengine:edusan/rightarma"},{"predicate":{"custom_model_data":3055},"model":"modelengine:edusan/rightarm"},{"predicate":{"custom_model_data":3056},"model":"modelengine:edusan/rightfrontb"},{"predicate":{"custom_model_data":3057},"model":"modelengine:edusan/rightfrontd"},{"predicate":{"custom_model_data":3058},"model":"modelengine:edusan/rightfrontc"},{"predicate":{"custom_model_data":3059},"model":"modelengine:fuwagi/fuwagi"},{"predicate":{"custom_model_data":3060},"model":"modelengine:hamashirama/blubber"},{"predicate":{"custom_model_data":3061},"model":"modelengine:hamashirama/body"},{"predicate":{"custom_model_data":3062},"model":"modelengine:hammerbeak/glass"},{"predicate":{"custom_model_data":3063},"model":"modelengine:hammerbeak/body"},{"predicate":{"custom_model_data":3064},"model":"modelengine:hashofu/hashofu"},{"predicate":{"custom_model_data":3065},"model":"modelengine:hisomukuro/fin3"},{"predicate":{"custom_model_data":3066},"model":"modelengine:hisomukuro/lower_jaw"},{"predicate":{"custom_model_data":3067},"model":"modelengine:hisomukuro/back_jaw"},{"predicate":{"custom_model_data":3068},"model":"modelengine:hisomukuro/upper_jaw"},{"predicate":{"custom_model_data":3069},"model":"modelengine:hisomukuro/ribtail"},{"predicate":{"custom_model_data":3070},"model":"modelengine:hisomukuro/stomack"},{"predicate":{"custom_model_data":3071},"model":"modelengine:hisomukuro/tail"},{"predicate":{"custom_model_data":3072},"model":"modelengine:hisomukuro/rib3"},{"predicate":{"custom_model_data":3073},"model":"modelengine:hisomukuro/rib1"},{"predicate":{"custom_model_data":3074},"model":"modelengine:hisomukuro/rib2"},{"predicate":{"custom_model_data":3075},"model":"modelengine:hisomukuro/fin0"},{"predicate":{"custom_model_data":3076},"model":"modelengine:hisomukuro/fin1"},{"predicate":{"custom_model_data":3077},"model":"modelengine:hisomukuro/fin2"},{"predicate":{"custom_model_data":3078},"model":"modelengine:inbyo/inbyo"},{"predicate":{"custom_model_data":3079},"model":"modelengine:kagi_tachikiri/kagi_tachikiri"},{"predicate":{"custom_model_data":3080},"model":"modelengine:kakatsumuri/kakatsumuri"},{"predicate":{"custom_model_data":3081},"model":"modelengine:kazura/kazura_squid2"},{"predicate":{"custom_model_data":3082},"model":"modelengine:kuongatari/kuongatari"},{"predicate":{"custom_model_data":3083},"model":"modelengine:madokajack/madokajack"},{"predicate":{"custom_model_data":3084},"model":"modelengine:makihige/makighige"},{"predicate":{"custom_model_data":3085},"model":"modelengine:neritantan/neritantan"},{"predicate":{"custom_model_data":3086},"model":"modelengine:okibo/ears"},{"predicate":{"custom_model_data":3087},"model":"modelengine:okibo/head"},{"predicate":{"custom_model_data":3088},"model":"modelengine:okibo/leg0"},{"predicate":{"custom_model_data":3089},"model":"modelengine:okibo/tail"},{"predicate":{"custom_model_data":3090},"model":"modelengine:okibo/body"},{"predicate":{"custom_model_data":3091},"model":"modelengine:okibo/leg1"},{"predicate":{"custom_model_data":3092},"model":"modelengine:okibo/leg2"},{"predicate":{"custom_model_data":3093},"model":"modelengine:okibo/leg3"},{"predicate":{"custom_model_data":3094},"model":"modelengine:okibo/deco"},{"predicate":{"custom_model_data":3095},"model":"modelengine:okibo/saddlehead"},{"predicate":{"custom_model_data":3096},"model":"modelengine:okibo/saddlebase"},{"predicate":{"custom_model_data":3097},"model":"modelengine:okibo/saddledeco"},{"predicate":{"custom_model_data":3098},"model":"modelengine:onitsuchi/glass"},{"predicate":{"custom_model_data":3099},"model":"modelengine:onitsuchi/body"},{"predicate":{"custom_model_data":3100},"model":"modelengine:orbpiercer/r_f_foot"},{"predicate":{"custom_model_data":3101},"model":"modelengine:orbpiercer/r_f_ankle"},{"predicate":{"custom_model_data":3102},"model":"modelengine:orbpiercer/right_front"},{"predicate":{"custom_model_data":3103},"model":"modelengine:orbpiercer/r_r_foot"},{"predicate":{"custom_model_data":3104},"model":"modelengine:orbpiercer/r_r_ankle"},{"predicate":{"custom_model_data":3105},"model":"modelengine:orbpiercer/r_r_calf"},{"predicate":{"custom_model_data":3106},"model":"modelengine:orbpiercer/right_rear"},{"predicate":{"custom_model_data":3107},"model":"modelengine:orbpiercer/l_f_foot"},{"predicate":{"custom_model_data":3108},"model":"modelengine:orbpiercer/l_f_ankle"},{"predicate":{"custom_model_data":3109},"model":"modelengine:orbpiercer/left_front"},{"predicate":{"custom_model_data":3110},"model":"modelengine:orbpiercer/l_r_foot"},{"predicate":{"custom_model_data":3111},"model":"modelengine:orbpiercer/l_r_ankle"},{"predicate":{"custom_model_data":3112},"model":"modelengine:orbpiercer/l_r_calf"},{"predicate":{"custom_model_data":3113},"model":"modelengine:orbpiercer/left_rear"},{"predicate":{"custom_model_data":3114},"model":"modelengine:orbpiercer/neck_spines_2"},{"predicate":{"custom_model_data":3115},"model":"modelengine:orbpiercer/mouth"},{"predicate":{"custom_model_data":3116},"model":"modelengine:orbpiercer/head_1"},{"predicate":{"custom_model_data":3117},"model":"modelengine:orbpiercer/neck_spines_1"},{"predicate":{"custom_model_data":3118},"model":"modelengine:orbpiercer/neck_spines_2"},{"predicate":{"custom_model_data":3119},"model":"modelengine:orbpiercer/neck"},{"predicate":{"custom_model_data":3120},"model":"modelengine:orbpiercer/tail_tips"},{"predicate":{"custom_model_data":3121},"model":"modelengine:orbpiercer/tail_1"},{"predicate":{"custom_model_data":3122},"model":"modelengine:orbpiercer/tail_tips2"},{"predicate":{"custom_model_data":3123},"model":"modelengine:orbpiercer/tail2"},{"predicate":{"custom_model_data":3124},"model":"modelengine:orbpiercer/bone"},{"predicate":{"custom_model_data":3125},"model":"modelengine:orbpiercer/spine_tips_2"},{"predicate":{"custom_model_data":3126},"model":"modelengine:orbpiercer/tail_spines_1"},{"predicate":{"custom_model_data":3127},"model":"modelengine:orbpiercer/s_t_b"},{"predicate":{"custom_model_data":3128},"model":"modelengine:orbpiercer/tail_spines_l_b"},{"predicate":{"custom_model_data":3129},"model":"modelengine:orbpiercer/spine_tips_3"},{"predicate":{"custom_model_data":3130},"model":"modelengine:orbpiercer/spine_tips_l"},{"predicate":{"custom_model_data":3131},"model":"modelengine:orbpiercer/tail_spines_l_t"},{"predicate":{"custom_model_data":3132},"model":"modelengine:orbpiercer/s_t_b2"},{"predicate":{"custom_model_data":3133},"model":"modelengine:orbpiercer/tail_spines_r_b"},{"predicate":{"custom_model_data":3134},"model":"modelengine:orbpiercer/spine_tips_4"},{"predicate":{"custom_model_data":3135},"model":"modelengine:orbpiercer/spine_tips_l2"},{"predicate":{"custom_model_data":3136},"model":"modelengine:orbpiercer/tail_spines_r_t"},{"predicate":{"custom_model_data":3137},"model":"modelengine:orbpiercer/c"},{"predicate":{"custom_model_data":3138},"model":"modelengine:orbpiercer/a"},{"predicate":{"custom_model_data":3139},"model":"modelengine:orbpiercer/shoulder_spines_left"},{"predicate":{"custom_model_data":3140},"model":"modelengine:orbpiercer/spine_tips_right"},{"predicate":{"custom_model_data":3141},"model":"modelengine:orbpiercer/b"},{"predicate":{"custom_model_data":3142},"model":"modelengine:orbpiercer/shoulder_spines_right2"},{"predicate":{"custom_model_data":3143},"model":"modelengine:orbpiercer/shoulder_spines_right"},{"predicate":{"custom_model_data":3144},"model":"modelengine:orbpiercer/torso_spines"},{"predicate":{"custom_model_data":3145},"model":"modelengine:orbpiercer/torso"},{"predicate":{"custom_model_data":3146},"model":"modelengine:ottobas/ottobas"},{"predicate":{"custom_model_data":3147},"model":"modelengine:rinsipede/rinsipede"},{"predicate":{"custom_model_data":3148},"model":"modelengine:rohana/rohana"},{"predicate":{"custom_model_data":3149},"model":"modelengine:sakuranbo/sakuranbo"},{"predicate":{"custom_model_data":3150},"model":"modelengine:shroombear/shroombear"},{"predicate":{"custom_model_data":3151},"model":"modelengine:silkfang/silkfang"},{"predicate":{"custom_model_data":3152},"model":"modelengine:spiralsquid/group"},{"predicate":{"custom_model_data":3153},"model":"modelengine:splitjaw/fangs"},{"predicate":{"custom_model_data":3154},"model":"modelengine:splitjaw/antennae_r"},{"predicate":{"custom_model_data":3155},"model":"modelengine:splitjaw/antennae_l"},{"predicate":{"custom_model_data":3156},"model":"modelengine:splitjaw/deco"},{"predicate":{"custom_model_data":3157},"model":"modelengine:splitjaw/tongue"},{"predicate":{"custom_model_data":3158},"model":"modelengine:splitjaw/mouth"},{"predicate":{"custom_model_data":3159},"model":"modelengine:splitjaw/bottom_jaw"},{"predicate":{"custom_model_data":3160},"model":"modelengine:splitjaw/head"},{"predicate":{"custom_model_data":3161},"model":"modelengine:splitjaw/segment_8"},{"predicate":{"custom_model_data":3162},"model":"modelengine:splitjaw/segment_7"},{"predicate":{"custom_model_data":3163},"model":"modelengine:splitjaw/segment_6"},{"predicate":{"custom_model_data":3164},"model":"modelengine:splitjaw/segment_5"},{"predicate":{"custom_model_data":3165},"model":"modelengine:splitjaw/segment_4"},{"predicate":{"custom_model_data":3166},"model":"modelengine:splitjaw/segment_3"},{"predicate":{"custom_model_data":3167},"model":"modelengine:splitjaw/deco2"},{"predicate":{"custom_model_data":3168},"model":"modelengine:splitjaw/deco4"},{"predicate":{"custom_model_data":3169},"model":"modelengine:splitjaw/deco3"},{"predicate":{"custom_model_data":3170},"model":"modelengine:splitjaw/segment_2"},{"predicate":{"custom_model_data":3171},"model":"modelengine:splitjaw/segment_1"},{"predicate":{"custom_model_data":3172},"model":"modelengine:splitjaw/right_wing"},{"predicate":{"custom_model_data":3173},"model":"modelengine:splitjaw/left_wing"},{"predicate":{"custom_model_data":3174},"model":"modelengine:squidfly/glass"},{"predicate":{"custom_model_data":3175},"model":"modelengine:squidfly/squid2"},{"predicate":{"custom_model_data":3176},"model":"modelengine:stingerhead/leg43"},{"predicate":{"custom_model_data":3177},"model":"modelengine:stingerhead/leg42"},{"predicate":{"custom_model_data":3178},"model":"modelengine:stingerhead/leg41"},{"predicate":{"custom_model_data":3179},"model":"modelengine:stingerhead/middle_front_leg_1"},{"predicate":{"custom_model_data":3180},"model":"modelengine:stingerhead/leg49"},{"predicate":{"custom_model_data":3181},"model":"modelengine:stingerhead/leg48"},{"predicate":{"custom_model_data":3182},"model":"modelengine:stingerhead/leg47"},{"predicate":{"custom_model_data":3183},"model":"modelengine:stingerhead/middle_leg_1"},{"predicate":{"custom_model_data":3184},"model":"modelengine:stingerhead/leg52"},{"predicate":{"custom_model_data":3185},"model":"modelengine:stingerhead/leg51"},{"predicate":{"custom_model_data":3186},"model":"modelengine:stingerhead/leg50"},{"predicate":{"custom_model_data":3187},"model":"modelengine:stingerhead/back_leg_1"},{"predicate":{"custom_model_data":3188},"model":"modelengine:stingerhead/leg55"},{"predicate":{"custom_model_data":3189},"model":"modelengine:stingerhead/leg54"},{"predicate":{"custom_model_data":3190},"model":"modelengine:stingerhead/leg53"},{"predicate":{"custom_model_data":3191},"model":"modelengine:stingerhead/front_back_leg_1"},{"predicate":{"custom_model_data":3192},"model":"modelengine:stingerhead/leg58"},{"predicate":{"custom_model_data":3193},"model":"modelengine:stingerhead/leg57"},{"predicate":{"custom_model_data":3194},"model":"modelengine:stingerhead/leg56"},{"predicate":{"custom_model_data":3195},"model":"modelengine:stingerhead/front_middle_back_leg_1"},{"predicate":{"custom_model_data":3196},"model":"modelengine:stingerhead/leg61"},{"predicate":{"custom_model_data":3197},"model":"modelengine:stingerhead/leg60"},{"predicate":{"custom_model_data":3198},"model":"modelengine:stingerhead/leg59"},{"predicate":{"custom_model_data":3199},"model":"modelengine:stingerhead/leg64"},{"predicate":{"custom_model_data":3200},"model":"modelengine:stingerhead/leg63"},{"predicate":{"custom_model_data":3201},"model":"modelengine:stingerhead/leg62"},{"predicate":{"custom_model_data":3202},"model":"modelengine:stingerhead/leg67"},{"predicate":{"custom_model_data":3203},"model":"modelengine:stingerhead/leg66"},{"predicate":{"custom_model_data":3204},"model":"modelengine:stingerhead/leg65"},{"predicate":{"custom_model_data":3205},"model":"modelengine:stingerhead/front_middle_leg_1"},{"predicate":{"custom_model_data":3206},"model":"modelengine:stingerhead/leg7"},{"predicate":{"custom_model_data":3207},"model":"modelengine:stingerhead/leg6"},{"predicate":{"custom_model_data":3208},"model":"modelengine:stingerhead/leg5"},{"predicate":{"custom_model_data":3209},"model":"modelengine:stingerhead/front_leg_2"},{"predicate":{"custom_model_data":3210},"model":"modelengine:stingerhead/leg70"},{"predicate":{"custom_model_data":3211},"model":"modelengine:stingerhead/leg69"},{"predicate":{"custom_model_data":3212},"model":"modelengine:stingerhead/leg68"},{"predicate":{"custom_model_data":3213},"model":"modelengine:stingerhead/under_leg_1"},{"predicate":{"custom_model_data":3214},"model":"modelengine:stingerhead/leg4"},{"predicate":{"custom_model_data":3215},"model":"modelengine:stingerhead/leg3"},{"predicate":{"custom_model_data":3216},"model":"modelengine:stingerhead/leg2"},{"predicate":{"custom_model_data":3217},"model":"modelengine:stingerhead/under_middle_leg_1"},{"predicate":{"custom_model_data":3218},"model":"modelengine:stingerhead/leg10"},{"predicate":{"custom_model_data":3219},"model":"modelengine:stingerhead/leg9"},{"predicate":{"custom_model_data":3220},"model":"modelengine:stingerhead/leg8"},{"predicate":{"custom_model_data":3221},"model":"modelengine:stingerhead/middle_front_leg_3"},{"predicate":{"custom_model_data":3222},"model":"modelengine:stingerhead/leg13"},{"predicate":{"custom_model_data":3223},"model":"modelengine:stingerhead/leg12"},{"predicate":{"custom_model_data":3224},"model":"modelengine:stingerhead/leg11"},{"predicate":{"custom_model_data":3225},"model":"modelengine:stingerhead/middle_leg_2"},{"predicate":{"custom_model_data":3226},"model":"modelengine:stingerhead/leg16"},{"predicate":{"custom_model_data":3227},"model":"modelengine:stingerhead/leg15"},{"predicate":{"custom_model_data":3228},"model":"modelengine:stingerhead/leg14"},{"predicate":{"custom_model_data":3229},"model":"modelengine:stingerhead/back_leg_2"},{"predicate":{"custom_model_data":3230},"model":"modelengine:stingerhead/leg19"},{"predicate":{"custom_model_data":3231},"model":"modelengine:stingerhead/leg18"},{"predicate":{"custom_model_data":3232},"model":"modelengine:stingerhead/leg17"},{"predicate":{"custom_model_data":3233},"model":"modelengine:stingerhead/front_back_leg_2"},{"predicate":{"custom_model_data":3234},"model":"modelengine:stingerhead/leg22"},{"predicate":{"custom_model_data":3235},"model":"modelengine:stingerhead/leg21"},{"predicate":{"custom_model_data":3236},"model":"modelengine:stingerhead/leg20"},{"predicate":{"custom_model_data":3237},"model":"modelengine:stingerhead/front_middle_back_leg_2"},{"predicate":{"custom_model_data":3238},"model":"modelengine:stingerhead/leg25"},{"predicate":{"custom_model_data":3239},"model":"modelengine:stingerhead/leg24"},{"predicate":{"custom_model_data":3240},"model":"modelengine:stingerhead/leg23"},{"predicate":{"custom_model_data":3241},"model":"modelengine:stingerhead/leg28"},{"predicate":{"custom_model_data":3242},"model":"modelengine:stingerhead/leg27"},{"predicate":{"custom_model_data":3243},"model":"modelengine:stingerhead/leg26"},{"predicate":{"custom_model_data":3244},"model":"modelengine:stingerhead/leg31"},{"predicate":{"custom_model_data":3245},"model":"modelengine:stingerhead/leg30"},{"predicate":{"custom_model_data":3246},"model":"modelengine:stingerhead/leg29"},{"predicate":{"custom_model_data":3247},"model":"modelengine:stingerhead/front_middle_leg_2"},{"predicate":{"custom_model_data":3248},"model":"modelengine:stingerhead/leg34"},{"predicate":{"custom_model_data":3249},"model":"modelengine:stingerhead/leg33"},{"predicate":{"custom_model_data":3250},"model":"modelengine:stingerhead/leg32"},{"predicate":{"custom_model_data":3251},"model":"modelengine:stingerhead/front_leg_3"},{"predicate":{"custom_model_data":3252},"model":"modelengine:stingerhead/leg37"},{"predicate":{"custom_model_data":3253},"model":"modelengine:stingerhead/leg36"},{"predicate":{"custom_model_data":3254},"model":"modelengine:stingerhead/leg35"},{"predicate":{"custom_model_data":3255},"model":"modelengine:stingerhead/under_leg_2"},{"predicate":{"custom_model_data":3256},"model":"modelengine:stingerhead/leg40"},{"predicate":{"custom_model_data":3257},"model":"modelengine:stingerhead/leg39"},{"predicate":{"custom_model_data":3258},"model":"modelengine:stingerhead/leg38"},{"predicate":{"custom_model_data":3259},"model":"modelengine:stingerhead/under_middle_leg_2"},{"predicate":{"custom_model_data":3260},"model":"modelengine:stingerhead/body"},{"predicate":{"custom_model_data":3261},"model":"modelengine:stingerhead/arm8"},{"predicate":{"custom_model_data":3262},"model":"modelengine:stingerhead/arm7"},{"predicate":{"custom_model_data":3263},"model":"modelengine:stingerhead/arm6"},{"predicate":{"custom_model_data":3264},"model":"modelengine:stingerhead/arm1"},{"predicate":{"custom_model_data":3265},"model":"modelengine:stingerhead/arm3"},{"predicate":{"custom_model_data":3266},"model":"modelengine:stingerhead/arm4"},{"predicate":{"custom_model_data":3267},"model":"modelengine:stingerhead/arms"},{"predicate":{"custom_model_data":3268},"model":"modelengine:stingerhead/mouth2"},{"predicate":{"custom_model_data":3269},"model":"modelengine:stingerhead/mouth1"},{"predicate":{"custom_model_data":3270},"model":"modelengine:stingerhead/mouth3"},{"predicate":{"custom_model_data":3271},"model":"modelengine:stingerhead/head"},{"predicate":{"custom_model_data":3272},"model":"modelengine:stingerhead/tail_joint"},{"predicate":{"custom_model_data":3273},"model":"modelengine:stingerhead/tail_end4"},{"predicate":{"custom_model_data":3274},"model":"modelengine:stingerhead/tail29"},{"predicate":{"custom_model_data":3275},"model":"modelengine:stingerhead/tail28"},{"predicate":{"custom_model_data":3276},"model":"modelengine:stingerhead/tail27"},{"predicate":{"custom_model_data":3277},"model":"modelengine:stingerhead/tail26"},{"predicate":{"custom_model_data":3278},"model":"modelengine:stingerhead/tail25"},{"predicate":{"custom_model_data":3279},"model":"modelengine:stingerhead/tail24"},{"predicate":{"custom_model_data":3280},"model":"modelengine:stingerhead/tail23"},{"predicate":{"custom_model_data":3281},"model":"modelengine:stingerhead/tail22"},{"predicate":{"custom_model_data":3282},"model":"modelengine:stingerhead/middle_side_tail_right"},{"predicate":{"custom_model_data":3283},"model":"modelengine:stingerhead/tail_end5"},{"predicate":{"custom_model_data":3284},"model":"modelengine:stingerhead/tail37"},{"predicate":{"custom_model_data":3285},"model":"modelengine:stingerhead/tail36"},{"predicate":{"custom_model_data":3286},"model":"modelengine:stingerhead/tail35"},{"predicate":{"custom_model_data":3287},"model":"modelengine:stingerhead/tail34"},{"predicate":{"custom_model_data":3288},"model":"modelengine:stingerhead/tail33"},{"predicate":{"custom_model_data":3289},"model":"modelengine:stingerhead/tail32"},{"predicate":{"custom_model_data":3290},"model":"modelengine:stingerhead/tail31"},{"predicate":{"custom_model_data":3291},"model":"modelengine:stingerhead/tail30"},{"predicate":{"custom_model_data":3292},"model":"modelengine:stingerhead/middle_side_tail_left"},{"predicate":{"custom_model_data":3293},"model":"modelengine:stingerhead/tail_end6"},{"predicate":{"custom_model_data":3294},"model":"modelengine:stingerhead/tail9"},{"predicate":{"custom_model_data":3295},"model":"modelengine:stingerhead/tail43"},{"predicate":{"custom_model_data":3296},"model":"modelengine:stingerhead/tail7"},{"predicate":{"custom_model_data":3297},"model":"modelengine:stingerhead/tail42"},{"predicate":{"custom_model_data":3298},"model":"modelengine:stingerhead/tail41"},{"predicate":{"custom_model_data":3299},"model":"modelengine:stingerhead/tail40"},{"predicate":{"custom_model_data":3300},"model":"modelengine:stingerhead/tail39"},{"predicate":{"custom_model_data":3301},"model":"modelengine:stingerhead/tail38"},{"predicate":{"custom_model_data":3302},"model":"modelengine:stingerhead/main_tail_center"},{"predicate":{"custom_model_data":3303},"model":"modelengine:stingerhead/tail_end7"},{"predicate":{"custom_model_data":3304},"model":"modelengine:stingerhead/tail49"},{"predicate":{"custom_model_data":3305},"model":"modelengine:stingerhead/tail48"},{"predicate":{"custom_model_data":3306},"model":"modelengine:stingerhead/tail47"},{"predicate":{"custom_model_data":3307},"model":"modelengine:stingerhead/tail46"},{"predicate":{"custom_model_data":3308},"model":"modelengine:stingerhead/tail45"},{"predicate":{"custom_model_data":3309},"model":"modelengine:stingerhead/tail44"},{"predicate":{"custom_model_data":3310},"model":"modelengine:stingerhead/main_tail_right"},{"predicate":{"custom_model_data":3311},"model":"modelengine:stingerhead/tail_end"},{"predicate":{"custom_model_data":3312},"model":"modelengine:stingerhead/tail8"},{"predicate":{"custom_model_data":3313},"model":"modelengine:stingerhead/tail6"},{"predicate":{"custom_model_data":3314},"model":"modelengine:stingerhead/tail5"},{"predicate":{"custom_model_data":3315},"model":"modelengine:stingerhead/tail4"},{"predicate":{"custom_model_data":3316},"model":"modelengine:stingerhead/tail3"},{"predicate":{"custom_model_data":3317},"model":"modelengine:stingerhead/tail2"},{"predicate":{"custom_model_data":3318},"model":"modelengine:stingerhead/main_tail_left"},{"predicate":{"custom_model_data":3319},"model":"modelengine:stingerhead/tail_end2"},{"predicate":{"custom_model_data":3320},"model":"modelengine:stingerhead/tail15"},{"predicate":{"custom_model_data":3321},"model":"modelengine:stingerhead/tail14"},{"predicate":{"custom_model_data":3322},"model":"modelengine:stingerhead/tail13"},{"predicate":{"custom_model_data":3323},"model":"modelengine:stingerhead/tail12"},{"predicate":{"custom_model_data":3324},"model":"modelengine:stingerhead/tail11"},{"predicate":{"custom_model_data":3325},"model":"modelengine:stingerhead/tail10"},{"predicate":{"custom_model_data":3326},"model":"modelengine:stingerhead/middle_rear_tail_right"},{"predicate":{"custom_model_data":3327},"model":"modelengine:stingerhead/tail_end3"},{"predicate":{"custom_model_data":3328},"model":"modelengine:stingerhead/tail21"},{"predicate":{"custom_model_data":3329},"model":"modelengine:stingerhead/tail20"},{"predicate":{"custom_model_data":3330},"model":"modelengine:stingerhead/tail19"},{"predicate":{"custom_model_data":3331},"model":"modelengine:stingerhead/tail18"},{"predicate":{"custom_model_data":3332},"model":"modelengine:stingerhead/tail17"},{"predicate":{"custom_model_data":3333},"model":"modelengine:stingerhead/tail16"},{"predicate":{"custom_model_data":3334},"model":"modelengine:stingerhead/middle_rear_tail_left"},{"predicate":{"custom_model_data":3335},"model":"modelengine:tesuchi/model"},{"predicate":{"custom_model_data":3336},"model":"modelengine:titanjaw/titanjaw"},{"predicate":{"custom_model_data":3337},"model":"modelengine:uibuta/uibuta"},{"predicate":{"custom_model_data":3338},"model":"modelengine:virinsipede/virinsipede"},{"predicate":{"custom_model_data":4001},"model":"modelengine:belaf/head"},{"predicate":{"custom_model_data":4002},"model":"modelengine:belaf/10"},{"predicate":{"custom_model_data":4003},"model":"modelengine:belaf/9"},{"predicate":{"custom_model_data":4004},"model":"modelengine:belaf/8"},{"predicate":{"custom_model_data":4005},"model":"modelengine:belaf/7"},{"predicate":{"custom_model_data":4006},"model":"modelengine:belaf/6"},{"predicate":{"custom_model_data":4007},"model":"modelengine:belaf/5"},{"predicate":{"custom_model_data":4008},"model":"modelengine:belaf/4"},{"predicate":{"custom_model_data":4009},"model":"modelengine:belaf/3"},{"predicate":{"custom_model_data":4010},"model":"modelengine:belaf/2"},{"predicate":{"custom_model_data":4011},"model":"modelengine:belaf/1"},{"predicate":{"custom_model_data":4012},"model":"modelengine:belchero/head"},{"predicate":{"custom_model_data":4013},"model":"modelengine:belchero/arms"},{"predicate":{"custom_model_data":4014},"model":"modelengine:belchero/body"},{"predicate":{"custom_model_data":4015},"model":"modelengine:bondrewd/root"},{"predicate":{"custom_model_data":4016},"model":"modelengine:faputa/right_leg"},{"predicate":{"custom_model_data":4017},"model":"modelengine:faputa/left_leg"},{"predicate":{"custom_model_data":4018},"model":"modelengine:faputa/tail_and_body"},{"predicate":{"custom_model_data":4019},"model":"modelengine:faputa/right_arm"},{"predicate":{"custom_model_data":4020},"model":"modelengine:faputa/back_right_arm"},{"predicate":{"custom_model_data":4021},"model":"modelengine:faputa/left_arm"},{"predicate":{"custom_model_data":4022},"model":"modelengine:faputa/back_left_arm"},{"predicate":{"custom_model_data":4023},"model":"modelengine:faputa/head"},{"predicate":{"custom_model_data":4024},"model":"modelengine:gaburoon/face"},{"predicate":{"custom_model_data":4025},"model":"modelengine:gaburoon/head_lower"},{"predicate":{"custom_model_data":4026},"model":"modelengine:gaburoon/head_top"},{"predicate":{"custom_model_data":4027},"model":"modelengine:gaburoon/cart"},{"predicate":{"custom_model_data":4028},"model":"modelengine:gaburoon/steering"},{"predicate":{"custom_model_data":4029},"model":"modelengine:gaburoon/cape"},{"predicate":{"custom_model_data":4030},"model":"modelengine:gaburoon/beam_claws"},{"predicate":{"custom_model_data":4031},"model":"modelengine:gaburoon/beam"},{"predicate":{"custom_model_data":4032},"model":"modelengine:gaburoon/cannon"},{"predicate":{"custom_model_data":4033},"model":"modelengine:gaburoon/right_forearm"},{"predicate":{"custom_model_data":4034},"model":"modelengine:gaburoon/right_arm"},{"predicate":{"custom_model_data":4035},"model":"modelengine:gaburoon/claw_1"},{"predicate":{"custom_model_data":4036},"model":"modelengine:gaburoon/claw_2"},{"predicate":{"custom_model_data":4037},"model":"modelengine:gaburoon/left_forearm"},{"predicate":{"custom_model_data":4038},"model":"modelengine:gaburoon/left_arm"},{"predicate":{"custom_model_data":4039},"model":"modelengine:gaburoon/chest"},{"predicate":{"custom_model_data":4040},"model":"modelengine:gaburoon/waist"},{"predicate":{"custom_model_data":4041},"model":"modelengine:gaburoon/hip"},{"predicate":{"custom_model_data":4042},"model":"modelengine:gaburoon/right_foreleg"},{"predicate":{"custom_model_data":4043},"model":"modelengine:gaburoon/right_leg"},{"predicate":{"custom_model_data":4044},"model":"modelengine:gaburoon/left_foreleg"},{"predicate":{"custom_model_data":4045},"model":"modelengine:gaburoon/left_leg"},{"predicate":{"custom_model_data":4046},"model":"modelengine:guildmaster/head"},{"predicate":{"custom_model_data":4047},"model":"modelengine:guildmaster/arm"},{"predicate":{"custom_model_data":4048},"model":"modelengine:guildmaster/upper_body"},{"predicate":{"custom_model_data":4049},"model":"modelengine:guildmaster/lower_body"},{"predicate":{"custom_model_data":4050},"model":"modelengine:habo/head"},{"predicate":{"custom_model_data":4051},"model":"modelengine:habo/body"},{"predicate":{"custom_model_data":4052},"model":"modelengine:habo/arms"},{"predicate":{"custom_model_data":4053},"model":"modelengine:jiruo/head"},{"predicate":{"custom_model_data":4054},"model":"modelengine:jiruo/right_arm"},{"predicate":{"custom_model_data":4055},"model":"modelengine:jiruo/left_arm"},{"predicate":{"custom_model_data":4056},"model":"modelengine:jiruo/right_leg"},{"predicate":{"custom_model_data":4057},"model":"modelengine:jiruo/left_leg"},{"predicate":{"custom_model_data":4058},"model":"modelengine:jiruo/torso"},{"predicate":{"custom_model_data":4059},"model":"modelengine:kiyui/head"},{"predicate":{"custom_model_data":4060},"model":"modelengine:kiyui/arm"},{"predicate":{"custom_model_data":4061},"model":"modelengine:kiyui/body"},{"predicate":{"custom_model_data":4062},"model":"modelengine:laffi/head"},{"predicate":{"custom_model_data":4063},"model":"modelengine:laffi/arms"},{"predicate":{"custom_model_data":4064},"model":"modelengine:laffi/bone"},{"predicate":{"custom_model_data":4065},"model":"modelengine:lyza/right_leg"},{"predicate":{"custom_model_data":4066},"model":"modelengine:lyza/left_leg"},{"predicate":{"custom_model_data":4067},"model":"modelengine:lyza/right_arm"},{"predicate":{"custom_model_data":4068},"model":"modelengine:lyza/left_arm"},{"predicate":{"custom_model_data":4069},"model":"modelengine:lyza/hair"},{"predicate":{"custom_model_data":4070},"model":"modelengine:lyza/head"},{"predicate":{"custom_model_data":4071},"model":"modelengine:lyza/body"},{"predicate":{"custom_model_data":4072},"model":"modelengine:marulk/head"},{"predicate":{"custom_model_data":4073},"model":"modelengine:marulk/right_arm"},{"predicate":{"custom_model_data":4074},"model":"modelengine:marulk/left_arm"},{"predicate":{"custom_model_data":4075},"model":"modelengine:marulk/left_leg"},{"predicate":{"custom_model_data":4076},"model":"modelengine:marulk/right_leg"},{"predicate":{"custom_model_data":4077},"model":"modelengine:marulk/torso"},{"predicate":{"custom_model_data":4078},"model":"modelengine:mio/arms"},{"predicate":{"custom_model_data":4079},"model":"modelengine:mio/head"},{"predicate":{"custom_model_data":4080},"model":"modelengine:mio/hair"},{"predicate":{"custom_model_data":4081},"model":"modelengine:mio/body"},{"predicate":{"custom_model_data":4082},"model":"modelengine:moogie/1a"},{"predicate":{"custom_model_data":4083},"model":"modelengine:moogie/t1"},{"predicate":{"custom_model_data":4084},"model":"modelengine:moogie/2a"},{"predicate":{"custom_model_data":4085},"model":"modelengine:moogie/t2"},{"predicate":{"custom_model_data":4086},"model":"modelengine:moogie/3a"},{"predicate":{"custom_model_data":4087},"model":"modelengine:moogie/t3"},{"predicate":{"custom_model_data":4088},"model":"modelengine:moogie/4a"},{"predicate":{"custom_model_data":4089},"model":"modelengine:moogie/t4"},{"predicate":{"custom_model_data":4090},"model":"modelengine:moogie/head"},{"predicate":{"custom_model_data":4091},"model":"modelengine:moogie/lleg"},{"predicate":{"custom_model_data":4092},"model":"modelengine:moogie/rleg"},{"predicate":{"custom_model_data":4093},"model":"modelengine:moogie/rarm"},{"predicate":{"custom_model_data":4094},"model":"modelengine:moogie/larm"},{"predicate":{"custom_model_data":4095},"model":"modelengine:moogie/body"},{"predicate":{"custom_model_data":4096},"model":"modelengine:nanachi/helmet"},{"predicate":{"custom_model_data":4097},"model":"modelengine:nanachi/head"},{"predicate":{"custom_model_data":4098},"model":"modelengine:nanachi/root"},{"predicate":{"custom_model_data":4099},"model":"modelengine:nat/head"},{"predicate":{"custom_model_data":4100},"model":"modelengine:nat/arms"},{"predicate":{"custom_model_data":4101},"model":"modelengine:nat/torso"},{"predicate":{"custom_model_data":4102},"model":"modelengine:ozen/head"},{"predicate":{"custom_model_data":4103},"model":"modelengine:ozen/la"},{"predicate":{"custom_model_data":4104},"model":"modelengine:ozen/lleg"},{"predicate":{"custom_model_data":4105},"model":"modelengine:ozen/ra"},{"predicate":{"custom_model_data":4106},"model":"modelengine:ozen/rleg"},{"predicate":{"custom_model_data":4107},"model":"modelengine:ozen/larm"},{"predicate":{"custom_model_data":4108},"model":"modelengine:ozen/rarm"},{"predicate":{"custom_model_data":4109},"model":"modelengine:ozen/bone"},{"predicate":{"custom_model_data":4110},"model":"modelengine:ozen_despair/head"},{"predicate":{"custom_model_data":4111},"model":"modelengine:ozen_despair/bone"},{"predicate":{"custom_model_data":4112},"model":"modelengine:prushka/head"},{"predicate":{"custom_model_data":4113},"model":"modelengine:prushka/left_leg"},{"predicate":{"custom_model_data":4114},"model":"modelengine:prushka/right_leg"},{"predicate":{"custom_model_data":4115},"model":"modelengine:prushka/left_arm"},{"predicate":{"custom_model_data":4116},"model":"modelengine:prushka/right_arm"},{"predicate":{"custom_model_data":4117},"model":"modelengine:prushka/bone"},{"predicate":{"custom_model_data":4118},"model":"modelengine:reg/head"},{"predicate":{"custom_model_data":4119},"model":"modelengine:reg/reg"},{"predicate":{"custom_model_data":4120},"model":"modelengine:riko/head"},{"predicate":{"custom_model_data":4121},"model":"modelengine:riko/root"},{"predicate":{"custom_model_data":4122},"model":"modelengine:shiggy/head"},{"predicate":{"custom_model_data":4123},"model":"modelengine:shiggy/arm"},{"predicate":{"custom_model_data":4124},"model":"modelengine:shiggy/torso"},{"predicate":{"custom_model_data":4125},"model":"modelengine:simred/head"},{"predicate":{"custom_model_data":4126},"model":"modelengine:simred/right_arm"},{"predicate":{"custom_model_data":4127},"model":"modelengine:simred/left_arm"},{"predicate":{"custom_model_data":4128},"model":"modelengine:simred/right_leg"},{"predicate":{"custom_model_data":4129},"model":"modelengine:simred/left_leg"},{"predicate":{"custom_model_data":4130},"model":"modelengine:simred/torso"},{"predicate":{"custom_model_data":4131},"model":"modelengine:tepaste/head"},{"predicate":{"custom_model_data":4132},"model":"modelengine:tepaste/right_arm"},{"predicate":{"custom_model_data":4133},"model":"modelengine:tepaste/left_arm"},{"predicate":{"custom_model_data":4134},"model":"modelengine:tepaste/right_leg"},{"predicate":{"custom_model_data":4135},"model":"modelengine:tepaste/left_leg"},{"predicate":{"custom_model_data":4136},"model":"modelengine:tepaste/torso"},{"predicate":{"custom_model_data":4137},"model":"modelengine:torka/head"},{"predicate":{"custom_model_data":4138},"model":"modelengine:torka/right_arm"},{"predicate":{"custom_model_data":4139},"model":"modelengine:torka/left_arm"},{"predicate":{"custom_model_data":4140},"model":"modelengine:torka/right_leg"},{"predicate":{"custom_model_data":4141},"model":"modelengine:torka/left_leg"},{"predicate":{"custom_model_data":4142},"model":"modelengine:torka/torso"},{"predicate":{"custom_model_data":4143},"model":"modelengine:vueko/body"},{"predicate":{"custom_model_data":4144},"model":"modelengine:vueko/arms"},{"predicate":{"custom_model_data":4145},"model":"modelengine:vueko/head"},{"predicate":{"custom_model_data":4146},"model":"modelengine:vueko/giants"},{"predicate":{"custom_model_data":4147},"model":"modelengine:wazukyan/head"},{"predicate":{"custom_model_data":4148},"model":"modelengine:wazukyan/body"},{"predicate":{"custom_model_data":4149},"model":"modelengine:wazukyan/lleg"},{"predicate":{"custom_model_data":4150},"model":"modelengine:wazukyan/rleg"},{"predicate":{"custom_model_data":4151},"model":"modelengine:yelme/head"},{"predicate":{"custom_model_data":4152},"model":"modelengine:yelme/right_arm"},{"predicate":{"custom_model_data":4153},"model":"modelengine:yelme/left_arm"},{"predicate":{"custom_model_data":4154},"model":"modelengine:yelme/right_leg"},{"predicate":{"custom_model_data":4155},"model":"modelengine:yelme/left_leg"},{"predicate":{"custom_model_data":4156},"model":"modelengine:yelme/torso"},{"predicate":{"custom_model_data":5001},"model":"modelengine:deathknight/deathknight"},{"predicate":{"custom_model_data":5002},"model":"modelengine:neco/bone"}]}