{"sources":[{"source":"entity","prefix":"entity/","type":"directory"},{"resource":"mineinabyss:blocks/windmill","sprite":"mineinabyss:blocks/windmill","type":"single"},{"resource":"mineinabyss:relics/bounding_lance","sprite":"mineinabyss:relics/bounding_lance","type":"single"},{"resource":"mineinabyss:relics/unheard_bell","sprite":"mineinabyss:relics/unheard_bell","type":"single"},{"resource":"mineinabyss:mobs/abyssal_snail","sprite":"mineinabyss:mobs/abyssal_snail","type":"single"},{"resource":"mineinabyss:mobs/amakagame","sprite":"mineinabyss:mobs/amakagame","type":"single"},{"resource":"mineinabyss:mobs/ashimite/leg","sprite":"mineinabyss:mobs/ashimite/leg","type":"single"},{"resource":"mineinabyss:mobs/ashimite/head","sprite":"mineinabyss:mobs/ashimite/head","type":"single"},{"resource":"mineinabyss:mobs/ashimite/body","sprite":"mineinabyss:mobs/ashimite/body","type":"single"},{"resource":"mineinabyss:mobs/beniguma/beniguma_move","sprite":"mineinabyss:mobs/beniguma/beniguma_move","type":"single"},{"resource":"mineinabyss:mobs/beniguma/beniguma","sprite":"mineinabyss:mobs/beniguma/beniguma","type":"single"},{"resource":"mineinabyss:mobs/beniguma/beniguma_move1","sprite":"mineinabyss:mobs/beniguma/beniguma_move1","type":"single"},{"resource":"mineinabyss:mobs/billabonk/legs","sprite":"mineinabyss:mobs/billabonk/legs","type":"single"},{"resource":"mineinabyss:mobs/billabonk/body","sprite":"mineinabyss:mobs/billabonk/body","type":"single"},{"resource":"mineinabyss:mobs/chimokami/chimokami_head","sprite":"mineinabyss:mobs/chimokami/chimokami_head","type":"single"},{"resource":"mineinabyss:mobs/chimokami/chimokami_body","sprite":"mineinabyss:mobs/chimokami/chimokami_body","type":"single"},{"resource":"mineinabyss:mobs/chimokami/chimokami_tail","sprite":"mineinabyss:mobs/chimokami/chimokami_tail","type":"single"},{"resource":"mineinabyss:mobs/chimokami/chimokami_leg_move","sprite":"mineinabyss:mobs/chimokami/chimokami_leg_move","type":"single"},{"resource":"mineinabyss:mobs/corpse_weeper/body","sprite":"mineinabyss:mobs/corpse_weeper/body","type":"single"},{"resource":"mineinabyss:mobs/corpse_weeper/leg","sprite":"mineinabyss:mobs/corpse_weeper/leg","type":"single"},{"resource":"mineinabyss:mobs/corpse_weeper/wings_flying","sprite":"mineinabyss:mobs/corpse_weeper/wings_flying","type":"single"},{"resource":"mineinabyss:mobs/cyatoria/rear","sprite":"mineinabyss:mobs/cyatoria/rear","type":"single"},{"resource":"mineinabyss:mobs/cyatoria/head","sprite":"mineinabyss:mobs/cyatoria/head","type":"single"},{"resource":"mineinabyss:mobs/cyatoria/body","sprite":"mineinabyss:mobs/cyatoria/body","type":"single"},{"resource":"mineinabyss:mobs/cyatoria/wing1","sprite":"mineinabyss:mobs/cyatoria/wing1","type":"single"},{"resource":"mineinabyss:mobs/demonfish/demonfish_head","sprite":"mineinabyss:mobs/demonfish/demonfish_head","type":"single"},{"resource":"mineinabyss:mobs/demonfish/demonfish_body_1_move","sprite":"mineinabyss:mobs/demonfish/demonfish_body_1_move","type":"single"},{"resource":"mineinabyss:mobs/demonfish/demonfish_fin_1","sprite":"mineinabyss:mobs/demonfish/demonfish_fin_1","type":"single"},{"resource":"mineinabyss:mobs/demonfish/demonfish_body_2","sprite":"mineinabyss:mobs/demonfish/demonfish_body_2","type":"single"},{"resource":"mineinabyss:mobs/demonfish/demonfish_fin_2_move","sprite":"mineinabyss:mobs/demonfish/demonfish_fin_2_move","type":"single"},{"resource":"mineinabyss:mobs/demonfish/demonfish_fin_3","sprite":"mineinabyss:mobs/demonfish/demonfish_fin_3","type":"single"},{"resource":"mineinabyss:mobs/dosetori/body","sprite":"mineinabyss:mobs/dosetori/body","type":"single"},{"resource":"mineinabyss:mobs/dosetori/head","sprite":"mineinabyss:mobs/dosetori/head","type":"single"},{"resource":"mineinabyss:mobs/dosetori/tail","sprite":"mineinabyss:mobs/dosetori/tail","type":"single"},{"resource":"mineinabyss:mobs/dosetori/wing","sprite":"mineinabyss:mobs/dosetori/wing","type":"single"},{"resource":"mineinabyss:mobs/dosetori/wing_static","sprite":"mineinabyss:mobs/dosetori/wing_static","type":"single"},{"resource":"mineinabyss:mobs/edusan","sprite":"mineinabyss:mobs/edusan","type":"single"},{"resource":"mineinabyss:mobs/fuwagi/fuwagi_body","sprite":"mineinabyss:mobs/fuwagi/fuwagi_body","type":"single"},{"resource":"mineinabyss:mobs/fuwagi/fuwagi_ears_legs","sprite":"mineinabyss:mobs/fuwagi/fuwagi_ears_legs","type":"single"},{"resource":"mineinabyss:mobs/fuwagi/fuwagi_head","sprite":"mineinabyss:mobs/fuwagi/fuwagi_head","type":"single"},{"resource":"mineinabyss:mobs/fuwagi/fuwagi_tail","sprite":"mineinabyss:mobs/fuwagi/fuwagi_tail","type":"single"},{"resource":"mineinabyss:mobs/hamashirama/hamashirama","sprite":"mineinabyss:mobs/hamashirama/hamashirama","type":"single"},{"resource":"mineinabyss:mobs/hamashirama/hamashirama_1","sprite":"mineinabyss:mobs/hamashirama/hamashirama_1","type":"single"},{"resource":"mineinabyss:mobs/hammerbeak/body","sprite":"mineinabyss:mobs/hammerbeak/body","type":"single"},{"resource":"mineinabyss:mobs/hammerbeak/wings_fly","sprite":"mineinabyss:mobs/hammerbeak/wings_fly","type":"single"},{"resource":"mineinabyss:mobs/hashofu/wing","sprite":"mineinabyss:mobs/hashofu/wing","type":"single"},{"resource":"mineinabyss:mobs/hashofu/body","sprite":"mineinabyss:mobs/hashofu/body","type":"single"},{"resource":"mineinabyss:mobs/hashofu/tail","sprite":"mineinabyss:mobs/hashofu/tail","type":"single"},{"resource":"mineinabyss:mobs/hisomukuro/hisomukuro_fin","sprite":"mineinabyss:mobs/hisomukuro/hisomukuro_fin","type":"single"},{"resource":"mineinabyss:mobs/hisomukuro/hisomukuro","sprite":"mineinabyss:mobs/hisomukuro/hisomukuro","type":"single"},{"resource":"mineinabyss:mobs/inbyo","sprite":"mineinabyss:mobs/inbyo","type":"single"},{"resource":"mineinabyss:mobs/kagi_tachikiri","sprite":"mineinabyss:mobs/kagi_tachikiri","type":"single"},{"resource":"mineinabyss:mobs/kakatsumuri/kakatsumuri","sprite":"mineinabyss:mobs/kakatsumuri/kakatsumuri","type":"single"},{"resource":"mineinabyss:mobs/kakatsumuri/kakatsumuri_glow","sprite":"mineinabyss:mobs/kakatsumuri/kakatsumuri_glow","type":"single"},{"resource":"mineinabyss:mobs/kazura","sprite":"mineinabyss:mobs/kazura","type":"single"},{"resource":"mineinabyss:mobs/kuongatari/kuongatari_head","sprite":"mineinabyss:mobs/kuongatari/kuongatari_head","type":"single"},{"resource":"mineinabyss:mobs/kuongatari/kuongatari_body","sprite":"mineinabyss:mobs/kuongatari/kuongatari_body","type":"single"},{"resource":"mineinabyss:mobs/kuongatari/kuongatari_wing","sprite":"mineinabyss:mobs/kuongatari/kuongatari_wing","type":"single"},{"resource":"mineinabyss:mobs/kuongatari/kuongatari_leg","sprite":"mineinabyss:mobs/kuongatari/kuongatari_leg","type":"single"},{"resource":"mineinabyss:mobs/kuongatari/kuongatari_tail_1","sprite":"mineinabyss:mobs/kuongatari/kuongatari_tail_1","type":"single"},{"resource":"mineinabyss:mobs/kuongatari/kuongatari_tail_2","sprite":"mineinabyss:mobs/kuongatari/kuongatari_tail_2","type":"single"},{"resource":"mineinabyss:mobs/madokajack/mouth","sprite":"mineinabyss:mobs/madokajack/mouth","type":"single"},{"resource":"mineinabyss:mobs/madokajack/wing","sprite":"mineinabyss:mobs/madokajack/wing","type":"single"},{"resource":"mineinabyss:mobs/madokajack/body","sprite":"mineinabyss:mobs/madokajack/body","type":"single"},{"resource":"mineinabyss:mobs/makihige/head","sprite":"mineinabyss:mobs/makihige/head","type":"single"},{"resource":"mineinabyss:mobs/makihige/shell","sprite":"mineinabyss:mobs/makihige/shell","type":"single"},{"resource":"mineinabyss:mobs/makihige/tenticle","sprite":"mineinabyss:mobs/makihige/tenticle","type":"single"},{"resource":"mineinabyss:mobs/neritantan/tail","sprite":"mineinabyss:mobs/neritantan/tail","type":"single"},{"resource":"mineinabyss:mobs/neritantan/face_and_legs","sprite":"mineinabyss:mobs/neritantan/face_and_legs","type":"single"},{"resource":"mineinabyss:mobs/neritantan/face","sprite":"mineinabyss:mobs/neritantan/face","type":"single"},{"resource":"mineinabyss:mobs/neritantan/body","sprite":"mineinabyss:mobs/neritantan/body","type":"single"},{"resource":"mineinabyss:mobs/okibo/okibo_head","sprite":"mineinabyss:mobs/okibo/okibo_head","type":"single"},{"resource":"mineinabyss:mobs/okibo/okibo_mouth","sprite":"mineinabyss:mobs/okibo/okibo_mouth","type":"single"},{"resource":"mineinabyss:mobs/okibo/okibo_ext","sprite":"mineinabyss:mobs/okibo/okibo_ext","type":"single"},{"resource":"mineinabyss:mobs/okibo/okibo_body_1","sprite":"mineinabyss:mobs/okibo/okibo_body_1","type":"single"},{"resource":"mineinabyss:mobs/okibo/okibo_body_2","sprite":"mineinabyss:mobs/okibo/okibo_body_2","type":"single"},{"resource":"mineinabyss:mobs/okibo/okibo_body_3","sprite":"mineinabyss:mobs/okibo/okibo_body_3","type":"single"},{"resource":"mineinabyss:mobs/okibo/okibo_saddle","sprite":"mineinabyss:mobs/okibo/okibo_saddle","type":"single"},{"resource":"mineinabyss:mobs/okibo/okibo_pouch","sprite":"mineinabyss:mobs/okibo/okibo_pouch","type":"single"},{"resource":"mineinabyss:mobs/onitsuchi/legs","sprite":"mineinabyss:mobs/onitsuchi/legs","type":"single"},{"resource":"mineinabyss:mobs/onitsuchi/body","sprite":"mineinabyss:mobs/onitsuchi/body","type":"single"},{"resource":"mineinabyss:mobs/onitsuchi/wings_fly","sprite":"mineinabyss:mobs/onitsuchi/wings_fly","type":"single"},{"resource":"mineinabyss:mobs/orbpiercer","sprite":"mineinabyss:mobs/orbpiercer","type":"single"},{"resource":"mineinabyss:entity/mobs/ottobas/ottobas_head_1","sprite":"mineinabyss:entity/mobs/ottobas/ottobas_head_1","type":"single"},{"resource":"mineinabyss:entity/mobs/ottobas/ottobas_head_2","sprite":"mineinabyss:entity/mobs/ottobas/ottobas_head_2","type":"single"},{"resource":"mineinabyss:entity/mobs/ottobas/ottobas_head_3","sprite":"mineinabyss:entity/mobs/ottobas/ottobas_head_3","type":"single"},{"resource":"mineinabyss:entity/mobs/ottobas/ottobas_head_4","sprite":"mineinabyss:entity/mobs/ottobas/ottobas_head_4","type":"single"},{"resource":"mineinabyss:entity/mobs/ottobas/ottobas_mouth_2","sprite":"mineinabyss:entity/mobs/ottobas/ottobas_mouth_2","type":"single"},{"resource":"mineinabyss:entity/mobs/ottobas/ottobas_body_1","sprite":"mineinabyss:entity/mobs/ottobas/ottobas_body_1","type":"single"},{"resource":"mineinabyss:entity/mobs/ottobas/ottobas_tail_1","sprite":"mineinabyss:entity/mobs/ottobas/ottobas_tail_1","type":"single"},{"resource":"mineinabyss:entity/mobs/ottobas/ottobas_body_2","sprite":"mineinabyss:entity/mobs/ottobas/ottobas_body_2","type":"single"},{"resource":"mineinabyss:entity/mobs/ottobas/ottobas_body_3","sprite":"mineinabyss:entity/mobs/ottobas/ottobas_body_3","type":"single"},{"resource":"mineinabyss:entity/mobs/ottobas/ottobas_body_4","sprite":"mineinabyss:entity/mobs/ottobas/ottobas_body_4","type":"single"},{"resource":"mineinabyss:entity/mobs/ottobas/ottobas_body_5","sprite":"mineinabyss:entity/mobs/ottobas/ottobas_body_5","type":"single"},{"resource":"mineinabyss:entity/mobs/ottobas/ottobas_body_6","sprite":"mineinabyss:entity/mobs/ottobas/ottobas_body_6","type":"single"},{"resource":"mineinabyss:entity/mobs/ottobas/ottobas_body_7","sprite":"mineinabyss:entity/mobs/ottobas/ottobas_body_7","type":"single"},{"resource":"mineinabyss:entity/mobs/ottobas/ottobas_body_8","sprite":"mineinabyss:entity/mobs/ottobas/ottobas_body_8","type":"single"},{"resource":"mineinabyss:entity/mobs/ottobas/ottobas_tail_2","sprite":"mineinabyss:entity/mobs/ottobas/ottobas_tail_2","type":"single"},{"resource":"mineinabyss:entity/mobs/ottobas/ottobas_body_10","sprite":"mineinabyss:entity/mobs/ottobas/ottobas_body_10","type":"single"},{"resource":"mineinabyss:entity/mobs/ottobas/ottobas_move","sprite":"mineinabyss:entity/mobs/ottobas/ottobas_move","type":"single"},{"resource":"mineinabyss:mobs/rinsipede","sprite":"mineinabyss:mobs/rinsipede","type":"single"},{"resource":"mineinabyss:mobs/rohana","sprite":"mineinabyss:mobs/rohana","type":"single"},{"resource":"mineinabyss:mobs/sakuranbo","sprite":"mineinabyss:mobs/sakuranbo","type":"single"},{"resource":"mineinabyss:mobs/shroombear/shroombear_body","sprite":"mineinabyss:mobs/shroombear/shroombear_body","type":"single"},{"resource":"mineinabyss:mobs/shroombear/shroombear_body_2","sprite":"mineinabyss:mobs/shroombear/shroombear_body_2","type":"single"},{"resource":"mineinabyss:mobs/shroombear/shroombear_head","sprite":"mineinabyss:mobs/shroombear/shroombear_head","type":"single"},{"resource":"mineinabyss:mobs/shroombear/shroombear_mouth","sprite":"mineinabyss:mobs/shroombear/shroombear_mouth","type":"single"},{"resource":"mineinabyss:mobs/shroombear/water_mushroom","sprite":"mineinabyss:mobs/shroombear/water_mushroom","type":"single"},{"resource":"mineinabyss:mobs/shroombear/shroombear_move","sprite":"mineinabyss:mobs/shroombear/shroombear_move","type":"single"},{"resource":"mineinabyss:mobs/silkfang","sprite":"mineinabyss:mobs/silkfang","type":"single"},{"resource":"mineinabyss:mobs/spiralsquid","sprite":"mineinabyss:mobs/spiralsquid","type":"single"},{"resource":"mineinabyss:mobs/splitjaw","sprite":"mineinabyss:mobs/splitjaw","type":"single"},{"resource":"mineinabyss:mobs/squidfly/tenticle","sprite":"mineinabyss:mobs/squidfly/tenticle","type":"single"},{"resource":"mineinabyss:mobs/squidfly/body","sprite":"mineinabyss:mobs/squidfly/body","type":"single"},{"resource":"mineinabyss:mobs/squidfly/wings_fly","sprite":"mineinabyss:mobs/squidfly/wings_fly","type":"single"},{"resource":"mineinabyss:mobs/stingerhead","sprite":"mineinabyss:mobs/stingerhead","type":"single"},{"resource":"mineinabyss:mobs/tesuchi/tesuchi_body","sprite":"mineinabyss:mobs/tesuchi/tesuchi_body","type":"single"},{"resource":"mineinabyss:mobs/tesuchi/tesuchi_head","sprite":"mineinabyss:mobs/tesuchi/tesuchi_head","type":"single"},{"resource":"mineinabyss:mobs/titanjaw/body","sprite":"mineinabyss:mobs/titanjaw/body","type":"single"},{"resource":"mineinabyss:mobs/titanjaw/head","sprite":"mineinabyss:mobs/titanjaw/head","type":"single"},{"resource":"mineinabyss:mobs/titanjaw/legs_move","sprite":"mineinabyss:mobs/titanjaw/legs_move","type":"single"},{"resource":"mineinabyss:mobs/uibuta/uibuta_head","sprite":"mineinabyss:mobs/uibuta/uibuta_head","type":"single"},{"resource":"mineinabyss:mobs/uibuta/uibuta_body","sprite":"mineinabyss:mobs/uibuta/uibuta_body","type":"single"},{"resource":"mineinabyss:mobs/uibuta/uibuta_legs","sprite":"mineinabyss:mobs/uibuta/uibuta_legs","type":"single"},{"resource":"mineinabyss:mobs/virinsipede","sprite":"mineinabyss:mobs/virinsipede","type":"single"},{"resource":"mineinabyss:characters/belaf","sprite":"mineinabyss:characters/belaf","type":"single"},{"resource":"mineinabyss:characters/belchero","sprite":"mineinabyss:characters/belchero","type":"single"},{"resource":"mineinabyss:characters/bondrewd/bondrewd_head","sprite":"mineinabyss:characters/bondrewd/bondrewd_head","type":"single"},{"resource":"mineinabyss:characters/bondrewd/bondrewd_neck","sprite":"mineinabyss:characters/bondrewd/bondrewd_neck","type":"single"},{"resource":"mineinabyss:characters/bondrewd/bondrewd_body","sprite":"mineinabyss:characters/bondrewd/bondrewd_body","type":"single"},{"resource":"mineinabyss:characters/bondrewd/bondrewd_arms","sprite":"mineinabyss:characters/bondrewd/bondrewd_arms","type":"single"},{"resource":"mineinabyss:characters/bondrewd/bondrewd_legs","sprite":"mineinabyss:characters/bondrewd/bondrewd_legs","type":"single"},{"resource":"mineinabyss:characters/bondrewd/bondrewd_body_overlay","sprite":"mineinabyss:characters/bondrewd/bondrewd_body_overlay","type":"single"},{"resource":"mineinabyss:characters/bondrewd/bondrewd_arms_overlay","sprite":"mineinabyss:characters/bondrewd/bondrewd_arms_overlay","type":"single"},{"resource":"mineinabyss:characters/bondrewd/bondrewd_legs_overlay","sprite":"mineinabyss:characters/bondrewd/bondrewd_legs_overlay","type":"single"},{"resource":"mineinabyss:characters/bondrewd/bondrewd_tail","sprite":"mineinabyss:characters/bondrewd/bondrewd_tail","type":"single"},{"resource":"mineinabyss:characters/bondrewd/accessories_1","sprite":"mineinabyss:characters/bondrewd/accessories_1","type":"single"},{"resource":"mineinabyss:characters/bondrewd/whistle","sprite":"mineinabyss:characters/bondrewd/whistle","type":"single"},{"resource":"mineinabyss:characters/bondrewd/bondrewd_legs_overlay_2","sprite":"mineinabyss:characters/bondrewd/bondrewd_legs_overlay_2","type":"single"},{"resource":"mineinabyss:characters/faputa","sprite":"mineinabyss:characters/faputa","type":"single"},{"resource":"mineinabyss:characters/gaburoon","sprite":"mineinabyss:characters/gaburoon","type":"single"},{"resource":"mineinabyss:characters/guildmaster","sprite":"mineinabyss:characters/guildmaster","type":"single"},{"resource":"mineinabyss:characters/habo","sprite":"mineinabyss:characters/habo","type":"single"},{"resource":"mineinabyss:characters/jiruo","sprite":"mineinabyss:characters/jiruo","type":"single"},{"resource":"mineinabyss:characters/kiyui","sprite":"mineinabyss:characters/kiyui","type":"single"},{"resource":"mineinabyss:characters/laffi","sprite":"mineinabyss:characters/laffi","type":"single"},{"resource":"mineinabyss:characters/lyza","sprite":"mineinabyss:characters/lyza","type":"single"},{"resource":"mineinabyss:characters/marulk","sprite":"mineinabyss:characters/marulk","type":"single"},{"resource":"mineinabyss:characters/mio","sprite":"mineinabyss:characters/mio","type":"single"},{"resource":"mineinabyss:characters/moogie","sprite":"mineinabyss:characters/moogie","type":"single"},{"resource":"mineinabyss:characters/nanachi/nanachi_base","sprite":"mineinabyss:characters/nanachi/nanachi_base","type":"single"},{"resource":"mineinabyss:characters/nanachi/nanachi_tail","sprite":"mineinabyss:characters/nanachi/nanachi_tail","type":"single"},{"resource":"mineinabyss:characters/nanachi/nanachi_parts","sprite":"mineinabyss:characters/nanachi/nanachi_parts","type":"single"},{"resource":"mineinabyss:characters/nanachi/nanachi_hat_front","sprite":"mineinabyss:characters/nanachi/nanachi_hat_front","type":"single"},{"resource":"mineinabyss:characters/nat","sprite":"mineinabyss:characters/nat","type":"single"},{"resource":"mineinabyss:characters/ozen","sprite":"mineinabyss:characters/ozen","type":"single"},{"resource":"mineinabyss:characters/ozen_despair","sprite":"mineinabyss:characters/ozen_despair","type":"single"},{"resource":"mineinabyss:characters/prushka","sprite":"mineinabyss:characters/prushka","type":"single"},{"resource":"mineinabyss:characters/reg/reg_part1","sprite":"mineinabyss:characters/reg/reg_part1","type":"single"},{"resource":"mineinabyss:characters/reg/reg_part2","sprite":"mineinabyss:characters/reg/reg_part2","type":"single"},{"resource":"mineinabyss:characters/riko/rikopart1","sprite":"mineinabyss:characters/riko/rikopart1","type":"single"},{"resource":"mineinabyss:characters/riko/rikopart2","sprite":"mineinabyss:characters/riko/rikopart2","type":"single"},{"resource":"mineinabyss:characters/riko/red_whistle","sprite":"mineinabyss:characters/riko/red_whistle","type":"single"},{"resource":"mineinabyss:characters/shiggy","sprite":"mineinabyss:characters/shiggy","type":"single"},{"resource":"mineinabyss:characters/simred","sprite":"mineinabyss:characters/simred","type":"single"},{"resource":"mineinabyss:characters/tepaste","sprite":"mineinabyss:characters/tepaste","type":"single"},{"resource":"mineinabyss:characters/torka","sprite":"mineinabyss:characters/torka","type":"single"},{"resource":"mineinabyss:characters/vueko/vueko","sprite":"mineinabyss:characters/vueko/vueko","type":"single"},{"resource":"mineinabyss:characters/vueko/vueko_restraints","sprite":"mineinabyss:characters/vueko/vueko_restraints","type":"single"},{"resource":"mineinabyss:characters/wazukyan","sprite":"mineinabyss:characters/wazukyan","type":"single"},{"resource":"mineinabyss:characters/yelme","sprite":"mineinabyss:characters/yelme","type":"single"}]}