{"parent":"minecraft:item/generated","textures":{"layer0":"minecraft:item/leather_horse_armor"},"overrides":[{"predicate":{"custom_model_data":1000},"model":"modelengine:windmill/fan8"},{"predicate":{"custom_model_data":1001},"model":"modelengine:windmill/fan7"},{"predicate":{"custom_model_data":1002},"model":"modelengine:windmill/fan6"},{"predicate":{"custom_model_data":1003},"model":"modelengine:windmill/fan5"},{"predicate":{"custom_model_data":1004},"model":"modelengine:windmill/fan4"},{"predicate":{"custom_model_data":1005},"model":"modelengine:windmill/fan3"},{"predicate":{"custom_model_data":1006},"model":"modelengine:windmill/fan2"},{"predicate":{"custom_model_data":1007},"model":"modelengine:windmill/fan1"},{"predicate":{"custom_model_data":1008},"model":"modelengine:windmill/front"},{"predicate":{"custom_model_data":1009},"model":"modelengine:windmill/1_cube_pain"},{"predicate":{"custom_model_data":2000},"model":"modelengine:abyssal_snail/shell"},{"predicate":{"custom_model_data":2001},"model":"modelengine:abyssal_snail/tail"},{"predicate":{"custom_model_data":2002},"model":"modelengine:abyssal_snail/higherneck"},{"predicate":{"custom_model_data":2003},"model":"modelengine:abyssal_snail/centerneck"},{"predicate":{"custom_model_data":2004},"model":"modelengine:abyssal_snail/lowerneck"},{"predicate":{"custom_model_data":2005},"model":"modelengine:abyssal_snail/lefthorn"},{"predicate":{"custom_model_data":2006},"model":"modelengine:abyssal_snail/righthorn"},{"predicate":{"custom_model_data":2007},"model":"modelengine:abyssal_snail/righteye"},{"predicate":{"custom_model_data":2008},"model":"modelengine:abyssal_snail/lefteye"},{"predicate":{"custom_model_data":2009},"model":"modelengine:abyssal_snail/beardleft"},{"predicate":{"custom_model_data":2010},"model":"modelengine:abyssal_snail/beardcenter"},{"predicate":{"custom_model_data":2011},"model":"modelengine:abyssal_snail/beardright"},{"predicate":{"custom_model_data":2012},"model":"modelengine:abyssal_snail/mainhead"},{"predicate":{"custom_model_data":2013},"model":"modelengine:amakagame/amakagame"},{"predicate":{"custom_model_data":2014},"model":"modelengine:ashimite/ashimite"},{"predicate":{"custom_model_data":2015},"model":"modelengine:ashimite/head"},{"predicate":{"custom_model_data":2016},"model":"modelengine:ashimite/leg_right"},{"predicate":{"custom_model_data":2017},"model":"modelengine:ashimite/leg_left"},{"predicate":{"custom_model_data":2018},"model":"modelengine:beniguma/model"},{"predicate":{"custom_model_data":2019},"model":"modelengine:beniguma/legfl"},{"predicate":{"custom_model_data":2020},"model":"modelengine:beniguma/legfr"},{"predicate":{"custom_model_data":2021},"model":"modelengine:beniguma/legbl"},{"predicate":{"custom_model_data":2022},"model":"modelengine:beniguma/legbr"},{"predicate":{"custom_model_data":2023},"model":"modelengine:beniguma/tail"},{"predicate":{"custom_model_data":2024},"model":"modelengine:billabonk/billabonk"},{"predicate":{"custom_model_data":2025},"model":"modelengine:chimokami/chimokami"},{"predicate":{"custom_model_data":2026},"model":"modelengine:corpse_weeper/body2"},{"predicate":{"custom_model_data":2027},"model":"modelengine:corpse_weeper/first"},{"predicate":{"custom_model_data":2028},"model":"modelengine:corpse_weeper/first2"},{"predicate":{"custom_model_data":2029},"model":"modelengine:corpse_weeper/r_first"},{"predicate":{"custom_model_data":2030},"model":"modelengine:corpse_weeper/r_second"},{"predicate":{"custom_model_data":2031},"model":"modelengine:cyatoria/body2"},{"predicate":{"custom_model_data":2032},"model":"modelengine:cyatoria/first_l"},{"predicate":{"custom_model_data":2033},"model":"modelengine:cyatoria/second_l"},{"predicate":{"custom_model_data":2034},"model":"modelengine:cyatoria/third_l"},{"predicate":{"custom_model_data":2035},"model":"modelengine:cyatoria/third_r"},{"predicate":{"custom_model_data":2036},"model":"modelengine:cyatoria/second_r"},{"predicate":{"custom_model_data":2037},"model":"modelengine:cyatoria/first_r"},{"predicate":{"custom_model_data":2038},"model":"modelengine:demonfish/demonfish"},{"predicate":{"custom_model_data":2039},"model":"modelengine:dosetori/body"},{"predicate":{"custom_model_data":2040},"model":"modelengine:dosetori/right"},{"predicate":{"custom_model_data":2041},"model":"modelengine:dosetori/left"},{"predicate":{"custom_model_data":2042},"model":"modelengine:edusan/torso"},{"predicate":{"custom_model_data":2043},"model":"modelengine:edusan/leftfrontc"},{"predicate":{"custom_model_data":2044},"model":"modelengine:edusan/leftfrontd"},{"predicate":{"custom_model_data":2045},"model":"modelengine:edusan/leftfrontb"},{"predicate":{"custom_model_data":2046},"model":"modelengine:edusan/leftfronta"},{"predicate":{"custom_model_data":2047},"model":"modelengine:edusan/leftarm"},{"predicate":{"custom_model_data":2048},"model":"modelengine:edusan/leftarma"},{"predicate":{"custom_model_data":2049},"model":"modelengine:edusan/leftfina"},{"predicate":{"custom_model_data":2050},"model":"modelengine:edusan/leftfinab"},{"predicate":{"custom_model_data":2051},"model":"modelengine:edusan/leftfinb"},{"predicate":{"custom_model_data":2052},"model":"modelengine:edusan/centerfind"},{"predicate":{"custom_model_data":2053},"model":"modelengine:edusan/head"},{"predicate":{"custom_model_data":2054},"model":"modelengine:edusan/centerfinc"},{"predicate":{"custom_model_data":2055},"model":"modelengine:edusan/rightfina"},{"predicate":{"custom_model_data":2056},"model":"modelengine:edusan/rightfinab"},{"predicate":{"custom_model_data":2057},"model":"modelengine:edusan/rightfinb"},{"predicate":{"custom_model_data":2058},"model":"modelengine:edusan/rightfronta"},{"predicate":{"custom_model_data":2059},"model":"modelengine:edusan/rightarm"},{"predicate":{"custom_model_data":2060},"model":"modelengine:edusan/rightarma"},{"predicate":{"custom_model_data":2061},"model":"modelengine:edusan/rightfrontb"},{"predicate":{"custom_model_data":2062},"model":"modelengine:edusan/rightfrontd"},{"predicate":{"custom_model_data":2063},"model":"modelengine:edusan/rightfrontc"},{"predicate":{"custom_model_data":2064},"model":"modelengine:fuwagi/fuwagi"},{"predicate":{"custom_model_data":2065},"model":"modelengine:hamashirama/body"},{"predicate":{"custom_model_data":2066},"model":"modelengine:hamashirama/blubber"},{"predicate":{"custom_model_data":2067},"model":"modelengine:hammerbeak/wings"},{"predicate":{"custom_model_data":2068},"model":"modelengine:hammerbeak/body"},{"predicate":{"custom_model_data":2069},"model":"modelengine:hashofu/hashofu"},{"predicate":{"custom_model_data":2070},"model":"modelengine:hisomukuro/lower_jaw"},{"predicate":{"custom_model_data":2071},"model":"modelengine:hisomukuro/back_jaw"},{"predicate":{"custom_model_data":2072},"model":"modelengine:hisomukuro/upper_jaw"},{"predicate":{"custom_model_data":2073},"model":"modelengine:hisomukuro/ribtail"},{"predicate":{"custom_model_data":2074},"model":"modelengine:hisomukuro/stomack"},{"predicate":{"custom_model_data":2075},"model":"modelengine:hisomukuro/tail"},{"predicate":{"custom_model_data":2076},"model":"modelengine:hisomukuro/rib3"},{"predicate":{"custom_model_data":2077},"model":"modelengine:hisomukuro/rib1"},{"predicate":{"custom_model_data":2078},"model":"modelengine:hisomukuro/rib2"},{"predicate":{"custom_model_data":2079},"model":"modelengine:hisomukuro/fin0"},{"predicate":{"custom_model_data":2080},"model":"modelengine:inbyo/inbyo"},{"predicate":{"custom_model_data":2081},"model":"modelengine:kagi_tachikiri/kagi_tachikiri"},{"predicate":{"custom_model_data":2082},"model":"modelengine:kakatsumuri/kakatsumuri"},{"predicate":{"custom_model_data":2083},"model":"modelengine:kazura/kazura_squid2"},{"predicate":{"custom_model_data":2084},"model":"modelengine:kuongatari/leftjawhighc"},{"predicate":{"custom_model_data":2085},"model":"modelengine:kuongatari/leftjawhighp"},{"predicate":{"custom_model_data":2086},"model":"modelengine:kuongatari/leftjawmed"},{"predicate":{"custom_model_data":2087},"model":"modelengine:kuongatari/leftjawlow"},{"predicate":{"custom_model_data":2088},"model":"modelengine:kuongatari/rightjawhighc"},{"predicate":{"custom_model_data":2089},"model":"modelengine:kuongatari/rightjawhighp"},{"predicate":{"custom_model_data":2090},"model":"modelengine:kuongatari/rightjawmed"},{"predicate":{"custom_model_data":2091},"model":"modelengine:kuongatari/rightjawlow"},{"predicate":{"custom_model_data":2092},"model":"modelengine:kuongatari/rightantennap"},{"predicate":{"custom_model_data":2093},"model":"modelengine:kuongatari/rightantennac"},{"predicate":{"custom_model_data":2094},"model":"modelengine:kuongatari/leftantennap"},{"predicate":{"custom_model_data":2095},"model":"modelengine:kuongatari/leftantennac"},{"predicate":{"custom_model_data":2096},"model":"modelengine:kuongatari/eyes"},{"predicate":{"custom_model_data":2097},"model":"modelengine:kuongatari/mainhead"},{"predicate":{"custom_model_data":2098},"model":"modelengine:kuongatari/mainbody"},{"predicate":{"custom_model_data":2099},"model":"modelengine:kuongatari/frontleftwing"},{"predicate":{"custom_model_data":2100},"model":"modelengine:kuongatari/backleftwing"},{"predicate":{"custom_model_data":2101},"model":"modelengine:kuongatari/frontrightwing"},{"predicate":{"custom_model_data":2102},"model":"modelengine:kuongatari/backrightwing"},{"predicate":{"custom_model_data":2103},"model":"modelengine:kuongatari/tailseg1"},{"predicate":{"custom_model_data":2104},"model":"modelengine:kuongatari/tailseg2"},{"predicate":{"custom_model_data":2105},"model":"modelengine:kuongatari/tailseg3"},{"predicate":{"custom_model_data":2106},"model":"modelengine:kuongatari/tailseg4"},{"predicate":{"custom_model_data":2107},"model":"modelengine:kuongatari/tailend"},{"predicate":{"custom_model_data":2108},"model":"modelengine:kuongatari/frontleftlegbone1"},{"predicate":{"custom_model_data":2109},"model":"modelengine:kuongatari/frontleftlegbone2"},{"predicate":{"custom_model_data":2110},"model":"modelengine:kuongatari/frontleftlegbone3"},{"predicate":{"custom_model_data":2111},"model":"modelengine:kuongatari/frontleftlegbone4"},{"predicate":{"custom_model_data":2112},"model":"modelengine:kuongatari/midleftlegbone1"},{"predicate":{"custom_model_data":2113},"model":"modelengine:kuongatari/midleftlegbone2"},{"predicate":{"custom_model_data":2114},"model":"modelengine:kuongatari/midleftlegbone3"},{"predicate":{"custom_model_data":2115},"model":"modelengine:kuongatari/midleftlegbone4"},{"predicate":{"custom_model_data":2116},"model":"modelengine:kuongatari/backleftlegbone1"},{"predicate":{"custom_model_data":2117},"model":"modelengine:kuongatari/backleftlegbone2"},{"predicate":{"custom_model_data":2118},"model":"modelengine:kuongatari/backleftlegbone3"},{"predicate":{"custom_model_data":2119},"model":"modelengine:kuongatari/backleftlegbone4"},{"predicate":{"custom_model_data":2120},"model":"modelengine:kuongatari/frontrightlegbone1"},{"predicate":{"custom_model_data":2121},"model":"modelengine:kuongatari/frontrightlegbone2"},{"predicate":{"custom_model_data":2122},"model":"modelengine:kuongatari/frontrightlegbone3"},{"predicate":{"custom_model_data":2123},"model":"modelengine:kuongatari/frontrightlegbone4"},{"predicate":{"custom_model_data":2124},"model":"modelengine:kuongatari/midrightlegbone1"},{"predicate":{"custom_model_data":2125},"model":"modelengine:kuongatari/midrightlegbone2"},{"predicate":{"custom_model_data":2126},"model":"modelengine:kuongatari/midrightlegbone3"},{"predicate":{"custom_model_data":2127},"model":"modelengine:kuongatari/midrightlegbone4"},{"predicate":{"custom_model_data":2128},"model":"modelengine:kuongatari/backrightlegbone1"},{"predicate":{"custom_model_data":2129},"model":"modelengine:kuongatari/backrightlegbone2"},{"predicate":{"custom_model_data":2130},"model":"modelengine:kuongatari/backrightlegbone3"},{"predicate":{"custom_model_data":2131},"model":"modelengine:kuongatari/backrightlegbone4"},{"predicate":{"custom_model_data":2132},"model":"modelengine:madokajack/madokajack"},{"predicate":{"custom_model_data":2133},"model":"modelengine:makihige/makighige"},{"predicate":{"custom_model_data":2134},"model":"modelengine:neritantan/neritantan"},{"predicate":{"custom_model_data":2135},"model":"modelengine:okibo/ears"},{"predicate":{"custom_model_data":2136},"model":"modelengine:okibo/head"},{"predicate":{"custom_model_data":2137},"model":"modelengine:okibo/leg0"},{"predicate":{"custom_model_data":2138},"model":"modelengine:okibo/tail"},{"predicate":{"custom_model_data":2139},"model":"modelengine:okibo/body"},{"predicate":{"custom_model_data":2140},"model":"modelengine:okibo/leg1"},{"predicate":{"custom_model_data":2141},"model":"modelengine:okibo/leg2"},{"predicate":{"custom_model_data":2142},"model":"modelengine:okibo/leg3"},{"predicate":{"custom_model_data":2143},"model":"modelengine:okibo/saddlehead"},{"predicate":{"custom_model_data":2144},"model":"modelengine:okibo/deco"},{"predicate":{"custom_model_data":2145},"model":"modelengine:okibo/saddlebase"},{"predicate":{"custom_model_data":2146},"model":"modelengine:okibo/saddledeco"},{"predicate":{"custom_model_data":2147},"model":"modelengine:onitsuchi/second_l"},{"predicate":{"custom_model_data":2148},"model":"modelengine:onitsuchi/first_l"},{"predicate":{"custom_model_data":2149},"model":"modelengine:onitsuchi/third_l"},{"predicate":{"custom_model_data":2150},"model":"modelengine:onitsuchi/first_r"},{"predicate":{"custom_model_data":2151},"model":"modelengine:onitsuchi/second_r"},{"predicate":{"custom_model_data":2152},"model":"modelengine:onitsuchi/third_r"},{"predicate":{"custom_model_data":2153},"model":"modelengine:onitsuchi/body"},{"predicate":{"custom_model_data":2154},"model":"modelengine:orbpiercer/right_front"},{"predicate":{"custom_model_data":2155},"model":"modelengine:orbpiercer/r_f_ankle"},{"predicate":{"custom_model_data":2156},"model":"modelengine:orbpiercer/r_f_foot"},{"predicate":{"custom_model_data":2157},"model":"modelengine:orbpiercer/right_rear"},{"predicate":{"custom_model_data":2158},"model":"modelengine:orbpiercer/r_r_calf"},{"predicate":{"custom_model_data":2159},"model":"modelengine:orbpiercer/r_r_ankle"},{"predicate":{"custom_model_data":2160},"model":"modelengine:orbpiercer/r_r_foot"},{"predicate":{"custom_model_data":2161},"model":"modelengine:orbpiercer/left_front"},{"predicate":{"custom_model_data":2162},"model":"modelengine:orbpiercer/f_ankle"},{"predicate":{"custom_model_data":2163},"model":"modelengine:orbpiercer/f_foot"},{"predicate":{"custom_model_data":2164},"model":"modelengine:orbpiercer/left_rear"},{"predicate":{"custom_model_data":2165},"model":"modelengine:orbpiercer/r_calf"},{"predicate":{"custom_model_data":2166},"model":"modelengine:orbpiercer/r_ankle"},{"predicate":{"custom_model_data":2167},"model":"modelengine:orbpiercer/r_foot"},{"predicate":{"custom_model_data":2168},"model":"modelengine:orbpiercer/torso"},{"predicate":{"custom_model_data":2169},"model":"modelengine:orbpiercer/neck_spines_2"},{"predicate":{"custom_model_data":2170},"model":"modelengine:orbpiercer/mouth"},{"predicate":{"custom_model_data":2171},"model":"modelengine:orbpiercer/head_1"},{"predicate":{"custom_model_data":2172},"model":"modelengine:orbpiercer/neck"},{"predicate":{"custom_model_data":2173},"model":"modelengine:orbpiercer/neck_spines_1"},{"predicate":{"custom_model_data":2174},"model":"modelengine:orbpiercer/tail_tips"},{"predicate":{"custom_model_data":2175},"model":"modelengine:orbpiercer/tail_1"},{"predicate":{"custom_model_data":2176},"model":"modelengine:orbpiercer/tail2"},{"predicate":{"custom_model_data":2177},"model":"modelengine:orbpiercer/tail_tips2"},{"predicate":{"custom_model_data":2178},"model":"modelengine:orbpiercer/tail_spines_1"},{"predicate":{"custom_model_data":2179},"model":"modelengine:orbpiercer/bone1"},{"predicate":{"custom_model_data":2180},"model":"modelengine:orbpiercer/spine_tips_2"},{"predicate":{"custom_model_data":2181},"model":"modelengine:orbpiercer/tail_spines_l_b"},{"predicate":{"custom_model_data":2182},"model":"modelengine:orbpiercer/s_t_b"},{"predicate":{"custom_model_data":2183},"model":"modelengine:orbpiercer/tail_spines_l_t"},{"predicate":{"custom_model_data":2184},"model":"modelengine:orbpiercer/spine_tips_l"},{"predicate":{"custom_model_data":2185},"model":"modelengine:orbpiercer/spine_tips_3"},{"predicate":{"custom_model_data":2186},"model":"modelengine:orbpiercer/tail_spines_r_b"},{"predicate":{"custom_model_data":2187},"model":"modelengine:orbpiercer/s_t_b2"},{"predicate":{"custom_model_data":2188},"model":"modelengine:orbpiercer/tail_spines_r_t"},{"predicate":{"custom_model_data":2189},"model":"modelengine:orbpiercer/spine_tips_l2"},{"predicate":{"custom_model_data":2190},"model":"modelengine:orbpiercer/spine_tips_4"},{"predicate":{"custom_model_data":2191},"model":"modelengine:orbpiercer/shoulder_spines_left"},{"predicate":{"custom_model_data":2192},"model":"modelengine:orbpiercer/c"},{"predicate":{"custom_model_data":2193},"model":"modelengine:orbpiercer/a"},{"predicate":{"custom_model_data":2194},"model":"modelengine:orbpiercer/shoulder_spines_right"},{"predicate":{"custom_model_data":2195},"model":"modelengine:orbpiercer/spine_tips_right"},{"predicate":{"custom_model_data":2196},"model":"modelengine:orbpiercer/shoulder_spines_right2"},{"predicate":{"custom_model_data":2197},"model":"modelengine:orbpiercer/b"},{"predicate":{"custom_model_data":2198},"model":"modelengine:orbpiercer/torso_spines"},{"predicate":{"custom_model_data":2199},"model":"modelengine:ottobas/ottobas"},{"predicate":{"custom_model_data":2200},"model":"modelengine:rinsipede/rinsipede"},{"predicate":{"custom_model_data":2201},"model":"modelengine:rohana/rohana"},{"predicate":{"custom_model_data":2202},"model":"modelengine:sakuranbo/sakuranbo"},{"predicate":{"custom_model_data":2203},"model":"modelengine:shroombear/shroombear"},{"predicate":{"custom_model_data":2204},"model":"modelengine:silkfang/silkfang"},{"predicate":{"custom_model_data":2205},"model":"modelengine:spiralsquid/group"},{"predicate":{"custom_model_data":2206},"model":"modelengine:splitjaw/head"},{"predicate":{"custom_model_data":2207},"model":"modelengine:splitjaw/fangs"},{"predicate":{"custom_model_data":2208},"model":"modelengine:splitjaw/antennae_r"},{"predicate":{"custom_model_data":2209},"model":"modelengine:splitjaw/antennae_l"},{"predicate":{"custom_model_data":2210},"model":"modelengine:splitjaw/deco"},{"predicate":{"custom_model_data":2211},"model":"modelengine:splitjaw/mouth"},{"predicate":{"custom_model_data":2212},"model":"modelengine:splitjaw/tongue"},{"predicate":{"custom_model_data":2213},"model":"modelengine:splitjaw/bottom_jaw"},{"predicate":{"custom_model_data":2214},"model":"modelengine:splitjaw/segment_1"},{"predicate":{"custom_model_data":2215},"model":"modelengine:splitjaw/segment_2"},{"predicate":{"custom_model_data":2216},"model":"modelengine:splitjaw/segment_3"},{"predicate":{"custom_model_data":2217},"model":"modelengine:splitjaw/segment_4"},{"predicate":{"custom_model_data":2218},"model":"modelengine:splitjaw/segment_5"},{"predicate":{"custom_model_data":2219},"model":"modelengine:splitjaw/segment_6"},{"predicate":{"custom_model_data":2220},"model":"modelengine:splitjaw/segment_7"},{"predicate":{"custom_model_data":2221},"model":"modelengine:splitjaw/segment_8"},{"predicate":{"custom_model_data":2222},"model":"modelengine:splitjaw/deco2"},{"predicate":{"custom_model_data":2223},"model":"modelengine:splitjaw/deco4"},{"predicate":{"custom_model_data":2224},"model":"modelengine:splitjaw/deco3"},{"predicate":{"custom_model_data":2225},"model":"modelengine:splitjaw/right_wing"},{"predicate":{"custom_model_data":2226},"model":"modelengine:splitjaw/left_wing"},{"predicate":{"custom_model_data":2227},"model":"modelengine:squidfly/glass"},{"predicate":{"custom_model_data":2228},"model":"modelengine:squidfly/squid2"},{"predicate":{"custom_model_data":2229},"model":"modelengine:stingerhead/middle_front_leg_1"},{"predicate":{"custom_model_data":2230},"model":"modelengine:stingerhead/leg41"},{"predicate":{"custom_model_data":2231},"model":"modelengine:stingerhead/leg42"},{"predicate":{"custom_model_data":2232},"model":"modelengine:stingerhead/leg43"},{"predicate":{"custom_model_data":2233},"model":"modelengine:stingerhead/middle_leg_1"},{"predicate":{"custom_model_data":2234},"model":"modelengine:stingerhead/leg47"},{"predicate":{"custom_model_data":2235},"model":"modelengine:stingerhead/leg48"},{"predicate":{"custom_model_data":2236},"model":"modelengine:stingerhead/leg49"},{"predicate":{"custom_model_data":2237},"model":"modelengine:stingerhead/back_leg_1"},{"predicate":{"custom_model_data":2238},"model":"modelengine:stingerhead/leg50"},{"predicate":{"custom_model_data":2239},"model":"modelengine:stingerhead/leg51"},{"predicate":{"custom_model_data":2240},"model":"modelengine:stingerhead/leg52"},{"predicate":{"custom_model_data":2241},"model":"modelengine:stingerhead/front_back_leg_1"},{"predicate":{"custom_model_data":2242},"model":"modelengine:stingerhead/leg53"},{"predicate":{"custom_model_data":2243},"model":"modelengine:stingerhead/leg54"},{"predicate":{"custom_model_data":2244},"model":"modelengine:stingerhead/leg55"},{"predicate":{"custom_model_data":2245},"model":"modelengine:stingerhead/front_middle_back_leg_1"},{"predicate":{"custom_model_data":2246},"model":"modelengine:stingerhead/leg56"},{"predicate":{"custom_model_data":2247},"model":"modelengine:stingerhead/leg57"},{"predicate":{"custom_model_data":2248},"model":"modelengine:stingerhead/leg58"},{"predicate":{"custom_model_data":2249},"model":"modelengine:stingerhead/leg59"},{"predicate":{"custom_model_data":2250},"model":"modelengine:stingerhead/leg60"},{"predicate":{"custom_model_data":2251},"model":"modelengine:stingerhead/leg61"},{"predicate":{"custom_model_data":2252},"model":"modelengine:stingerhead/leg62"},{"predicate":{"custom_model_data":2253},"model":"modelengine:stingerhead/leg63"},{"predicate":{"custom_model_data":2254},"model":"modelengine:stingerhead/leg64"},{"predicate":{"custom_model_data":2255},"model":"modelengine:stingerhead/front_middle_leg_1"},{"predicate":{"custom_model_data":2256},"model":"modelengine:stingerhead/leg65"},{"predicate":{"custom_model_data":2257},"model":"modelengine:stingerhead/leg66"},{"predicate":{"custom_model_data":2258},"model":"modelengine:stingerhead/leg67"},{"predicate":{"custom_model_data":2259},"model":"modelengine:stingerhead/front_leg_2"},{"predicate":{"custom_model_data":2260},"model":"modelengine:stingerhead/leg5"},{"predicate":{"custom_model_data":2261},"model":"modelengine:stingerhead/leg6"},{"predicate":{"custom_model_data":2262},"model":"modelengine:stingerhead/leg7"},{"predicate":{"custom_model_data":2263},"model":"modelengine:stingerhead/under_leg_1"},{"predicate":{"custom_model_data":2264},"model":"modelengine:stingerhead/leg68"},{"predicate":{"custom_model_data":2265},"model":"modelengine:stingerhead/leg69"},{"predicate":{"custom_model_data":2266},"model":"modelengine:stingerhead/leg70"},{"predicate":{"custom_model_data":2267},"model":"modelengine:stingerhead/under_middle_leg_1"},{"predicate":{"custom_model_data":2268},"model":"modelengine:stingerhead/leg2"},{"predicate":{"custom_model_data":2269},"model":"modelengine:stingerhead/leg3"},{"predicate":{"custom_model_data":2270},"model":"modelengine:stingerhead/leg4"},{"predicate":{"custom_model_data":2271},"model":"modelengine:stingerhead/middle_front_leg_3"},{"predicate":{"custom_model_data":2272},"model":"modelengine:stingerhead/leg8"},{"predicate":{"custom_model_data":2273},"model":"modelengine:stingerhead/leg9"},{"predicate":{"custom_model_data":2274},"model":"modelengine:stingerhead/leg10"},{"predicate":{"custom_model_data":2275},"model":"modelengine:stingerhead/middle_leg_2"},{"predicate":{"custom_model_data":2276},"model":"modelengine:stingerhead/leg11"},{"predicate":{"custom_model_data":2277},"model":"modelengine:stingerhead/leg12"},{"predicate":{"custom_model_data":2278},"model":"modelengine:stingerhead/leg13"},{"predicate":{"custom_model_data":2279},"model":"modelengine:stingerhead/back_leg_2"},{"predicate":{"custom_model_data":2280},"model":"modelengine:stingerhead/leg14"},{"predicate":{"custom_model_data":2281},"model":"modelengine:stingerhead/leg15"},{"predicate":{"custom_model_data":2282},"model":"modelengine:stingerhead/leg16"},{"predicate":{"custom_model_data":2283},"model":"modelengine:stingerhead/front_back_leg_2"},{"predicate":{"custom_model_data":2284},"model":"modelengine:stingerhead/leg17"},{"predicate":{"custom_model_data":2285},"model":"modelengine:stingerhead/leg18"},{"predicate":{"custom_model_data":2286},"model":"modelengine:stingerhead/leg19"},{"predicate":{"custom_model_data":2287},"model":"modelengine:stingerhead/front_middle_back_leg_2"},{"predicate":{"custom_model_data":2288},"model":"modelengine:stingerhead/leg20"},{"predicate":{"custom_model_data":2289},"model":"modelengine:stingerhead/leg21"},{"predicate":{"custom_model_data":2290},"model":"modelengine:stingerhead/leg22"},{"predicate":{"custom_model_data":2291},"model":"modelengine:stingerhead/leg23"},{"predicate":{"custom_model_data":2292},"model":"modelengine:stingerhead/leg24"},{"predicate":{"custom_model_data":2293},"model":"modelengine:stingerhead/leg25"},{"predicate":{"custom_model_data":2294},"model":"modelengine:stingerhead/leg26"},{"predicate":{"custom_model_data":2295},"model":"modelengine:stingerhead/leg27"},{"predicate":{"custom_model_data":2296},"model":"modelengine:stingerhead/leg28"},{"predicate":{"custom_model_data":2297},"model":"modelengine:stingerhead/front_middle_leg_2"},{"predicate":{"custom_model_data":2298},"model":"modelengine:stingerhead/leg29"},{"predicate":{"custom_model_data":2299},"model":"modelengine:stingerhead/leg30"},{"predicate":{"custom_model_data":2300},"model":"modelengine:stingerhead/leg31"},{"predicate":{"custom_model_data":2301},"model":"modelengine:stingerhead/front_leg_3"},{"predicate":{"custom_model_data":2302},"model":"modelengine:stingerhead/leg32"},{"predicate":{"custom_model_data":2303},"model":"modelengine:stingerhead/leg33"},{"predicate":{"custom_model_data":2304},"model":"modelengine:stingerhead/leg34"},{"predicate":{"custom_model_data":2305},"model":"modelengine:stingerhead/under_leg_2"},{"predicate":{"custom_model_data":2306},"model":"modelengine:stingerhead/leg35"},{"predicate":{"custom_model_data":2307},"model":"modelengine:stingerhead/leg36"},{"predicate":{"custom_model_data":2308},"model":"modelengine:stingerhead/leg37"},{"predicate":{"custom_model_data":2309},"model":"modelengine:stingerhead/under_middle_leg_2"},{"predicate":{"custom_model_data":2310},"model":"modelengine:stingerhead/leg38"},{"predicate":{"custom_model_data":2311},"model":"modelengine:stingerhead/leg39"},{"predicate":{"custom_model_data":2312},"model":"modelengine:stingerhead/leg40"},{"predicate":{"custom_model_data":2313},"model":"modelengine:stingerhead/body"},{"predicate":{"custom_model_data":2314},"model":"modelengine:stingerhead/arm1"},{"predicate":{"custom_model_data":2315},"model":"modelengine:stingerhead/arm6"},{"predicate":{"custom_model_data":2316},"model":"modelengine:stingerhead/arm7"},{"predicate":{"custom_model_data":2317},"model":"modelengine:stingerhead/arm8"},{"predicate":{"custom_model_data":2318},"model":"modelengine:stingerhead/arm3"},{"predicate":{"custom_model_data":2319},"model":"modelengine:stingerhead/arm4"},{"predicate":{"custom_model_data":2320},"model":"modelengine:stingerhead/arms"},{"predicate":{"custom_model_data":2321},"model":"modelengine:stingerhead/mouth2"},{"predicate":{"custom_model_data":2322},"model":"modelengine:stingerhead/mouth1"},{"predicate":{"custom_model_data":2323},"model":"modelengine:stingerhead/mouth3"},{"predicate":{"custom_model_data":2324},"model":"modelengine:stingerhead/head"},{"predicate":{"custom_model_data":2325},"model":"modelengine:stingerhead/tail_joint"},{"predicate":{"custom_model_data":2326},"model":"modelengine:stingerhead/middle_side_tail_right"},{"predicate":{"custom_model_data":2327},"model":"modelengine:stingerhead/tail22"},{"predicate":{"custom_model_data":2328},"model":"modelengine:stingerhead/tail23"},{"predicate":{"custom_model_data":2329},"model":"modelengine:stingerhead/tail24"},{"predicate":{"custom_model_data":2330},"model":"modelengine:stingerhead/tail25"},{"predicate":{"custom_model_data":2331},"model":"modelengine:stingerhead/tail26"},{"predicate":{"custom_model_data":2332},"model":"modelengine:stingerhead/tail27"},{"predicate":{"custom_model_data":2333},"model":"modelengine:stingerhead/tail28"},{"predicate":{"custom_model_data":2334},"model":"modelengine:stingerhead/tail29"},{"predicate":{"custom_model_data":2335},"model":"modelengine:stingerhead/tail_end4"},{"predicate":{"custom_model_data":2336},"model":"modelengine:stingerhead/middle_side_tail_left"},{"predicate":{"custom_model_data":2337},"model":"modelengine:stingerhead/tail30"},{"predicate":{"custom_model_data":2338},"model":"modelengine:stingerhead/tail31"},{"predicate":{"custom_model_data":2339},"model":"modelengine:stingerhead/tail32"},{"predicate":{"custom_model_data":2340},"model":"modelengine:stingerhead/tail33"},{"predicate":{"custom_model_data":2341},"model":"modelengine:stingerhead/tail34"},{"predicate":{"custom_model_data":2342},"model":"modelengine:stingerhead/tail35"},{"predicate":{"custom_model_data":2343},"model":"modelengine:stingerhead/tail36"},{"predicate":{"custom_model_data":2344},"model":"modelengine:stingerhead/tail37"},{"predicate":{"custom_model_data":2345},"model":"modelengine:stingerhead/tail_end5"},{"predicate":{"custom_model_data":2346},"model":"modelengine:stingerhead/main_tail_center"},{"predicate":{"custom_model_data":2347},"model":"modelengine:stingerhead/tail38"},{"predicate":{"custom_model_data":2348},"model":"modelengine:stingerhead/tail39"},{"predicate":{"custom_model_data":2349},"model":"modelengine:stingerhead/tail40"},{"predicate":{"custom_model_data":2350},"model":"modelengine:stingerhead/tail41"},{"predicate":{"custom_model_data":2351},"model":"modelengine:stingerhead/tail42"},{"predicate":{"custom_model_data":2352},"model":"modelengine:stingerhead/tail7"},{"predicate":{"custom_model_data":2353},"model":"modelengine:stingerhead/tail43"},{"predicate":{"custom_model_data":2354},"model":"modelengine:stingerhead/tail9"},{"predicate":{"custom_model_data":2355},"model":"modelengine:stingerhead/tail_end6"},{"predicate":{"custom_model_data":2356},"model":"modelengine:stingerhead/main_tail_right"},{"predicate":{"custom_model_data":2357},"model":"modelengine:stingerhead/tail44"},{"predicate":{"custom_model_data":2358},"model":"modelengine:stingerhead/tail45"},{"predicate":{"custom_model_data":2359},"model":"modelengine:stingerhead/tail46"},{"predicate":{"custom_model_data":2360},"model":"modelengine:stingerhead/tail47"},{"predicate":{"custom_model_data":2361},"model":"modelengine:stingerhead/tail48"},{"predicate":{"custom_model_data":2362},"model":"modelengine:stingerhead/tail49"},{"predicate":{"custom_model_data":2363},"model":"modelengine:stingerhead/tail_end7"},{"predicate":{"custom_model_data":2364},"model":"modelengine:stingerhead/main_tail_left"},{"predicate":{"custom_model_data":2365},"model":"modelengine:stingerhead/tail2"},{"predicate":{"custom_model_data":2366},"model":"modelengine:stingerhead/tail3"},{"predicate":{"custom_model_data":2367},"model":"modelengine:stingerhead/tail4"},{"predicate":{"custom_model_data":2368},"model":"modelengine:stingerhead/tail5"},{"predicate":{"custom_model_data":2369},"model":"modelengine:stingerhead/tail6"},{"predicate":{"custom_model_data":2370},"model":"modelengine:stingerhead/tail8"},{"predicate":{"custom_model_data":2371},"model":"modelengine:stingerhead/tail_end"},{"predicate":{"custom_model_data":2372},"model":"modelengine:stingerhead/middle_rear_tail_right"},{"predicate":{"custom_model_data":2373},"model":"modelengine:stingerhead/tail10"},{"predicate":{"custom_model_data":2374},"model":"modelengine:stingerhead/tail11"},{"predicate":{"custom_model_data":2375},"model":"modelengine:stingerhead/tail12"},{"predicate":{"custom_model_data":2376},"model":"modelengine:stingerhead/tail13"},{"predicate":{"custom_model_data":2377},"model":"modelengine:stingerhead/tail14"},{"predicate":{"custom_model_data":2378},"model":"modelengine:stingerhead/tail15"},{"predicate":{"custom_model_data":2379},"model":"modelengine:stingerhead/tail_end2"},{"predicate":{"custom_model_data":2380},"model":"modelengine:stingerhead/middle_rear_tail_left"},{"predicate":{"custom_model_data":2381},"model":"modelengine:stingerhead/tail16"},{"predicate":{"custom_model_data":2382},"model":"modelengine:stingerhead/tail17"},{"predicate":{"custom_model_data":2383},"model":"modelengine:stingerhead/tail18"},{"predicate":{"custom_model_data":2384},"model":"modelengine:stingerhead/tail19"},{"predicate":{"custom_model_data":2385},"model":"modelengine:stingerhead/tail20"},{"predicate":{"custom_model_data":2386},"model":"modelengine:stingerhead/tail21"},{"predicate":{"custom_model_data":2387},"model":"modelengine:stingerhead/tail_end3"},{"predicate":{"custom_model_data":2388},"model":"modelengine:tesuchi/model"},{"predicate":{"custom_model_data":2389},"model":"modelengine:titanjaw/titanjaw"},{"predicate":{"custom_model_data":2390},"model":"modelengine:uibuta/uibuta"},{"predicate":{"custom_model_data":2391},"model":"modelengine:virinsipede/virinsipede"},{"predicate":{"custom_model_data":3000},"model":"modelengine:belaf/head"},{"predicate":{"custom_model_data":3001},"model":"modelengine:belaf/1"},{"predicate":{"custom_model_data":3002},"model":"modelengine:belaf/2"},{"predicate":{"custom_model_data":3003},"model":"modelengine:belaf/3"},{"predicate":{"custom_model_data":3004},"model":"modelengine:belaf/4"},{"predicate":{"custom_model_data":3005},"model":"modelengine:belaf/5"},{"predicate":{"custom_model_data":3006},"model":"modelengine:belaf/6"},{"predicate":{"custom_model_data":3007},"model":"modelengine:belaf/7"},{"predicate":{"custom_model_data":3008},"model":"modelengine:belaf/8"},{"predicate":{"custom_model_data":3009},"model":"modelengine:belaf/9"},{"predicate":{"custom_model_data":3010},"model":"modelengine:belaf/10"},{"predicate":{"custom_model_data":3011},"model":"modelengine:belchero/head"},{"predicate":{"custom_model_data":3012},"model":"modelengine:belchero/body"},{"predicate":{"custom_model_data":3013},"model":"modelengine:belchero/arms"},{"predicate":{"custom_model_data":3014},"model":"modelengine:bondrewd/root"},{"predicate":{"custom_model_data":3015},"model":"modelengine:faputa/right_leg"},{"predicate":{"custom_model_data":3016},"model":"modelengine:faputa/left_leg"},{"predicate":{"custom_model_data":3017},"model":"modelengine:faputa/tail_and_body"},{"predicate":{"custom_model_data":3018},"model":"modelengine:faputa/right_arm"},{"predicate":{"custom_model_data":3019},"model":"modelengine:faputa/back_right_arm"},{"predicate":{"custom_model_data":3020},"model":"modelengine:faputa/left_arm"},{"predicate":{"custom_model_data":3021},"model":"modelengine:faputa/back_left_arm"},{"predicate":{"custom_model_data":3022},"model":"modelengine:faputa/head"},{"predicate":{"custom_model_data":3023},"model":"modelengine:gaburoon/hip"},{"predicate":{"custom_model_data":3024},"model":"modelengine:gaburoon/waist"},{"predicate":{"custom_model_data":3025},"model":"modelengine:gaburoon/chest"},{"predicate":{"custom_model_data":3026},"model":"modelengine:gaburoon/face"},{"predicate":{"custom_model_data":3027},"model":"modelengine:gaburoon/head_lower"},{"predicate":{"custom_model_data":3028},"model":"modelengine:gaburoon/head_top"},{"predicate":{"custom_model_data":3029},"model":"modelengine:gaburoon/cape"},{"predicate":{"custom_model_data":3030},"model":"modelengine:gaburoon/cart"},{"predicate":{"custom_model_data":3031},"model":"modelengine:gaburoon/steering"},{"predicate":{"custom_model_data":3032},"model":"modelengine:gaburoon/right_arm"},{"predicate":{"custom_model_data":3033},"model":"modelengine:gaburoon/cannon"},{"predicate":{"custom_model_data":3034},"model":"modelengine:gaburoon/beam_claws"},{"predicate":{"custom_model_data":3035},"model":"modelengine:gaburoon/beam"},{"predicate":{"custom_model_data":3036},"model":"modelengine:gaburoon/right_forearm"},{"predicate":{"custom_model_data":3037},"model":"modelengine:gaburoon/left_arm"},{"predicate":{"custom_model_data":3038},"model":"modelengine:gaburoon/left_forearm"},{"predicate":{"custom_model_data":3039},"model":"modelengine:gaburoon/claw_1"},{"predicate":{"custom_model_data":3040},"model":"modelengine:gaburoon/claw_2"},{"predicate":{"custom_model_data":3041},"model":"modelengine:gaburoon/right_leg"},{"predicate":{"custom_model_data":3042},"model":"modelengine:gaburoon/right_foreleg"},{"predicate":{"custom_model_data":3043},"model":"modelengine:gaburoon/left_leg"},{"predicate":{"custom_model_data":3044},"model":"modelengine:gaburoon/left_foreleg"},{"predicate":{"custom_model_data":3045},"model":"modelengine:guildmaster/head"},{"predicate":{"custom_model_data":3046},"model":"modelengine:guildmaster/arm"},{"predicate":{"custom_model_data":3047},"model":"modelengine:guildmaster/upper_body"},{"predicate":{"custom_model_data":3048},"model":"modelengine:guildmaster/lower_body"},{"predicate":{"custom_model_data":3049},"model":"modelengine:habo/head"},{"predicate":{"custom_model_data":3050},"model":"modelengine:habo/body"},{"predicate":{"custom_model_data":3051},"model":"modelengine:habo/arms"},{"predicate":{"custom_model_data":3052},"model":"modelengine:jiruo/torso"},{"predicate":{"custom_model_data":3053},"model":"modelengine:jiruo/head"},{"predicate":{"custom_model_data":3054},"model":"modelengine:jiruo/right_arm"},{"predicate":{"custom_model_data":3055},"model":"modelengine:jiruo/left_arm"},{"predicate":{"custom_model_data":3056},"model":"modelengine:jiruo/right_leg"},{"predicate":{"custom_model_data":3057},"model":"modelengine:jiruo/left_leg"},{"predicate":{"custom_model_data":3058},"model":"modelengine:kiyui/head"},{"predicate":{"custom_model_data":3059},"model":"modelengine:kiyui/arm"},{"predicate":{"custom_model_data":3060},"model":"modelengine:kiyui/body"},{"predicate":{"custom_model_data":3061},"model":"modelengine:laffi/head"},{"predicate":{"custom_model_data":3062},"model":"modelengine:laffi/arms"},{"predicate":{"custom_model_data":3063},"model":"modelengine:laffi/bone"},{"predicate":{"custom_model_data":3064},"model":"modelengine:lyza/body"},{"predicate":{"custom_model_data":3065},"model":"modelengine:lyza/right_leg"},{"predicate":{"custom_model_data":3066},"model":"modelengine:lyza/left_leg"},{"predicate":{"custom_model_data":3067},"model":"modelengine:lyza/right_arm"},{"predicate":{"custom_model_data":3068},"model":"modelengine:lyza/left_arm"},{"predicate":{"custom_model_data":3069},"model":"modelengine:lyza/hair"},{"predicate":{"custom_model_data":3070},"model":"modelengine:lyza/head"},{"predicate":{"custom_model_data":3071},"model":"modelengine:marulk/head"},{"predicate":{"custom_model_data":3072},"model":"modelengine:marulk/right_arm"},{"predicate":{"custom_model_data":3073},"model":"modelengine:marulk/left_arm"},{"predicate":{"custom_model_data":3074},"model":"modelengine:marulk/left_leg"},{"predicate":{"custom_model_data":3075},"model":"modelengine:marulk/right_leg"},{"predicate":{"custom_model_data":3076},"model":"modelengine:marulk/torso"},{"predicate":{"custom_model_data":3077},"model":"modelengine:mio/arms"},{"predicate":{"custom_model_data":3078},"model":"modelengine:mio/head"},{"predicate":{"custom_model_data":3079},"model":"modelengine:mio/hair"},{"predicate":{"custom_model_data":3080},"model":"modelengine:mio/body"},{"predicate":{"custom_model_data":3081},"model":"modelengine:moogie/body"},{"predicate":{"custom_model_data":3082},"model":"modelengine:moogie/head"},{"predicate":{"custom_model_data":3083},"model":"modelengine:moogie/1a"},{"predicate":{"custom_model_data":3084},"model":"modelengine:moogie/t1"},{"predicate":{"custom_model_data":3085},"model":"modelengine:moogie/2a"},{"predicate":{"custom_model_data":3086},"model":"modelengine:moogie/t2"},{"predicate":{"custom_model_data":3087},"model":"modelengine:moogie/3a"},{"predicate":{"custom_model_data":3088},"model":"modelengine:moogie/t3"},{"predicate":{"custom_model_data":3089},"model":"modelengine:moogie/4a"},{"predicate":{"custom_model_data":3090},"model":"modelengine:moogie/t4"},{"predicate":{"custom_model_data":3091},"model":"modelengine:moogie/lleg"},{"predicate":{"custom_model_data":3092},"model":"modelengine:moogie/rleg"},{"predicate":{"custom_model_data":3093},"model":"modelengine:moogie/rarm"},{"predicate":{"custom_model_data":3094},"model":"modelengine:moogie/larm"},{"predicate":{"custom_model_data":3095},"model":"modelengine:nanachi/helmet"},{"predicate":{"custom_model_data":3096},"model":"modelengine:nanachi/head"},{"predicate":{"custom_model_data":3097},"model":"modelengine:nanachi/root"},{"predicate":{"custom_model_data":3098},"model":"modelengine:nat/torso"},{"predicate":{"custom_model_data":3099},"model":"modelengine:nat/head"},{"predicate":{"custom_model_data":3100},"model":"modelengine:nat/arms"},{"predicate":{"custom_model_data":3101},"model":"modelengine:ozen/head"},{"predicate":{"custom_model_data":3102},"model":"modelengine:ozen/lleg"},{"predicate":{"custom_model_data":3103},"model":"modelengine:ozen/la"},{"predicate":{"custom_model_data":3104},"model":"modelengine:ozen/rleg"},{"predicate":{"custom_model_data":3105},"model":"modelengine:ozen/ra"},{"predicate":{"custom_model_data":3106},"model":"modelengine:ozen/larm"},{"predicate":{"custom_model_data":3107},"model":"modelengine:ozen/rarm"},{"predicate":{"custom_model_data":3108},"model":"modelengine:ozen/bone"},{"predicate":{"custom_model_data":3109},"model":"modelengine:ozen_despair/head"},{"predicate":{"custom_model_data":3110},"model":"modelengine:ozen_despair/bone"},{"predicate":{"custom_model_data":3111},"model":"modelengine:prushka/bone"},{"predicate":{"custom_model_data":3112},"model":"modelengine:prushka/head"},{"predicate":{"custom_model_data":3113},"model":"modelengine:prushka/left_leg"},{"predicate":{"custom_model_data":3114},"model":"modelengine:prushka/right_leg"},{"predicate":{"custom_model_data":3115},"model":"modelengine:prushka/left_arm"},{"predicate":{"custom_model_data":3116},"model":"modelengine:prushka/right_arm"},{"predicate":{"custom_model_data":3117},"model":"modelengine:reg/head"},{"predicate":{"custom_model_data":3118},"model":"modelengine:reg/reg"},{"predicate":{"custom_model_data":3119},"model":"modelengine:riko/root"},{"predicate":{"custom_model_data":3120},"model":"modelengine:riko/head"},{"predicate":{"custom_model_data":3121},"model":"modelengine:shiggy/torso"},{"predicate":{"custom_model_data":3122},"model":"modelengine:shiggy/head"},{"predicate":{"custom_model_data":3123},"model":"modelengine:shiggy/arm"},{"predicate":{"custom_model_data":3124},"model":"modelengine:simred/torso"},{"predicate":{"custom_model_data":3125},"model":"modelengine:simred/head"},{"predicate":{"custom_model_data":3126},"model":"modelengine:simred/right_arm"},{"predicate":{"custom_model_data":3127},"model":"modelengine:simred/left_arm"},{"predicate":{"custom_model_data":3128},"model":"modelengine:simred/right_leg"},{"predicate":{"custom_model_data":3129},"model":"modelengine:simred/left_leg"},{"predicate":{"custom_model_data":3130},"model":"modelengine:tepaste/torso"},{"predicate":{"custom_model_data":3131},"model":"modelengine:tepaste/head"},{"predicate":{"custom_model_data":3132},"model":"modelengine:tepaste/right_arm"},{"predicate":{"custom_model_data":3133},"model":"modelengine:tepaste/left_arm"},{"predicate":{"custom_model_data":3134},"model":"modelengine:tepaste/right_leg"},{"predicate":{"custom_model_data":3135},"model":"modelengine:tepaste/left_leg"},{"predicate":{"custom_model_data":3136},"model":"modelengine:torka/torso"},{"predicate":{"custom_model_data":3137},"model":"modelengine:torka/head"},{"predicate":{"custom_model_data":3138},"model":"modelengine:torka/right_arm"},{"predicate":{"custom_model_data":3139},"model":"modelengine:torka/left_arm"},{"predicate":{"custom_model_data":3140},"model":"modelengine:torka/right_leg"},{"predicate":{"custom_model_data":3141},"model":"modelengine:torka/left_leg"},{"predicate":{"custom_model_data":3142},"model":"modelengine:vueko/body"},{"predicate":{"custom_model_data":3143},"model":"modelengine:vueko/arms"},{"predicate":{"custom_model_data":3144},"model":"modelengine:vueko/head"},{"predicate":{"custom_model_data":3145},"model":"modelengine:vueko/giants"},{"predicate":{"custom_model_data":3146},"model":"modelengine:wazukyan/head"},{"predicate":{"custom_model_data":3147},"model":"modelengine:wazukyan/body"},{"predicate":{"custom_model_data":3148},"model":"modelengine:wazukyan/lleg"},{"predicate":{"custom_model_data":3149},"model":"modelengine:wazukyan/rleg"},{"predicate":{"custom_model_data":3150},"model":"modelengine:yelme/torso"},{"predicate":{"custom_model_data":3151},"model":"modelengine:yelme/head"},{"predicate":{"custom_model_data":3152},"model":"modelengine:yelme/right_arm"},{"predicate":{"custom_model_data":3153},"model":"modelengine:yelme/left_arm"},{"predicate":{"custom_model_data":3154},"model":"modelengine:yelme/right_leg"},{"predicate":{"custom_model_data":3155},"model":"modelengine:yelme/left_leg"},{"predicate":{"custom_model_data":4000},"model":"modelengine:deathknight/deathknight"}]}