{"parent":"builtin/entity","gui_light":"front","textures":{"particle":"block/dark_oak_planks"},"display":{"thirdperson_righthand":{"rotation":[0,90,0],"translation":[10,6,-4],"scale":[1,1,1]},"thirdperson_lefthand":{"rotation":[0,90,0],"translation":[10,6,12],"scale":[1,1,1]},"firstperson_righthand":{"rotation":[0,180,5],"translation":[-10,2,-10],"scale":[1.25,1.25,1.25]},"firstperson_lefthand":{"rotation":[0,180,5],"translation":[10,0,-10],"scale":[1.25,1.25,1.25]},"gui":{"rotation":[15,-25,-5],"translation":[2,3,0],"scale":[0.65,0.65,0.65]},"fixed":{"rotation":[0,180,0],"translation":[-2,4,-5],"scale":[0.5,0.5,0.5]},"ground":{"rotation":[0,0,0],"translation":[4,4,2],"scale":[0.25,0.25,0.25]}},"overrides":[{"predicate":{"blocking":1},"model":"camelot:item/shield/shield_blocking"},{"predicate":{"custom_model_data":1},"model":"camelot:item/shield/mash_shield"},{"predicate":{"custom_model_data":1,"blocking":1},"model":"camelot:item/shield/mash_shield_block"},{"predicate":{"custom_model_data":2},"model":"mineinabyss:item/other/duel_disk"},{"predicate":{"custom_model_data":2,"blocking":1},"model":"mineinabyss:item/other/duel_disk_block"},{"predicate":{"custom_model_data":3},"model":"nazarick:item/albedo_shield"},{"predicate":{"custom_model_data":3,"blocking":1},"model":"nazarick:item/albedo_shield_block"},{"predicate":{"custom_model_data":4},"model":"mineinabyss:item/relics/spined_targe/spined_targe"},{"predicate":{"custom_model_data":4,"damaged":1,"damage":0.2},"model":"mineinabyss:item/relics/spined_targe/spined_targe_damage1"},{"predicate":{"custom_model_data":4,"damaged":1,"damage":0.5},"model":"mineinabyss:item/relics/spined_targe/spined_targe_damage2"},{"predicate":{"custom_model_data":4,"damaged":1,"damage":0.8},"model":"mineinabyss:item/relics/spined_targe/spined_targe_damage3"},{"predicate":{"custom_model_data":4,"blocking":1},"model":"mineinabyss:item/relics/spined_targe/spined_targe_blocking"},{"predicate":{"custom_model_data":4,"blocking":1,"damaged":1,"damage":0.2},"model":"mineinabyss:item/relics/spined_targe/spined_targe_damage1"},{"predicate":{"custom_model_data":4,"blocking":1,"damaged":1,"damage":0.5},"model":"mineinabyss:item/relics/spined_targe/spined_targe_damage2"},{"predicate":{"custom_model_data":4,"blocking":1,"damaged":1,"damage":0.8},"model":"mineinabyss:item/relics/spined_targe/spined_targe_damage3"}]}