{"parent":"item/generated","textures":{"layer0":"item/snowball"},"overrides":[{"predicate":{"custom_model_data":1},"model":"mineinabyss:item/equipment/grappling/hook"},{"predicate":{"custom_model_data":2},"model":"mineinabyss:item/equipment/grappling/incinerator"},{"predicate":{"custom_model_data":3},"model":"mineinabyss:item/other/coal_pebble"},{"predicate":{"custom_model_data":100},"model":"camelot:sword/hassan_knife"},{"predicate":{"custom_model_data":101},"model":"camelot:other/distortion"}]}