{"credit":"Made with Blockbench","texture_size":[64,64],"textures":{"0":"item/spyglass_model","particle":"item/spyglass_model"},"elements":[{"name":"octagon","from":[7.06802,-2.25,1.5],"to":[8.93198,2.25,2.5],"rotation":{"angle":45,"axis":"z","origin":[8,0,2]},"faces":{"north":{"uv":[7.25,3.5,7.75,4.75],"texture":"#0"},"east":{"uv":[4.75,6.75,5,8],"texture":"#0"},"south":{"uv":[7.25,4.75,7.75,6],"texture":"#0"},"west":{"uv":[4.25,8.5,4.5,9.75],"texture":"#0"},"up":{"uv":[1.75,3.5,1.25,3.25],"texture":"#0"},"down":{"uv":[4.75,1.5,4.25,1.75],"texture":"#0"}}},{"name":"octagon","from":[7.06802,-2.25,1.5],"to":[8.93198,2.25,2.5],"rotation":{"angle":0,"axis":"y","origin":[8,0,2]},"faces":{"north":{"uv":[6.75,7.5,7.25,8.75],"texture":"#0"},"east":{"uv":[4.5,8.5,4.75,9.75],"texture":"#0"},"south":{"uv":[7.25,7.5,7.75,8.75],"texture":"#0"},"west":{"uv":[3.5,8.75,3.75,10],"texture":"#0"},"up":{"uv":[5.25,4.25,4.75,4],"texture":"#0"},"down":{"uv":[3,5.75,2.5,6],"texture":"#0"}}},{"name":"octagon","from":[5.75,-0.93198,1.5],"to":[10.25,0.93198,2.5],"rotation":{"angle":45,"axis":"z","origin":[8,0,2]},"faces":{"north":{"uv":[0,5.75,1.25,6.25],"texture":"#0"},"east":{"uv":[5,5.5,5.25,6],"texture":"#0"},"south":{"uv":[7.25,6,8.5,6.5],"texture":"#0"},"west":{"uv":[6,3.5,6.25,4],"texture":"#0"},"up":{"uv":[7.5,2.75,6.25,2.5],"texture":"#0"},"down":{"uv":[9.75,6.75,8.5,7],"texture":"#0"}}},{"name":"octagon","from":[5.75,-0.93198,1.5],"to":[10.25,0.93198,2.5],"rotation":{"angle":0,"axis":"y","origin":[8,0,2]},"faces":{"north":{"uv":[7.5,2.5,8.75,3],"texture":"#0"},"east":{"uv":[5,6,5.25,6.5],"texture":"#0"},"south":{"uv":[7.5,3,8.75,3.5],"texture":"#0"},"west":{"uv":[6.25,3.5,6.5,4],"texture":"#0"},"up":{"uv":[10,2.75,8.75,2.5],"texture":"#0"},"down":{"uv":[10,2.75,8.75,3],"texture":"#0"}}},{"name":"octagon","from":[6.96447,-2.5,2.5],"to":[9.03553,2.5,9.5],"rotation":{"angle":0,"axis":"y","origin":[8,0,1]},"faces":{"north":{"uv":[2,7.75,2.5,9],"texture":"#0"},"east":{"uv":[0,0,1.75,1.25],"texture":"#0"},"south":{"uv":[2.5,7.75,3,9],"texture":"#0"},"west":{"uv":[0,1.25,1.75,2.5],"texture":"#0"},"up":{"uv":[6.25,8.25,5.75,6.5],"texture":"#0"},"down":{"uv":[6.75,6.5,6.25,8.25],"texture":"#0"}}},{"name":"octagon","from":[5.5,-1.03553,2.5],"to":[10.5,1.03553,9.5],"rotation":{"angle":45,"axis":"z","origin":[8,0,1]},"faces":{"north":{"uv":[7.75,1,9,1.5],"texture":"#0"},"east":{"uv":[6.25,2,8,2.5],"texture":"#0"},"south":{"uv":[7.75,1.5,9,2],"texture":"#0"},"west":{"uv":[6.75,0,8.5,0.5],"texture":"#0"},"up":{"uv":[3,1.75,1.75,0],"texture":"#0"},"down":{"uv":[3,1.75,1.75,3.5],"texture":"#0"}}},{"name":"octagon","from":[5.5,-1.03553,2.5],"to":[10.5,1.03553,9.5],"rotation":{"angle":0,"axis":"y","origin":[8,0,1]},"faces":{"north":{"uv":[7.75,3.5,9,4],"texture":"#0"},"east":{"uv":[6.75,0.5,8.5,1],"texture":"#0"},"south":{"uv":[7.75,4,9,4.5],"texture":"#0"},"west":{"uv":[6.75,6.5,8.5,7],"texture":"#0"},"up":{"uv":[1.25,4.25,0,2.5],"texture":"#0"},"down":{"uv":[4.25,0,3,1.75],"texture":"#0"}}},{"name":"octagon","from":[6.96447,-2.5,2.5],"to":[9.03553,2.5,9.5],"rotation":{"angle":45,"axis":"z","origin":[8,0,1]},"faces":{"north":{"uv":[3,7.75,3.5,9],"texture":"#0"},"east":{"uv":[3,1.75,4.75,3],"texture":"#0"},"south":{"uv":[7.75,4.5,8.25,5.75],"texture":"#0"},"west":{"uv":[3,3,4.75,4.25],"texture":"#0"},"up":{"uv":[4.25,8.5,3.75,6.75],"texture":"#0"},"down":{"uv":[4.75,6.75,4.25,8.5],"texture":"#0"}}},{"name":"octagon","from":[6.86091,-2.75,3.5],"to":[9.13909,2.75,8.5],"rotation":{"angle":45,"axis":"z","origin":[8,0,5]},"faces":{"north":{"uv":[0,7,0.5,8.5],"texture":"#0"},"east":{"uv":[1.25,3.5,2.5,5],"texture":"#0"},"south":{"uv":[0.5,7,1,8.5],"texture":"#0"},"west":{"uv":[0,4.25,1.25,5.75],"texture":"#0"},"up":{"uv":[8.25,8.75,7.75,7.5],"texture":"#0"},"down":{"uv":[5.25,8,4.75,9.25],"texture":"#0"}}},{"name":"octagon","from":[6.86091,-2.75,3.5],"to":[9.13909,2.75,8.5],"rotation":{"angle":0,"axis":"y","origin":[8,0,5]},"faces":{"north":{"uv":[1,7,1.5,8.5],"texture":"#0"},"east":{"uv":[4.25,0,5.5,1.5],"texture":"#0"},"south":{"uv":[1.5,7,2,8.5],"texture":"#0"},"west":{"uv":[2.5,4.25,3.75,5.75],"texture":"#0"},"up":{"uv":[5.75,9.25,5.25,8],"texture":"#0"},"down":{"uv":[8.75,4.5,8.25,5.75],"texture":"#0"}}},{"name":"octagon","from":[5.25,-1.13909,3.5],"to":[10.75,1.13909,8.5],"rotation":{"angle":45,"axis":"z","origin":[8,0,5]},"faces":{"north":{"uv":[6.75,7,8.25,7.5],"texture":"#0"},"east":{"uv":[8,2,9.25,2.5],"texture":"#0"},"south":{"uv":[2,7.25,3.5,7.75],"texture":"#0"},"west":{"uv":[8.25,7,9.5,7.5],"texture":"#0"},"up":{"uv":[5.25,5.5,3.75,4.25],"texture":"#0"},"down":{"uv":[6.25,1.5,4.75,2.75],"texture":"#0"}}},{"name":"octagon","from":[5.25,-1.13909,3.5],"to":[9.75,1.13909,8.5],"rotation":{"angle":0,"axis":"y","origin":[8,0,5]},"faces":{"north":{"uv":[8.25,7.5,9.5,8],"texture":"#0"},"east":{"uv":[8.25,8,9.5,8.5],"texture":"#0"},"south":{"uv":[0,8.5,1.25,9],"texture":"#0"},"west":{"uv":[8.5,0,9.75,0.5],"texture":"#0"},"up":{"uv":[6,4,4.75,2.75],"texture":"#0"},"down":{"uv":[2.5,5,1.25,6.25],"texture":"#0"}}},{"name":"octagon","from":[6.25,-1.13909,3.5],"to":[10.75,-0.11091,8.5],"rotation":{"angle":0,"axis":"y","origin":[8,0,5]},"faces":{"north":{"uv":[8.75,3,10,3.25],"texture":"#0"},"east":{"uv":[8.75,3.25,10,3.5],"texture":"#0"},"south":{"uv":[8.75,4.5,10,4.75],"texture":"#0"},"west":{"uv":[8.75,4.75,10,5],"texture":"#0"},"up":{"uv":[6.5,5.25,5.25,4],"texture":"#0"},"down":{"uv":[6.5,5.25,5.25,6.5],"texture":"#0"}}},{"name":"octagon","from":[6.25,0.11091,3.5],"to":[10.75,1.13909,8.5],"rotation":{"angle":0,"axis":"y","origin":[8,0,5]},"faces":{"north":{"uv":[8.75,5,10,5.25],"texture":"#0"},"east":{"uv":[8.75,5.25,10,5.5],"texture":"#0"},"south":{"uv":[8.75,5.5,10,5.75],"texture":"#0"},"west":{"uv":[6.75,8.75,8,9],"texture":"#0"},"up":{"uv":[6.75,1.25,5.5,0],"texture":"#0"},"down":{"uv":[5,5.5,3.75,6.75],"texture":"#0"}}},{"name":"octagon","from":[7.37868,-1.5,9.5],"to":[8.62132,1.5,15.5],"rotation":{"angle":45,"axis":"z","origin":[8,0,10]},"faces":{"north":{"uv":[1.25,2.5,1.5,3.25],"texture":"#0"},"east":{"uv":[6,2.75,7.5,3.5],"texture":"#0"},"south":{"uv":[1.5,2.5,1.75,3.25],"texture":"#0"},"west":{"uv":[0,6.25,1.5,7],"texture":"#0"},"up":{"uv":[3.75,8.75,3.5,7.25],"texture":"#0"},"down":{"uv":[6.75,8.25,6.5,9.75],"texture":"#0"}}},{"name":"octagon","from":[7.37868,-1.5,9.5],"to":[8.62132,1.5,15.5],"rotation":{"angle":0,"axis":"y","origin":[8,0,10]},"faces":{"north":{"uv":[2.5,3.5,2.75,4.25],"texture":"#0"},"east":{"uv":[6.25,1.25,7.75,2],"texture":"#0"},"south":{"uv":[2.75,3.5,3,4.25],"texture":"#0"},"west":{"uv":[1.5,6.25,3,7],"texture":"#0"},"up":{"uv":[4,10,3.75,8.5],"texture":"#0"},"down":{"uv":[4.25,8.5,4,10],"texture":"#0"}}},{"name":"octagon","from":[6.5,-0.62132,9.5],"to":[9.5,0.62132,15.5],"rotation":{"angle":45,"axis":"z","origin":[8,0,10]},"faces":{"north":{"uv":[5.5,1.25,6.25,1.5],"texture":"#0"},"east":{"uv":[7.75,5.75,9.25,6],"texture":"#0"},"south":{"uv":[6.75,1,7.5,1.25],"texture":"#0"},"west":{"uv":[8.5,0.5,10,0.75],"texture":"#0"},"up":{"uv":[3.75,7.25,3,5.75],"texture":"#0"},"down":{"uv":[7.25,3.5,6.5,5],"texture":"#0"}}},{"name":"octagon","from":[6.5,-0.62132,9.5],"to":[9.5,0.62132,15.5],"rotation":{"angle":0,"axis":"y","origin":[8,0,10]},"faces":{"north":{"uv":[2,7,2.75,7.25],"texture":"#0"},"east":{"uv":[8.5,0.75,10,1],"texture":"#0"},"south":{"uv":[0,9,0.75,9.25],"texture":"#0"},"west":{"uv":[8.5,6,10,6.25],"texture":"#0"},"up":{"uv":[5.75,8,5,6.5],"texture":"#0"},"down":{"uv":[7.25,5,6.5,6.5],"texture":"#0"}}},{"name":"octagon","from":[6.96447,-2.5,0.5],"to":[9.03553,-1.5,1.5],"rotation":{"angle":45,"axis":"z","origin":[8,0,1]},"faces":{"north":{"uv":[2.5,6,3,6.25],"texture":"#0"},"east":{"uv":[2.75,7,3,7.25],"texture":"#0"},"south":{"uv":[0.75,9,1.25,9.25],"texture":"#0"},"west":{"uv":[7.5,1,7.75,1.25],"texture":"#0"},"up":{"uv":[9.5,1.25,9,1],"texture":"#0"},"down":{"uv":[9.5,1.25,9,1.5],"texture":"#0"}}},{"name":"octagon","from":[6.96447,-2.5,0.5],"to":[9.03553,-1.5,1.5],"rotation":{"angle":0,"axis":"y","origin":[8,0,1]},"faces":{"north":{"uv":[9,1.5,9.5,1.75],"texture":"#0"},"east":{"uv":[2,9.25,2.25,9.5],"texture":"#0"},"south":{"uv":[9,1.75,9.5,2],"texture":"#0"},"west":{"uv":[9.25,2,9.5,2.25],"texture":"#0"},"up":{"uv":[2.5,9.25,2,9],"texture":"#0"},"down":{"uv":[3,9,2.5,9.25],"texture":"#0"}}},{"name":"octagon","from":[6.96447,1.5,0.5],"to":[9.03553,2.5,1.5],"rotation":{"angle":45,"axis":"z","origin":[8,0,1]},"faces":{"north":{"uv":[3,9,3.5,9.25],"texture":"#0"},"east":{"uv":[2.25,9.25,2.5,9.5],"texture":"#0"},"south":{"uv":[9,3.5,9.5,3.75],"texture":"#0"},"west":{"uv":[9.25,2.25,9.5,2.5],"texture":"#0"},"up":{"uv":[9.5,4,9,3.75],"texture":"#0"},"down":{"uv":[9.5,4,9,4.25],"texture":"#0"}}},{"name":"octagon","from":[6.96447,1.5,0.5],"to":[9.03553,2.5,1.5],"rotation":{"angle":0,"axis":"y","origin":[8,0,1]},"faces":{"north":{"uv":[9,4.25,9.5,4.5],"texture":"#0"},"east":{"uv":[2.5,9.25,2.75,9.5],"texture":"#0"},"south":{"uv":[5.75,9,6.25,9.25],"texture":"#0"},"west":{"uv":[2.75,9.25,3,9.5],"texture":"#0"},"up":{"uv":[7.25,9.25,6.75,9],"texture":"#0"},"down":{"uv":[7.75,9,7.25,9.25],"texture":"#0"}}},{"name":"octagon","from":[5.5,-1.03553,0.5],"to":[6.5,1.03553,1.5],"rotation":{"angle":45,"axis":"z","origin":[8,0,1]},"faces":{"north":{"uv":[8,8.75,8.25,9.25],"texture":"#0"},"east":{"uv":[6.25,9,6.5,9.5],"texture":"#0"},"south":{"uv":[7.75,9,8,9.5],"texture":"#0"},"west":{"uv":[8.25,9,8.5,9.5],"texture":"#0"},"up":{"uv":[3.25,9.5,3,9.25],"texture":"#0"},"down":{"uv":[3.5,9.25,3.25,9.5],"texture":"#0"}}},{"name":"octagon","from":[5.5,-1.03553,0.5],"to":[6.5,1.03553,1.5],"rotation":{"angle":0,"axis":"y","origin":[8,0,1]},"faces":{"north":{"uv":[8.5,9,8.75,9.5],"texture":"#0"},"east":{"uv":[9,8.5,9.25,9],"texture":"#0"},"south":{"uv":[8.75,9,9,9.5],"texture":"#0"},"west":{"uv":[9,9,9.25,9.5],"texture":"#0"},"up":{"uv":[5,9.5,4.75,9.25],"texture":"#0"},"down":{"uv":[5.25,9.25,5,9.5],"texture":"#0"}}},{"name":"octagon","from":[9.5,-1.03553,0.5],"to":[10.5,1.03553,1.5],"rotation":{"angle":45,"axis":"z","origin":[8,0,1]},"faces":{"north":{"uv":[0,9.25,0.25,9.75],"texture":"#0"},"east":{"uv":[0.25,9.25,0.5,9.75],"texture":"#0"},"south":{"uv":[0.5,9.25,0.75,9.75],"texture":"#0"},"west":{"uv":[0.75,9.25,1,9.75],"texture":"#0"},"up":{"uv":[5.5,9.5,5.25,9.25],"texture":"#0"},"down":{"uv":[5.75,9.25,5.5,9.5],"texture":"#0"}}},{"name":"octagon","from":[9.5,-1.03553,0.5],"to":[10.5,1.03553,1.5],"rotation":{"angle":0,"axis":"y","origin":[8,0,1]},"faces":{"north":{"uv":[1,9.25,1.25,9.75],"texture":"#0"},"east":{"uv":[1.25,9.25,1.5,9.75],"texture":"#0"},"south":{"uv":[1.5,9.25,1.75,9.75],"texture":"#0"},"west":{"uv":[1.75,9.25,2,9.75],"texture":"#0"},"up":{"uv":[6,9.5,5.75,9.25],"texture":"#0"},"down":{"uv":[9.5,5.75,9.25,6],"texture":"#0"}}},{"name":"octagon","from":[7.27513,-1.75,15.5],"to":[8.72487,-0.75,16.5],"rotation":{"angle":45,"axis":"z","origin":[8,0,16]},"faces":{"north":{"uv":[6,9.25,6.25,9.5],"texture":"#0"},"east":{"uv":[9.25,6.25,9.5,6.5],"texture":"#0"},"south":{"uv":[9.25,6.5,9.5,6.75],"texture":"#0"},"west":{"uv":[6.75,9.25,7,9.5],"texture":"#0"},"up":{"uv":[7.25,9.5,7,9.25],"texture":"#0"},"down":{"uv":[7.5,9.25,7.25,9.5],"texture":"#0"}}},{"name":"octagon","from":[7.27513,-1.75,15.5],"to":[8.72487,-0.75,16.5],"rotation":{"angle":0,"axis":"y","origin":[8,0,16]},"faces":{"north":{"uv":[7.5,9.25,7.75,9.5],"texture":"#0"},"east":{"uv":[8,9.25,8.25,9.5],"texture":"#0"},"south":{"uv":[9.25,8.5,9.5,8.75],"texture":"#0"},"west":{"uv":[9.25,8.75,9.5,9],"texture":"#0"},"up":{"uv":[9.5,9.25,9.25,9],"texture":"#0"},"down":{"uv":[9.5,9.25,9.25,9.5],"texture":"#0"}}},{"name":"octagon","from":[7.27513,0.75,15.5],"to":[8.72487,1.75,16.5],"rotation":{"angle":45,"axis":"z","origin":[8,0,16]},"faces":{"north":{"uv":[9.5,1,9.75,1.25],"texture":"#0"},"east":{"uv":[9.5,1.25,9.75,1.5],"texture":"#0"},"south":{"uv":[9.5,1.5,9.75,1.75],"texture":"#0"},"west":{"uv":[9.5,1.75,9.75,2],"texture":"#0"},"up":{"uv":[2.25,9.75,2,9.5],"texture":"#0"},"down":{"uv":[9.75,2,9.5,2.25],"texture":"#0"}}},{"name":"octagon","from":[7.27513,0.75,15.5],"to":[8.72487,1.75,16.5],"rotation":{"angle":0,"axis":"y","origin":[8,0,16]},"faces":{"north":{"uv":[2.25,9.5,2.5,9.75],"texture":"#0"},"east":{"uv":[9.5,2.25,9.75,2.5],"texture":"#0"},"south":{"uv":[2.5,9.5,2.75,9.75],"texture":"#0"},"west":{"uv":[2.75,9.5,3,9.75],"texture":"#0"},"up":{"uv":[3.25,9.75,3,9.5],"texture":"#0"},"down":{"uv":[3.5,9.5,3.25,9.75],"texture":"#0"}}},{"name":"octagon","from":[6.25,-0.72487,15.5],"to":[7.25,0.72487,16.5],"rotation":{"angle":45,"axis":"z","origin":[8,0,16]},"faces":{"north":{"uv":[9.5,3.5,9.75,3.75],"texture":"#0"},"east":{"uv":[9.5,3.75,9.75,4],"texture":"#0"},"south":{"uv":[9.5,4,9.75,4.25],"texture":"#0"},"west":{"uv":[9.5,4.25,9.75,4.5],"texture":"#0"},"up":{"uv":[5,9.75,4.75,9.5],"texture":"#0"},"down":{"uv":[5.25,9.5,5,9.75],"texture":"#0"}}},{"name":"octagon","from":[6.25,-0.72487,15.5],"to":[7.25,0.72487,16.5],"rotation":{"angle":0,"axis":"y","origin":[8,0,16]},"faces":{"north":{"uv":[5.25,9.5,5.5,9.75],"texture":"#0"},"east":{"uv":[5.5,9.5,5.75,9.75],"texture":"#0"},"south":{"uv":[5.75,9.5,6,9.75],"texture":"#0"},"west":{"uv":[9.5,5.75,9.75,6],"texture":"#0"},"up":{"uv":[6.25,9.75,6,9.5],"texture":"#0"},"down":{"uv":[6.5,9.5,6.25,9.75],"texture":"#0"}}},{"name":"octagon","from":[8.75,-0.72487,15.5],"to":[9.75,0.72487,16.5],"rotation":{"angle":45,"axis":"z","origin":[8,0,16]},"faces":{"north":{"uv":[9.5,6.25,9.75,6.5],"texture":"#0"},"east":{"uv":[9.5,6.5,9.75,6.75],"texture":"#0"},"south":{"uv":[6.75,9.5,7,9.75],"texture":"#0"},"west":{"uv":[7,9.5,7.25,9.75],"texture":"#0"},"up":{"uv":[9.75,7.25,9.5,7],"texture":"#0"},"down":{"uv":[7.5,9.5,7.25,9.75],"texture":"#0"}}},{"name":"octagon","from":[8.75,-0.72487,15.5],"to":[9.75,0.72487,16.5],"rotation":{"angle":0,"axis":"y","origin":[8,0,16]},"faces":{"north":{"uv":[9.5,7.25,9.75,7.5],"texture":"#0"},"east":{"uv":[7.5,9.5,7.75,9.75],"texture":"#0"},"south":{"uv":[9.5,7.5,9.75,7.75],"texture":"#0"},"west":{"uv":[7.75,9.5,8,9.75],"texture":"#0"},"up":{"uv":[9.75,8,9.5,7.75],"texture":"#0"},"down":{"uv":[8.25,9.5,8,9.75],"texture":"#0"}}},{"name":"octagon","from":[6.75,-0.87132,15.5],"to":[9.25,0.87132,15.5],"rotation":{"angle":0,"axis":"y","origin":[8,0,16]},"faces":{"north":{"uv":[8.5,6.25,9.25,6.75],"texture":"#0"},"east":{"uv":[0,0,0,0.5],"texture":"#0"},"south":{"uv":[8.25,8.5,9,9],"texture":"#0"},"west":{"uv":[0,0,0,0.5],"texture":"#0"},"up":{"uv":[0.75,0,0,0],"texture":"#0"},"down":{"uv":[0.75,0,0,0],"texture":"#0"}}},{"name":"octagon","from":[10.5,-0.53909,7.25],"to":[11,0.48909,7.75],"rotation":{"angle":0,"axis":"y","origin":[8,0,5]},"faces":{"north":{"uv":[9.5,8,9.75,8.25],"texture":"#0"},"east":{"uv":[8.25,9.5,8.5,9.75],"texture":"#0"},"south":{"uv":[9.5,8.25,9.75,8.5],"texture":"#0"},"west":{"uv":[8.5,9.5,8.75,9.75],"texture":"#0"},"up":{"uv":[9.75,8.75,9.5,8.5],"texture":"#0"},"down":{"uv":[9,9.5,8.75,9.75],"texture":"#0"}}},{"name":"octagon","from":[10.5,-0.53909,5.75],"to":[11,0.48909,6.25],"rotation":{"angle":0,"axis":"y","origin":[8,0,5]},"faces":{"north":{"uv":[9.5,8.75,9.75,9],"texture":"#0"},"east":{"uv":[9,9.5,9.25,9.75],"texture":"#0"},"south":{"uv":[9.5,9,9.75,9.25],"texture":"#0"},"west":{"uv":[9.25,9.5,9.5,9.75],"texture":"#0"},"up":{"uv":[9.75,9.5,9.5,9.25],"texture":"#0"},"down":{"uv":[9.75,9.5,9.5,9.75],"texture":"#0"}}},{"name":"octagon","from":[10.5,-0.53909,4.25],"to":[11,0.48909,4.75],"rotation":{"angle":0,"axis":"y","origin":[8,0,5]},"faces":{"north":{"uv":[0,9.75,0.25,10],"texture":"#0"},"east":{"uv":[9.75,0,10,0.25],"texture":"#0"},"south":{"uv":[0.25,9.75,0.5,10],"texture":"#0"},"west":{"uv":[9.75,0.25,10,0.5],"texture":"#0"},"up":{"uv":[0.75,10,0.5,9.75],"texture":"#0"},"down":{"uv":[1,9.75,0.75,10],"texture":"#0"}}},{"name":"octagon","from":[5.3,-0.28553,0.75],"to":[5.8,0.21447,1.25],"rotation":{"angle":0,"axis":"y","origin":[8,0,1]},"faces":{"north":{"uv":[1,9.75,1.25,10],"texture":"#0"},"east":{"uv":[9.75,1,10,1.25],"texture":"#0"},"south":{"uv":[1.25,9.75,1.5,10],"texture":"#0"},"west":{"uv":[9.75,1.25,10,1.5],"texture":"#0"},"up":{"uv":[1.75,10,1.5,9.75],"texture":"#0"},"down":{"uv":[10,1.5,9.75,1.75],"texture":"#0"}}},{"name":"octagon","from":[10.2,-0.28553,0.75],"to":[10.7,0.21447,1.25],"rotation":{"angle":0,"axis":"y","origin":[8,0,1]},"faces":{"north":{"uv":[1.75,9.75,2,10],"texture":"#0"},"east":{"uv":[9.75,1.75,10,2],"texture":"#0"},"south":{"uv":[2,9.75,2.25,10],"texture":"#0"},"west":{"uv":[9.75,2,10,2.25],"texture":"#0"},"up":{"uv":[2.5,10,2.25,9.75],"texture":"#0"},"down":{"uv":[10,2.25,9.75,2.5],"texture":"#0"}}},{"name":"octagon","from":[5.3,-0.28553,8.75],"to":[5.8,0.21447,9.25],"rotation":{"angle":0,"axis":"y","origin":[8,0,1]},"faces":{"north":{"uv":[2.5,9.75,2.75,10],"texture":"#0"},"east":{"uv":[2.75,9.75,3,10],"texture":"#0"},"south":{"uv":[3,9.75,3.25,10],"texture":"#0"},"west":{"uv":[3.25,9.75,3.5,10],"texture":"#0"},"up":{"uv":[10,3.75,9.75,3.5],"texture":"#0"},"down":{"uv":[10,3.75,9.75,4],"texture":"#0"}}},{"name":"octagon","from":[10.2,-0.28553,8.75],"to":[10.7,0.21447,9.25],"rotation":{"angle":0,"axis":"y","origin":[8,0,1]},"faces":{"north":{"uv":[9.75,4,10,4.25],"texture":"#0"},"east":{"uv":[4.25,9.75,4.5,10],"texture":"#0"},"south":{"uv":[9.75,4.25,10,4.5],"texture":"#0"},"west":{"uv":[4.5,9.75,4.75,10],"texture":"#0"},"up":{"uv":[5,10,4.75,9.75],"texture":"#0"},"down":{"uv":[5.25,9.75,5,10],"texture":"#0"}}},{"name":"octagon","from":[6.45,-1.53198,1.4],"to":[9.55,1.53198,1.4],"rotation":{"angle":0,"axis":"y","origin":[8,0,2]},"faces":{"north":{"uv":[5.75,8.25,6.5,9],"texture":"#0"},"east":{"uv":[0,0,0,0.75],"texture":"#0"},"south":{"uv":[1.25,8.5,2,9.25],"texture":"#0"},"west":{"uv":[0,0,0,0.75],"texture":"#0"},"up":{"uv":[0.75,0,0,0],"texture":"#0"},"down":{"uv":[0.75,0,0,0],"texture":"#0"}}}],"display":{"thirdperson_righthand":{"rotation":[-90,0,0],"translation":[0,-3.25,-4],"scale":[0.5,0.5,0.5]},"thirdperson_lefthand":{"rotation":[-90,0,0],"translation":[0,-3.25,-4],"scale":[0.5,0.5,0.5]},"firstperson_righthand":{"rotation":[-100,0,0],"translation":[2,-2,-7],"scale":[0.7,0.7,0.7]},"firstperson_lefthand":{"rotation":[-100,0,0],"translation":[2,-2,-7],"scale":[0.7,0.7,0.7]},"ground":{"rotation":[-12,0,0],"translation":[0,5.25,0],"scale":[0.7,0.7,0.7]},"gui":{"rotation":[-38.75,-137,-39],"translation":[-3,6.25,0],"scale":[0.9,0.9,0.9]},"head":{"translation":[0,8,-16]},"fixed":{"rotation":[90,34,0],"translation":[0,0,5]}},"groups":[{"name":"octagon","origin":[8,8,8],"color":0,"children":[0,1,2,3]},{"name":"group","origin":[0,0,0],"color":0,"children":[4,5,6,7]},{"name":"octagon","origin":[8,8,8],"color":0,"children":[8,9,10,11,12,13]},{"name":"octagon","origin":[8,8,8],"color":0,"children":[14,15,16,17]},{"name":"octagon","origin":[8,8,8],"color":0,"children":[18,19,20,21,22,23,24,25]},{"name":"octagon","origin":[8,8,8],"color":0,"children":[26,27,28,29,30,31,32,33]},{"name":"octagon","origin":[8,8,8],"color":0,"children":[34]},35,36,37,38,39,40,41,42]}