{"credit":"Made with Blockbench","texture_size":[128,128],"textures":{"2":"hmcmodels:furniture/classic_hotel_pack/classic_hotel_hall_carpet_stair"},"elements":[{"from":[-16,-15.8,-0.2],"to":[32,-7.8,-0.2],"faces":{"north":{"uv":[6,1,12,2],"texture":"#2"},"east":{"uv":[0,0,0,1],"texture":"#2"},"south":{"uv":[6,2,12,3],"texture":"#2"},"west":{"uv":[0,0,0,1],"texture":"#2"},"up":{"uv":[6,0,0,0],"texture":"#2"},"down":{"uv":[6,0,0,0],"texture":"#2"}}},{"from":[-16,-7.8,-0.2],"to":[32,-7.8,7.8],"faces":{"north":{"uv":[0,0,6,0],"texture":"#2"},"east":{"uv":[0,0,1,0],"texture":"#2"},"south":{"uv":[0,0,6,0],"texture":"#2"},"west":{"uv":[0,0,1,0],"texture":"#2"},"up":{"uv":[12,4,6,3],"texture":"#2"},"down":{"uv":[12,4,6,5],"texture":"#2"}}},{"from":[-16,0.2,7.8],"to":[32,0.2,16],"faces":{"north":{"uv":[0,0,6,0],"texture":"#2"},"east":{"uv":[0,0,1,0],"texture":"#2"},"south":{"uv":[0,0,6,0],"texture":"#2"},"west":{"uv":[0,0,1,0],"texture":"#2"},"up":{"uv":[6,8,0,7],"texture":"#2"},"down":{"uv":[12,7,6,8],"texture":"#2"}}},{"from":[-16,-7.8,7.8],"to":[32,0.2,7.8],"faces":{"north":{"uv":[6,5,12,6],"texture":"#2"},"east":{"uv":[0,0,0,1],"texture":"#2"},"south":{"uv":[6,6,12,7],"texture":"#2"},"west":{"uv":[0,0,0,1],"texture":"#2"},"up":{"uv":[6,0,0,0],"texture":"#2"},"down":{"uv":[6,0,0,0],"texture":"#2"}}},{"from":[-16,-15.8,-0.2],"to":[32,-7.8,-0.2],"faces":{"north":{"uv":[0,0,6,1],"texture":"#2","tintindex":0},"east":{"uv":[0,0,0,1],"texture":"#2"},"south":{"uv":[0,1,6,2],"texture":"#2","tintindex":0},"west":{"uv":[0,0,0,1],"texture":"#2"},"up":{"uv":[6,0,0,0],"texture":"#2","tintindex":0},"down":{"uv":[6,0,0,0],"texture":"#2","tintindex":0}}},{"from":[-16,-7.8,-0.2],"to":[32,-7.8,7.8],"faces":{"north":{"uv":[0,0,6,0],"texture":"#2","tintindex":0},"east":{"uv":[0,0,1,0],"texture":"#2"},"south":{"uv":[0,0,6,0],"texture":"#2","tintindex":0},"west":{"uv":[0,0,1,0],"texture":"#2"},"up":{"uv":[6,3,0,2],"texture":"#2","tintindex":0},"down":{"uv":[6,3,0,4],"texture":"#2","tintindex":0}}},{"from":[-16,-7.8,7.8],"to":[32,0.2,7.8],"faces":{"north":{"uv":[0,4,6,5],"texture":"#2","tintindex":0},"east":{"uv":[0,0,0,1],"texture":"#2"},"south":{"uv":[0,5,6,6],"texture":"#2","tintindex":0},"west":{"uv":[0,0,0,1],"texture":"#2"},"up":{"uv":[6,0,0,0],"texture":"#2","tintindex":0},"down":{"uv":[6,0,0,0],"texture":"#2","tintindex":0}}},{"from":[-16,0.2,7.8],"to":[32,0.2,16],"faces":{"north":{"uv":[0,0,6,0],"texture":"#2","tintindex":0},"east":{"uv":[0,0,1,0],"texture":"#2"},"south":{"uv":[0,0,6,0],"texture":"#2","tintindex":0},"west":{"uv":[0,0,1,0],"texture":"#2"},"up":{"uv":[6,7,0,6],"texture":"#2","tintindex":0},"down":{"uv":[12,0,6,1],"texture":"#2","tintindex":0}}}],"display":{"thirdperson_righthand":{"rotation":[75,45,0],"translation":[0,2.5,0],"scale":[0.375,0.375,0.375]},"thirdperson_lefthand":{"rotation":[75,45,0],"translation":[0,2.5,0],"scale":[0.375,0.375,0.375]},"firstperson_righthand":{"rotation":[0,45,0],"scale":[0.4,0.4,0.4]},"firstperson_lefthand":{"rotation":[0,225,0],"scale":[0.4,0.4,0.4]},"ground":{"translation":[0,3,0],"scale":[0.25,0.25,0.25]},"gui":{"rotation":[30,225,0],"translation":[0,3,0],"scale":[0.3,0.3,0.3]},"fixed":{"rotation":[-90,0,0],"translation":[0,0,-16],"scale":[2,2,2]}}}