{"credit":"Made with Blockbench","texture_size":[128,128],"textures":{"1":"hmcmodels:furniture/classic_hotel_pack/classic_hotel_bar_counter_middle"},"elements":[{"from":[0,0,7],"to":[16,2,24],"faces":{"north":{"uv":[8.875,9,10.875,9.25],"texture":"#1"},"east":{"uv":[9,6,11.125,6.25],"texture":"#1"},"south":{"uv":[0,9.25,2,9.5],"texture":"#1"},"west":{"uv":[9,6.25,11.125,6.5],"texture":"#1"},"up":{"uv":[6,6.375,4,4.25],"texture":"#1"},"down":{"uv":[2,4.5,0,6.625],"texture":"#1"}}},{"from":[0,14,0],"to":[16,16,18],"faces":{"north":{"uv":[9,7.75,11,8],"texture":"#1"},"east":{"uv":[8.875,8.75,11.125,9],"texture":"#1"},"south":{"uv":[9,8,11,8.25],"texture":"#1"},"west":{"uv":[9,5.25,11.25,5.5],"texture":"#1"},"up":{"uv":[2,4.5,0,2.25],"texture":"#1"},"down":{"uv":[4,2.25,2,4.5],"texture":"#1"}}},{"from":[0,2,16],"to":[16,9,23],"faces":{"north":{"uv":[8,1.75,10,2.625],"texture":"#1"},"east":{"uv":[2.875,8.375,3.75,9.25],"texture":"#1"},"south":{"uv":[8,2.625,10,3.5],"texture":"#1"},"west":{"uv":[3.75,8.375,4.625,9.25],"texture":"#1"},"up":{"uv":[10,4.375,8,3.5],"texture":"#1"},"down":{"uv":[10,4.375,8,5.25],"texture":"#1"}}},{"from":[0,9,16],"to":[16,11,24],"faces":{"north":{"uv":[9,7.25,11,7.5],"texture":"#1"},"east":{"uv":[4.625,8.875,5.625,9.125],"texture":"#1"},"south":{"uv":[9,7.5,11,7.75],"texture":"#1"},"west":{"uv":[4.625,9.125,5.625,9.375],"texture":"#1"},"up":{"uv":[8,8,6,7],"texture":"#1"},"down":{"uv":[6,7.375,4,8.375],"texture":"#1"}}},{"from":[0,2,8],"to":[16,14,16],"faces":{"north":{"uv":[6,1.5,8,3],"texture":"#1"},"east":{"uv":[8,6.75,9,8.25],"texture":"#1"},"south":{"uv":[2,6,4,7.5],"texture":"#1"},"west":{"uv":[7,8,8,9.5],"texture":"#1"},"up":{"uv":[6,7.375,4,6.375],"texture":"#1"},"down":{"uv":[2,6.625,0,7.625],"texture":"#1"}}}],"display":{"thirdperson_righthand":{"rotation":[75,45,0],"translation":[0,2.5,0],"scale":[0.375,0.375,0.375]},"thirdperson_lefthand":{"rotation":[75,45,0],"translation":[0,2.5,0],"scale":[0.375,0.375,0.375]},"firstperson_righthand":{"rotation":[0,45,0],"scale":[0.4,0.4,0.4]},"firstperson_lefthand":{"rotation":[0,225,0],"scale":[0.4,0.4,0.4]},"ground":{"translation":[0,3,0],"scale":[0.25,0.25,0.25]},"gui":{"rotation":[30,225,0],"translation":[2.5,0,0],"scale":[0.4,0.4,0.4]},"fixed":{"rotation":[-90,0,0],"translation":[0,0,-16],"scale":[2,2,2]}}}