{"credit":"Made with Blockbench","texture_size":[128,128],"textures":{"2":"hmcmodels:furniture/classic_hotel_pack/classic_hotel_luggage_cart_full"},"elements":[{"from":[0,-15,0],"to":[16,-13,32],"rotation":{"angle":0,"axis":"y","origin":[8,2.5,16]},"faces":{"north":{"uv":[7.625,3.75,9.625,4],"texture":"#2"},"east":{"uv":[7.375,2.25,11.375,2.5],"texture":"#2"},"south":{"uv":[7.625,4,9.625,4.25],"texture":"#2"},"west":{"uv":[7.375,2.5,11.375,2.75],"texture":"#2"},"up":{"uv":[2,4,0,0],"texture":"#2"},"down":{"uv":[4,0,2,4],"texture":"#2"}}},{"from":[3,-1,29],"to":[13,1,31],"rotation":{"angle":0,"axis":"y","origin":[8,2.5,16]},"faces":{"north":{"uv":[8.125,8.375,9.375,8.625],"texture":"#2"},"east":{"uv":[9.375,4.25,9.625,4.5],"texture":"#2"},"south":{"uv":[1.5,8.5,2.75,8.75],"texture":"#2"},"west":{"uv":[9.375,8.875,9.625,9.125],"texture":"#2"},"up":{"uv":[4,8.75,2.75,8.5],"texture":"#2"},"down":{"uv":[9.375,8.625,8.125,8.875],"texture":"#2"}}},{"from":[13,14,3],"to":[15,16,29],"rotation":{"angle":0,"axis":"y","origin":[8,2.5,16]},"faces":{"north":{"uv":[9.5,0.25,9.75,0.5],"texture":"#2"},"east":{"uv":[7.375,2.75,10.625,3],"texture":"#2"},"south":{"uv":[9.5,0.5,9.75,0.75],"texture":"#2"},"west":{"uv":[7.625,3,10.875,3.25],"texture":"#2"},"up":{"uv":[1,11.125,0.75,7.875],"texture":"#2"},"down":{"uv":[1.25,7.875,1,11.125],"texture":"#2"}}},{"from":[1,14,3],"to":[3,16,29],"rotation":{"angle":0,"axis":"y","origin":[8,2.5,16]},"faces":{"north":{"uv":[9.5,2,9.75,2.25],"texture":"#2"},"east":{"uv":[7.625,3.25,10.875,3.5],"texture":"#2"},"south":{"uv":[2.25,9.5,2.5,9.75],"texture":"#2"},"west":{"uv":[7.625,3.5,10.875,3.75],"texture":"#2"},"up":{"uv":[1.5,11.125,1.25,7.875],"texture":"#2"},"down":{"uv":[8.125,7.625,7.875,10.875],"texture":"#2"}}},{"from":[1,16,10],"to":[15,18,22],"rotation":{"angle":0,"axis":"y","origin":[8,2.5,16]},"faces":{"north":{"uv":[7.625,4.25,9.375,4.5],"texture":"#2"},"east":{"uv":[8.125,7.875,9.625,8.125],"texture":"#2"},"south":{"uv":[8.125,7.625,9.875,7.875],"texture":"#2"},"west":{"uv":[8.125,8.125,9.625,8.375],"texture":"#2"},"up":{"uv":[7.375,1.5,5.625,0],"texture":"#2"},"down":{"uv":[7.375,1.5,5.625,3],"texture":"#2"}}},{"from":[7,18,15],"to":[9,20,17],"rotation":{"angle":-45,"axis":"y","origin":[8,2.5,16]},"faces":{"north":{"uv":[9.5,0.75,9.75,1],"texture":"#2"},"east":{"uv":[9.5,1,9.75,1.25],"texture":"#2"},"south":{"uv":[9.5,1.25,9.75,1.5],"texture":"#2"},"west":{"uv":[1.5,9.5,1.75,9.75],"texture":"#2"},"up":{"uv":[9.75,1.75,9.5,1.5],"texture":"#2"},"down":{"uv":[2,9.5,1.75,9.75],"texture":"#2"}}},{"from":[1,-13,29],"to":[3,16,31],"rotation":{"angle":0,"axis":"y","origin":[8,2.5,16]},"faces":{"north":{"uv":[4.625,7.625,4.875,11.25],"texture":"#2"},"east":{"uv":[4.875,7.625,5.125,11.25],"texture":"#2"},"south":{"uv":[5.125,7.625,5.375,11.25],"texture":"#2"},"west":{"uv":[5.375,7.625,5.625,11.25],"texture":"#2"},"up":{"uv":[4.25,3.875,4,3.625],"texture":"#2"},"down":{"uv":[4.5,3.625,4.25,3.875],"texture":"#2"}}},{"from":[13,-13,29],"to":[15,16,31],"rotation":{"angle":0,"axis":"y","origin":[8,2.5,16]},"faces":{"north":{"uv":[5.625,7.625,5.875,11.25],"texture":"#2"},"east":{"uv":[5.875,7.625,6.125,11.25],"texture":"#2"},"south":{"uv":[6.125,7.625,6.375,11.25],"texture":"#2"},"west":{"uv":[6.375,7.625,6.625,11.25],"texture":"#2"},"up":{"uv":[9.75,2,9.5,1.75],"texture":"#2"},"down":{"uv":[2.25,9.5,2,9.75],"texture":"#2"}}},{"from":[13,-13,1],"to":[15,16,3],"rotation":{"angle":0,"axis":"y","origin":[8,2.5,16]},"faces":{"north":{"uv":[7.625,7.625,7.875,11.25],"texture":"#2"},"east":{"uv":[0,7.875,0.25,11.5],"texture":"#2"},"south":{"uv":[0.25,7.875,0.5,11.5],"texture":"#2"},"west":{"uv":[0.5,7.875,0.75,11.5],"texture":"#2"},"up":{"uv":[9.75,5.375,9.5,5.125],"texture":"#2"},"down":{"uv":[9.75,5.375,9.5,5.625],"texture":"#2"}}},{"from":[3,-1,1],"to":[13,1,3],"rotation":{"angle":0,"axis":"y","origin":[8,2.5,16]},"faces":{"north":{"uv":[1.5,8.75,2.75,9],"texture":"#2"},"east":{"uv":[3.875,9.5,4.125,9.75],"texture":"#2"},"south":{"uv":[2.75,8.75,4,9],"texture":"#2"},"west":{"uv":[4.125,9.5,4.375,9.75],"texture":"#2"},"up":{"uv":[9.375,9.125,8.125,8.875],"texture":"#2"},"down":{"uv":[10.25,0,9,0.25],"texture":"#2"}}},{"from":[1,-13,1],"to":[3,16,3],"rotation":{"angle":0,"axis":"y","origin":[8,2.5,16]},"faces":{"north":{"uv":[6.625,7.625,6.875,11.25],"texture":"#2"},"east":{"uv":[6.875,7.625,7.125,11.25],"texture":"#2"},"south":{"uv":[7.125,7.625,7.375,11.25],"texture":"#2"},"west":{"uv":[7.375,7.625,7.625,11.25],"texture":"#2"},"up":{"uv":[3.625,9.75,3.375,9.5],"texture":"#2"},"down":{"uv":[3.875,9.5,3.625,9.75],"texture":"#2"}}},{"from":[-2,-16,0],"to":[0,-12,4],"rotation":{"angle":0,"axis":"y","origin":[8,2.5,16]},"faces":{"north":{"uv":[3.375,9,3.625,9.5],"texture":"#2"},"east":{"uv":[4,3.125,4.5,3.625],"texture":"#2"},"south":{"uv":[3.625,9,3.875,9.5],"texture":"#2"},"west":{"uv":[4,8.5,4.5,9],"texture":"#2"},"up":{"uv":[4.125,9.5,3.875,9],"texture":"#2"},"down":{"uv":[4.375,9,4.125,9.5],"texture":"#2"}}},{"from":[-2,-16,28],"to":[0,-12,32],"rotation":{"angle":0,"axis":"y","origin":[8,2.5,16]},"faces":{"north":{"uv":[9.25,5.125,9.5,5.625],"texture":"#2"},"east":{"uv":[9,0.25,9.5,0.75],"texture":"#2"},"south":{"uv":[9.25,5.625,9.5,6.125],"texture":"#2"},"west":{"uv":[9,0.75,9.5,1.25],"texture":"#2"},"up":{"uv":[9.5,6.625,9.25,6.125],"texture":"#2"},"down":{"uv":[9.5,6.625,9.25,7.125],"texture":"#2"}}},{"from":[16,-16,28],"to":[18,-12,32],"rotation":{"angle":0,"axis":"y","origin":[8,2.5,16]},"faces":{"north":{"uv":[8.875,9.25,9.125,9.75],"texture":"#2"},"east":{"uv":[9,1.75,9.5,2.25],"texture":"#2"},"south":{"uv":[9.125,9.25,9.375,9.75],"texture":"#2"},"west":{"uv":[2,9,2.5,9.5],"texture":"#2"},"up":{"uv":[9.625,8.875,9.375,8.375],"texture":"#2"},"down":{"uv":[9.625,9.25,9.375,9.75],"texture":"#2"}}},{"from":[16,-16,0],"to":[18,-12,4],"rotation":{"angle":0,"axis":"y","origin":[8,2.5,16]},"faces":{"north":{"uv":[9.25,7.125,9.5,7.625],"texture":"#2"},"east":{"uv":[9,1.25,9.5,1.75],"texture":"#2"},"south":{"uv":[8.125,9.25,8.375,9.75],"texture":"#2"},"west":{"uv":[1.5,9,2,9.5],"texture":"#2"},"up":{"uv":[8.625,9.75,8.375,9.25],"texture":"#2"},"down":{"uv":[8.875,9.25,8.625,9.75],"texture":"#2"}}},{"from":[2,-13.6,4],"to":[14,-1.6,28],"faces":{"north":{"uv":[3.125,5.5,4.625,7],"texture":"#2"},"east":{"uv":[1.625,4,4.625,5.5],"texture":"#2"},"south":{"uv":[3.125,7,4.625,8.5],"texture":"#2"},"west":{"uv":[4.625,3.125,7.625,4.625],"texture":"#2"},"up":{"uv":[6.125,7.625,4.625,4.625],"texture":"#2"},"down":{"uv":[3.125,5.5,1.625,8.5],"texture":"#2"}}},{"from":[1.5,-0.1,3.5],"to":[14.5,-0.1,28.5],"faces":{"north":{"uv":[0,0,1.625,0],"texture":"#2"},"east":{"uv":[0,0,3.125,0],"texture":"#2"},"south":{"uv":[0,0,1.625,0],"texture":"#2"},"west":{"uv":[0,0,3.125,0],"texture":"#2"},"up":{"uv":[1.625,7.125,0,4],"texture":"#2"},"down":{"uv":[5.625,0,4,3.125],"texture":"#2"}}},{"from":[1.5,-6.1,3.5],"to":[14.5,-0.1,3.5],"faces":{"north":{"uv":[0,7.125,1.625,7.875],"texture":"#2"},"east":{"uv":[0,0,0,0.75],"texture":"#2"},"south":{"uv":[7.375,0,9,0.75],"texture":"#2"},"west":{"uv":[0,0,0,0.75],"texture":"#2"},"up":{"uv":[1.625,0,0,0],"texture":"#2"},"down":{"uv":[1.625,0,0,0],"texture":"#2"}}},{"from":[1.5,-6.1,28.5],"to":[14.5,-0.1,28.5],"faces":{"north":{"uv":[7.375,0.75,9,1.5],"texture":"#2"},"east":{"uv":[0,0,0,0.75],"texture":"#2"},"south":{"uv":[7.375,1.5,9,2.25],"texture":"#2"},"west":{"uv":[0,0,0,0.75],"texture":"#2"},"up":{"uv":[1.625,0,0,0],"texture":"#2"},"down":{"uv":[1.625,0,0,0],"texture":"#2"}}},{"from":[14.5,-6.1,3.5],"to":[14.5,-0.1,28.5],"faces":{"north":{"uv":[0,0,0,0.75],"texture":"#2"},"east":{"uv":[6.125,4.625,9.25,5.375],"texture":"#2"},"south":{"uv":[0,0,0,0.75],"texture":"#2"},"west":{"uv":[6.125,5.375,9.25,6.125],"texture":"#2"},"up":{"uv":[0,3.125,0,0],"texture":"#2"},"down":{"uv":[0,0,0,3.125],"texture":"#2"}}},{"from":[1.5,-6.1,3.5],"to":[1.5,-0.1,28.5],"rotation":{"angle":0,"axis":"y","origin":[16,0,0]},"faces":{"north":{"uv":[0,0,0,0.75],"texture":"#2"},"east":{"uv":[6.125,6.125,9.25,6.875],"texture":"#2"},"south":{"uv":[0,0,0,0.75],"texture":"#2"},"west":{"uv":[6.125,6.875,9.25,7.625],"texture":"#2"},"up":{"uv":[0,3.125,0,0],"texture":"#2"},"down":{"uv":[0,0,0,3.125],"texture":"#2"}}},{"from":[1.3,0.1,7.5],"to":[14.7,0.1,8.5],"faces":{"north":{"uv":[0,0,1.625,0],"texture":"#2"},"east":{"uv":[0,0,0.125,0],"texture":"#2","tintindex":0},"south":{"uv":[0,0,1.625,0],"texture":"#2"},"west":{"uv":[0,0,0.125,0],"texture":"#2","tintindex":0},"up":{"uv":[7.25,3.125,5.625,3],"texture":"#2","tintindex":0},"down":{"uv":[9.25,4.5,7.625,4.625],"texture":"#2","tintindex":0}}},{"from":[1.3,-13.901,7.5],"to":[14.7,-13.901,8.5],"rotation":{"angle":0,"axis":"y","origin":[0,-14.001,0]},"faces":{"north":{"uv":[0,0,1.625,0],"texture":"#2"},"east":{"uv":[0,0,0.125,0],"texture":"#2","tintindex":0},"south":{"uv":[0,0,1.625,0],"texture":"#2"},"west":{"uv":[0,0,0.125,0],"texture":"#2","tintindex":0},"up":{"uv":[9.75,9.25,8.125,9.125],"texture":"#2","tintindex":0},"down":{"uv":[10.875,4.5,9.25,4.625],"texture":"#2","tintindex":0}}},{"from":[1.3,-13.9,7.5],"to":[1.3,0.1,8.5],"faces":{"north":{"uv":[0,0,0,1.75],"texture":"#2"},"east":{"uv":[4.5,8.5,4.625,10.25],"texture":"#2","tintindex":0},"south":{"uv":[0,0,0,1.75],"texture":"#2"},"west":{"uv":[2.5,9,2.625,10.75],"texture":"#2","tintindex":0},"up":{"uv":[0,0.125,0,0],"texture":"#2","tintindex":0},"down":{"uv":[0,0,0,0.125],"texture":"#2","tintindex":0}}},{"from":[14.7,-13.899,7.5],"to":[14.7,0.101,8.5],"rotation":{"angle":0,"axis":"y","origin":[13.4,0.001,0]},"faces":{"north":{"uv":[0,0,0,1.75],"texture":"#2"},"east":{"uv":[2.625,9,2.75,10.75],"texture":"#2","tintindex":0},"south":{"uv":[0,0,0,1.75],"texture":"#2"},"west":{"uv":[2.75,9,2.875,10.75],"texture":"#2","tintindex":0},"up":{"uv":[0,0.125,0,0],"texture":"#2","tintindex":0},"down":{"uv":[0,0,0,0.125],"texture":"#2","tintindex":0}}},{"from":[1.3,0.1,23.5],"to":[14.7,0.1,24.5],"faces":{"north":{"uv":[0,0,1.625,0],"texture":"#2"},"east":{"uv":[0,0,0.125,0],"texture":"#2","tintindex":0},"south":{"uv":[0,0,1.625,0],"texture":"#2"},"west":{"uv":[0,0,0.125,0],"texture":"#2","tintindex":0},"up":{"uv":[10.875,5,9.25,4.875],"texture":"#2","tintindex":0},"down":{"uv":[10.875,5,9.25,5.125],"texture":"#2","tintindex":0}}},{"from":[14.7,-13.899,23.5],"to":[14.7,0.101,24.5],"rotation":{"angle":0,"axis":"y","origin":[13.4,0.001,0]},"faces":{"north":{"uv":[0,0,0,1.75],"texture":"#2"},"east":{"uv":[3.125,9,3.25,10.75],"texture":"#2","tintindex":0},"south":{"uv":[0,0,0,1.75],"texture":"#2"},"west":{"uv":[3.25,9,3.375,10.75],"texture":"#2","tintindex":0},"up":{"uv":[0,0.125,0,0],"texture":"#2","tintindex":0},"down":{"uv":[0,0,0,0.125],"texture":"#2","tintindex":0}}},{"from":[1.3,-13.9,23.5],"to":[1.3,0.1,24.5],"faces":{"north":{"uv":[0,0,0,1.75],"texture":"#2"},"east":{"uv":[2.875,9,3,10.75],"texture":"#2","tintindex":0},"south":{"uv":[0,0,0,1.75],"texture":"#2"},"west":{"uv":[3,9,3.125,10.75],"texture":"#2","tintindex":0},"up":{"uv":[0,0.125,0,0],"texture":"#2","tintindex":0},"down":{"uv":[0,0,0,0.125],"texture":"#2","tintindex":0}}},{"from":[1.3,-13.901,23.5],"to":[14.7,-13.901,24.5],"rotation":{"angle":0,"axis":"y","origin":[0,-14.001,0]},"faces":{"north":{"uv":[0,0,1.625,0],"texture":"#2"},"east":{"uv":[0,0,0.125,0],"texture":"#2","tintindex":0},"south":{"uv":[0,0,1.625,0],"texture":"#2"},"west":{"uv":[0,0,0.125,0],"texture":"#2","tintindex":0},"up":{"uv":[10.875,4.75,9.25,4.625],"texture":"#2","tintindex":0},"down":{"uv":[10.875,4.75,9.25,4.875],"texture":"#2","tintindex":0}}}],"display":{"thirdperson_righthand":{"rotation":[75,45,0],"translation":[0,2.5,0],"scale":[0.375,0.375,0.375]},"thirdperson_lefthand":{"rotation":[75,45,0],"translation":[0,2.5,0],"scale":[0.375,0.375,0.375]},"firstperson_righthand":{"rotation":[0,45,0],"scale":[0.4,0.4,0.4]},"firstperson_lefthand":{"rotation":[0,225,0],"scale":[0.4,0.4,0.4]},"ground":{"translation":[0,3,0],"scale":[0.25,0.25,0.25]},"gui":{"rotation":[30,225,0],"translation":[1.5,1.25,0],"scale":[0.3,0.3,0.3]},"fixed":{"rotation":[-90,0,0],"translation":[0,0,-48],"scale":[2,2,2]}},"groups":[0,1,2,3,4,5,6,7,8,9,10,11,12,13,14,15,16,17,18,19,20,{"name":"group","origin":[13.4,0.001,0],"color":0,"nbt":"{}","armAnimationEnabled":false,"children":[21,22,23,24,25,26,27,28]}]}