{"credit":"Made with Blockbench","texture_size":[64,64],"textures":{"2":"hmcmodels:furniture/classic_hotel_pack/classic_hotel_hall_carpet_end"},"elements":[{"from":[-16,0.201,0],"to":[32,0.201,16],"rotation":{"angle":0,"axis":"y","origin":[-16,0.201,0]},"faces":{"north":{"uv":[0,0,12,0],"texture":"#2"},"east":{"uv":[0,0,4,0],"texture":"#2"},"south":{"uv":[0,0,12,0],"texture":"#2"},"west":{"uv":[0,0,4,0],"texture":"#2"},"up":{"uv":[12,4,0,0],"texture":"#2"},"down":{"uv":[12,4,0,8],"texture":"#2"}}},{"from":[-16,0.201,0],"to":[32,0.201,16],"rotation":{"angle":0,"axis":"y","origin":[-16,0.201,0]},"faces":{"north":{"uv":[0,0,12,0],"texture":"#2"},"east":{"uv":[0,0,4,0],"texture":"#2"},"south":{"uv":[0,0,12,0],"texture":"#2"},"west":{"uv":[0,0,4,0],"texture":"#2"},"up":{"uv":[12,12,0,8],"texture":"#2","tintindex":0},"down":{"uv":[12,12,0,16],"texture":"#2","tintindex":0}}}],"display":{"thirdperson_righthand":{"rotation":[75,45,0],"translation":[0,2.5,0],"scale":[0.375,0.375,0.375]},"thirdperson_lefthand":{"rotation":[75,45,0],"translation":[0,2.5,0],"scale":[0.375,0.375,0.375]},"firstperson_righthand":{"rotation":[0,45,0],"scale":[0.4,0.4,0.4]},"firstperson_lefthand":{"rotation":[0,225,0],"scale":[0.4,0.4,0.4]},"ground":{"translation":[0,3,0],"scale":[0.25,0.25,0.25]},"gui":{"rotation":[30,225,0],"translation":[0,1,0],"scale":[0.3,0.3,0.3]},"fixed":{"rotation":[-90,0,0],"translation":[0,0,-16],"scale":[2,2,2]}}}