{"credit":"Made with Blockbench","texture_size":[128,128],"textures":{"2":"hmcmodels:furniture/classic_hotel_pack/classic_hotel_big_leaf"},"elements":[{"from":[-7,-3,8],"to":[23,32,8],"rotation":{"angle":-45,"axis":"y","origin":[8,7.5,8]},"faces":{"north":{"uv":[0,0,3.75,4.375],"texture":"#2"},"east":{"uv":[0,0,0,4.375],"texture":"#2"},"south":{"uv":[3.75,0,7.5,4.375],"texture":"#2"},"west":{"uv":[0,0,0,4.375],"texture":"#2"},"up":{"uv":[3.75,0,0,0],"texture":"#2"},"down":{"uv":[3.75,0,0,0],"texture":"#2"}}},{"from":[8,-3,-7],"to":[8,32,23],"rotation":{"angle":-45,"axis":"y","origin":[8,14.5,8]},"faces":{"north":{"uv":[0,0,0,4.375],"texture":"#2"},"east":{"uv":[0,4.375,3.75,8.75],"texture":"#2"},"south":{"uv":[0,0,0,4.375],"texture":"#2"},"west":{"uv":[3.75,4.375,7.5,8.75],"texture":"#2"},"up":{"uv":[0,3.75,0,0],"texture":"#2"},"down":{"uv":[0,0,0,3.75],"texture":"#2"}}}],"display":{"thirdperson_righthand":{"rotation":[75,45,0],"translation":[0,2.5,0],"scale":[0.375,0.375,0.375]},"thirdperson_lefthand":{"rotation":[75,45,0],"translation":[0,2.5,0],"scale":[0.375,0.375,0.375]},"firstperson_righthand":{"rotation":[0,45,0],"scale":[0.4,0.4,0.4]},"firstperson_lefthand":{"rotation":[0,225,0],"scale":[0.4,0.4,0.4]},"ground":{"translation":[0,3,0],"scale":[0.25,0.25,0.25]},"gui":{"rotation":[-113.89,-67.21,-137.87],"translation":[0,-2.5,0],"scale":[0.4,0.4,0.4]},"fixed":{"rotation":[-90,0,0],"translation":[0,0,-16],"scale":[2,2,2]}}}