{"credit":"Made with Blockbench","textures":{"1":"hmcmodels:furniture/classic_hotel_pack/classic_hotel_bar_counter_end_left","particle":"hmcmodels:furniture/classic_hotel_pack/classic_hotel_bar_counter_end_left"},"elements":[{"from":[0,2,8],"to":[15,14,16],"rotation":{"angle":0,"axis":"y","origin":[16,0,0]},"faces":{"north":{"uv":[5.875,0,4,1.5],"texture":"#1"},"east":{"uv":[6.875,1.5,5.875,3],"texture":"#1"},"south":{"uv":[5.875,1.5,4,3],"texture":"#1"},"west":{"uv":[6.875,0,5.875,1.5],"texture":"#1"},"up":{"uv":[0,5.375,1.875,4.375],"texture":"#1"},"down":{"uv":[1.875,4.375,3.75,5.375],"texture":"#1"}}},{"from":[0,9,16],"to":[16,11,24],"rotation":{"angle":0,"axis":"y","origin":[16,0,0]},"faces":{"north":{"uv":[8,4.75,6,5],"texture":"#1"},"east":{"uv":[2,6.25,1,6.5],"texture":"#1"},"south":{"uv":[7.5,6.125,5.5,6.375],"texture":"#1"},"west":{"uv":[1,6.25,0,6.5],"texture":"#1"},"up":{"uv":[4,4,6,3],"texture":"#1"},"down":{"uv":[4,4,6,5],"texture":"#1"}}},{"from":[0,2,16],"to":[15,9,23],"rotation":{"angle":0,"axis":"y","origin":[16,0,0]},"faces":{"north":{"uv":[5.625,5,3.75,5.875],"texture":"#1"},"east":{"uv":[5.5,5.875,4.625,6.75],"texture":"#1"},"south":{"uv":[1.875,5.375,0,6.25],"texture":"#1"},"west":{"uv":[4.625,5.875,3.75,6.75],"texture":"#1"},"up":{"uv":[1.875,6.25,3.75,5.375],"texture":"#1"},"down":{"uv":[5.625,5,7.5,5.875],"texture":"#1"}}},{"from":[0,14,0],"to":[16,16,18],"rotation":{"angle":0,"axis":"y","origin":[16,0,0]},"faces":{"north":{"uv":[8,4.25,6,4.5],"texture":"#1"},"east":{"uv":[8.25,3,6,3.25],"texture":"#1"},"south":{"uv":[8,4.5,6,4.75],"texture":"#1"},"west":{"uv":[7.75,5.875,5.5,6.125],"texture":"#1"},"up":{"uv":[0,2.25,2,0],"texture":"#1"},"down":{"uv":[2,0,4,2.25],"texture":"#1"}}},{"from":[0,0,7],"to":[16,2,24],"rotation":{"angle":0,"axis":"y","origin":[16,0,0]},"faces":{"north":{"uv":[8,3.75,6,4],"texture":"#1"},"east":{"uv":[8.125,3.5,6,3.75],"texture":"#1"},"south":{"uv":[8,4,6,4.25],"texture":"#1"},"west":{"uv":[8.125,3.25,6,3.5],"texture":"#1"},"up":{"uv":[0,4.375,2,2.25],"texture":"#1"},"down":{"uv":[2,2.25,4,4.375],"texture":"#1"}}}],"display":{"thirdperson_righthand":{"rotation":[75,45,0],"translation":[0,2.5,0],"scale":[0.375,0.375,0.375]},"thirdperson_lefthand":{"rotation":[75,45,0],"translation":[0,2.5,0],"scale":[0.375,0.375,0.375]},"firstperson_righthand":{"rotation":[0,45,0],"scale":[0.4,0.4,0.4]},"firstperson_lefthand":{"rotation":[0,225,0],"scale":[0.4,0.4,0.4]},"ground":{"translation":[0,3,0],"scale":[0.25,0.25,0.25]},"gui":{"rotation":[30,225,0],"translation":[2.5,0,0],"scale":[0.4,0.4,0.4]},"fixed":{"rotation":[-90,0,0],"translation":[0,0,-16],"scale":[2,2,2]}}}