{"credit":"Made with Blockbench","texture_size":[128,128],"textures":{"1":"hmcmodels:furniture/classic_hotel_pack/classic_hotel_luggage_cart","particle":"hmcmodels:furniture/classic_hotel_pack/classic_hotel_luggage_cart"},"elements":[{"from":[0,-15,0],"to":[16,-13,32],"rotation":{"angle":0,"axis":"y","origin":[8,2.5,16]},"faces":{"north":{"uv":[4,2.75,6,3],"texture":"#1"},"east":{"uv":[4,1.5,8,1.75],"texture":"#1"},"south":{"uv":[4,3,6,3.25],"texture":"#1"},"west":{"uv":[1.75,4,5.75,4.25],"texture":"#1"},"up":{"uv":[2,4,0,0],"texture":"#1"},"down":{"uv":[4,0,2,4],"texture":"#1"}}},{"from":[3,-1,29],"to":[13,1,31],"rotation":{"angle":0,"axis":"y","origin":[8,2.5,16]},"faces":{"north":{"uv":[5.5,4.25,6.75,4.5],"texture":"#1"},"east":{"uv":[6.25,4,6.5,4.25],"texture":"#1"},"south":{"uv":[5.5,4.5,6.75,4.75],"texture":"#1"},"west":{"uv":[6.5,4,6.75,4.25],"texture":"#1"},"up":{"uv":[6.75,5,5.5,4.75],"texture":"#1"},"down":{"uv":[6.75,5,5.5,5.25],"texture":"#1"}}},{"from":[13,14,3],"to":[15,16,29],"rotation":{"angle":0,"axis":"y","origin":[8,2.5,16]},"faces":{"north":{"uv":[6.75,1,7,1.25],"texture":"#1"},"east":{"uv":[4,1.75,7.25,2],"texture":"#1"},"south":{"uv":[6.75,1.25,7,1.5],"texture":"#1"},"west":{"uv":[4,2,7.25,2.25],"texture":"#1"},"up":{"uv":[0.5,8.75,0.25,5.5],"texture":"#1"},"down":{"uv":[0.75,5.5,0.5,8.75],"texture":"#1"}}},{"from":[1,14,3],"to":[3,16,29],"rotation":{"angle":0,"axis":"y","origin":[8,2.5,16]},"faces":{"north":{"uv":[6.75,5,7,5.25],"texture":"#1"},"east":{"uv":[4,2.25,7.25,2.5],"texture":"#1"},"south":{"uv":[6.75,5.25,7,5.5],"texture":"#1"},"west":{"uv":[4,2.5,7.25,2.75],"texture":"#1"},"up":{"uv":[1,8.75,0.75,5.5],"texture":"#1"},"down":{"uv":[1.25,5.5,1,8.75],"texture":"#1"}}},{"from":[1,16,10],"to":[15,18,22],"rotation":{"angle":0,"axis":"y","origin":[8,2.5,16]},"faces":{"north":{"uv":[4,3.25,5.75,3.5],"texture":"#1"},"east":{"uv":[4,3.75,5.5,4],"texture":"#1"},"south":{"uv":[4,3.5,5.75,3.75],"texture":"#1"},"west":{"uv":[5.5,3.75,7,4],"texture":"#1"},"up":{"uv":[1.75,5.5,0,4],"texture":"#1"},"down":{"uv":[5.75,0,4,1.5],"texture":"#1"}}},{"from":[7,18,15],"to":[9,20,17],"rotation":{"angle":-45,"axis":"y","origin":[8,2.5,16]},"faces":{"north":{"uv":[6.75,2.75,7,3],"texture":"#1"},"east":{"uv":[6.75,3,7,3.25],"texture":"#1"},"south":{"uv":[6.75,3.25,7,3.5],"texture":"#1"},"west":{"uv":[6.75,3.5,7,3.75],"texture":"#1"},"up":{"uv":[7,4.25,6.75,4],"texture":"#1"},"down":{"uv":[7,4.25,6.75,4.5],"texture":"#1"}}},{"from":[1,-13,29],"to":[3,16,31],"rotation":{"angle":0,"axis":"y","origin":[8,2.5,16]},"faces":{"north":{"uv":[1.75,4.25,2,7.875],"texture":"#1"},"east":{"uv":[2,4.25,2.25,7.875],"texture":"#1"},"south":{"uv":[2.25,4.25,2.5,7.875],"texture":"#1"},"west":{"uv":[2.5,4.25,2.75,7.875],"texture":"#1"},"up":{"uv":[6,4.25,5.75,4],"texture":"#1"},"down":{"uv":[6.25,4,6,4.25],"texture":"#1"}}},{"from":[13,-13,29],"to":[15,16,31],"rotation":{"angle":0,"axis":"y","origin":[8,2.5,16]},"faces":{"north":{"uv":[2.75,4.25,3,7.875],"texture":"#1"},"east":{"uv":[3,4.25,3.25,7.875],"texture":"#1"},"south":{"uv":[3.25,4.25,3.5,7.875],"texture":"#1"},"west":{"uv":[3.5,4.25,3.75,7.875],"texture":"#1"},"up":{"uv":[7,4.75,6.75,4.5],"texture":"#1"},"down":{"uv":[7,4.75,6.75,5],"texture":"#1"}}},{"from":[13,-13,1],"to":[15,16,3],"rotation":{"angle":0,"axis":"y","origin":[8,2.5,16]},"faces":{"north":{"uv":[4.75,4.25,5,7.875],"texture":"#1"},"east":{"uv":[5,4.25,5.25,7.875],"texture":"#1"},"south":{"uv":[5.25,4.25,5.5,7.875],"texture":"#1"},"west":{"uv":[0,5.5,0.25,9.125],"texture":"#1"},"up":{"uv":[6.25,7,6,6.75],"texture":"#1"},"down":{"uv":[7,6,6.75,6.25],"texture":"#1"}}},{"from":[3,-1,1],"to":[13,1,3],"rotation":{"angle":0,"axis":"y","origin":[8,2.5,16]},"faces":{"north":{"uv":[5.5,5.25,6.75,5.5],"texture":"#1"},"east":{"uv":[5.75,6.75,6,7],"texture":"#1"},"south":{"uv":[5.5,5.5,6.75,5.75],"texture":"#1"},"west":{"uv":[6.75,5.75,7,6],"texture":"#1"},"up":{"uv":[7,0.25,5.75,0],"texture":"#1"},"down":{"uv":[7,0.25,5.75,0.5],"texture":"#1"}}},{"from":[1,-13,1],"to":[3,16,3],"rotation":{"angle":0,"axis":"y","origin":[8,2.5,16]},"faces":{"north":{"uv":[3.75,4.25,4,7.875],"texture":"#1"},"east":{"uv":[4,4.25,4.25,7.875],"texture":"#1"},"south":{"uv":[4.25,4.25,4.5,7.875],"texture":"#1"},"west":{"uv":[4.5,4.25,4.75,7.875],"texture":"#1"},"up":{"uv":[5.75,7,5.5,6.75],"texture":"#1"},"down":{"uv":[7,5.5,6.75,5.75],"texture":"#1"}}},{"from":[-2,-16,0],"to":[0,-12,4],"rotation":{"angle":0,"axis":"y","origin":[8,2.5,16]},"faces":{"north":{"uv":[6.25,0.5,6.5,1],"texture":"#1"},"east":{"uv":[1.25,5.5,1.75,6],"texture":"#1"},"south":{"uv":[6.25,1,6.5,1.5],"texture":"#1"},"west":{"uv":[5.75,0.5,6.25,1],"texture":"#1"},"up":{"uv":[6.5,3.75,6.25,3.25],"texture":"#1"},"down":{"uv":[5.75,6.25,5.5,6.75],"texture":"#1"}}},{"from":[-2,-16,28],"to":[0,-12,32],"rotation":{"angle":0,"axis":"y","origin":[8,2.5,16]},"faces":{"north":{"uv":[5.75,6.25,6,6.75],"texture":"#1"},"east":{"uv":[5.75,1,6.25,1.5],"texture":"#1"},"south":{"uv":[6,6.25,6.25,6.75],"texture":"#1"},"west":{"uv":[5.75,3.25,6.25,3.75],"texture":"#1"},"up":{"uv":[6.5,6.75,6.25,6.25],"texture":"#1"},"down":{"uv":[6.75,0.5,6.5,1],"texture":"#1"}}},{"from":[16,-16,28],"to":[18,-12,32],"rotation":{"angle":0,"axis":"y","origin":[8,2.5,16]},"faces":{"north":{"uv":[6.5,3.25,6.75,3.75],"texture":"#1"},"east":{"uv":[6,2.75,6.5,3.25],"texture":"#1"},"south":{"uv":[6.5,5.75,6.75,6.25],"texture":"#1"},"west":{"uv":[6,5.75,6.5,6.25],"texture":"#1"},"up":{"uv":[6.75,6.75,6.5,6.25],"texture":"#1"},"down":{"uv":[7,0.5,6.75,1],"texture":"#1"}}},{"from":[16,-16,0],"to":[18,-12,4],"rotation":{"angle":0,"axis":"y","origin":[8,2.5,16]},"faces":{"north":{"uv":[6.5,1,6.75,1.5],"texture":"#1"},"east":{"uv":[5.5,5.75,6,6.25],"texture":"#1"},"south":{"uv":[1.25,6.5,1.5,7],"texture":"#1"},"west":{"uv":[1.25,6,1.75,6.5],"texture":"#1"},"up":{"uv":[1.75,7,1.5,6.5],"texture":"#1"},"down":{"uv":[6.75,2.75,6.5,3.25],"texture":"#1"}}}],"display":{"thirdperson_righthand":{"rotation":[75,45,0],"translation":[0,2.5,0],"scale":[0.375,0.375,0.375]},"thirdperson_lefthand":{"rotation":[75,45,0],"translation":[0,2.5,0],"scale":[0.375,0.375,0.375]},"firstperson_righthand":{"rotation":[0,45,0],"scale":[0.4,0.4,0.4]},"firstperson_lefthand":{"rotation":[0,225,0],"scale":[0.4,0.4,0.4]},"ground":{"translation":[0,3,0],"scale":[0.25,0.25,0.25]},"gui":{"rotation":[30,225,0],"translation":[1.5,1.25,0],"scale":[0.3,0.3,0.3]},"fixed":{"rotation":[-90,0,0],"translation":[0,0,-48],"scale":[2,2,2]}}}