{"credit":"Made with Blockbench","texture_size":[256,256],"textures":{"2":"hmcmodels:furniture/classic_hotel_pack/classic_hotel_chandelier"},"elements":[{"from":[-16,29,-16],"to":[-12,31,32],"rotation":{"angle":0,"axis":"y","origin":[0,-1,0]},"faces":{"north":{"uv":[0.5,6.875,0.75,7],"texture":"#2"},"east":{"uv":[6.5,5,9.5,5.125],"texture":"#2"},"south":{"uv":[0.5,7,0.75,7.125],"texture":"#2"},"west":{"uv":[6.5,5.125,9.5,5.25],"texture":"#2"},"up":{"uv":[4.25,8.375,4,5.375],"texture":"#2"},"down":{"uv":[4.5,5.375,4.25,8.375],"texture":"#2"}}},{"from":[28,29,-16],"to":[32,31,32],"rotation":{"angle":0,"axis":"y","origin":[16,-1,0]},"faces":{"north":{"uv":[0.5,7.125,0.75,7.25],"texture":"#2"},"east":{"uv":[6.5,5.25,9.5,5.375],"texture":"#2"},"south":{"uv":[2,7.125,2.25,7.25],"texture":"#2"},"west":{"uv":[6.5,5.375,9.5,5.5],"texture":"#2"},"up":{"uv":[4.75,8.375,4.5,5.375],"texture":"#2"},"down":{"uv":[5,5.375,4.75,8.375],"texture":"#2"}}},{"from":[-12,29,28],"to":[28,31,32],"rotation":{"angle":0,"axis":"y","origin":[0,-1,16]},"faces":{"north":{"uv":[6.5,6,9,6.125],"texture":"#2"},"east":{"uv":[5,7.125,5.25,7.25],"texture":"#2"},"south":{"uv":[6.5,6.125,9,6.25],"texture":"#2"},"west":{"uv":[5.25,7.125,5.5,7.25],"texture":"#2"},"up":{"uv":[3.5,5.875,1,5.625],"texture":"#2"},"down":{"uv":[7.5,5.625,5,5.875],"texture":"#2"}}},{"from":[-12,29,-16],"to":[28,31,-12],"rotation":{"angle":0,"axis":"y","origin":[0,-1,0]},"faces":{"north":{"uv":[6.5,5.5,9,5.625],"texture":"#2"},"east":{"uv":[0.5,6.625,0.75,6.75],"texture":"#2"},"south":{"uv":[6.5,5.875,9,6],"texture":"#2"},"west":{"uv":[0.5,6.75,0.75,6.875],"texture":"#2"},"up":{"uv":[8,2.75,5.5,2.5],"texture":"#2"},"down":{"uv":[8,2.75,5.5,3],"texture":"#2"}}},{"from":[-10,19,-10],"to":[-6,21,26],"rotation":{"angle":0,"axis":"y","origin":[5,-11,5]},"faces":{"north":{"uv":[5.5,7.125,5.75,7.25],"texture":"#2"},"east":{"uv":[6.75,3.75,9,3.875],"texture":"#2"},"south":{"uv":[5.75,7.125,6,7.25],"texture":"#2"},"west":{"uv":[6.75,3.875,9,4],"texture":"#2"},"up":{"uv":[3.75,7.875,3.5,5.625],"texture":"#2"},"down":{"uv":[4,5.625,3.75,7.875],"texture":"#2"}}},{"from":[-6,19,-10],"to":[22,21,-6],"rotation":{"angle":0,"axis":"y","origin":[5,-11,5]},"faces":{"north":{"uv":[5,6.75,6.75,6.875],"texture":"#2"},"east":{"uv":[6,7.125,6.25,7.25],"texture":"#2"},"south":{"uv":[6.75,6.5,8.5,6.625],"texture":"#2"},"west":{"uv":[6.25,7.125,6.5,7.25],"texture":"#2"},"up":{"uv":[8.25,4.5,6.5,4.25],"texture":"#2"},"down":{"uv":[8.25,4.5,6.5,4.75],"texture":"#2"}}},{"from":[22,19,-10],"to":[26,21,26],"rotation":{"angle":0,"axis":"y","origin":[11,-11,5]},"faces":{"north":{"uv":[6.5,7.125,6.75,7.25],"texture":"#2"},"east":{"uv":[6.75,4,9,4.125],"texture":"#2"},"south":{"uv":[6.75,7.125,7,7.25],"texture":"#2"},"west":{"uv":[6.75,4.125,9,4.25],"texture":"#2"},"up":{"uv":[1.25,8.125,1,5.875],"texture":"#2"},"down":{"uv":[1.5,5.875,1.25,8.125],"texture":"#2"}}},{"from":[-6,19,22],"to":[22,21,26],"rotation":{"angle":0,"axis":"y","origin":[5,-11,11]},"faces":{"north":{"uv":[6.75,6.625,8.5,6.75],"texture":"#2"},"east":{"uv":[7,7.125,7.25,7.25],"texture":"#2"},"south":{"uv":[6.75,6.75,8.5,6.875],"texture":"#2"},"west":{"uv":[0.5,7.25,0.75,7.375],"texture":"#2"},"up":{"uv":[8.25,5,6.5,4.75],"texture":"#2"},"down":{"uv":[6.75,6.5,5,6.75],"texture":"#2"}}},{"from":[-6,9,-6],"to":[-2,11,22],"rotation":{"angle":0,"axis":"y","origin":[10,-21,10]},"faces":{"north":{"uv":[1.5,7.25,1.75,7.375],"texture":"#2"},"east":{"uv":[5,6.875,6.75,7],"texture":"#2"},"south":{"uv":[1.75,7.25,2,7.375],"texture":"#2"},"west":{"uv":[6.75,6.875,8.5,7],"texture":"#2"},"up":{"uv":[3.25,7.625,3,5.875],"texture":"#2"},"down":{"uv":[3.5,5.875,3.25,7.625],"texture":"#2"}}},{"from":[-2,9,-6],"to":[18,11,-2],"rotation":{"angle":0,"axis":"y","origin":[10,-21,10]},"faces":{"north":{"uv":[7,0.25,8.25,0.375],"texture":"#2"},"east":{"uv":[2,7.25,2.25,7.375],"texture":"#2"},"south":{"uv":[7,0.375,8.25,0.5],"texture":"#2"},"west":{"uv":[5,7.25,5.25,7.375],"texture":"#2"},"up":{"uv":[7.75,6.5,6.5,6.25],"texture":"#2"},"down":{"uv":[8,3,6.75,3.25],"texture":"#2"}}},{"from":[18,9,-6],"to":[22,11,22],"rotation":{"angle":0,"axis":"y","origin":[6,-21,10]},"faces":{"north":{"uv":[5.25,7.25,5.5,7.375],"texture":"#2"},"east":{"uv":[7,0,8.75,0.125],"texture":"#2"},"south":{"uv":[5.5,7.25,5.75,7.375],"texture":"#2"},"west":{"uv":[7,0.125,8.75,0.25],"texture":"#2"},"up":{"uv":[1,7.75,0.75,6],"texture":"#2"},"down":{"uv":[2.5,6.5,2.25,8.25],"texture":"#2"}}},{"from":[-2,9,18],"to":[18,11,22],"rotation":{"angle":0,"axis":"y","origin":[10,-21,6]},"faces":{"north":{"uv":[7,0.5,8.25,0.625],"texture":"#2"},"east":{"uv":[5.75,7.25,6,7.375],"texture":"#2"},"south":{"uv":[7,0.625,8.25,0.75],"texture":"#2"},"west":{"uv":[6,7.25,6.25,7.375],"texture":"#2"},"up":{"uv":[8,3.5,6.75,3.25],"texture":"#2"},"down":{"uv":[8,3.5,6.75,3.75],"texture":"#2"}}},{"from":[0,-1,0],"to":[4,1,16],"rotation":{"angle":0,"axis":"y","origin":[15,-31,15]},"faces":{"north":{"uv":[6.25,7.25,6.5,7.375],"texture":"#2"},"east":{"uv":[7,0.75,8,0.875],"texture":"#2"},"south":{"uv":[6.5,7.25,6.75,7.375],"texture":"#2"},"west":{"uv":[7,0.875,8,1],"texture":"#2"},"up":{"uv":[2.75,7.5,2.5,6.5],"texture":"#2"},"down":{"uv":[3,6.5,2.75,7.5],"texture":"#2"}}},{"from":[4,-1,0],"to":[12,1,4],"rotation":{"angle":0,"axis":"y","origin":[15,-31,15]},"faces":{"north":{"uv":[5.5,3,6,3.125],"texture":"#2"},"east":{"uv":[6.75,7.25,7,7.375],"texture":"#2"},"south":{"uv":[6,4.25,6.5,4.375],"texture":"#2"},"west":{"uv":[7,7.25,7.25,7.375],"texture":"#2"},"up":{"uv":[7.5,1.25,7,1],"texture":"#2"},"down":{"uv":[7.5,1.25,7,1.5],"texture":"#2"}}},{"from":[12,-1,0],"to":[16,1,16],"rotation":{"angle":0,"axis":"y","origin":[1,-31,15]},"faces":{"north":{"uv":[7.25,7.125,7.5,7.25],"texture":"#2"},"east":{"uv":[7,1.5,8,1.625],"texture":"#2"},"south":{"uv":[7.25,7.25,7.5,7.375],"texture":"#2"},"west":{"uv":[7,1.625,8,1.75],"texture":"#2"},"up":{"uv":[0.25,7.625,0,6.625],"texture":"#2"},"down":{"uv":[0.5,6.625,0.25,7.625],"texture":"#2"}}},{"from":[4,-1,12],"to":[12,1,16],"rotation":{"angle":0,"axis":"y","origin":[15,-31,1]},"faces":{"north":{"uv":[7,7,7.5,7.125],"texture":"#2"},"east":{"uv":[0.5,7.375,0.75,7.5],"texture":"#2"},"south":{"uv":[1.5,7.125,2,7.25],"texture":"#2"},"west":{"uv":[1.5,7.375,1.75,7.5],"texture":"#2"},"up":{"uv":[7.5,2,7,1.75],"texture":"#2"},"down":{"uv":[7.5,2,7,2.25],"texture":"#2"}}},{"from":[0,30,0],"to":[16,32,16],"rotation":{"angle":0,"axis":"y","origin":[15,-31,1]},"faces":{"north":{"uv":[7,2.25,8,2.375],"texture":"#2"},"east":{"uv":[7,2.375,8,2.5],"texture":"#2"},"south":{"uv":[5,7,6,7.125],"texture":"#2"},"west":{"uv":[6,7,7,7.125],"texture":"#2"},"up":{"uv":[5,5.375,4,4.375],"texture":"#2"},"down":{"uv":[1,5,0,6],"texture":"#2"}}},{"from":[-14,19,-14],"to":[-14,29,30],"faces":{"north":{"uv":[0,0,0,0.625],"texture":"#2"},"east":{"uv":[0,0,2.75,0.625],"texture":"#2"},"south":{"uv":[0,0,0,0.625],"texture":"#2"},"west":{"uv":[0,0.625,2.75,1.25],"texture":"#2"},"up":{"uv":[0,2.75,0,0],"texture":"#2"},"down":{"uv":[0,0,0,2.75],"texture":"#2"}}},{"from":[-14,19,-14],"to":[-14,29,30],"rotation":{"angle":0,"axis":"y","origin":[-14,24,8]},"faces":{"north":{"uv":[0,0,0,0.625],"texture":"#2"},"east":{"uv":[0,1.25,2.75,1.875],"texture":"#2"},"south":{"uv":[0,0,0,0.625],"texture":"#2"},"west":{"uv":[0,1.875,2.75,2.5],"texture":"#2"},"up":{"uv":[0,2.75,0,0],"texture":"#2"},"down":{"uv":[0,0,0,2.75],"texture":"#2"}}},{"from":[-8,9,-8],"to":[-8,19,24],"rotation":{"angle":0,"axis":"y","origin":[4,4,4]},"faces":{"north":{"uv":[0,0,0,0.625],"texture":"#2"},"east":{"uv":[0,3.125,2,3.75],"texture":"#2"},"south":{"uv":[0,0,0,0.625],"texture":"#2"},"west":{"uv":[2,3.125,4,3.75],"texture":"#2"},"up":{"uv":[0,2,0,0],"texture":"#2"},"down":{"uv":[0,0,0,2],"texture":"#2"}}},{"from":[-4,-1,-4],"to":[-4,9,20],"rotation":{"angle":0,"axis":"y","origin":[6,-6,6]},"faces":{"north":{"uv":[0,0,0,0.625],"texture":"#2"},"east":{"uv":[1,5,2.5,5.625],"texture":"#2"},"south":{"uv":[0,0,0,0.625],"texture":"#2"},"west":{"uv":[2.5,5,4,5.625],"texture":"#2"},"up":{"uv":[0,1.5,0,0],"texture":"#2"},"down":{"uv":[0,0,0,1.5],"texture":"#2"}}},{"from":[2,-11,2],"to":[2,-1,14],"rotation":{"angle":0,"axis":"y","origin":[10,-16,10]},"faces":{"north":{"uv":[0,0,0,0.625],"texture":"#2"},"east":{"uv":[1.5,5.875,2.25,6.5],"texture":"#2"},"south":{"uv":[0,0,0,0.625],"texture":"#2"},"west":{"uv":[2.25,5.875,3,6.5],"texture":"#2"},"up":{"uv":[0,0.75,0,0],"texture":"#2"},"down":{"uv":[0,0,0,0.75],"texture":"#2"}}},{"from":[30,19,-14],"to":[30,29,30],"rotation":{"angle":0,"axis":"y","origin":[16,0,0]},"faces":{"north":{"uv":[0,0,0,0.625],"texture":"#2"},"east":{"uv":[2.75,1.875,5.5,2.5],"texture":"#2"},"south":{"uv":[0,0,0,0.625],"texture":"#2"},"west":{"uv":[2.75,2.5,5.5,3.125],"texture":"#2"},"up":{"uv":[0,2.75,0,0],"texture":"#2"},"down":{"uv":[0,0,0,2.75],"texture":"#2"}}},{"from":[24,9,-8],"to":[24,19,24],"rotation":{"angle":0,"axis":"y","origin":[12,4,4]},"faces":{"north":{"uv":[0,0,0,0.625],"texture":"#2"},"east":{"uv":[0,4.375,2,5],"texture":"#2"},"south":{"uv":[0,0,0,0.625],"texture":"#2"},"west":{"uv":[2,4.375,4,5],"texture":"#2"},"up":{"uv":[0,2,0,0],"texture":"#2"},"down":{"uv":[0,0,0,2],"texture":"#2"}}},{"from":[20,-1,-4],"to":[20,9,20],"rotation":{"angle":0,"axis":"y","origin":[10,-6,6]},"faces":{"north":{"uv":[0,0,0,0.625],"texture":"#2"},"east":{"uv":[5.5,1.25,7,1.875],"texture":"#2"},"south":{"uv":[0,0,0,0.625],"texture":"#2"},"west":{"uv":[5.5,1.875,7,2.5],"texture":"#2"},"up":{"uv":[0,1.5,0,0],"texture":"#2"},"down":{"uv":[0,0,0,1.5],"texture":"#2"}}},{"from":[14,-11,2],"to":[14,-1,14],"rotation":{"angle":0,"axis":"y","origin":[6,-16,10]},"faces":{"north":{"uv":[0,0,0,0.625],"texture":"#2"},"east":{"uv":[6,3.625,6.75,4.25],"texture":"#2"},"south":{"uv":[0,0,0,0.625],"texture":"#2"},"west":{"uv":[1.5,6.5,2.25,7.125],"texture":"#2"},"up":{"uv":[0,0.75,0,0],"texture":"#2"},"down":{"uv":[0,0,0,0.75],"texture":"#2"}}},{"from":[-14,19,-14],"to":[30,29,-14],"rotation":{"angle":0,"axis":"y","origin":[8,32,8]},"faces":{"north":{"uv":[0,2.5,2.75,3.125],"texture":"#2"},"east":{"uv":[0,0,0,0.625],"texture":"#2"},"south":{"uv":[2.75,0,5.5,0.625],"texture":"#2"},"west":{"uv":[0,0,0,0.625],"texture":"#2"},"up":{"uv":[2.75,0,0,0],"texture":"#2"},"down":{"uv":[2.75,0,0,0],"texture":"#2"}}},{"from":[-8,9,-8],"to":[24,19,-8],"rotation":{"angle":0,"axis":"y","origin":[8,32,8]},"faces":{"north":{"uv":[0,3.75,2,4.375],"texture":"#2"},"east":{"uv":[0,0,0,0.625],"texture":"#2"},"south":{"uv":[2,3.75,4,4.375],"texture":"#2"},"west":{"uv":[0,0,0,0.625],"texture":"#2"},"up":{"uv":[2,0,0,0],"texture":"#2"},"down":{"uv":[2,0,0,0],"texture":"#2"}}},{"from":[-4,-1,-4],"to":[20,9,-4],"rotation":{"angle":0,"axis":"y","origin":[8,32,8]},"faces":{"north":{"uv":[5,4.375,6.5,5],"texture":"#2"},"east":{"uv":[0,0,0,0.625],"texture":"#2"},"south":{"uv":[5,5,6.5,5.625],"texture":"#2"},"west":{"uv":[0,0,0,0.625],"texture":"#2"},"up":{"uv":[1.5,0,0,0],"texture":"#2"},"down":{"uv":[1.5,0,0,0],"texture":"#2"}}},{"from":[2,-11,2],"to":[14,-1,2],"rotation":{"angle":0,"axis":"y","origin":[8,32,8]},"faces":{"north":{"uv":[5,5.875,5.75,6.5],"texture":"#2"},"east":{"uv":[0,0,0,0.625],"texture":"#2"},"south":{"uv":[5.75,5.875,6.5,6.5],"texture":"#2"},"west":{"uv":[0,0,0,0.625],"texture":"#2"},"up":{"uv":[0.75,0,0,0],"texture":"#2"},"down":{"uv":[0.75,0,0,0],"texture":"#2"}}},{"from":[-14,19,30],"to":[30,29,30],"rotation":{"angle":0,"axis":"y","origin":[8,32,8]},"faces":{"north":{"uv":[2.75,0.625,5.5,1.25],"texture":"#2"},"east":{"uv":[0,0,0,0.625],"texture":"#2"},"south":{"uv":[2.75,1.25,5.5,1.875],"texture":"#2"},"west":{"uv":[0,0,0,0.625],"texture":"#2"},"up":{"uv":[2.75,0,0,0],"texture":"#2"},"down":{"uv":[2.75,0,0,0],"texture":"#2"}}},{"from":[-8,9,24],"to":[24,19,24],"rotation":{"angle":0,"axis":"y","origin":[8,32,8]},"faces":{"north":{"uv":[4,3.125,6,3.75],"texture":"#2"},"east":{"uv":[0,0,0,0.625],"texture":"#2"},"south":{"uv":[4,3.75,6,4.375],"texture":"#2"},"west":{"uv":[0,0,0,0.625],"texture":"#2"},"up":{"uv":[2,0,0,0],"texture":"#2"},"down":{"uv":[2,0,0,0],"texture":"#2"}}},{"from":[-4,-1,20],"to":[20,9,20],"rotation":{"angle":0,"axis":"y","origin":[8,32,8]},"faces":{"north":{"uv":[5.5,0,7,0.625],"texture":"#2"},"east":{"uv":[0,0,0,0.625],"texture":"#2"},"south":{"uv":[5.5,0.625,7,1.25],"texture":"#2"},"west":{"uv":[0,0,0,0.625],"texture":"#2"},"up":{"uv":[1.5,0,0,0],"texture":"#2"},"down":{"uv":[1.5,0,0,0],"texture":"#2"}}},{"from":[2,-11,14],"to":[14,-1,14],"rotation":{"angle":0,"axis":"y","origin":[8,32,8]},"faces":{"north":{"uv":[0,6,0.75,6.625],"texture":"#2"},"east":{"uv":[0,0,0,0.625],"texture":"#2"},"south":{"uv":[6,3,6.75,3.625],"texture":"#2"},"west":{"uv":[0,0,0,0.625],"texture":"#2"},"up":{"uv":[0.75,0,0,0],"texture":"#2"},"down":{"uv":[0.75,0,0,0],"texture":"#2"}}}],"display":{"thirdperson_righthand":{"rotation":[75,45,0],"translation":[0,2.5,0],"scale":[0.375,0.375,0.375]},"thirdperson_lefthand":{"rotation":[75,45,0],"translation":[0,2.5,0],"scale":[0.375,0.375,0.375]},"firstperson_righthand":{"rotation":[0,45,0],"scale":[0.4,0.4,0.4]},"firstperson_lefthand":{"rotation":[0,225,0],"scale":[0.4,0.4,0.4]},"ground":{"translation":[0,3,0],"scale":[0.25,0.25,0.25]},"gui":{"rotation":[30,225,0],"translation":[0,-0.75,0],"scale":[0.2,0.2,0.2]},"head":{"scale":[0.3,0.3,0.3]},"fixed":{"rotation":[90,0,0],"translation":[0,0,-48.5],"scale":[2,2,2]}},"groups":[{"name":"group","origin":[30,26,30],"color":0,"nbt":"{}","armAnimationEnabled":false,"children":[0,1,2,3]},{"name":"group","origin":[20,19,24],"color":0,"nbt":"{}","armAnimationEnabled":false,"children":[4,5,6,7]},{"name":"group","origin":[14,-19,34],"color":0,"nbt":"{}","armAnimationEnabled":false,"children":[8,9,10,11]},{"name":"group","origin":[20,-27,28],"color":0,"nbt":"{}","armAnimationEnabled":false,"children":[12,13,14,15,16]},17,18,19,20,21,22,23,24,25,26,27,28,29,30,31,32,33]}