{"credit":"Made with Blockbench","texture_size":[128,128],"textures":{"1":"hmcmodels:furniture/classic_hotel_pack/classic_hotel_hall_carpet_turn","particle":"hmcmodels:furniture/classic_hotel_pack/classic_hotel_hall_carpet_turn"},"elements":[{"from":[-16,0.2,-16],"to":[32,0.2,32],"rotation":{"angle":0,"axis":"y","origin":[8,0.8,8]},"faces":{"north":{"uv":[0,0,6,0],"texture":"#1"},"east":{"uv":[0,0,6,0],"texture":"#1"},"south":{"uv":[0,0,6,0],"texture":"#1"},"west":{"uv":[0,0,6,0],"texture":"#1"},"up":{"uv":[6,6,0,0],"texture":"#1"},"down":{"uv":[6,6,0,12],"texture":"#1"}}},{"from":[-16,0.2,-16],"to":[32,0.2,32],"rotation":{"angle":0,"axis":"y","origin":[8,0.8,8]},"faces":{"north":{"uv":[0,0,6,0],"texture":"#1"},"east":{"uv":[0,0,6,0],"texture":"#1"},"south":{"uv":[0,0,6,0],"texture":"#1"},"west":{"uv":[0,0,6,0],"texture":"#1"},"up":{"uv":[12,6,6,0],"texture":"#1","tintindex":0},"down":{"uv":[12,6,6,12],"texture":"#1","tintindex":0}}}],"display":{"thirdperson_righthand":{"rotation":[75,45,0],"translation":[0,2.5,0],"scale":[0.375,0.375,0.375]},"thirdperson_lefthand":{"rotation":[75,45,0],"translation":[0,2.5,0],"scale":[0.375,0.375,0.375]},"firstperson_righthand":{"rotation":[0,45,0],"scale":[0.4,0.4,0.4]},"firstperson_lefthand":{"rotation":[0,225,0],"scale":[0.4,0.4,0.4]},"ground":{"translation":[0,3,0],"scale":[0.25,0.25,0.25]},"gui":{"rotation":[30,225,0],"translation":[0,1,0],"scale":[0.2,0.2,0.2]},"fixed":{"rotation":[-90,0,0],"translation":[0,0,-16],"scale":[2,2,2]}}}