{"credit":"Made with Blockbench","texture_size":[64,64],"textures":{"1":"hmcmodels:furniture/classic_hotel_pack/classic_hotel_fern","particle":"hmcmodels:furniture/classic_hotel_pack/classic_hotel_fern"},"elements":[{"from":[-7,-3,8],"to":[23,16,8],"rotation":{"angle":-45,"axis":"y","origin":[8,7.5,8]},"faces":{"north":{"uv":[0,0,7.5,4.75],"texture":"#1"},"east":{"uv":[0,0,0,4.75],"texture":"#1"},"south":{"uv":[0,4.75,7.5,9.5],"texture":"#1"},"west":{"uv":[0,0,0,4.75],"texture":"#1"},"up":{"uv":[7.5,0,0,0],"texture":"#1"},"down":{"uv":[7.5,0,0,0],"texture":"#1"}}},{"from":[8,-3,-7],"to":[8,16,23],"rotation":{"angle":-45,"axis":"y","origin":[8,7.5,8]},"faces":{"north":{"uv":[0,0,0,4.75],"texture":"#1"},"east":{"uv":[7.5,0,15,4.75],"texture":"#1"},"south":{"uv":[0,0,0,4.75],"texture":"#1"},"west":{"uv":[7.5,4.75,15,9.5],"texture":"#1"},"up":{"uv":[0,7.5,0,0],"texture":"#1"},"down":{"uv":[0,0,0,7.5],"texture":"#1"}}}],"display":{"thirdperson_righthand":{"rotation":[75,45,0],"translation":[0,2.5,0],"scale":[0.375,0.375,0.375]},"thirdperson_lefthand":{"rotation":[75,45,0],"translation":[0,2.5,0],"scale":[0.375,0.375,0.375]},"firstperson_righthand":{"rotation":[0,45,0],"scale":[0.4,0.4,0.4]},"firstperson_lefthand":{"rotation":[0,225,0],"scale":[0.4,0.4,0.4]},"ground":{"translation":[0,3,0],"scale":[0.25,0.25,0.25]},"gui":{"rotation":[-113.89,-67.21,-137.87],"translation":[0,-0.75,0],"scale":[0.4,0.4,0.4]},"fixed":{"rotation":[-90,0,0],"translation":[0,0,-16],"scale":[2,2,2]}}}