{"credit":"Made with Blockbench","textures":{"0":"camelot:bunyan_axe","particle":"camelot:bunyan_axe"},"elements":[{"from":[6.99,14.89638,2.28775],"to":[8.76,22.72138,13.03775],"rotation":{"angle":0,"axis":"y","origin":[15,29.97138,18.53775]},"faces":{"north":{"uv":[0,0,1.77,7.825],"texture":"#0"},"east":{"uv":[0,0,10.75,7.825],"rotation":180,"texture":"#0"},"south":{"uv":[0,0,1.77,7.825],"texture":"#0"},"west":{"uv":[0,0,10.75,7.825],"texture":"#0"},"up":{"uv":[0,0,10.769,1.75],"rotation":90,"texture":"#0"},"down":{"uv":[0,0,10.769,1.75],"rotation":270,"texture":"#0"}}},{"from":[7.1,-1.85362,7.28775],"to":[8.625,23.22138,8.78775],"rotation":{"angle":0,"axis":"y","origin":[15,29.97138,18.53775]},"faces":{"north":{"uv":[0,12,15.525,14],"rotation":90,"texture":"#0"},"east":{"uv":[0,14,15.5,16],"rotation":90,"texture":"#0"},"south":{"uv":[0,12,15.525,14],"rotation":90,"texture":"#0"},"west":{"uv":[0,14,15.5,16],"rotation":90,"texture":"#0"},"up":{"uv":[4,14,5.525,15.5],"texture":"#0"},"down":{"uv":[6,12,7.525,13.5],"texture":"#0"}}},{"from":[7,16.9078,2.41205],"to":[8.75,20.9078,7.16205],"rotation":{"angle":22.5,"axis":"x","origin":[15,27.9078,10.41205]},"faces":{"north":{"uv":[11,0,11.75,4],"texture":"#0"},"east":{"uv":[11,0,15.75,4],"rotation":180,"texture":"#0"},"south":{"uv":[0,0,1.75,4],"texture":"#0"},"west":{"uv":[11,0,15.75,4],"texture":"#0"},"up":{"uv":[11,0,15.75,1.75],"rotation":90,"texture":"#0"},"down":{"uv":[0,0,1.75,4.75],"texture":"#0"}}},{"from":[7,10.74301,14.1383],"to":[8.75,14.74301,19.1383],"rotation":{"angle":22.5,"axis":"x","origin":[15,21.74301,23.1383]},"faces":{"north":{"uv":[0,0,1.75,4],"texture":"#0"},"east":{"uv":[11,5,16,9],"rotation":180,"texture":"#0"},"south":{"uv":[11,0,12,4],"texture":"#0"},"west":{"uv":[11.5,5,16,9],"texture":"#0"},"up":{"uv":[0,0,1.75,5],"texture":"#0"},"down":{"uv":[11,7,15.75,9],"rotation":270,"texture":"#0"}}},{"from":[7,21.5,7.5],"to":[8.75,25.5,12.25],"rotation":{"angle":-22.5,"axis":"x","origin":[15,32.5,16.25]},"faces":{"north":{"uv":[0,0,1.75,4],"texture":"#0"},"east":{"uv":[11,5,16,9],"rotation":180,"texture":"#0"},"south":{"uv":[11,0,12,4],"texture":"#0"},"west":{"uv":[11.5,5,16,9],"texture":"#0"},"up":{"uv":[12,7,15.5,8.75],"rotation":90,"texture":"#0"},"down":{"uv":[0,0,1.75,4.75],"texture":"#0"}}},{"from":[7,15.33522,-4.47625],"to":[8.75,19.33522,0.27375],"rotation":{"angle":-22.5,"axis":"x","origin":[15,26.33522,3.52375]},"faces":{"north":{"uv":[11,0,11.75,4],"texture":"#0"},"east":{"uv":[11,0,15.75,4],"rotation":180,"texture":"#0"},"south":{"uv":[0,0,1.75,4],"texture":"#0"},"west":{"uv":[11,0,15.75,4],"texture":"#0"},"up":{"uv":[0,0,1.75,4.75],"texture":"#0"},"down":{"uv":[11,0,15.75,1.75],"rotation":270,"texture":"#0"}}},{"from":[7.01,16.80659,12.764],"to":[8.74,20.80659,16.764],"rotation":{"angle":0,"axis":"y","origin":[15,27.80659,20.764]},"faces":{"north":{"uv":[0,0,1.73,4],"texture":"#0"},"east":{"uv":[11.5,5,16,9],"rotation":180,"texture":"#0"},"south":{"uv":[11,0,11.73,4],"texture":"#0"},"west":{"uv":[12,5,16,9],"texture":"#0"},"up":{"uv":[0,0,1.73,4],"texture":"#0"},"down":{"uv":[0,0,1.73,4],"texture":"#0"}}},{"from":[7.01,16.80659,-1.1885],"to":[8.74,20.80659,2.8115],"rotation":{"angle":0,"axis":"y","origin":[15,27.80659,6.8115]},"faces":{"north":{"uv":[11,0,11.73,4],"texture":"#0"},"east":{"uv":[11,0,15.4,4],"rotation":180,"texture":"#0"},"south":{"uv":[0,0,1.73,4],"texture":"#0"},"west":{"uv":[11,0,15.4,4],"texture":"#0"},"up":{"uv":[0,0,1.73,4],"texture":"#0"},"down":{"uv":[0,0,1.73,4],"texture":"#0"}}}],"display":{"thirdperson_righthand":{"translation":[0.25,0,2.25],"scale":[2,2,2]},"thirdperson_lefthand":{"translation":[0,0,1.75],"scale":[2,2,2]},"firstperson_righthand":{"rotation":[-14,3,0],"translation":[32.5,-13,-27],"scale":[3,3,3]},"firstperson_lefthand":{"rotation":[-3,-11,0],"translation":[45.25,-7.5,-43],"scale":[3,3,3]},"ground":{"rotation":[58,68,9],"translation":[0,9.75,-3.5],"scale":[2,2,2]},"gui":{"rotation":[14,-132,38],"translation":[-1.75,-2.25,0],"scale":[0.58,0.57,0.58]},"head":{"rotation":[130,142,0],"translation":[-6.75,-15.5,-5.25],"scale":[2,2,2]},"fixed":{"rotation":[0,90,0],"translation":[0,14.5,-4],"scale":[3,3,3]}}}