{"credit":"Made with Blockbench","textures":{"0":"camelot:nito_staff","particle":"camelot:nito_staff"},"elements":[{"from":[7.625,0.29279,7.17524],"to":[8.375,27.29279,7.92524],"rotation":{"angle":0,"axis":"y","origin":[15.625,6.29279,15.17524]},"faces":{"north":{"uv":[15,0,15.75,16],"texture":"#0"},"east":{"uv":[15,0,15.75,16],"texture":"#0"},"south":{"uv":[15,0,15.75,16],"texture":"#0"},"west":{"uv":[15,0,15.75,16],"texture":"#0"},"up":{"uv":[0,0,0.75,0.75],"texture":"#0"},"down":{"uv":[10,4,10.75,4.75],"texture":"#0"}}},{"from":[7.625,29.42022,3.37056],"to":[8.375,30.67022,4.12056],"rotation":{"angle":-22.5,"axis":"x","origin":[15.625,37.92022,11.37056]},"faces":{"north":{"uv":[10,2,10.75,3.25],"texture":"#0"},"east":{"uv":[0,0,0.75,1.25],"texture":"#0"},"south":{"uv":[10,4,10.75,5.25],"texture":"#0"},"west":{"uv":[0,0,0.75,1.25],"texture":"#0"},"up":{"uv":[0,0,0.75,0.75],"texture":"#0"},"down":{"uv":[0,0,0.75,0.75],"texture":"#0"}}},{"from":[7.635,30.25,10.75],"to":[8.365,32,11.5],"rotation":{"angle":22.5,"axis":"x","origin":[0.375,39.25,3.5]},"faces":{"north":{"uv":[10.75,3,10,4.75],"rotation":180,"texture":"#0"},"east":{"uv":[0,0.75,1.75,0],"rotation":270,"texture":"#0"},"south":{"uv":[10.75,3,10,4.75],"texture":"#0"},"west":{"uv":[0,0.75,1.75,0],"rotation":90,"texture":"#0"},"up":{"uv":[0.75,0,0,0.75],"texture":"#0"},"down":{"uv":[0.75,0,0,0.75],"rotation":180,"texture":"#0"}}},{"from":[7.625,24.83451,10.36334],"to":[8.375,26.83451,11.11334],"rotation":{"angle":0,"axis":"y","origin":[15.625,34.08451,18.36334]},"faces":{"north":{"uv":[10,4,10.75,6],"texture":"#0"},"east":{"uv":[0,0,0.75,2],"texture":"#0"},"south":{"uv":[0,0,0.75,2],"texture":"#0"},"west":{"uv":[0,0,0.75,2],"texture":"#0"},"up":{"uv":[0,0,0.75,0.75],"texture":"#0"},"down":{"uv":[0,0,0.75,0.75],"texture":"#0"}}},{"from":[7.625,24.30418,10.33301],"to":[8.375,26.30418,10.58301],"rotation":{"angle":0,"axis":"y","origin":[15.625,34.05418,17.83301]},"faces":{"north":{"uv":[10,5,10.75,5.5],"texture":"#0"},"east":{"uv":[0,0,0.25,0.5],"texture":"#0"},"south":{"uv":[0,0,0.75,0.5],"texture":"#0"},"west":{"uv":[0,0,0.25,0.5],"texture":"#0"},"up":{"uv":[0,0,0.75,0.25],"texture":"#0"},"down":{"uv":[0,0,0.75,0.25],"texture":"#0"}}},{"from":[7.625,24.55418,10.58301],"to":[8.375,25.05418,10.83301],"rotation":{"angle":0,"axis":"y","origin":[15.625,34.05418,18.08301]},"faces":{"north":{"uv":[0,0,0.75,0.5],"texture":"#0"},"east":{"uv":[0,0,0.25,0.5],"texture":"#0"},"south":{"uv":[0,0,0.75,0.5],"texture":"#0"},"west":{"uv":[0,0,0.25,0.5],"texture":"#0"},"up":{"uv":[0,0,0.75,0.25],"texture":"#0"},"down":{"uv":[0,0,0.75,0.25],"texture":"#0"}}},{"from":[7.625,26.82499,1.6688],"to":[8.375,27.07499,2.4188],"rotation":{"angle":-45,"axis":"x","origin":[15.625,36.32499,9.1688]},"faces":{"north":{"uv":[0,0,0.75,0.25],"texture":"#0"},"east":{"uv":[0,0,0.75,0.25],"texture":"#0"},"south":{"uv":[0,0,0.75,0.25],"texture":"#0"},"west":{"uv":[0,0,0.75,0.25],"texture":"#0"},"up":{"uv":[0,0,0.75,0.75],"texture":"#0"},"down":{"uv":[0,0,0.75,0.75],"texture":"#0"}}},{"from":[7.625,29,6.75],"to":[8.375,30,7.5],"rotation":{"angle":-22.5,"axis":"x","origin":[15.625,37,14.75]},"faces":{"north":{"uv":[0,0,0.75,1],"texture":"#0"},"east":{"uv":[0,0,0.75,1],"texture":"#0"},"south":{"uv":[0,0,0.75,1],"texture":"#0"},"west":{"uv":[0,0,0.75,1],"texture":"#0"},"up":{"uv":[0,0,0.75,0.75],"texture":"#0"},"down":{"uv":[0,0,0.75,0.75],"texture":"#0"}}},{"from":[7.62333,22.76359,8.9785],"to":[8.37333,23.51359,14.9785],"rotation":{"angle":45,"axis":"x","origin":[15.62333,30.76359,17.9785]},"faces":{"north":{"uv":[0,0,0.75,0.75],"texture":"#0"},"east":{"uv":[0,0,6,0.75],"texture":"#0"},"south":{"uv":[0,0,0.75,0.75],"texture":"#0"},"west":{"uv":[0,0,6,0.75],"texture":"#0"},"up":{"uv":[0,0,0.75,6],"texture":"#0"},"down":{"uv":[10,2,10.75,8],"texture":"#0"}}},{"from":[7.62333,24.07425,8.91784],"to":[8.37333,24.57425,9.41784],"rotation":{"angle":45,"axis":"x","origin":[15.62333,31.82425,16.91784]},"faces":{"north":{"uv":[0,0,0.75,0.5],"texture":"#0"},"east":{"uv":[0,0,0.5,0.5],"texture":"#0"},"south":{"uv":[0,0,0.75,0.5],"texture":"#0"},"west":{"uv":[0,0,0.5,0.5],"texture":"#0"},"up":{"uv":[0,0,0.75,0.5],"texture":"#0"},"down":{"uv":[10,4,10.75,4.5],"texture":"#0"}}},{"from":[7.62333,24.6778,8.56429],"to":[8.37333,24.9278,9.06429],"rotation":{"angle":45,"axis":"x","origin":[15.62333,32.1778,16.56429]},"faces":{"north":{"uv":[0,0,0.75,0.25],"texture":"#0"},"east":{"uv":[0,0,0.5,0.25],"texture":"#0"},"south":{"uv":[0,0,0.75,0.25],"texture":"#0"},"west":{"uv":[0,0,0.5,0.25],"texture":"#0"},"up":{"uv":[0,0,0.75,0.5],"texture":"#0"},"down":{"uv":[10,1,10.75,1.5],"texture":"#0"}}},{"from":[7.62333,23.44037,9.24106],"to":[8.37333,23.69037,15.24106],"rotation":{"angle":45,"axis":"x","origin":[15.62333,30.94037,16.74106]},"faces":{"north":{"uv":[0,0,0.75,0.25],"texture":"#0"},"east":{"uv":[0,0,6,0.25],"texture":"#0"},"south":{"uv":[0,0,0.75,0.25],"texture":"#0"},"west":{"uv":[0,0,6,0.25],"texture":"#0"},"up":{"uv":[0,0,0.75,6],"texture":"#0"},"down":{"uv":[10,4,10.75,10],"texture":"#0"}}},{"from":[7.62333,23.26359,9.56429],"to":[8.37333,23.51359,15.56429],"rotation":{"angle":45,"axis":"x","origin":[15.62333,30.76359,16.56429]},"faces":{"north":{"uv":[0,0,0.75,0.25],"texture":"#0"},"east":{"uv":[0,0,6,0.25],"texture":"#0"},"south":{"uv":[0,0,0.75,0.25],"texture":"#0"},"west":{"uv":[0,0,6,0.25],"texture":"#0"},"up":{"uv":[0,0,0.75,6],"texture":"#0"},"down":{"uv":[10,4,10.75,10],"texture":"#0"}}},{"from":[7.62333,23.08681,9.88751],"to":[8.37333,23.33681,15.88751],"rotation":{"angle":45,"axis":"x","origin":[15.62333,30.58681,16.38751]},"faces":{"north":{"uv":[0,0,0.75,0.25],"texture":"#0"},"east":{"uv":[0,0,6,0.25],"texture":"#0"},"south":{"uv":[0,0,0.75,0.25],"texture":"#0"},"west":{"uv":[0,0,6,0.25],"texture":"#0"},"up":{"uv":[0,0,0.75,6],"texture":"#0"},"down":{"uv":[10,4,10.75,10],"texture":"#0"}}},{"from":[8.375,-1.20721,7.17524],"to":[8.875,0.79279,7.92524],"rotation":{"angle":0,"axis":"y","origin":[16.375,8.04279,15.17524]},"faces":{"north":{"uv":[0,0,0.5,2],"texture":"#0"},"east":{"uv":[0,0,0.75,2],"texture":"#0"},"south":{"uv":[0,0,0.5,2],"texture":"#0"},"west":{"uv":[10,3,10.75,5],"texture":"#0"},"up":{"uv":[0,0,0.5,0.75],"texture":"#0"},"down":{"uv":[10,3,10.5,3.75],"texture":"#0"}}},{"from":[7.125,-1.20721,7.17524],"to":[7.625,0.79279,7.92524],"rotation":{"angle":0,"axis":"y","origin":[14.875,8.04279,15.17524]},"faces":{"north":{"uv":[0,0,0.5,2],"texture":"#0"},"east":{"uv":[10,2,10.75,4],"texture":"#0"},"south":{"uv":[0,0,0.5,2],"texture":"#0"},"west":{"uv":[0,0,0.75,2],"texture":"#0"},"up":{"uv":[0,0,0.5,0.75],"texture":"#0"},"down":{"uv":[10,3,10.5,3.75],"texture":"#0"}}}],"display":{"thirdperson_righthand":{"rotation":[0,-180,0],"translation":[-0.75,-12.5,1],"scale":[1,1.25,1]},"thirdperson_lefthand":{"rotation":[0,-180,0],"translation":[0,-12.5,1],"scale":[1,1.25,1]},"firstperson_righthand":{"rotation":[0,-180,0],"translation":[1.25,-6.25,0],"scale":[0.9,0.9,0.9]},"firstperson_lefthand":{"rotation":[0,-180,0],"translation":[2.75,-6.25,0],"scale":[0.9,0.9,0.9]},"ground":{"rotation":[64,-180,0],"translation":[-0.5,0,-12.5],"scale":[2,2,2]},"gui":{"rotation":[-50,-40,-60],"translation":[-2.75,-2.5,0],"scale":[0.52,0.53,0.52]},"head":{"rotation":[90,-135,90],"translation":[-5,-20.25,3.5],"scale":[1.5,1.5,1.5]},"fixed":{"rotation":[0,90.5,0],"translation":[0,-10,0],"scale":[2,2,2]}}}