{"credit":"Made with Blockbench","texture_size":[128,128],"textures":{"3":"hmcmodels:furniture/decorations_plusplus/banner_3"},"elements":[{"from":[3,-9,8.45],"to":[13,1,8.45],"rotation":{"angle":0,"axis":"y","origin":[0,-25,16]},"faces":{"north":{"uv":[3.5,1.25,4.75,2.5],"texture":"#3"},"east":{"uv":[0,0,0,1.25],"texture":"#3"},"south":{"uv":[2.5,4.25,3.75,5.5],"texture":"#3"},"west":{"uv":[0,0,0,1.25],"texture":"#3"},"up":{"uv":[1.25,0,0,0],"texture":"#3"},"down":{"uv":[1.25,0,0,0],"texture":"#3"}}},{"from":[3,1,8.425],"to":[13,5,8.425],"rotation":{"angle":0,"axis":"y","origin":[0,-4,16]},"faces":{"north":{"uv":[4.75,1.25,6,1.75],"texture":"#3"},"east":{"uv":[0,0,0,0.5],"texture":"#3"},"south":{"uv":[4.75,1.75,6,2.25],"texture":"#3"},"west":{"uv":[0,0,0,0.5],"texture":"#3"},"up":{"uv":[1.25,0,0,0],"texture":"#3"},"down":{"uv":[1.25,0,0,0],"texture":"#3"}}},{"from":[3,5,8.425],"to":[13,29,8.425],"rotation":{"angle":0,"axis":"y","origin":[0,0,16]},"faces":{"north":{"uv":[0,3,1.25,6],"texture":"#3"},"east":{"uv":[0,0,0,3],"texture":"#3"},"south":{"uv":[1.25,3,2.5,6],"texture":"#3"},"west":{"uv":[0,0,0,3],"texture":"#3"},"up":{"uv":[1.25,0,0,0],"texture":"#3"},"down":{"uv":[1.25,0,0,0],"texture":"#3"}}},{"from":[1,5,7.6],"to":[15,29,7.6],"faces":{"north":{"uv":[0,0,1.75,3],"texture":"#3"},"east":{"uv":[0,0,0,3],"texture":"#3"},"south":{"uv":[1.75,0,3.5,3],"texture":"#3"},"west":{"uv":[0,0,0,3],"texture":"#3"},"up":{"uv":[1.75,0,0,0],"texture":"#3"},"down":{"uv":[1.75,0,0,0],"texture":"#3"}}},{"from":[1,-5,7.6],"to":[15,5,7.6],"rotation":{"angle":0,"axis":"y","origin":[0,-21,0]},"faces":{"north":{"uv":[2.5,3,4.25,4.25],"texture":"#3"},"east":{"uv":[0,0,0,1.25],"texture":"#3"},"south":{"uv":[3.5,0,5.25,1.25],"texture":"#3"},"west":{"uv":[0,0,0,1.25],"texture":"#3"},"up":{"uv":[1.75,0,0,0],"texture":"#3"},"down":{"uv":[1.75,0,0,0],"texture":"#3"}}},{"from":[-1,29,7],"to":[17,31,9],"rotation":{"angle":0,"axis":"y","origin":[0,2,0]},"faces":{"north":{"uv":[4.75,2.25,7,2.5],"texture":"#3"},"east":{"uv":[4.75,5.125,5,5.375],"texture":"#3"},"south":{"uv":[4.75,2.5,7,2.75],"texture":"#3"},"west":{"uv":[5,5.125,5.25,5.375],"texture":"#3"},"up":{"uv":[7,3,4.75,2.75],"texture":"#3"},"down":{"uv":[7,3,4.75,3.25],"texture":"#3"}}},{"from":[7,-16,9],"to":[9,32,11],"rotation":{"angle":0,"axis":"y","origin":[16,23.63604,8]},"faces":{"north":{"uv":[4.25,2.5,4.5,8.5],"texture":"#3"},"east":{"uv":[3.75,4.25,4,10.25],"texture":"#3"},"south":{"uv":[4,4.25,4.25,10.25],"texture":"#3"},"west":{"uv":[4.5,2.5,4.75,8.5],"texture":"#3"},"up":{"uv":[5.5,0.25,5.25,0],"texture":"#3"},"down":{"uv":[5.5,0.25,5.25,0.5],"texture":"#3"}}},{"from":[-3,28.5,6.5],"to":[-1,31.5,9.5],"rotation":{"angle":0,"axis":"y","origin":[0,2,0.5]},"faces":{"north":{"uv":[4.75,4,5,4.375],"texture":"#3"},"east":{"uv":[3.5,2.5,3.875,2.875],"texture":"#3"},"south":{"uv":[4.75,4.375,5,4.75],"texture":"#3"},"west":{"uv":[3.875,2.5,4.25,2.875],"texture":"#3"},"up":{"uv":[5,5.125,4.75,4.75],"texture":"#3"},"down":{"uv":[5.25,4,5,4.375],"texture":"#3"}}},{"from":[17,28.5,6.5],"to":[19,31.5,9.5],"rotation":{"angle":0,"axis":"y","origin":[16,2,0.5]},"faces":{"north":{"uv":[5,4.375,5.25,4.75],"texture":"#3"},"east":{"uv":[4.75,3.25,5.125,3.625],"texture":"#3"},"south":{"uv":[5,4.75,5.25,5.125],"texture":"#3"},"west":{"uv":[4.75,3.625,5.125,4],"texture":"#3"},"up":{"uv":[5.375,3.625,5.125,3.25],"texture":"#3"},"down":{"uv":[5.375,3.625,5.125,4],"texture":"#3"}}}],"display":{"thirdperson_righthand":{"translation":[0,7.5,1],"scale":[0.55,0.55,0.55]},"thirdperson_lefthand":{"translation":[0,7.5,1],"scale":[0.55,0.55,0.55]},"firstperson_righthand":{"rotation":[-25,120,0],"translation":[1.13,3.2,1.13],"scale":[0.68,0.68,0.68]},"firstperson_lefthand":{"rotation":[-25,120,0],"translation":[1.13,3.2,1.13],"scale":[0.68,0.68,0.68]},"ground":{"translation":[0,8.25,0],"scale":[0.5,0.5,0.5]},"gui":{"rotation":[0,180,0],"scale":[0.3,0.3,0.3]},"head":{"rotation":[0,180,0],"translation":[0,6.75,7]},"fixed":{"rotation":[-90,0,0],"translation":[0,-4.25,-47.5],"scale":[2,2,2]}},"groups":[{"name":"group","origin":[0,0,16],"color":0,"nbt":"{}","armAnimationEnabled":false,"children":[0,1,2]},{"name":"group","origin":[8,8,8],"color":0,"nbt":"{}","armAnimationEnabled":false,"children":[3,4,5,6,7,8]}]}