{"credit":"Made with Blockbench","texture_size":[64,64],"textures":{"3":"hmcmodels:furniture/decorations_plusplus/banner_2"},"elements":[{"from":[1,5,8],"to":[15,29,8],"faces":{"north":{"uv":[0,0,3.5,6],"texture":"#3"},"east":{"uv":[0,0,0,6],"texture":"#3"},"south":{"uv":[3.5,0,7,6],"texture":"#3"},"west":{"uv":[0,0,0,6],"texture":"#3"},"up":{"uv":[3.5,0,0,0],"texture":"#3"},"down":{"uv":[3.5,0,0,0],"texture":"#3"}}},{"from":[-1,29,7],"to":[17,31,9],"faces":{"north":{"uv":[0,9,4.5,9.5],"texture":"#3"},"east":{"uv":[9,6.75,9.5,7.25],"texture":"#3"},"south":{"uv":[9,0,13.5,0.5],"texture":"#3"},"west":{"uv":[9,7.25,9.5,7.75],"texture":"#3"},"up":{"uv":[13.5,1,9,0.5],"texture":"#3"},"down":{"uv":[13.5,1,9,1.5],"texture":"#3"}}},{"from":[-3,28.5,6.5],"to":[-1,31.5,9.5],"rotation":{"angle":0,"axis":"y","origin":[0,2,0.5]},"faces":{"north":{"uv":[4.5,9,5,9.75],"texture":"#3"},"east":{"uv":[9,1.5,9.75,2.25],"texture":"#3"},"south":{"uv":[9,4.5,9.5,5.25],"texture":"#3"},"west":{"uv":[9,2.25,9.75,3],"texture":"#3"},"up":{"uv":[5.5,9.75,5,9],"texture":"#3"},"down":{"uv":[9.5,5.25,9,6],"texture":"#3"}}},{"from":[17,28.5,6.5],"to":[19,31.5,9.5],"rotation":{"angle":0,"axis":"y","origin":[16,2,0.5]},"faces":{"north":{"uv":[5.5,9,6,9.75],"texture":"#3"},"east":{"uv":[9,3,9.75,3.75],"texture":"#3"},"south":{"uv":[6,9,6.5,9.75],"texture":"#3"},"west":{"uv":[9,3.75,9.75,4.5],"texture":"#3"},"up":{"uv":[9.5,6.75,9,6],"texture":"#3"},"down":{"uv":[7,9,6.5,9.75],"texture":"#3"}}},{"from":[1,-7,8],"to":[15,5,8],"rotation":{"angle":0,"axis":"y","origin":[8,5,7.7]},"faces":{"north":{"uv":[0,6,3.5,9],"texture":"#3"},"east":{"uv":[0,0,0,3],"texture":"#3"},"south":{"uv":[3.5,6,7,9],"texture":"#3"},"west":{"uv":[0,0,0,3],"texture":"#3"},"up":{"uv":[3.5,0,0,0],"texture":"#3"},"down":{"uv":[3.5,0,0,0],"texture":"#3"}}},{"from":[7,-16,9],"to":[9,32,11],"rotation":{"angle":0,"axis":"y","origin":[16,23.63604,8]},"faces":{"north":{"uv":[7,0,7.5,12],"texture":"#3"},"east":{"uv":[7.5,0,8,12],"texture":"#3"},"south":{"uv":[8,0,8.5,12],"texture":"#3"},"west":{"uv":[8.5,0,9,12],"texture":"#3"},"up":{"uv":[9.5,8.25,9,7.75],"texture":"#3"},"down":{"uv":[9.5,8.25,9,8.75],"texture":"#3"}}}],"display":{"thirdperson_righthand":{"translation":[0,7.5,1],"scale":[0.55,0.55,0.55]},"thirdperson_lefthand":{"translation":[0,7.5,1],"scale":[0.55,0.55,0.55]},"firstperson_righthand":{"rotation":[-25,120,0],"translation":[1.13,3.2,1.13],"scale":[0.68,0.68,0.68]},"firstperson_lefthand":{"rotation":[-25,120,0],"translation":[1.13,3.2,1.13],"scale":[0.68,0.68,0.68]},"ground":{"translation":[0,8.25,0],"scale":[0.5,0.5,0.5]},"gui":{"rotation":[0,180,0],"scale":[0.3,0.3,0.3]},"head":{"rotation":[0,180,0],"translation":[0,6.75,7]},"fixed":{"rotation":[-90,0,0],"translation":[0,-4.25,-47.5],"scale":[2,2,2]}},"groups":[{"name":"group","origin":[8,8,8],"color":0,"nbt":"{}","armAnimationEnabled":false,"children":[0,1,2,3,4,5]}]}