{"credit":"Made with Blockbench","texture_size":[32,32],"textures":{"1":"hmcmodels:furniture/decorations_plusplus/banner_1_triangle","4":"hmcmodels:furniture/decorations_plusplus/banner_1_mid","particle":"hmcmodels:furniture/decorations_plusplus/banner_1_triangle"},"elements":[{"from":[1,5,8.325],"to":[15,29,8.325],"rotation":{"angle":0,"axis":"y","origin":[0,0,16]},"faces":{"north":{"uv":[0,0,1.75,3],"texture":"#4"},"east":{"uv":[0,0,0,3],"texture":"#4"},"south":{"uv":[1.75,0,3.5,3],"texture":"#4"},"west":{"uv":[0,0,0,3],"texture":"#4"},"up":{"uv":[1.75,0,0,0],"texture":"#4"},"down":{"uv":[1.75,0,0,0],"texture":"#4"}}},{"from":[1,5,7.6],"to":[15,29,7.6],"faces":{"north":{"uv":[0,3,1.75,6],"texture":"#4"},"east":{"uv":[0,0,0,3],"texture":"#4"},"south":{"uv":[1.75,3,3.5,6],"texture":"#4"},"west":{"uv":[0,0,0,3],"texture":"#4"},"up":{"uv":[1.75,0,0,0],"texture":"#4"},"down":{"uv":[1.75,0,0,0],"texture":"#4"}}},{"from":[1,-5,7.6],"to":[15,5,7.6],"rotation":{"angle":0,"axis":"y","origin":[0,-21,0]},"faces":{"north":{"uv":[3.5,3,5.25,4.25],"texture":"#4"},"east":{"uv":[0,0,0,1.25],"texture":"#4"},"south":{"uv":[3.5,4.25,5.25,5.5],"texture":"#4"},"west":{"uv":[0,0,0,1.25],"texture":"#4"},"up":{"uv":[1.75,0,0,0],"texture":"#4"},"down":{"uv":[1.75,0,0,0],"texture":"#4"}}},{"from":[-1,29,7],"to":[17,31,9],"rotation":{"angle":0,"axis":"y","origin":[0,2,0]},"faces":{"north":{"uv":[5.75,0,8,0.25],"texture":"#4"},"east":{"uv":[5.75,4.375,6,4.625],"texture":"#4"},"south":{"uv":[5.75,0.25,8,0.5],"texture":"#4"},"west":{"uv":[5.75,4.625,6,4.875],"texture":"#4"},"up":{"uv":[8,0.75,5.75,0.5],"texture":"#4"},"down":{"uv":[8,0.75,5.75,1],"texture":"#4"}}},{"from":[-3,28.5,6.5],"to":[-1,31.5,9.5],"rotation":{"angle":0,"axis":"y","origin":[0,2,0.5]},"faces":{"north":{"uv":[5.75,1.375,6,1.75],"texture":"#4"},"east":{"uv":[4,5.5,4.375,5.875],"texture":"#4"},"south":{"uv":[5.75,1.75,6,2.125],"texture":"#4"},"west":{"uv":[4.375,5.5,4.75,5.875],"texture":"#4"},"up":{"uv":[6,2.5,5.75,2.125],"texture":"#4"},"down":{"uv":[6,2.5,5.75,2.875],"texture":"#4"}}},{"from":[17,28.5,6.5],"to":[19,31.5,9.5],"rotation":{"angle":0,"axis":"y","origin":[16,2,0.5]},"faces":{"north":{"uv":[5.75,2.875,6,3.25],"texture":"#4"},"east":{"uv":[4.75,5.5,5.125,5.875],"texture":"#4"},"south":{"uv":[5.75,3.25,6,3.625],"texture":"#4"},"west":{"uv":[5.75,1,6.125,1.375],"texture":"#4"},"up":{"uv":[6,4,5.75,3.625],"texture":"#4"},"down":{"uv":[6,4,5.75,4.375],"texture":"#4"}}},{"from":[1.00393,-7,8.35],"to":[15.00393,5,8.35],"rotation":{"angle":0,"axis":"y","origin":[8.00393,5,8.05]},"faces":{"north":{"uv":[0,0,7,6],"texture":"#1"},"east":{"uv":[0,0,0,6],"texture":"#1"},"south":{"uv":[0,6,7,12],"texture":"#1"},"west":{"uv":[0,0,0,6],"texture":"#1"},"up":{"uv":[7,0,0,0],"texture":"#1"},"down":{"uv":[7,0,0,0],"texture":"#1"}}},{"from":[7,-16,9],"to":[9,32,11],"rotation":{"angle":0,"axis":"y","origin":[16,23.63604,8]},"faces":{"north":{"uv":[5.25,0,5.5,6],"texture":"#4"},"east":{"uv":[5.5,0,5.75,6],"texture":"#4"},"south":{"uv":[3.5,5.5,3.75,11.5],"texture":"#4"},"west":{"uv":[3.75,5.5,4,11.5],"texture":"#4"},"up":{"uv":[6,5.125,5.75,4.875],"texture":"#4"},"down":{"uv":[6,5.125,5.75,5.375],"texture":"#4"}}}],"display":{"thirdperson_righthand":{"translation":[0,7.5,1],"scale":[0.55,0.55,0.55]},"thirdperson_lefthand":{"translation":[0,7.5,1],"scale":[0.55,0.55,0.55]},"firstperson_righthand":{"rotation":[-25,120,0],"translation":[1.13,3.2,1.13],"scale":[0.68,0.68,0.68]},"firstperson_lefthand":{"rotation":[-25,120,0],"translation":[1.13,3.2,1.13],"scale":[0.68,0.68,0.68]},"ground":{"translation":[0,8.25,0],"scale":[0.5,0.5,0.5]},"gui":{"rotation":[0,180,0],"scale":[0.3,0.3,0.3]},"head":{"rotation":[0,180,0],"translation":[0,6.75,7]},"fixed":{"rotation":[-90,0,0],"translation":[0,-4.25,-47.5],"scale":[2,2,2]}},"groups":[{"name":"group","origin":[8,8,8],"color":0,"nbt":"{}","armAnimationEnabled":false,"children":[0,{"name":"group","origin":[0,-21,0],"color":0,"nbt":"{}","armAnimationEnabled":false,"children":[1,2]},3,4,5,6,7]}]}