{"credit":"Made with Blockbench","texture_size":[64,64],"textures":{"1":"hmcmodels:furniture/decorations_plusplus/barrel","particle":"hmcmodels:furniture/decorations_plusplus/barrel"},"elements":[{"from":[3,0,3],"to":[13,16,13],"rotation":{"angle":0,"axis":"y","origin":[3,0,3]},"faces":{"north":{"uv":[0,0,2.5,4],"texture":"#1"},"east":{"uv":[2.5,0,5,4],"texture":"#1"},"south":{"uv":[0,4,2.5,8],"texture":"#1"},"west":{"uv":[2.5,4,5,8],"texture":"#1"},"up":{"uv":[7.5,2.5,5,0],"texture":"#1"},"down":{"uv":[7.5,2.5,5,5],"texture":"#1"}}},{"from":[2.8,1.8,2.8],"to":[13.2,4.2,13.2],"rotation":{"angle":0,"axis":"y","origin":[3,1,3]},"faces":{"north":{"uv":[7.5,5,10,5.5],"texture":"#1"},"east":{"uv":[7.5,5.5,10,6],"texture":"#1"},"south":{"uv":[7.5,6,10,6.5],"texture":"#1"},"west":{"uv":[7.5,6.5,10,7],"texture":"#1"},"up":{"uv":[7.5,7.5,5,5],"texture":"#1"},"down":{"uv":[10,0,7.5,2.5],"texture":"#1"}}},{"from":[2.8,11.8,2.8],"to":[13.2,14.2,13.2],"rotation":{"angle":0,"axis":"y","origin":[3,11,3]},"faces":{"north":{"uv":[7.5,7,10,7.5],"texture":"#1"},"east":{"uv":[7.5,7.5,10,8],"texture":"#1"},"south":{"uv":[0,8,2.5,8.5],"texture":"#1"},"west":{"uv":[2.5,8,5,8.5],"texture":"#1"},"up":{"uv":[10,5,7.5,2.5],"texture":"#1"},"down":{"uv":[7.5,7.5,5,10],"texture":"#1"}}}],"display":{"thirdperson_righthand":{"rotation":[75,45,0],"translation":[0,2.5,0],"scale":[0.375,0.375,0.375]},"thirdperson_lefthand":{"rotation":[75,45,0],"translation":[0,2.5,0],"scale":[0.375,0.375,0.375]},"firstperson_righthand":{"rotation":[0,45,0],"scale":[0.4,0.4,0.4]},"firstperson_lefthand":{"rotation":[0,225,0],"scale":[0.4,0.4,0.4]},"ground":{"translation":[0,3,0],"scale":[0.5,0.5,0.5]},"gui":{"rotation":[30,225,0],"scale":[0.625,0.625,0.625]},"head":{"translation":[0,15.25,0],"scale":[1.1,1.1,1.1]},"fixed":{"rotation":[-90,0,0],"translation":[0,0,-15.5],"scale":[2,2,2]}},"groups":[{"name":"group","origin":[8,8,8],"color":0,"nbt":"{}","armAnimationEnabled":false,"children":[0,1,2]}]}