{"credit":"Made with Blockbench","texture_size":[64,64],"textures":{"6":"hmcmodels:furniture/decorations_plusplus/birch_crate"},"elements":[{"from":[2,2,2],"to":[14,14,14],"faces":{"north":{"uv":[0,0,3,3],"texture":"#6"},"east":{"uv":[0,3,3,6],"texture":"#6"},"south":{"uv":[3,0,6,3],"texture":"#6"},"west":{"uv":[3,3,6,6],"texture":"#6"},"up":{"uv":[3,9,0,6],"texture":"#6"},"down":{"uv":[9,0,6,3],"texture":"#6"}}},{"from":[0,0,0],"to":[2,16,2],"faces":{"north":{"uv":[3,6,3.5,10],"texture":"#6"},"east":{"uv":[6,3,6.5,7],"texture":"#6"},"south":{"uv":[3.5,6,4,10],"texture":"#6"},"west":{"uv":[4,6,4.5,10],"texture":"#6"},"up":{"uv":[6,10.5,5.5,10],"texture":"#6"},"down":{"uv":[1,10.5,0.5,11],"texture":"#6"}}},{"from":[14,0,0],"to":[16,16,2],"faces":{"north":{"uv":[4.5,6,5,10],"texture":"#6"},"east":{"uv":[5,6,5.5,10],"texture":"#6"},"south":{"uv":[5.5,6,6,10],"texture":"#6"},"west":{"uv":[6.5,3,7,7],"texture":"#6"},"up":{"uv":[1.5,11,1,10.5],"texture":"#6"},"down":{"uv":[2,10.5,1.5,11],"texture":"#6"}}},{"from":[2,14,0],"to":[14,16,2],"faces":{"north":{"uv":[8.5,3,11.5,3.5],"texture":"#6"},"east":{"uv":[2,10.5,2.5,11],"texture":"#6"},"south":{"uv":[8.5,3.5,11.5,4],"texture":"#6"},"west":{"uv":[2.5,10.5,3,11],"texture":"#6"},"up":{"uv":[11.5,4.5,8.5,4],"texture":"#6"},"down":{"uv":[11.5,4.5,8.5,5],"texture":"#6"}}},{"from":[0,0,14],"to":[2,16,16],"rotation":{"angle":0,"axis":"y","origin":[0,0,16]},"faces":{"north":{"uv":[7,3,7.5,7],"texture":"#6"},"east":{"uv":[6,7,6.5,11],"texture":"#6"},"south":{"uv":[6.5,7,7,11],"texture":"#6"},"west":{"uv":[7,7,7.5,11],"texture":"#6"},"up":{"uv":[3.5,11,3,10.5],"texture":"#6"},"down":{"uv":[6,10.5,5.5,11],"texture":"#6"}}},{"from":[14,0,14],"to":[16,16,16],"rotation":{"angle":0,"axis":"y","origin":[0,0,16]},"faces":{"north":{"uv":[7.5,3,8,7],"texture":"#6"},"east":{"uv":[7.5,7,8,11],"texture":"#6"},"south":{"uv":[8,3,8.5,7],"texture":"#6"},"west":{"uv":[8,7,8.5,11],"texture":"#6"},"up":{"uv":[10.5,11,10,10.5],"texture":"#6"},"down":{"uv":[11,10.5,10.5,11],"texture":"#6"}}},{"from":[2,14,14],"to":[14,16,16],"rotation":{"angle":0,"axis":"y","origin":[0,0,16]},"faces":{"north":{"uv":[8.5,5,11.5,5.5],"texture":"#6"},"east":{"uv":[0.5,11,1,11.5],"texture":"#6"},"south":{"uv":[8.5,5.5,11.5,6],"texture":"#6"},"west":{"uv":[1,11,1.5,11.5],"texture":"#6"},"up":{"uv":[11.5,6.5,8.5,6],"texture":"#6"},"down":{"uv":[11.5,6.5,8.5,7],"texture":"#6"}}},{"from":[2,0,0],"to":[14,2,2],"rotation":{"angle":0,"axis":"y","origin":[0,16,0]},"faces":{"north":{"uv":[8.5,7,11.5,7.5],"texture":"#6"},"east":{"uv":[1.5,11,2,11.5],"texture":"#6"},"south":{"uv":[8.5,7.5,11.5,8],"texture":"#6"},"west":{"uv":[2,11,2.5,11.5],"texture":"#6"},"up":{"uv":[11.5,8.5,8.5,8],"texture":"#6"},"down":{"uv":[11.5,8.5,8.5,9],"texture":"#6"}}},{"from":[2,0,14],"to":[14,2,16],"rotation":{"angle":0,"axis":"y","origin":[0,16,16]},"faces":{"north":{"uv":[0,9,3,9.5],"texture":"#6"},"east":{"uv":[2.5,11,3,11.5],"texture":"#6"},"south":{"uv":[9,0,12,0.5],"texture":"#6"},"west":{"uv":[3,11,3.5,11.5],"texture":"#6"},"up":{"uv":[12,1,9,0.5],"texture":"#6"},"down":{"uv":[12,1,9,1.5],"texture":"#6"}}},{"from":[0,0,2],"to":[2,2,14],"faces":{"north":{"uv":[5.5,11,6,11.5],"texture":"#6"},"east":{"uv":[9,1.5,12,2],"texture":"#6"},"south":{"uv":[6,11,6.5,11.5],"texture":"#6"},"west":{"uv":[9,2,12,2.5],"texture":"#6"},"up":{"uv":[9,12,8.5,9],"texture":"#6"},"down":{"uv":[9.5,9,9,12],"texture":"#6"}}},{"from":[14,0,2],"to":[16,2,14],"rotation":{"angle":0,"axis":"y","origin":[16,0,0]},"faces":{"north":{"uv":[6.5,11,7,11.5],"texture":"#6"},"east":{"uv":[9,2.5,12,3],"texture":"#6"},"south":{"uv":[7,11,7.5,11.5],"texture":"#6"},"west":{"uv":[0,9.5,3,10],"texture":"#6"},"up":{"uv":[10,12,9.5,9],"texture":"#6"},"down":{"uv":[0.5,10,0,13],"texture":"#6"}}},{"from":[0,14,2],"to":[2,16,14],"rotation":{"angle":0,"axis":"y","origin":[0,16,0]},"faces":{"north":{"uv":[7.5,11,8,11.5],"texture":"#6"},"east":{"uv":[0.5,10,3.5,10.5],"texture":"#6"},"south":{"uv":[8,11,8.5,11.5],"texture":"#6"},"west":{"uv":[10,9,13,9.5],"texture":"#6"},"up":{"uv":[4,13,3.5,10],"texture":"#6"},"down":{"uv":[4.5,10,4,13],"texture":"#6"}}},{"from":[14,14,2],"to":[16,16,14],"rotation":{"angle":0,"axis":"y","origin":[16,16,0]},"faces":{"north":{"uv":[10,11,10.5,11.5],"texture":"#6"},"east":{"uv":[10,9.5,13,10],"texture":"#6"},"south":{"uv":[10.5,11,11,11.5],"texture":"#6"},"west":{"uv":[10,10,13,10.5],"texture":"#6"},"up":{"uv":[5,13,4.5,10],"texture":"#6"},"down":{"uv":[5.5,10,5,13],"texture":"#6"}}}],"display":{"thirdperson_righthand":{"rotation":[75,45,0],"translation":[0,2.5,0],"scale":[0.375,0.375,0.375]},"thirdperson_lefthand":{"rotation":[75,45,0],"translation":[0,2.5,0],"scale":[0.375,0.375,0.375]},"firstperson_righthand":{"rotation":[0,45,0],"scale":[0.4,0.4,0.4]},"firstperson_lefthand":{"rotation":[0,225,0],"scale":[0.4,0.4,0.4]},"ground":{"translation":[0,3,0],"scale":[0.25,0.25,0.25]},"gui":{"rotation":[30,225,0],"scale":[0.625,0.625,0.625]},"head":{"scale":[1.1,1.1,1.1]},"fixed":{"rotation":[-90,0,0],"translation":[0,0,-15.5],"scale":[2,2,2]}},"groups":[{"name":"group","origin":[8,8,8],"color":0,"nbt":"{}","armAnimationEnabled":false,"children":[0,1,2,3,4,5,6,7,8,9,10,11,12]}]}