{"credit":"Made with Blockbench","texture_size":[64,64],"textures":{"1":"hmcmodels:furniture/decorations_plusplus/broken_barrel","particle":"hmcmodels:furniture/decorations_plusplus/broken_barrel"},"elements":[{"from":[3,0,13],"to":[13,16,13],"rotation":{"angle":0,"axis":"y","origin":[8,8,8]},"faces":{"north":{"uv":[0,0,2.5,4],"texture":"#1"},"east":{"uv":[0,0,0,4],"texture":"#1"},"south":{"uv":[2.5,0,5,4],"texture":"#1"},"west":{"uv":[0,0,0,4],"texture":"#1"},"up":{"uv":[2.5,0,0,0],"texture":"#1"},"down":{"uv":[2.5,0,0,0],"texture":"#1"}}},{"from":[3,0,3],"to":[13,16,3],"rotation":{"angle":0,"axis":"y","origin":[8,8,8]},"faces":{"north":{"uv":[0,4,2.5,8],"texture":"#1"},"east":{"uv":[0,0,0,4],"texture":"#1"},"south":{"uv":[2.5,4,5,8],"texture":"#1"},"west":{"uv":[0,0,0,4],"texture":"#1"},"up":{"uv":[2.5,0,0,0],"texture":"#1"},"down":{"uv":[2.5,0,0,0],"texture":"#1"}}},{"from":[2.9,2,13.1],"to":[13.1,4,13.1],"rotation":{"angle":0,"axis":"y","origin":[8,3,8]},"faces":{"north":{"uv":[5,8,7.5,8.5],"texture":"#1"},"east":{"uv":[0,0,0,0.5],"texture":"#1"},"south":{"uv":[7.5,8,10,8.5],"texture":"#1"},"west":{"uv":[0,0,0,0.5],"texture":"#1"},"up":{"uv":[2.5,0,0,0],"texture":"#1"},"down":{"uv":[2.5,0,0,0],"texture":"#1"}}},{"from":[13.1,2,2.9],"to":[13.1,4,13.1],"rotation":{"angle":0,"axis":"y","origin":[8,3,8]},"faces":{"north":{"uv":[0,0,0,0.5],"texture":"#1"},"east":{"uv":[5,8.5,7.5,9],"texture":"#1"},"south":{"uv":[0,0,0,0.5],"texture":"#1"},"west":{"uv":[7.5,8.5,10,9],"texture":"#1"},"up":{"uv":[0,2.5,0,0],"texture":"#1"},"down":{"uv":[0,0,0,2.5],"texture":"#1"}}},{"from":[2.9,2,2.9],"to":[13.1,4,2.9],"rotation":{"angle":0,"axis":"y","origin":[8,3,8]},"faces":{"north":{"uv":[5,9,7.5,9.5],"texture":"#1"},"east":{"uv":[0,0,0,0.5],"texture":"#1"},"south":{"uv":[7.5,9,10,9.5],"texture":"#1"},"west":{"uv":[0,0,0,0.5],"texture":"#1"},"up":{"uv":[2.5,0,0,0],"texture":"#1"},"down":{"uv":[2.5,0,0,0],"texture":"#1"}}},{"from":[2.9,2,2.9],"to":[2.9,4,13.1],"rotation":{"angle":0,"axis":"y","origin":[8,3,8]},"faces":{"north":{"uv":[0,0,0,0.5],"texture":"#1"},"east":{"uv":[5,9.5,7.5,10],"texture":"#1"},"south":{"uv":[0,0,0,0.5],"texture":"#1"},"west":{"uv":[7.5,9.5,10,10],"texture":"#1"},"up":{"uv":[0,2.5,0,0],"texture":"#1"},"down":{"uv":[0,0,0,2.5],"texture":"#1"}}},{"from":[3,0,3],"to":[3,16,13],"rotation":{"angle":0,"axis":"y","origin":[8,8,8]},"faces":{"north":{"uv":[0,0,0,4],"texture":"#1"},"east":{"uv":[5,0,7.5,4],"texture":"#1"},"south":{"uv":[0,0,0,4],"texture":"#1"},"west":{"uv":[5,4,7.5,8],"texture":"#1"},"up":{"uv":[0,2.5,0,0],"texture":"#1"},"down":{"uv":[0,0,0,2.5],"texture":"#1"}}},{"from":[13,0,3],"to":[13,16,13],"rotation":{"angle":0,"axis":"y","origin":[8,8,8]},"faces":{"north":{"uv":[0,0,0,4],"texture":"#1"},"east":{"uv":[7.5,0,10,4],"texture":"#1"},"south":{"uv":[0,0,0,4],"texture":"#1"},"west":{"uv":[7.5,4,10,8],"texture":"#1"},"up":{"uv":[0,2.5,0,0],"texture":"#1"},"down":{"uv":[0,0,0,2.5],"texture":"#1"}}},{"from":[3,0,3],"to":[13,0,13],"rotation":{"angle":0,"axis":"y","origin":[8,8,8]},"faces":{"north":{"uv":[0,0,2.5,0],"texture":"#1"},"east":{"uv":[0,0,2.5,0],"texture":"#1"},"south":{"uv":[0,0,2.5,0],"texture":"#1"},"west":{"uv":[0,0,2.5,0],"texture":"#1"},"up":{"uv":[5,10.5,2.5,8],"texture":"#1"},"down":{"uv":[5,8,2.5,10.5],"texture":"#1"}}}],"display":{"thirdperson_righthand":{"rotation":[75,45,0],"translation":[0,2.5,0],"scale":[0.375,0.375,0.375]},"thirdperson_lefthand":{"rotation":[75,45,0],"translation":[0,2.5,0],"scale":[0.375,0.375,0.375]},"firstperson_righthand":{"rotation":[0,45,0],"scale":[0.4,0.4,0.4]},"firstperson_lefthand":{"rotation":[0,225,0],"scale":[0.4,0.4,0.4]},"ground":{"translation":[0,3,0],"scale":[0.5,0.5,0.5]},"gui":{"rotation":[30,225,0],"scale":[0.625,0.625,0.625]},"head":{"translation":[0,15.25,0],"scale":[1.1,1.1,1.1]},"fixed":{"rotation":[-90,0,0],"translation":[0,0,-16.5],"scale":[2,2,2]}},"groups":[{"name":"group","origin":[8,8,8],"color":0,"nbt":"{}","armAnimationEnabled":false,"children":[0,1,2,3,4,5,6,7,8]}]}