{"credit":"Made with Blockbench","textures":{"2":"hmcmodels:furniture/decorations_plusplus/bronze_coin","particle":"hmcmodels:furniture/decorations_plusplus/bronze_coin"},"elements":[{"from":[5.5,0,5.5],"to":[10.5,2,10.5],"rotation":{"angle":0,"axis":"y","origin":[8,0.5,8]},"faces":{"north":{"uv":[5,0,10,2],"texture":"#2"},"east":{"uv":[5,2,10,4],"texture":"#2"},"south":{"uv":[5,4,10,6],"texture":"#2"},"west":{"uv":[5,6,10,8],"texture":"#2"},"up":{"uv":[5,5,0,0],"texture":"#2"},"down":{"uv":[5,5,0,10],"texture":"#2"}}},{"from":[5.5,4,5.5],"to":[10.5,6,10.5],"rotation":{"angle":45,"axis":"y","origin":[8,4.5,8]},"faces":{"north":{"uv":[5,0,10,2],"texture":"#2"},"east":{"uv":[5,2,10,4],"texture":"#2"},"south":{"uv":[5,4,10,6],"texture":"#2"},"west":{"uv":[5,6,10,8],"texture":"#2"},"up":{"uv":[5,5,0,0],"texture":"#2"},"down":{"uv":[5,5,0,10],"texture":"#2"}}},{"from":[10.5,0.9,5.5],"to":[15.5,2.9,10.5],"rotation":{"angle":-22.5,"axis":"z","origin":[13,1.9,8]},"faces":{"north":{"uv":[5,0,10,2],"texture":"#2"},"east":{"uv":[5,2,10,4],"texture":"#2"},"south":{"uv":[5,4,10,6],"texture":"#2"},"west":{"uv":[5,6,10,8],"texture":"#2"},"up":{"uv":[5,5,0,0],"texture":"#2"},"down":{"uv":[5,5,0,10],"texture":"#2"}}},{"from":[5.5,2,5.5],"to":[10.5,4,10.5],"rotation":{"angle":-22.5,"axis":"y","origin":[8,3,8]},"faces":{"north":{"uv":[5,0,10,2],"texture":"#2"},"east":{"uv":[5,2,10,4],"texture":"#2"},"south":{"uv":[5,4,10,6],"texture":"#2"},"west":{"uv":[5,6,10,8],"texture":"#2"},"up":{"uv":[5,5,0,0],"texture":"#2"},"down":{"uv":[5,5,0,10],"texture":"#2"}}}],"display":{"thirdperson_righthand":{"translation":[0,1.25,-0.75],"scale":[0.4,0.4,0.4]},"thirdperson_lefthand":{"translation":[0,1.25,-0.75],"scale":[0.4,0.4,0.4]},"firstperson_righthand":{"rotation":[0,45,0],"translation":[2.5,2.5,0],"scale":[0.4,0.4,0.4]},"firstperson_lefthand":{"rotation":[0,45,0],"translation":[2.5,2.5,0],"scale":[0.4,0.4,0.4]},"ground":{"translation":[0,3,0],"scale":[0.5,0.5,0.5]},"gui":{"rotation":[27,0,0],"translation":[-1.25,5,0]},"head":{"translation":[0,15.25,0],"scale":[1.1,1.1,1.1]},"fixed":{"rotation":[-90,0,0],"translation":[0,0,-15.5],"scale":[2,2,2]}},"groups":[{"name":"group","origin":[8,8,8],"color":0,"nbt":"{}","armAnimationEnabled":false,"children":[0,1,2,3]}]}