{"credit":"Made with Blockbench","textures":{"0":"hmcmodels:furniture/decorations_plusplus/bronze_coin","particle":"hmcmodels:furniture/decorations_plusplus/bronze_coin"},"elements":[{"from":[5.5,0,5.5],"to":[10.5,2,10.5],"rotation":{"angle":0,"axis":"y","origin":[8,0.5,8]},"faces":{"north":{"uv":[5,0,10,2],"texture":"#0"},"east":{"uv":[5,2,10,4],"texture":"#0"},"south":{"uv":[5,4,10,6],"texture":"#0"},"west":{"uv":[5,6,10,8],"texture":"#0"},"up":{"uv":[5,5,0,0],"texture":"#0"},"down":{"uv":[5,5,0,10],"texture":"#0"}}},{"from":[3.5,0,0.5],"to":[8.5,2,5.5],"rotation":{"angle":0,"axis":"y","origin":[6,0.5,3]},"faces":{"north":{"uv":[5,0,10,2],"texture":"#0"},"east":{"uv":[5,2,10,4],"texture":"#0"},"south":{"uv":[5,4,10,6],"texture":"#0"},"west":{"uv":[5,6,10,8],"texture":"#0"},"up":{"uv":[5,5,0,0],"texture":"#0"},"down":{"uv":[5,5,0,10],"texture":"#0"}}},{"from":[10.5,0.9,5.5],"to":[15.5,2.9,10.5],"rotation":{"angle":-22.5,"axis":"z","origin":[13,1.9,8]},"faces":{"north":{"uv":[5,0,10,2],"texture":"#0"},"east":{"uv":[5,2,10,4],"texture":"#0"},"south":{"uv":[5,4,10,6],"texture":"#0"},"west":{"uv":[5,6,10,8],"texture":"#0"},"up":{"uv":[5,5,0,0],"texture":"#0"},"down":{"uv":[5,5,0,10],"texture":"#0"}}},{"from":[5.5,2,5.5],"to":[10.5,4,10.5],"rotation":{"angle":-22.5,"axis":"y","origin":[8,3,8]},"faces":{"north":{"uv":[5,0,10,2],"texture":"#0"},"east":{"uv":[5,2,10,4],"texture":"#0"},"south":{"uv":[5,4,10,6],"texture":"#0"},"west":{"uv":[5,6,10,8],"texture":"#0"},"up":{"uv":[5,5,0,0],"texture":"#0"},"down":{"uv":[5,5,0,10],"texture":"#0"}}},{"from":[5.5,6,5.5],"to":[10.5,8,10.5],"rotation":{"angle":45,"axis":"y","origin":[8,0.5,8]},"faces":{"north":{"uv":[5,0,10,2],"texture":"#0"},"east":{"uv":[5,2,10,4],"texture":"#0"},"south":{"uv":[5,4,10,6],"texture":"#0"},"west":{"uv":[5,6,10,8],"texture":"#0"},"up":{"uv":[5,5,0,0],"texture":"#0"},"down":{"uv":[5,5,0,10],"texture":"#0"}}},{"from":[0.5,0,10.5],"to":[5.5,2,15.5],"rotation":{"angle":45,"axis":"y","origin":[3,-5.5,13]},"faces":{"north":{"uv":[5,0,10,2],"texture":"#0"},"east":{"uv":[5,2,10,4],"texture":"#0"},"south":{"uv":[5,4,10,6],"texture":"#0"},"west":{"uv":[5,6,10,8],"texture":"#0"},"up":{"uv":[5,5,0,0],"texture":"#0"},"down":{"uv":[5,5,0,10],"texture":"#0"}}},{"from":[5.5,4,5.5],"to":[10.5,6,10.5],"rotation":{"angle":0,"axis":"y","origin":[8,0.5,8]},"faces":{"north":{"uv":[5,0,10,2],"texture":"#0"},"east":{"uv":[5,2,10,4],"texture":"#0"},"south":{"uv":[5,4,10,6],"texture":"#0"},"west":{"uv":[5,6,10,8],"texture":"#0"},"up":{"uv":[5,5,0,0],"texture":"#0"},"down":{"uv":[5,5,0,10],"texture":"#0"}}}],"display":{"thirdperson_righthand":{"translation":[0,1.25,-0.75],"scale":[0.4,0.4,0.4]},"thirdperson_lefthand":{"translation":[0,1.25,-0.75],"scale":[0.4,0.4,0.4]},"firstperson_righthand":{"rotation":[0,45,0],"translation":[2.5,2.5,0],"scale":[0.4,0.4,0.4]},"firstperson_lefthand":{"rotation":[0,45,0],"translation":[2.5,2.5,0],"scale":[0.4,0.4,0.4]},"ground":{"translation":[0,3,0],"scale":[0.5,0.5,0.5]},"gui":{"rotation":[36,0,0],"translation":[0,4,0],"scale":[0.8,0.8,0.8]},"head":{"translation":[0,15.25,0],"scale":[1.1,1.1,1.1]},"fixed":{"rotation":[-90,0,0],"translation":[0,0,-15.5],"scale":[2,2,2]}},"groups":[{"name":"group","origin":[8,8,8],"color":0,"nbt":"{}","armAnimationEnabled":false,"children":[0,1,2,3,4,5,6]}]}