{"credit":"Made with Blockbench","texture_size":[128,128],"textures":{"2":"hmcmodels:furniture/decorations_plusplus/cabinet"},"elements":[{"from":[-5,0,1.5],"to":[21,7,14.5],"rotation":{"angle":0,"axis":"y","origin":[-8,5,1.5]},"faces":{"north":{"uv":[3.25,8.375,6.5,9.25],"texture":"#2"},"east":{"uv":[9,8.75,10.625,9.625],"texture":"#2"},"south":{"uv":[9,7.875,12.25,8.75],"texture":"#2"},"west":{"uv":[3.25,9.25,4.875,10.125],"texture":"#2"},"up":{"uv":[9.75,4.875,6.5,3.25],"texture":"#2"},"down":{"uv":[9.75,4.875,6.5,6.5],"texture":"#2"}}},{"from":[-5,13,1.5],"to":[21,15,12.5],"rotation":{"angle":0,"axis":"y","origin":[-8,13,1.5]},"faces":{"north":{"uv":[0,9.5,3.25,9.75],"texture":"#2"},"east":{"uv":[9.75,7.375,11.125,7.625],"texture":"#2"},"south":{"uv":[9,9.625,12.25,9.875],"texture":"#2"},"west":{"uv":[9.75,7.625,11.125,7.875],"texture":"#2"},"up":{"uv":[9.75,7.875,6.5,6.5],"texture":"#2"},"down":{"uv":[10.25,0,7,1.375],"texture":"#2"}}},{"from":[-5,21,1.5],"to":[21,23,12.5],"rotation":{"angle":0,"axis":"y","origin":[-8,13,1.5]},"faces":{"north":{"uv":[0,9.75,3.25,10],"texture":"#2"},"east":{"uv":[0.25,10,1.625,10.25],"texture":"#2"},"south":{"uv":[9.75,3.25,13,3.5],"texture":"#2"},"west":{"uv":[1.625,10,3,10.25],"texture":"#2"},"up":{"uv":[10.25,2.75,7,1.375],"texture":"#2"},"down":{"uv":[6.5,7,3.25,8.375],"texture":"#2"}}},{"from":[-7,30,1.5],"to":[23,32,14.5],"rotation":{"angle":0,"axis":"y","origin":[-8,30,1.5]},"faces":{"north":{"uv":[7,2.75,10.75,3],"texture":"#2"},"east":{"uv":[9.75,6.875,11.375,7.125],"texture":"#2"},"south":{"uv":[7,3,10.75,3.25],"texture":"#2"},"west":{"uv":[9.75,7.125,11.375,7.375],"texture":"#2"},"up":{"uv":[7,1.625,3.25,0],"texture":"#2"},"down":{"uv":[7,1.625,3.25,3.25],"texture":"#2"}}},{"from":[-5,7,12.5],"to":[21,30,14.5],"rotation":{"angle":0,"axis":"y","origin":[-8,28,1.5]},"faces":{"north":{"uv":[0,0,3.25,2.875],"texture":"#2"},"east":{"uv":[5.875,9.25,6.125,12.125],"texture":"#2"},"south":{"uv":[0,2.875,3.25,5.75],"texture":"#2"},"west":{"uv":[6.125,9.25,6.375,12.125],"texture":"#2"},"up":{"uv":[13,3.75,9.75,3.5],"texture":"#2"},"down":{"uv":[13,3.75,9.75,4],"texture":"#2"}}},{"from":[21,0,1.5],"to":[23,30,14.5],"rotation":{"angle":0,"axis":"y","origin":[-8,28,-0.5]},"faces":{"north":{"uv":[4.875,9.25,5.125,13],"texture":"#2"},"east":{"uv":[3.25,3.25,4.875,7],"texture":"#2"},"south":{"uv":[5.125,9.25,5.375,13],"texture":"#2"},"west":{"uv":[4.875,3.25,6.5,7],"texture":"#2"},"up":{"uv":[9.5,11.5,9.25,9.875],"texture":"#2"},"down":{"uv":[9.75,9.875,9.5,11.5],"texture":"#2"}}},{"from":[-7,0,1.5],"to":[-5,30,14.5],"rotation":{"angle":0,"axis":"y","origin":[24,28,-0.5]},"faces":{"north":{"uv":[5.375,9.25,5.625,13],"texture":"#2"},"east":{"uv":[0,5.75,1.625,9.5],"texture":"#2"},"south":{"uv":[5.625,9.25,5.875,13],"texture":"#2"},"west":{"uv":[1.625,5.75,3.25,9.5],"texture":"#2"},"up":{"uv":[10,11.5,9.75,9.875],"texture":"#2"},"down":{"uv":[0.25,10,0,11.625],"texture":"#2"}}},{"from":[7,7,2.5],"to":[9,30,12.5],"rotation":{"angle":0,"axis":"y","origin":[38,28,-0.5]},"faces":{"north":{"uv":[9.75,4,10,6.875],"texture":"#2"},"east":{"uv":[6.5,7.875,7.75,10.75],"texture":"#2"},"south":{"uv":[9,9.875,9.25,12.75],"texture":"#2"},"west":{"uv":[7.75,7.875,9,10.75],"texture":"#2"},"up":{"uv":[3.25,11.25,3,10],"texture":"#2"},"down":{"uv":[10.25,4,10,5.25],"texture":"#2"}}}],"display":{"thirdperson_righthand":{"rotation":[75,45,0],"translation":[0,2.5,0],"scale":[0.375,0.375,0.375]},"thirdperson_lefthand":{"rotation":[75,45,0],"translation":[0,2.5,0],"scale":[0.375,0.375,0.375]},"firstperson_righthand":{"rotation":[0,139,0],"scale":[0.4,0.4,0.4]},"firstperson_lefthand":{"rotation":[0,140,0],"scale":[0.4,0.4,0.4]},"ground":{"scale":[0.5,0.5,0.5]},"gui":{"rotation":[0,180,0],"translation":[0,-3.25,0],"scale":[0.4,0.4,0.4]},"head":{"translation":[0,11.25,0],"scale":[0.6,0.6,0.6]},"fixed":{"rotation":[-90,0,0],"translation":[0,0,-15.5],"scale":[2,2,2]}},"groups":[{"name":"group","origin":[8,8,8],"color":0,"nbt":"{}","armAnimationEnabled":false,"children":[0,1,2,3,4,5,6,7]}]}