{"credit":"Made with Blockbench","texture_size":[128,128],"textures":{"1":"hmcmodels:furniture/decorations_plusplus/cabinet_with_potions","particle":"hmcmodels:furniture/decorations_plusplus/cabinet_with_potions"},"elements":[{"from":[15,7,7.5],"to":[19,11,11.5],"rotation":{"angle":-45,"axis":"y","origin":[17,10.25,9.5]},"faces":{"north":{"uv":[10,5.25,10.5,5.75],"texture":"#1"},"east":{"uv":[10,5.75,10.5,6.25],"texture":"#1"},"south":{"uv":[10,6.25,10.5,6.75],"texture":"#1"},"west":{"uv":[10,9.875,10.5,10.375],"texture":"#1"},"up":{"uv":[3.75,10.625,3.25,10.125],"texture":"#1"},"down":{"uv":[4.25,10.125,3.75,10.625],"texture":"#1"}}},{"from":[13,15,4.5],"to":[17,19,8.5],"rotation":{"angle":-45,"axis":"y","origin":[15,17,6.5]},"faces":{"north":{"uv":[1.25,10.25,1.75,10.75],"texture":"#1"},"east":{"uv":[10.25,1.5,10.75,2],"texture":"#1"},"south":{"uv":[1.75,10.25,2.25,10.75],"texture":"#1"},"west":{"uv":[10.25,2,10.75,2.5],"texture":"#1"},"up":{"uv":[2.75,10.75,2.25,10.25],"texture":"#1"},"down":{"uv":[10.75,4,10.25,4.5],"texture":"#1"}}},{"from":[16,11,8.5],"to":[18,12,10.5],"rotation":{"angle":-45,"axis":"y","origin":[17,10.25,9.5]},"faces":{"north":{"uv":[10,6.75,10.25,6.875],"texture":"#1"},"east":{"uv":[10.25,6.75,10.5,6.875],"texture":"#1"},"south":{"uv":[10.75,6.75,11,6.875],"texture":"#1"},"west":{"uv":[10.875,9.5,11.125,9.625],"texture":"#1"},"up":{"uv":[10.5,2.75,10.25,2.5],"texture":"#1"},"down":{"uv":[10.5,5,10.25,5.25],"texture":"#1"}}},{"from":[-3,7,7.5],"to":[1,11,11.5],"rotation":{"angle":0,"axis":"y","origin":[-1,10.25,9.5]},"faces":{"north":{"uv":[4.25,10.125,4.75,10.625],"texture":"#1"},"east":{"uv":[10.25,0,10.75,0.5],"texture":"#1"},"south":{"uv":[0.25,10.25,0.75,10.75],"texture":"#1"},"west":{"uv":[10.25,0.5,10.75,1],"texture":"#1"},"up":{"uv":[1.25,10.75,0.75,10.25],"texture":"#1"},"down":{"uv":[10.75,1,10.25,1.5],"texture":"#1"}}},{"from":[-2,11,8.5],"to":[0,12,10.5],"rotation":{"angle":0,"axis":"y","origin":[-1,10.25,9.5]},"faces":{"north":{"uv":[10.5,10.875,10.75,11],"texture":"#1"},"east":{"uv":[10.75,10.875,11,11],"texture":"#1"},"south":{"uv":[11,0,11.25,0.125],"texture":"#1"},"west":{"uv":[11,0.125,11.25,0.25],"texture":"#1"},"up":{"uv":[6.875,11,6.625,10.75],"texture":"#1"},"down":{"uv":[7.125,10.75,6.875,11],"texture":"#1"}}},{"from":[11,7,6.5],"to":[13,11,8.5],"rotation":{"angle":22.5,"axis":"y","origin":[12,10.25,7.5]},"faces":{"north":{"uv":[2.75,10.25,3,10.75],"texture":"#1"},"east":{"uv":[10.5,10.375,10.75,10.875],"texture":"#1"},"south":{"uv":[3.25,10.625,3.5,11.125],"texture":"#1"},"west":{"uv":[3.5,10.625,3.75,11.125],"texture":"#1"},"up":{"uv":[10.75,2.75,10.5,2.5],"texture":"#1"},"down":{"uv":[11,3,10.75,3.25],"texture":"#1"}}},{"from":[14,7,4.5],"to":[16,10,6.5],"rotation":{"angle":0,"axis":"y","origin":[15,10.25,5.5]},"faces":{"north":{"uv":[10.5,6.5,10.75,6.875],"texture":"#1"},"east":{"uv":[10.625,9.25,10.875,9.625],"texture":"#1"},"south":{"uv":[1.25,10.75,1.5,11.125],"texture":"#1"},"west":{"uv":[1.5,10.75,1.75,11.125],"texture":"#1"},"up":{"uv":[11,5,10.75,4.75],"texture":"#1"},"down":{"uv":[11,6.5,10.75,6.75],"texture":"#1"}}},{"from":[11.5,11,7],"to":[12.5,12,8],"rotation":{"angle":22.5,"axis":"y","origin":[12,11.25,7.5]},"faces":{"north":{"uv":[6.375,9.25,6.5,9.375],"texture":"#1"},"east":{"uv":[6.375,9.375,6.5,9.5],"texture":"#1"},"south":{"uv":[6.375,9.5,6.5,9.625],"texture":"#1"},"west":{"uv":[6.375,9.625,6.5,9.75],"texture":"#1"},"up":{"uv":[6.5,9.875,6.375,9.75],"texture":"#1"},"down":{"uv":[6.5,9.875,6.375,10],"texture":"#1"}}},{"from":[4,7,9.5],"to":[6,11,11.5],"rotation":{"angle":-22.5,"axis":"y","origin":[5,10.25,10.5]},"faces":{"north":{"uv":[3.75,10.625,4,11.125],"texture":"#1"},"east":{"uv":[4,10.625,4.25,11.125],"texture":"#1"},"south":{"uv":[4.25,10.625,4.5,11.125],"texture":"#1"},"west":{"uv":[4.5,10.625,4.75,11.125],"texture":"#1"},"up":{"uv":[7.375,11,7.125,10.75],"texture":"#1"},"down":{"uv":[7.625,10.75,7.375,11],"texture":"#1"}}},{"from":[4.5,11,10],"to":[5.5,12,11],"rotation":{"angle":-22.5,"axis":"y","origin":[5,11.25,10.5]},"faces":{"north":{"uv":[6.375,10.375,6.5,10.5],"texture":"#1"},"east":{"uv":[4.75,10.5,4.875,10.625],"texture":"#1"},"south":{"uv":[6.375,10.5,6.5,10.625],"texture":"#1"},"west":{"uv":[4.75,10.625,4.875,10.75],"texture":"#1"},"up":{"uv":[6.5,10.75,6.375,10.625],"texture":"#1"},"down":{"uv":[4.875,10.75,4.75,10.875],"texture":"#1"}}},{"from":[1,7,5.5],"to":[3,11,7.5],"rotation":{"angle":22.5,"axis":"y","origin":[2,10.25,6.5]},"faces":{"north":{"uv":[10.625,8.75,10.875,9.25],"texture":"#1"},"east":{"uv":[10.75,0,11,0.5],"texture":"#1"},"south":{"uv":[0.25,10.75,0.5,11.25],"texture":"#1"},"west":{"uv":[0.5,10.75,0.75,11.25],"texture":"#1"},"up":{"uv":[7.875,11,7.625,10.75],"texture":"#1"},"down":{"uv":[8.125,10.75,7.875,11],"texture":"#1"}}},{"from":[1.5,11,6],"to":[2.5,12,7],"rotation":{"angle":22.5,"axis":"y","origin":[2,11.25,6.5]},"faces":{"north":{"uv":[8.875,10.75,9,10.875],"texture":"#1"},"east":{"uv":[4.75,10.875,4.875,11],"texture":"#1"},"south":{"uv":[8.875,10.875,9,11],"texture":"#1"},"west":{"uv":[11,0.75,11.125,0.875],"texture":"#1"},"up":{"uv":[11.125,1,11,0.875],"texture":"#1"},"down":{"uv":[11.125,1,11,1.125],"texture":"#1"}}},{"from":[14.5,10,5],"to":[15.5,11,6],"rotation":{"angle":0,"axis":"y","origin":[15,10.25,5.5]},"faces":{"north":{"uv":[6.375,10,6.5,10.125],"texture":"#1"},"east":{"uv":[4.75,10.125,4.875,10.25],"texture":"#1"},"south":{"uv":[6.375,10.125,6.5,10.25],"texture":"#1"},"west":{"uv":[4.75,10.25,4.875,10.375],"texture":"#1"},"up":{"uv":[6.5,10.375,6.375,10.25],"texture":"#1"},"down":{"uv":[4.875,10.375,4.75,10.5],"texture":"#1"}}},{"from":[-2.57507,23,4.60895],"to":[1.42493,27,8.60895],"rotation":{"angle":22.5,"axis":"y","origin":[2.5,26,7.5]},"faces":{"north":{"uv":[10.25,4.5,10.75,5],"texture":"#1"},"east":{"uv":[10,10.375,10.5,10.875],"texture":"#1"},"south":{"uv":[10.5,5,11,5.5],"texture":"#1"},"west":{"uv":[10.5,5.5,11,6],"texture":"#1"},"up":{"uv":[11,6.5,10.5,6],"texture":"#1"},"down":{"uv":[11,9.875,10.5,10.375],"texture":"#1"}}},{"from":[3.15642,23,7.72731],"to":[5.15642,26,9.72731],"rotation":{"angle":-22.5,"axis":"y","origin":[2.5,26,7.5]},"faces":{"north":{"uv":[2.75,10.75,3,11.125],"texture":"#1"},"east":{"uv":[10.75,4,11,4.375],"texture":"#1"},"south":{"uv":[10.75,4.375,11,4.75],"texture":"#1"},"west":{"uv":[6.375,10.75,6.625,11.125],"texture":"#1"},"up":{"uv":[10.25,11.125,10,10.875],"texture":"#1"},"down":{"uv":[10.5,10.875,10.25,11.125],"texture":"#1"}}},{"from":[3.26777,23,4.73223],"to":[5.26777,27,6.73223],"rotation":{"angle":0,"axis":"y","origin":[2.5,26,7.5]},"faces":{"north":{"uv":[10.75,0.5,11,1],"texture":"#1"},"east":{"uv":[0.75,10.75,1,11.25],"texture":"#1"},"south":{"uv":[1,10.75,1.25,11.25],"texture":"#1"},"west":{"uv":[10.75,1,11,1.5],"texture":"#1"},"up":{"uv":[11.125,9.25,10.875,9],"texture":"#1"},"down":{"uv":[11.125,9.25,10.875,9.5],"texture":"#1"}}},{"from":[3.76777,27,5.23223],"to":[4.76777,28,6.23223],"rotation":{"angle":0,"axis":"y","origin":[2.5,26,7.5]},"faces":{"north":{"uv":[11,4.75,11.125,4.875],"texture":"#1"},"east":{"uv":[11,4.875,11.125,5],"texture":"#1"},"south":{"uv":[11,5,11.125,5.125],"texture":"#1"},"west":{"uv":[11,5.125,11.125,5.25],"texture":"#1"},"up":{"uv":[11.125,5.375,11,5.25],"texture":"#1"},"down":{"uv":[11.125,5.375,11,5.5],"texture":"#1"}}},{"from":[-1.57507,27,5.60895],"to":[0.42493,28,7.60895],"rotation":{"angle":22.5,"axis":"y","origin":[2.5,26,7.5]},"faces":{"north":{"uv":[11,0.25,11.25,0.375],"texture":"#1"},"east":{"uv":[11,0.375,11.25,0.5],"texture":"#1"},"south":{"uv":[11,0.5,11.25,0.625],"texture":"#1"},"west":{"uv":[11,0.625,11.25,0.75],"texture":"#1"},"up":{"uv":[11,10.875,10.75,10.625],"texture":"#1"},"down":{"uv":[11.125,8.75,10.875,9],"texture":"#1"}}},{"from":[3.65642,26,8.22731],"to":[4.65642,27,9.22731],"rotation":{"angle":-22.5,"axis":"y","origin":[2.5,26,7.5]},"faces":{"north":{"uv":[11,4.125,11.125,4.25],"texture":"#1"},"east":{"uv":[11,4.25,11.125,4.375],"texture":"#1"},"south":{"uv":[11,4.375,11.125,4.5],"texture":"#1"},"west":{"uv":[11,4.5,11.125,4.625],"texture":"#1"},"up":{"uv":[11.125,4.75,11,4.625],"texture":"#1"},"down":{"uv":[4.875,11,4.75,11.125],"texture":"#1"}}},{"from":[18,15,8.5],"to":[20,18,10.5],"rotation":{"angle":45,"axis":"y","origin":[19,17.5,9.5]},"faces":{"north":{"uv":[10.75,1.5,11,1.875],"texture":"#1"},"east":{"uv":[1.75,10.75,2,11.125],"texture":"#1"},"south":{"uv":[10.75,1.875,11,2.25],"texture":"#1"},"west":{"uv":[2,10.75,2.25,11.125],"texture":"#1"},"up":{"uv":[8.375,11,8.125,10.75],"texture":"#1"},"down":{"uv":[8.625,10.75,8.375,11],"texture":"#1"}}},{"from":[18.5,18,9],"to":[19.5,19,10],"rotation":{"angle":45,"axis":"y","origin":[19,17.5,9.5]},"faces":{"north":{"uv":[11,1.125,11.125,1.25],"texture":"#1"},"east":{"uv":[11,1.25,11.125,1.375],"texture":"#1"},"south":{"uv":[11,1.375,11.125,1.5],"texture":"#1"},"west":{"uv":[11,1.5,11.125,1.625],"texture":"#1"},"up":{"uv":[11.125,1.75,11,1.625],"texture":"#1"},"down":{"uv":[11.125,1.75,11,1.875],"texture":"#1"}}},{"from":[17.8,16.5,2],"to":[18.8,17.5,3],"rotation":{"angle":45,"axis":"y","origin":[19,17.5,9.5]},"faces":{"north":{"uv":[11,2.625,11.125,2.75],"texture":"#1"},"east":{"uv":[11,2.75,11.125,2.875],"texture":"#1"},"south":{"uv":[11,2.875,11.125,3],"texture":"#1"},"west":{"uv":[11,3,11.125,3.125],"texture":"#1"},"up":{"uv":[11.125,3.25,11,3.125],"texture":"#1"},"down":{"uv":[11.125,4,11,4.125],"texture":"#1"}}},{"from":[11,15,8.5],"to":[13,18,10.5],"rotation":{"angle":22.5,"axis":"y","origin":[12,17.5,9.5]},"faces":{"north":{"uv":[2.25,10.75,2.5,11.125],"texture":"#1"},"east":{"uv":[10.75,2.25,11,2.625],"texture":"#1"},"south":{"uv":[2.5,10.75,2.75,11.125],"texture":"#1"},"west":{"uv":[10.75,2.625,11,3],"texture":"#1"},"up":{"uv":[8.875,11,8.625,10.75],"texture":"#1"},"down":{"uv":[11,10.375,10.75,10.625],"texture":"#1"}}},{"from":[11.5,18,9],"to":[12.5,19,10],"rotation":{"angle":22.5,"axis":"y","origin":[12,17.5,9.5]},"faces":{"north":{"uv":[11,1.875,11.125,2],"texture":"#1"},"east":{"uv":[11,2,11.125,2.125],"texture":"#1"},"south":{"uv":[11,2.125,11.125,2.25],"texture":"#1"},"west":{"uv":[11,2.25,11.125,2.375],"texture":"#1"},"up":{"uv":[11.125,2.5,11,2.375],"texture":"#1"},"down":{"uv":[11.125,2.5,11,2.625],"texture":"#1"}}},{"from":[-5,0,1.5],"to":[21,7,14.5],"rotation":{"angle":0,"axis":"y","origin":[-8,5,1.5]},"faces":{"north":{"uv":[3.25,8.375,6.5,9.25],"texture":"#1"},"east":{"uv":[9,8.75,10.625,9.625],"texture":"#1"},"south":{"uv":[9,7.875,12.25,8.75],"texture":"#1"},"west":{"uv":[3.25,9.25,4.875,10.125],"texture":"#1"},"up":{"uv":[9.75,4.875,6.5,3.25],"texture":"#1"},"down":{"uv":[9.75,4.875,6.5,6.5],"texture":"#1"}}},{"from":[-5,13,1.5],"to":[21,15,12.5],"rotation":{"angle":0,"axis":"y","origin":[-8,13,1.5]},"faces":{"north":{"uv":[0,9.75,3.25,10],"texture":"#1"},"east":{"uv":[9.75,7.375,11.125,7.625],"texture":"#1"},"south":{"uv":[9.75,3.25,13,3.5],"texture":"#1"},"west":{"uv":[9.75,7.625,11.125,7.875],"texture":"#1"},"up":{"uv":[9.75,7.875,6.5,6.5],"texture":"#1"},"down":{"uv":[10.25,0,7,1.375],"texture":"#1"}}},{"from":[-5,21,1.5],"to":[21,23,12.5],"rotation":{"angle":0,"axis":"y","origin":[-8,13,1.5]},"faces":{"north":{"uv":[9.75,3.5,13,3.75],"texture":"#1"},"east":{"uv":[0.25,10,1.625,10.25],"texture":"#1"},"south":{"uv":[9.75,3.75,13,4],"texture":"#1"},"west":{"uv":[1.625,10,3,10.25],"texture":"#1"},"up":{"uv":[10.25,2.75,7,1.375],"texture":"#1"},"down":{"uv":[6.5,7,3.25,8.375],"texture":"#1"}}},{"from":[-7,30,1.5],"to":[23,32,14.5],"rotation":{"angle":0,"axis":"y","origin":[-8,30,1.5]},"faces":{"north":{"uv":[7,2.75,10.75,3],"texture":"#1"},"east":{"uv":[9.75,6.875,11.375,7.125],"texture":"#1"},"south":{"uv":[7,3,10.75,3.25],"texture":"#1"},"west":{"uv":[9.75,7.125,11.375,7.375],"texture":"#1"},"up":{"uv":[7,1.625,3.25,0],"texture":"#1"},"down":{"uv":[7,1.625,3.25,3.25],"texture":"#1"}}},{"from":[-5,7,12.5],"to":[21,30,14.5],"rotation":{"angle":0,"axis":"y","origin":[-8,28,1.5]},"faces":{"north":{"uv":[0,0,3.25,2.875],"texture":"#1"},"east":{"uv":[5.875,9.25,6.125,12.125],"texture":"#1"},"south":{"uv":[0,2.875,3.25,5.75],"texture":"#1"},"west":{"uv":[6.125,9.25,6.375,12.125],"texture":"#1"},"up":{"uv":[3.25,9.75,0,9.5],"texture":"#1"},"down":{"uv":[12.25,9.625,9,9.875],"texture":"#1"}}},{"from":[21,0,1.5],"to":[23,30,14.5],"rotation":{"angle":0,"axis":"y","origin":[-8,28,-0.5]},"faces":{"north":{"uv":[4.875,9.25,5.125,13],"texture":"#1"},"east":{"uv":[3.25,3.25,4.875,7],"texture":"#1"},"south":{"uv":[5.125,9.25,5.375,13],"texture":"#1"},"west":{"uv":[4.875,3.25,6.5,7],"texture":"#1"},"up":{"uv":[9.5,11.5,9.25,9.875],"texture":"#1"},"down":{"uv":[9.75,9.875,9.5,11.5],"texture":"#1"}}},{"from":[-7,0,1.5],"to":[-5,30,14.5],"rotation":{"angle":0,"axis":"y","origin":[24,28,-0.5]},"faces":{"north":{"uv":[5.375,9.25,5.625,13],"texture":"#1"},"east":{"uv":[0,5.75,1.625,9.5],"texture":"#1"},"south":{"uv":[5.625,9.25,5.875,13],"texture":"#1"},"west":{"uv":[1.625,5.75,3.25,9.5],"texture":"#1"},"up":{"uv":[10,11.5,9.75,9.875],"texture":"#1"},"down":{"uv":[0.25,10,0,11.625],"texture":"#1"}}},{"from":[7,7,2.5],"to":[9,30,12.5],"rotation":{"angle":0,"axis":"y","origin":[38,28,-0.5]},"faces":{"north":{"uv":[9.75,4,10,6.875],"texture":"#1"},"east":{"uv":[6.5,7.875,7.75,10.75],"texture":"#1"},"south":{"uv":[9,9.875,9.25,12.75],"texture":"#1"},"west":{"uv":[7.75,7.875,9,10.75],"texture":"#1"},"up":{"uv":[3.25,11.25,3,10],"texture":"#1"},"down":{"uv":[10.25,4,10,5.25],"texture":"#1"}}}],"display":{"thirdperson_righthand":{"rotation":[75,45,0],"translation":[0,2.5,0],"scale":[0.375,0.375,0.375]},"thirdperson_lefthand":{"rotation":[75,45,0],"translation":[0,2.5,0],"scale":[0.375,0.375,0.375]},"firstperson_righthand":{"rotation":[0,139,0],"scale":[0.4,0.4,0.4]},"firstperson_lefthand":{"rotation":[0,140,0],"scale":[0.4,0.4,0.4]},"ground":{"scale":[0.5,0.5,0.5]},"gui":{"rotation":[0,180,0],"translation":[0,-3.25,0],"scale":[0.4,0.4,0.4]},"head":{"translation":[0,11.25,0],"scale":[0.6,0.6,0.6]},"fixed":{"rotation":[-90,0,0],"translation":[0,0,-15.5],"scale":[2,2,2]}},"groups":[{"name":"group","origin":[12,11.25,7.5],"color":0,"nbt":"{}","armAnimationEnabled":false,"children":[0,1,2,3,4,5,6,7,8,9,10,11,12,{"name":"group","origin":[-0.5,26,7.5],"color":0,"nbt":"{}","armAnimationEnabled":false,"children":[13,14,15,16,17,18]},19,20,21,22,23]},{"name":"group","origin":[8,8,8],"color":0,"nbt":"{}","armAnimationEnabled":false,"children":[24,25,26,27,28,29,30,31]}]}