{"credit":"Made with Blockbench","texture_size":[64,64],"textures":{"4":"hmcmodels:furniture/decorations_plusplus/skull"},"elements":[{"from":[5.5,0,4.64306],"to":[10.5,3,9.64306],"rotation":{"angle":0,"axis":"y","origin":[8,3.62545,8]},"faces":{"north":{"uv":[4.5,8.5,5.75,9.25],"texture":"#4"},"east":{"uv":[1.5,9,2.75,9.75],"texture":"#4"},"south":{"uv":[9,3,10.25,3.75],"texture":"#4"},"west":{"uv":[9,3.75,10.25,4.5],"texture":"#4"},"up":{"uv":[9,4.25,7.75,3],"texture":"#4"},"down":{"uv":[9,4.25,7.75,5.5],"texture":"#4"}}},{"from":[5.2,-0.3,4.34306],"to":[10.8,3.3,4.34306],"rotation":{"angle":0,"axis":"y","origin":[8,3.62545,8]},"faces":{"north":{"uv":[7.75,5.5,9.25,6.5],"texture":"#4"},"east":{"uv":[0,0,0,1],"texture":"#4"},"south":{"uv":[7.75,5.5,9.25,6.5],"texture":"#4"},"west":{"uv":[0,0,0,1],"texture":"#4"},"up":{"uv":[1.5,0,0,0],"texture":"#4"},"down":{"uv":[1.5,0,0,0],"texture":"#4"}}},{"from":[5.2,-0.3,9.94306],"to":[10.8,3.3,9.94306],"rotation":{"angle":0,"axis":"y","origin":[8,3.62545,8]},"faces":{"north":{"uv":[7.75,7.5,9.25,8.5],"texture":"#4"},"east":{"uv":[0,0,0,1],"texture":"#4"},"south":{"uv":[5.75,8,7.25,9],"texture":"#4"},"west":{"uv":[0,0,0,1],"texture":"#4"},"up":{"uv":[1.5,0,0,0],"texture":"#4"},"down":{"uv":[1.5,0,0,0],"texture":"#4"}}},{"from":[10.8,-0.3,4.34306],"to":[10.8,3.3,9.94306],"rotation":{"angle":0,"axis":"y","origin":[8,3.62545,8]},"faces":{"north":{"uv":[0,0,0,1],"texture":"#4"},"east":{"uv":[3,8.5,4.5,9.5],"texture":"#4"},"south":{"uv":[0,0,0,1],"texture":"#4"},"west":{"uv":[7.25,8.5,8.75,9.5],"texture":"#4"},"up":{"uv":[0,1.5,0,0],"texture":"#4"},"down":{"uv":[0,0,0,1.5],"texture":"#4"}}},{"from":[5.2,3.3,4.34306],"to":[10.8,3.3,9.94306],"rotation":{"angle":0,"axis":"y","origin":[8,3.62545,8]},"faces":{"north":{"uv":[0,0,1.5,0],"texture":"#4"},"east":{"uv":[0,0,1.5,0],"texture":"#4"},"south":{"uv":[0,0,1.5,0],"texture":"#4"},"west":{"uv":[0,0,1.5,0],"texture":"#4"},"up":{"uv":[1.5,9,0,7.5],"texture":"#4"},"down":{"uv":[3,7.5,1.5,9],"texture":"#4"}}},{"from":[5.2,-0.3,4.34306],"to":[10.8,-0.3,9.94306],"rotation":{"angle":0,"axis":"y","origin":[8,3.62545,8]},"faces":{"north":{"uv":[0,0,1.5,0],"texture":"#4"},"east":{"uv":[0,0,1.5,0],"texture":"#4"},"south":{"uv":[0,0,1.5,0],"texture":"#4"},"west":{"uv":[0,0,1.5,0],"texture":"#4"},"up":{"uv":[9.25,1.5,7.75,0],"texture":"#4"},"down":{"uv":[9.25,1.5,7.75,3],"texture":"#4"}}},{"from":[5.2,-0.3,4.34306],"to":[5.2,3.3,9.94306],"rotation":{"angle":0,"axis":"y","origin":[8,3.62545,8]},"faces":{"north":{"uv":[0,0,0,1],"texture":"#4"},"east":{"uv":[8.75,8.5,10.25,9.5],"texture":"#4"},"south":{"uv":[0,0,0,1],"texture":"#4"},"west":{"uv":[0,9,1.5,10],"texture":"#4"},"up":{"uv":[0,1.5,0,0],"texture":"#4"},"down":{"uv":[0,0,0,1.5],"texture":"#4"}}},{"from":[4.2,1.19131,3.99959],"to":[11.8,7.79131,3.99959],"rotation":{"angle":22.5,"axis":"x","origin":[8,3.62545,8]},"faces":{"north":{"uv":[0,4,2,5.75],"texture":"#4"},"east":{"uv":[0,0,0,1.75],"texture":"#4"},"south":{"uv":[4,0,6,1.75],"texture":"#4"},"west":{"uv":[0,0,0,1.75],"texture":"#4"},"up":{"uv":[2,0,0,0],"texture":"#4"},"down":{"uv":[2,0,0,0],"texture":"#4"}}},{"from":[11.8,1.19131,3.99959],"to":[11.8,7.79131,11.59959],"rotation":{"angle":22.5,"axis":"x","origin":[8,3.62545,8]},"faces":{"north":{"uv":[0,0,0,1.75],"texture":"#4"},"east":{"uv":[4,1.75,6,3.5],"texture":"#4"},"south":{"uv":[0,0,0,1.75],"texture":"#4"},"west":{"uv":[2,4,4,5.75],"texture":"#4"},"up":{"uv":[0,2,0,0],"texture":"#4"},"down":{"uv":[0,0,0,2],"texture":"#4"}}},{"from":[4.2,1.19131,11.59959],"to":[11.8,7.79131,11.59959],"rotation":{"angle":22.5,"axis":"x","origin":[8,3.62545,8]},"faces":{"north":{"uv":[4,3.5,6,5.25],"texture":"#4"},"east":{"uv":[0,0,0,1.75],"texture":"#4"},"south":{"uv":[4,5.25,6,7],"texture":"#4"},"west":{"uv":[0,0,0,1.75],"texture":"#4"},"up":{"uv":[2,0,0,0],"texture":"#4"},"down":{"uv":[2,0,0,0],"texture":"#4"}}},{"from":[4.2,7.79131,3.99959],"to":[11.8,7.79131,11.59959],"rotation":{"angle":22.5,"axis":"x","origin":[8,3.62545,8]},"faces":{"north":{"uv":[0,0,2,0],"texture":"#4"},"east":{"uv":[0,0,2,0],"texture":"#4"},"south":{"uv":[0,0,2,0],"texture":"#4"},"west":{"uv":[0,0,2,0],"texture":"#4"},"up":{"uv":[2,2,0,0],"texture":"#4"},"down":{"uv":[2,2,0,4],"texture":"#4"}}},{"from":[4.2,1.19131,3.99959],"to":[4.2,7.79131,11.59959],"rotation":{"angle":22.5,"axis":"x","origin":[8,3.62545,8]},"faces":{"north":{"uv":[0,0,0,1.75],"texture":"#4"},"east":{"uv":[0,5.75,2,7.5],"texture":"#4"},"south":{"uv":[0,0,0,1.75],"texture":"#4"},"west":{"uv":[2,5.75,4,7.5],"texture":"#4"},"up":{"uv":[0,2,0,0],"texture":"#4"},"down":{"uv":[0,0,0,2],"texture":"#4"}}},{"from":[4.2,1.19131,3.99959],"to":[11.8,1.19131,11.59959],"rotation":{"angle":22.5,"axis":"x","origin":[8,3.62545,8]},"faces":{"north":{"uv":[0,0,2,0],"texture":"#4"},"east":{"uv":[0,0,2,0],"texture":"#4"},"south":{"uv":[0,0,2,0],"texture":"#4"},"west":{"uv":[0,0,2,0],"texture":"#4"},"up":{"uv":[4,2,2,0],"texture":"#4"},"down":{"uv":[4,2,2,4],"texture":"#4"}}},{"from":[4.5,1.49131,4.29959],"to":[11.5,7.49131,11.29959],"rotation":{"angle":22.5,"axis":"x","origin":[8,3.62545,8]},"faces":{"north":{"uv":[6,3.5,7.75,5],"texture":"#4"},"east":{"uv":[6,5,7.75,6.5],"texture":"#4"},"south":{"uv":[6,6.5,7.75,8],"texture":"#4"},"west":{"uv":[4,7,5.75,8.5],"texture":"#4"},"up":{"uv":[7.75,1.75,6,0],"texture":"#4"},"down":{"uv":[7.75,1.75,6,3.5],"texture":"#4"}}}],"gui_light":"front","display":{"firstperson_righthand":{"translation":[0,3,0]},"firstperson_lefthand":{"translation":[0,3,0]},"ground":{"translation":[0,4.75,0]},"gui":{"rotation":[25,136,0],"translation":[0,3.75,0]},"head":{"translation":[0,14.75,0]},"fixed":{"rotation":[-89.25,0,0],"translation":[0,1.75,-16.75],"scale":[2,2,2]}},"groups":[{"name":"skull","origin":[8.5,8,7.64306],"color":0,"nbt":"{}","armAnimationEnabled":false,"children":[0,1,2,3,4,5,6,{"name":"group","origin":[8,6,7.14306],"color":0,"nbt":"{}","armAnimationEnabled":false,"children":[7,8,9,10,11,12,13]}]}]}