{"credit":"Made with Blockbench","textures":{"2":"hmcmodels:furniture/decorations_plusplus/stones_1"},"elements":[{"from":[5.5,0,5.5],"to":[10.5,5,10.5],"rotation":{"angle":22.5,"axis":"y","origin":[8,2.5,8]},"faces":{"north":{"uv":[0,0,5,5],"texture":"#2"},"east":{"uv":[0,5,5,10],"texture":"#2"},"south":{"uv":[5,0,10,5],"texture":"#2"},"west":{"uv":[5,5,10,10],"texture":"#2"},"up":{"uv":[5,15,0,10],"texture":"#2"},"down":{"uv":[15,0,10,5],"texture":"#2"}}},{"from":[8.5,0,11.5],"to":[11.5,1,14.5],"rotation":{"angle":-45,"axis":"y","origin":[10,0.5,13]},"faces":{"north":{"uv":[12,8,15,9],"texture":"#2"},"east":{"uv":[12,9,15,10],"texture":"#2"},"south":{"uv":[10,12,13,13],"texture":"#2"},"west":{"uv":[12,10,15,11],"texture":"#2"},"up":{"uv":[8,13,5,10],"texture":"#2"},"down":{"uv":[13,5,10,8],"texture":"#2"}}},{"from":[1.5,0,10.5],"to":[3.5,1,12.5],"rotation":{"angle":0,"axis":"y","origin":[0.5,0,-0.5]},"faces":{"north":{"uv":[12,11,14,12],"texture":"#2"},"east":{"uv":[5,13,7,14],"texture":"#2"},"south":{"uv":[13,5,15,6],"texture":"#2"},"west":{"uv":[13,6,15,7],"texture":"#2"},"up":{"uv":[10,12,8,10],"texture":"#2"},"down":{"uv":[12,8,10,10],"texture":"#2"}}},{"from":[11.5,0,1.5],"to":[13.5,1,3.5],"rotation":{"angle":22.5,"axis":"y","origin":[12.5,0.5,2.5]},"faces":{"north":{"uv":[13,7,15,8],"texture":"#2"},"east":{"uv":[10,13,12,14],"texture":"#2"},"south":{"uv":[12,13,14,14],"texture":"#2"},"west":{"uv":[13,12,15,13],"texture":"#2"},"up":{"uv":[12,12,10,10],"texture":"#2"},"down":{"uv":[10,12,8,14],"texture":"#2"}}}],"display":{"thirdperson_righthand":{"translation":[0,2.5,0],"scale":[0.6,0.6,0.6]},"thirdperson_lefthand":{"translation":[0,2.5,0],"scale":[0.6,0.6,0.6]},"firstperson_righthand":{"translation":[0,7,0],"scale":[0.65,0.65,0.65]},"firstperson_lefthand":{"translation":[0,7,0],"scale":[0.65,0.65,0.65]},"ground":{"translation":[0,4.25,0]},"gui":{"rotation":[90,0,0]},"head":{"translation":[0,14.5,0]},"fixed":{"rotation":[-90,0,0],"translation":[0,0,-16],"scale":[2,2,2]}},"groups":[{"name":"stone","origin":[8,8,8],"color":0,"nbt":"{}","armAnimationEnabled":false,"children":[0,1,2,3]}]}