{"credit":"Made with Blockbench","texture_size":[32,32],"textures":{"2":"hmcmodels:furniture/furniture/decorations_plusplus/stones_2"},"elements":[{"from":[5.5,0,5.5],"to":[10.5,5,10.5],"rotation":{"angle":-22.5,"axis":"y","origin":[8,2.5,8]},"faces":{"north":{"uv":[0,0,2.5,2.5],"texture":"#2"},"east":{"uv":[0,2.5,2.5,5],"texture":"#2"},"south":{"uv":[2.5,0,5,2.5],"texture":"#2"},"west":{"uv":[2.5,2.5,5,5],"texture":"#2"},"up":{"uv":[2.5,7.5,0,5],"texture":"#2"},"down":{"uv":[7.5,0,5,2.5],"texture":"#2"}}},{"from":[3.5,0,3.5],"to":[7.5,3,7.5],"rotation":{"angle":0,"axis":"y","origin":[0.5,0,-0.5]},"faces":{"north":{"uv":[4.5,5,6.5,6.5],"texture":"#2"},"east":{"uv":[4.5,6.5,6.5,8],"texture":"#2"},"south":{"uv":[6.5,4.5,8.5,6],"texture":"#2"},"west":{"uv":[6.5,6,8.5,7.5],"texture":"#2"},"up":{"uv":[4.5,7,2.5,5],"texture":"#2"},"down":{"uv":[7,2.5,5,4.5],"texture":"#2"}}},{"from":[8.5,0,11.5],"to":[11.5,1,14.5],"rotation":{"angle":-45,"axis":"y","origin":[10,0.5,13]},"faces":{"north":{"uv":[5,4.5,6.5,5],"texture":"#2"},"east":{"uv":[7,4,8.5,4.5],"texture":"#2"},"south":{"uv":[7.5,2,9,2.5],"texture":"#2"},"west":{"uv":[6.5,7.5,8,8],"texture":"#2"},"up":{"uv":[4,8.5,2.5,7],"texture":"#2"},"down":{"uv":[8.5,2.5,7,4],"texture":"#2"}}},{"from":[1.5,0,10.5],"to":[3.5,1,12.5],"rotation":{"angle":0,"axis":"y","origin":[0.5,0,-0.5]},"faces":{"north":{"uv":[4,8,5,8.5],"texture":"#2"},"east":{"uv":[5,8,6,8.5],"texture":"#2"},"south":{"uv":[6,8,7,8.5],"texture":"#2"},"west":{"uv":[7,8,8,8.5],"texture":"#2"},"up":{"uv":[1,8.5,0,7.5],"texture":"#2"},"down":{"uv":[8.5,0,7.5,1],"texture":"#2"}}},{"from":[11.5,0,1.5],"to":[13.5,1,3.5],"rotation":{"angle":22.5,"axis":"y","origin":[12.5,0.5,2.5]},"faces":{"north":{"uv":[8,7.5,9,8],"texture":"#2"},"east":{"uv":[8,8,9,8.5],"texture":"#2"},"south":{"uv":[0,8.5,1,9],"texture":"#2"},"west":{"uv":[8.5,0,9.5,0.5],"texture":"#2"},"up":{"uv":[2,8.5,1,7.5],"texture":"#2"},"down":{"uv":[8.5,1,7.5,2],"texture":"#2"}}}],"display":{"thirdperson_righthand":{"translation":[0,2.5,0],"scale":[0.6,0.6,0.6]},"thirdperson_lefthand":{"translation":[0,2.5,0],"scale":[0.6,0.6,0.6]},"firstperson_righthand":{"translation":[0,7,0],"scale":[0.65,0.65,0.65]},"firstperson_lefthand":{"translation":[0,7,0],"scale":[0.65,0.65,0.65]},"ground":{"translation":[0,4.25,0]},"gui":{"rotation":[90,0,0]},"head":{"translation":[0,14.5,0]},"fixed":{"rotation":[-90,0,0],"translation":[0,0,-16],"scale":[2,2,2]}},"groups":[{"name":"stone","origin":[8,8,8],"color":0,"nbt":"{}","armAnimationEnabled":false,"children":[0,1,2,3,4]}]}