{"credit":"Made with Blockbench","texture_size":[64,64],"textures":{"2":"hmcmodels:furniture/furniture/decorations_plusplus/weapon_stand_empty"},"elements":[{"from":[-4,1.5,3],"to":[20,3.5,5],"rotation":{"angle":0,"axis":"y","origin":[16,0,5]},"faces":{"north":{"uv":[8.75,0,14.75,0.5],"texture":"#2"},"east":{"uv":[7.5,0,8,0.5],"texture":"#2"},"south":{"uv":[8.75,0.5,14.75,1],"texture":"#2"},"west":{"uv":[7.5,0.5,8,1],"texture":"#2"},"up":{"uv":[14.75,1.5,8.75,1],"texture":"#2"},"down":{"uv":[14.75,1.5,8.75,2],"texture":"#2"}}},{"from":[-7,0,10],"to":[23,4,14],"rotation":{"angle":0,"axis":"y","origin":[0,0,5]},"faces":{"north":{"uv":[0,0,7.5,1],"texture":"#2"},"east":{"uv":[7,8.25,8,9.25],"texture":"#2"},"south":{"uv":[0,1,7.5,2],"texture":"#2"},"west":{"uv":[8.75,6.5,9.75,7.5],"texture":"#2"},"up":{"uv":[7.5,3,0,2],"texture":"#2"},"down":{"uv":[7.5,3,0,4],"texture":"#2"}}},{"from":[-4,14.5,5],"to":[20,16.5,7],"rotation":{"angle":0,"axis":"y","origin":[16,0,5]},"faces":{"north":{"uv":[8.75,2,14.75,2.5],"texture":"#2"},"east":{"uv":[7.5,1,8,1.5],"texture":"#2"},"south":{"uv":[8.75,2.5,14.75,3],"texture":"#2"},"west":{"uv":[7.5,1.5,8,2],"texture":"#2"},"up":{"uv":[14.75,3.5,8.75,3],"texture":"#2"},"down":{"uv":[14.75,3.5,8.75,4],"texture":"#2"}}},{"from":[19,3,2],"to":[23,20,6],"rotation":{"angle":0,"axis":"y","origin":[16,0,5]},"faces":{"north":{"uv":[0,4,1,8.25],"texture":"#2"},"east":{"uv":[1,4,2,8.25],"texture":"#2"},"south":{"uv":[2,4,3,8.25],"texture":"#2"},"west":{"uv":[3,4,4,8.25],"texture":"#2"},"up":{"uv":[9.75,8.5,8.75,7.5],"texture":"#2"},"down":{"uv":[9.75,8.5,8.75,9.5],"texture":"#2"}}},{"from":[19.5,2,2.5],"to":[22.5,3,5.5],"rotation":{"angle":0,"axis":"y","origin":[16,0,5]},"faces":{"north":{"uv":[8,10.75,8.75,11],"texture":"#2"},"east":{"uv":[8,11,8.75,11.25],"texture":"#2"},"south":{"uv":[11,8.5,11.75,8.75],"texture":"#2"},"west":{"uv":[11,8.75,11.75,9],"texture":"#2"},"up":{"uv":[8.75,10.75,8,10],"texture":"#2"},"down":{"uv":[10.5,10,9.75,10.75],"texture":"#2"}}},{"from":[18.5,20,1.5],"to":[23.5,22,6.5],"rotation":{"angle":0,"axis":"y","origin":[16,0,5]},"faces":{"north":{"uv":[9.75,8.5,11,9],"texture":"#2"},"east":{"uv":[9.75,9,11,9.5],"texture":"#2"},"south":{"uv":[9.75,9.5,11,10],"texture":"#2"},"west":{"uv":[10,4,11.25,4.5],"texture":"#2"},"up":{"uv":[5.75,9.5,4.5,8.25],"texture":"#2"},"down":{"uv":[7,8.25,5.75,9.5],"texture":"#2"}}},{"from":[19,0,2],"to":[23,2,6],"rotation":{"angle":0,"axis":"y","origin":[16,0,5]},"faces":{"north":{"uv":[10.75,6.5,11.75,7],"texture":"#2"},"east":{"uv":[10.75,7,11.75,7.5],"texture":"#2"},"south":{"uv":[10.75,7.5,11.75,8],"texture":"#2"},"west":{"uv":[10.75,8,11.75,8.5],"texture":"#2"},"up":{"uv":[8,10.25,7,9.25],"texture":"#2"},"down":{"uv":[5.5,9.5,4.5,10.5],"texture":"#2"}}},{"from":[19.5,0.2,3],"to":[22.5,20.2,6],"rotation":{"angle":-22.5,"axis":"x","origin":[21,19.5,7.5]},"faces":{"north":{"uv":[8,0,8.75,5],"texture":"#2"},"east":{"uv":[8,5,8.75,10],"texture":"#2"},"south":{"uv":[0,8.25,0.75,13.25],"texture":"#2"},"west":{"uv":[0.75,8.25,1.5,13.25],"texture":"#2"},"up":{"uv":[7.25,11,6.5,10.25],"texture":"#2"},"down":{"uv":[8,10.25,7.25,11],"texture":"#2"}}},{"from":[-6.5,0.2,3],"to":[-3.5,20.2,6],"rotation":{"angle":-22.5,"axis":"x","origin":[-5,19.5,7.5]},"faces":{"north":{"uv":[1.5,8.25,2.25,13.25],"texture":"#2"},"east":{"uv":[2.25,8.25,3,13.25],"texture":"#2"},"south":{"uv":[3,8.25,3.75,13.25],"texture":"#2"},"west":{"uv":[3.75,8.25,4.5,13.25],"texture":"#2"},"up":{"uv":[5.25,11.25,4.5,10.5],"texture":"#2"},"down":{"uv":[6,10.5,5.25,11.25],"texture":"#2"}}},{"from":[-7.5,20,1.5],"to":[-2.5,22,6.5],"rotation":{"angle":0,"axis":"y","origin":[0,0,5]},"faces":{"north":{"uv":[10,4.5,11.25,5],"texture":"#2"},"east":{"uv":[10,5,11.25,5.5],"texture":"#2"},"south":{"uv":[10,5.5,11.25,6],"texture":"#2"},"west":{"uv":[10,6,11.25,6.5],"texture":"#2"},"up":{"uv":[10,5.25,8.75,4],"texture":"#2"},"down":{"uv":[10,5.25,8.75,6.5],"texture":"#2"}}},{"from":[-7,3,2],"to":[-3,20,6],"rotation":{"angle":0,"axis":"y","origin":[0,0,5]},"faces":{"north":{"uv":[4,4,5,8.25],"texture":"#2"},"east":{"uv":[5,4,6,8.25],"texture":"#2"},"south":{"uv":[6,4,7,8.25],"texture":"#2"},"west":{"uv":[7,4,8,8.25],"texture":"#2"},"up":{"uv":[6.5,10.5,5.5,9.5],"texture":"#2"},"down":{"uv":[9.75,9.5,8.75,10.5],"texture":"#2"}}},{"from":[-6.5,2,2.5],"to":[-3.5,3,5.5],"rotation":{"angle":0,"axis":"y","origin":[0,0,5]},"faces":{"north":{"uv":[11,9,11.75,9.25],"texture":"#2"},"east":{"uv":[11,9.25,11.75,9.5],"texture":"#2"},"south":{"uv":[11,9.5,11.75,9.75],"texture":"#2"},"west":{"uv":[11,9.75,11.75,10],"texture":"#2"},"up":{"uv":[9.5,11.25,8.75,10.5],"texture":"#2"},"down":{"uv":[11.25,10,10.5,10.75],"texture":"#2"}}},{"from":[-7,0,2],"to":[-3,2,6],"rotation":{"angle":0,"axis":"y","origin":[0,0,5]},"faces":{"north":{"uv":[9.5,10.75,10.5,11.25],"texture":"#2"},"east":{"uv":[10.5,10.75,11.5,11.25],"texture":"#2"},"south":{"uv":[6,11,7,11.5],"texture":"#2"},"west":{"uv":[7,11,8,11.5],"texture":"#2"},"up":{"uv":[10.75,7.5,9.75,6.5],"texture":"#2"},"down":{"uv":[10.75,7.5,9.75,8.5],"texture":"#2"}}}],"display":{"thirdperson_righthand":{"rotation":[50,0,0],"scale":[0.4,0.4,0.4]},"thirdperson_lefthand":{"rotation":[50,0,0],"scale":[0.4,0.4,0.4]},"firstperson_righthand":{"scale":[0.4,0.4,0.4]},"firstperson_lefthand":{"scale":[0.4,0.4,0.4]},"ground":{"translation":[0,1.5,0],"scale":[0.6,0.6,0.6]},"gui":{"translation":[0,-3.5,0],"scale":[0.45,0.45,0.45]},"head":{"translation":[0,11.25,0],"scale":[0.6,0.6,0.6]},"fixed":{"rotation":[-90,0,0],"translation":[0,0,-15.5],"scale":[2,2,2]}},"groups":[{"name":"weapon stand","origin":[8,8,8],"color":0,"nbt":"{}","armAnimationEnabled":false,"children":[{"name":"group","origin":[16,0,0],"color":0,"nbt":"{}","armAnimationEnabled":false,"children":[0,1,2]},{"name":"group","origin":[8,8,8],"color":0,"nbt":"{}","armAnimationEnabled":false,"children":[3,4,5,6,7]},{"name":"group","origin":[8,8,8],"color":0,"nbt":"{}","armAnimationEnabled":false,"children":[8,9,10,11,12]}]}]}