{"credit":"Made with Blockbench","texture_size":[64,64],"textures":{"1":"hmcmodels:furniture/furniture/decorations_plusplus/weapon_stand_with_weapons","particle":"hmcmodels:furniture/furniture/decorations_plusplus/weapon_stand_with_weapons"},"elements":[{"from":[-4,1.5,3],"to":[20,3.5,5],"rotation":{"angle":0,"axis":"y","origin":[16,0,5]},"faces":{"north":{"uv":[8.75,3.75,14.75,4.25],"texture":"#1"},"east":{"uv":[9.5,10.25,10,10.75],"texture":"#1"},"south":{"uv":[8.75,4.25,14.75,4.75],"texture":"#1"},"west":{"uv":[10,13.5,10.5,14],"texture":"#1"},"up":{"uv":[14.75,5.25,8.75,4.75],"texture":"#1"},"down":{"uv":[14.75,5.25,8.75,5.75],"texture":"#1"}}},{"from":[-7,0,10],"to":[23,4,14],"rotation":{"angle":0,"axis":"y","origin":[0,0,5]},"faces":{"north":{"uv":[0,0,7.5,1],"texture":"#1"},"east":{"uv":[8.5,11.25,9.5,12.25],"texture":"#1"},"south":{"uv":[0,1,7.5,2],"texture":"#1"},"west":{"uv":[11.5,7.75,12.5,8.75],"texture":"#1"},"up":{"uv":[7.5,3,0,2],"texture":"#1"},"down":{"uv":[7.5,3,0,4],"texture":"#1"}}},{"from":[-4,14.5,5],"to":[20,16.5,7],"rotation":{"angle":0,"axis":"y","origin":[16,0,5]},"faces":{"north":{"uv":[8.75,5.75,14.75,6.25],"texture":"#1"},"east":{"uv":[10.5,13.5,11,14],"texture":"#1"},"south":{"uv":[8.75,6.25,14.75,6.75],"texture":"#1"},"west":{"uv":[13.5,12,14,12.5],"texture":"#1"},"up":{"uv":[14.75,7.25,8.75,6.75],"texture":"#1"},"down":{"uv":[14.75,7.25,8.75,7.75],"texture":"#1"}}},{"from":[19,3,2],"to":[23,20,6],"rotation":{"angle":0,"axis":"y","origin":[16,0,5]},"faces":{"north":{"uv":[4,4,5,8.25],"texture":"#1"},"east":{"uv":[5,4,6,8.25],"texture":"#1"},"south":{"uv":[6,4,7,8.25],"texture":"#1"},"west":{"uv":[7,4,8,8.25],"texture":"#1"},"up":{"uv":[11.5,12,10.5,11],"texture":"#1"},"down":{"uv":[12.25,2,11.25,3],"texture":"#1"}}},{"from":[19.5,2,2.5],"to":[22.5,3,5.5],"rotation":{"angle":0,"axis":"y","origin":[16,0,5]},"faces":{"north":{"uv":[0,14,0.75,14.25],"texture":"#1"},"east":{"uv":[14,0,14.75,0.25],"texture":"#1"},"south":{"uv":[14,0.25,14.75,0.5],"texture":"#1"},"west":{"uv":[14,0.5,14.75,0.75],"texture":"#1"},"up":{"uv":[13.25,9.25,12.5,8.5],"texture":"#1"},"down":{"uv":[13.25,10.75,12.5,11.5],"texture":"#1"}}},{"from":[18.5,20,1.5],"to":[23.5,22,6.5],"rotation":{"angle":0,"axis":"y","origin":[16,0,5]},"faces":{"north":{"uv":[12,10.25,13.25,10.75],"texture":"#1"},"east":{"uv":[11,12,12.25,12.5],"texture":"#1"},"south":{"uv":[12.25,2,13.5,2.5],"texture":"#1"},"west":{"uv":[12.25,2.5,13.5,3],"texture":"#1"},"up":{"uv":[10,9,8.75,7.75],"texture":"#1"},"down":{"uv":[10,9,8.75,10.25],"texture":"#1"}}},{"from":[19,0,2],"to":[23,2,6],"rotation":{"angle":0,"axis":"y","origin":[16,0,5]},"faces":{"north":{"uv":[13.5,1.5,14.5,2],"texture":"#1"},"east":{"uv":[13.5,2,14.5,2.5],"texture":"#1"},"south":{"uv":[13.5,2.5,14.5,3],"texture":"#1"},"west":{"uv":[13.5,3,14.5,3.5],"texture":"#1"},"up":{"uv":[10.5,12,9.5,11],"texture":"#1"},"down":{"uv":[12,10,11,11],"texture":"#1"}}},{"from":[19.5,0.2,3],"to":[22.5,20.2,6],"rotation":{"angle":-22.5,"axis":"x","origin":[21,19.5,7.5]},"faces":{"north":{"uv":[1.5,8.25,2.25,13.25],"texture":"#1"},"east":{"uv":[2.25,8.25,3,13.25],"texture":"#1"},"south":{"uv":[3,8.25,3.75,13.25],"texture":"#1"},"west":{"uv":[3.75,8.25,4.5,13.25],"texture":"#1"},"up":{"uv":[13.25,13.25,12.5,12.5],"texture":"#1"},"down":{"uv":[13.5,3,12.75,3.75],"texture":"#1"}}},{"from":[-6.5,0.2,3],"to":[-3.5,20.2,6],"rotation":{"angle":-22.5,"axis":"x","origin":[-5,19.5,7.5]},"faces":{"north":{"uv":[8,0,8.75,5],"texture":"#1"},"east":{"uv":[8,5,8.75,10],"texture":"#1"},"south":{"uv":[0,8.25,0.75,13.25],"texture":"#1"},"west":{"uv":[0.75,8.25,1.5,13.25],"texture":"#1"},"up":{"uv":[11.75,13.25,11,12.5],"texture":"#1"},"down":{"uv":[12.5,12.5,11.75,13.25],"texture":"#1"}}},{"from":[-7.5,20,1.5],"to":[-2.5,22,6.5],"rotation":{"angle":0,"axis":"y","origin":[0,0,5]},"faces":{"north":{"uv":[12.25,12,13.5,12.5],"texture":"#1"},"east":{"uv":[12.5,0,13.75,0.5],"texture":"#1"},"south":{"uv":[12.5,0.5,13.75,1],"texture":"#1"},"west":{"uv":[12.5,1,13.75,1.5],"texture":"#1"},"up":{"uv":[11,1.25,9.75,0],"texture":"#1"},"down":{"uv":[11,1.25,9.75,2.5],"texture":"#1"}}},{"from":[-7,3,2],"to":[-3,20,6],"rotation":{"angle":0,"axis":"y","origin":[0,0,5]},"faces":{"north":{"uv":[0,4,1,8.25],"texture":"#1"},"east":{"uv":[1,4,2,8.25],"texture":"#1"},"south":{"uv":[2,4,3,8.25],"texture":"#1"},"west":{"uv":[3,4,4,8.25],"texture":"#1"},"up":{"uv":[12,2,11,1],"texture":"#1"},"down":{"uv":[8.5,11,7.5,12],"texture":"#1"}}},{"from":[-6.5,2,2.5],"to":[-3.5,3,5.5],"rotation":{"angle":0,"axis":"y","origin":[0,0,5]},"faces":{"north":{"uv":[12.75,13.75,13.5,14],"texture":"#1"},"east":{"uv":[13.75,13.25,14.5,13.5],"texture":"#1"},"south":{"uv":[13.5,13.75,14.25,14],"texture":"#1"},"west":{"uv":[13.75,13.5,14.5,13.75],"texture":"#1"},"up":{"uv":[9.25,13,8.5,12.25],"texture":"#1"},"down":{"uv":[13.25,7.75,12.5,8.5],"texture":"#1"}}},{"from":[-7,0,2],"to":[-3,2,6],"rotation":{"angle":0,"axis":"y","origin":[0,0,5]},"faces":{"north":{"uv":[12.5,9.25,13.5,9.75],"texture":"#1"},"east":{"uv":[11.75,13.25,12.75,13.75],"texture":"#1"},"south":{"uv":[13.25,12.5,14.25,13],"texture":"#1"},"west":{"uv":[12.75,13.25,13.75,13.75],"texture":"#1"},"up":{"uv":[9.5,11.25,8.5,10.25],"texture":"#1"},"down":{"uv":[12,0,11,1],"texture":"#1"}}},{"from":[0,6,4],"to":[4,21,5],"rotation":{"angle":0,"axis":"y","origin":[0,-2,5]},"faces":{"north":{"uv":[4.5,8.25,5.5,12],"texture":"#1"},"east":{"uv":[7.5,0,7.75,3.75],"texture":"#1"},"south":{"uv":[5.5,8.25,6.5,12],"texture":"#1"},"west":{"uv":[7.75,0,8,3.75],"texture":"#1"},"up":{"uv":[14.25,13.25,13.25,13],"texture":"#1"},"down":{"uv":[14.5,3.5,13.5,3.75],"texture":"#1"}}},{"from":[1.45,6.95,3.95],"to":[2.55,21.05,5.05],"rotation":{"angle":0,"axis":"y","origin":[-0.5,-2,5]},"faces":{"north":{"uv":[5,12,5.25,15.5],"texture":"#1"},"east":{"uv":[5.25,12,5.5,15.5],"texture":"#1"},"south":{"uv":[5.5,12,5.75,15.5],"texture":"#1"},"west":{"uv":[5.75,12,6,15.5],"texture":"#1"},"up":{"uv":[7.75,4,7.5,3.75],"texture":"#1"},"down":{"uv":[8,3.75,7.75,4],"texture":"#1"}}},{"from":[0.5,29,3],"to":[3.5,32,6],"rotation":{"angle":0,"axis":"y","origin":[2,30.5,4.5]},"faces":{"north":{"uv":[8.5,13,9.25,13.75],"texture":"#1"},"east":{"uv":[0,13.25,0.75,14],"texture":"#1"},"south":{"uv":[0.75,13.25,1.5,14],"texture":"#1"},"west":{"uv":[1.5,13.25,2.25,14],"texture":"#1"},"up":{"uv":[3,14,2.25,13.25],"texture":"#1"},"down":{"uv":[3.75,13.25,3,14],"texture":"#1"}}},{"from":[1,23,3.5],"to":[3,29,5.5],"rotation":{"angle":45,"axis":"y","origin":[2,26,4.5]},"faces":{"north":{"uv":[7.5,8.25,8,9.75],"texture":"#1"},"east":{"uv":[12,0,12.5,1.5],"texture":"#1"},"south":{"uv":[7,12,7.5,13.5],"texture":"#1"},"west":{"uv":[7.5,12,8,13.5],"texture":"#1"},"up":{"uv":[9.25,14.25,8.75,13.75],"texture":"#1"},"down":{"uv":[14.25,9.25,13.75,9.75],"texture":"#1"}}},{"from":[-1,21,3],"to":[5,23,6],"rotation":{"angle":0,"axis":"y","origin":[-1,-7,5]},"faces":{"north":{"uv":[9.75,3.25,11.25,3.75],"texture":"#1"},"east":{"uv":[12.5,11.5,13.25,12],"texture":"#1"},"south":{"uv":[11.25,3,12.75,3.5],"texture":"#1"},"west":{"uv":[7,13.5,7.75,14],"texture":"#1"},"up":{"uv":[11.25,3.25,9.75,2.5],"texture":"#1"},"down":{"uv":[11.5,7.75,10,8.5],"texture":"#1"}}},{"from":[-0.025,3.975,3.975],"to":[4.025,8.025,5.025],"rotation":{"angle":45,"axis":"z","origin":[2,6,4.5]},"faces":{"north":{"uv":[11.5,8.75,12.5,9.75],"texture":"#1"},"east":{"uv":[13.75,0,14,1],"texture":"#1"},"south":{"uv":[11.5,11,12.5,12],"texture":"#1"},"west":{"uv":[8.5,13.75,8.75,14.75],"texture":"#1"},"up":{"uv":[14.75,1.25,13.75,1],"texture":"#1"},"down":{"uv":[14.75,1.25,13.75,1.5],"texture":"#1"}}},{"from":[12,6,4],"to":[16,21,5],"rotation":{"angle":0,"axis":"y","origin":[12,-2,5]},"faces":{"north":{"uv":[6.5,8.25,7.5,12],"texture":"#1"},"east":{"uv":[4.5,12,4.75,15.75],"texture":"#1"},"south":{"uv":[8.75,0,9.75,3.75],"texture":"#1"},"west":{"uv":[4.75,12,5,15.75],"texture":"#1"},"up":{"uv":[14.75,10,13.75,9.75],"texture":"#1"},"down":{"uv":[14.75,10,13.75,10.25],"texture":"#1"}}},{"from":[13.45,6.95,3.95],"to":[14.55,21.05,5.05],"rotation":{"angle":0,"axis":"y","origin":[11.5,-2,5]},"faces":{"north":{"uv":[6,12,6.25,15.5],"texture":"#1"},"east":{"uv":[6.25,12,6.5,15.5],"texture":"#1"},"south":{"uv":[6.5,12,6.75,15.5],"texture":"#1"},"west":{"uv":[6.75,12,7,15.5],"texture":"#1"},"up":{"uv":[7.75,10,7.5,9.75],"texture":"#1"},"down":{"uv":[8,9.75,7.75,10],"texture":"#1"}}},{"from":[12.5,29,3],"to":[15.5,32,6],"rotation":{"angle":0,"axis":"y","origin":[14,30.5,4.5]},"faces":{"north":{"uv":[3.75,13.25,4.5,14],"texture":"#1"},"east":{"uv":[13.25,7.75,14,8.5],"texture":"#1"},"south":{"uv":[13.25,8.5,14,9.25],"texture":"#1"},"west":{"uv":[13.25,10.25,14,11],"texture":"#1"},"up":{"uv":[11.75,14,11,13.25],"texture":"#1"},"down":{"uv":[14,11,13.25,11.75],"texture":"#1"}}},{"from":[13,23,3.5],"to":[15,29,5.5],"rotation":{"angle":45,"axis":"y","origin":[14,26,4.5]},"faces":{"north":{"uv":[8,12,8.5,13.5],"texture":"#1"},"east":{"uv":[9.5,12,10,13.5],"texture":"#1"},"south":{"uv":[10,12,10.5,13.5],"texture":"#1"},"west":{"uv":[10.5,12,11,13.5],"texture":"#1"},"up":{"uv":[12.25,14.25,11.75,13.75],"texture":"#1"},"down":{"uv":[12.75,13.75,12.25,14.25],"texture":"#1"}}},{"from":[11,21,3],"to":[17,23,6],"rotation":{"angle":0,"axis":"y","origin":[11,-7,5]},"faces":{"north":{"uv":[12,1.5,13.5,2],"texture":"#1"},"east":{"uv":[7.75,13.5,8.5,14],"texture":"#1"},"south":{"uv":[12,9.75,13.5,10.25],"texture":"#1"},"west":{"uv":[9.25,13.5,10,14],"texture":"#1"},"up":{"uv":[11.5,9.25,10,8.5],"texture":"#1"},"down":{"uv":[11.5,9.25,10,10],"texture":"#1"}}},{"from":[11.975,3.975,3.975],"to":[16.025,8.025,5.025],"rotation":{"angle":45,"axis":"z","origin":[14,6,4.5]},"faces":{"north":{"uv":[7.5,10,8.5,11],"texture":"#1"},"east":{"uv":[9.25,12.25,9.5,13.25],"texture":"#1"},"south":{"uv":[10,10,11,11],"texture":"#1"},"west":{"uv":[13.5,9.25,13.75,10.25],"texture":"#1"},"up":{"uv":[12.25,3.75,11.25,3.5],"texture":"#1"},"down":{"uv":[14.25,11.75,13.25,12],"texture":"#1"}}}],"display":{"thirdperson_righthand":{"rotation":[50,0,0],"scale":[0.4,0.4,0.4]},"thirdperson_lefthand":{"rotation":[50,0,0],"scale":[0.4,0.4,0.4]},"firstperson_righthand":{"scale":[0.4,0.4,0.4]},"firstperson_lefthand":{"scale":[0.4,0.4,0.4]},"ground":{"translation":[0,1.5,0],"scale":[0.6,0.6,0.6]},"gui":{"translation":[0,-3.5,0],"scale":[0.45,0.45,0.45]},"head":{"translation":[0,11.25,0],"scale":[0.6,0.6,0.6]},"fixed":{"rotation":[-90,0,0],"translation":[0,0,-15.5],"scale":[2,2,2]}},"groups":[{"name":"weapon stand","origin":[8,8,8],"color":0,"nbt":"{}","armAnimationEnabled":false,"children":[{"name":"group","origin":[16,0,0],"color":0,"nbt":"{}","armAnimationEnabled":false,"children":[0,1,2]},{"name":"group","origin":[8,8,8],"color":0,"nbt":"{}","armAnimationEnabled":false,"children":[3,4,5,6,7]},{"name":"group","origin":[8,8,8],"color":0,"nbt":"{}","armAnimationEnabled":false,"children":[8,9,10,11,12]}]},{"name":"weapons","origin":[8,8,8],"color":0,"nbt":"{}","armAnimationEnabled":false,"children":[{"name":"group","origin":[6,0,0],"color":0,"nbt":"{}","armAnimationEnabled":false,"children":[13,14,15,16,17,18]},{"name":"group","origin":[6,0,0],"color":0,"nbt":"{}","armAnimationEnabled":false,"children":[19,20,21,22,23,24]}]}]}