{"providers":[{"file":"space:ui/utils/whiteblank_4.png","chars":["\ue000"],"height":16,"ascent":13,"type":"bitmap"},{"file":"space:ui/utils/whiteblank_4.png","chars":["\ue001"],"height":16,"ascent":12,"type":"bitmap"},{"file":"space:ui/utils/whiteblank_4.png","chars":["\ue002"],"height":16,"ascent":11,"type":"bitmap"},{"file":"space:ui/utils/whiteblank_4.png","chars":["\ue003"],"height":16,"ascent":10,"type":"bitmap"},{"file":"space:ui/utils/whiteblank_4.png","chars":["\ue004"],"height":16,"ascent":9,"type":"bitmap"},{"file":"space:ui/utils/whiteblank_4.png","chars":["\ue005"],"height":16,"ascent":8,"type":"bitmap"},{"file":"space:ui/utils/whiteblank_4.png","chars":["\ue006"],"height":16,"ascent":7,"type":"bitmap"},{"file":"space:ui/utils/whiteblank_4.png","chars":["\ue007"],"height":16,"ascent":6,"type":"bitmap"},{"file":"space:ui/utils/whiteblank_4.png","chars":["\ue008"],"height":16,"ascent":5,"type":"bitmap"},{"file":"space:ui/utils/whiteblank_4.png","chars":["\ue009"],"height":16,"ascent":4,"type":"bitmap"},{"file":"space:ui/utils/whiteblank_4.png","chars":["\ue00a"],"height":16,"ascent":3,"type":"bitmap"},{"file":"space:ui/utils/whiteblank_4.png","chars":["\ue00b"],"height":16,"ascent":2,"type":"bitmap"},{"file":"space:ui/utils/whiteblank_4.png","chars":["\ue00c"],"height":16,"ascent":1,"type":"bitmap"},{"file":"space:ui/utils/whiteblank_4.png","chars":["\ue00d"],"height":16,"ascent":0,"type":"bitmap"},{"file":"space:ui/utils/whiteblank_4.png","chars":["\ue00e"],"height":16,"ascent":-1,"type":"bitmap"},{"file":"space:ui/utils/whiteblank_4.png","chars":["\ue00f"],"height":16,"ascent":-2,"type":"bitmap"},{"file":"space:ui/utils/whiteblank_4.png","chars":["\ue010"],"height":16,"ascent":-3,"type":"bitmap"},{"file":"space:ui/utils/whiteblank_4.png","chars":["\ue011"],"height":16,"ascent":-4,"type":"bitmap"},{"file":"space:ui/utils/whiteblank_4.png","chars":["\ue012"],"height":16,"ascent":-5,"type":"bitmap"},{"file":"space:ui/utils/whiteblank_4.png","chars":["\ue013"],"height":16,"ascent":-6,"type":"bitmap"},{"file":"space:ui/utils/whiteblank_4.png","chars":["\ue014"],"height":16,"ascent":-7,"type":"bitmap"},{"file":"space:ui/utils/whiteblank_4.png","chars":["\ue015"],"height":16,"ascent":-8,"type":"bitmap"},{"file":"space:ui/utils/whiteblank_4.png","chars":["\ue016"],"height":16,"ascent":-9,"type":"bitmap"},{"file":"space:ui/utils/whiteblank_4.png","chars":["\ue017"],"height":16,"ascent":-10,"type":"bitmap"},{"file":"space:ui/utils/whiteblank_4.png","chars":["\ue018"],"height":16,"ascent":-11,"type":"bitmap"},{"file":"space:ui/utils/whiteblank_4.png","chars":["\ue019"],"height":16,"ascent":-12,"type":"bitmap"},{"file":"space:ui/utils/whiteblank_4.png","chars":["\ue01a"],"height":16,"ascent":-13,"type":"bitmap"},{"file":"space:ui/utils/whiteblank_4.png","chars":["\ue01b"],"height":16,"ascent":-14,"type":"bitmap"},{"file":"space:ui/utils/whiteblank_4.png","chars":["\ue01c"],"height":16,"ascent":-15,"type":"bitmap"},{"file":"space:ui/utils/whiteblank_4.png","chars":["\ue01d"],"height":16,"ascent":-16,"type":"bitmap"},{"file":"space:ui/utils/whiteblank_4.png","chars":["\ue01e"],"height":16,"ascent":-17,"type":"bitmap"},{"file":"space:ui/utils/whiteblank_4.png","chars":["\ue01f"],"height":16,"ascent":-18,"type":"bitmap"},{"file":"space:ui/utils/whiteblank_4.png","chars":["\ue020"],"height":16,"ascent":-19,"type":"bitmap"},{"file":"space:ui/utils/whiteblank_4.png","chars":["\ue021"],"height":16,"ascent":-20,"type":"bitmap"},{"file":"space:ui/utils/whiteblank_4.png","chars":["\ue022"],"height":16,"ascent":-21,"type":"bitmap"},{"file":"space:ui/utils/whiteblank_4.png","chars":["\ue023"],"height":16,"ascent":-22,"type":"bitmap"},{"file":"space:ui/utils/whiteblank_4.png","chars":["\ue024"],"height":16,"ascent":-23,"type":"bitmap"},{"file":"space:ui/utils/whiteblank_4.png","chars":["\ue025"],"height":16,"ascent":-24,"type":"bitmap"},{"file":"space:ui/utils/whiteblank_4.png","chars":["\ue026"],"height":16,"ascent":-25,"type":"bitmap"},{"file":"space:ui/utils/whiteblank_4.png","chars":["\ue027"],"height":16,"ascent":-26,"type":"bitmap"},{"file":"space:ui/utils/whiteblank_4.png","chars":["\ue028"],"height":16,"ascent":-27,"type":"bitmap"},{"file":"space:ui/utils/whiteblank_4.png","chars":["\ue029"],"height":16,"ascent":-28,"type":"bitmap"},{"file":"space:ui/utils/whiteblank_4.png","chars":["\ue02a"],"height":16,"ascent":-29,"type":"bitmap"},{"file":"space:ui/utils/whiteblank_4.png","chars":["\ue02b"],"height":16,"ascent":-30,"type":"bitmap"},{"file":"space:ui/utils/whiteblank_4.png","chars":["\ue02c"],"height":16,"ascent":-31,"type":"bitmap"},{"file":"space:ui/utils/whiteblank_4.png","chars":["\ue02d"],"height":16,"ascent":-32,"type":"bitmap"},{"file":"space:ui/utils/whiteblank_4.png","chars":["\ue02e"],"height":16,"ascent":-33,"type":"bitmap"},{"file":"space:ui/utils/whiteblank_4.png","chars":["\ue02f"],"height":16,"ascent":-34,"type":"bitmap"},{"file":"space:ui/utils/whiteblank_4.png","chars":["\ue030"],"height":16,"ascent":-35,"type":"bitmap"},{"file":"space:ui/utils/whiteblank_4.png","chars":["\ue031"],"height":16,"ascent":-36,"type":"bitmap"},{"file":"space:ui/utils/whiteblank_4.png","chars":["\ue032"],"height":16,"ascent":-37,"type":"bitmap"},{"file":"space:ui/utils/whiteblank_4.png","chars":["\ue033"],"height":16,"ascent":-38,"type":"bitmap"},{"file":"space:ui/utils/whiteblank_4.png","chars":["\ue034"],"height":16,"ascent":-39,"type":"bitmap"},{"file":"space:ui/utils/whiteblank_4.png","chars":["\ue035"],"height":16,"ascent":-40,"type":"bitmap"},{"file":"space:ui/utils/whiteblank_4.png","chars":["\ue036"],"height":16,"ascent":-41,"type":"bitmap"},{"file":"space:ui/utils/whiteblank_4.png","chars":["\ue037"],"height":16,"ascent":-42,"type":"bitmap"},{"file":"space:ui/utils/whiteblank_4.png","chars":["\ue038"],"height":16,"ascent":-43,"type":"bitmap"},{"file":"space:ui/utils/whiteblank_4.png","chars":["\ue039"],"height":16,"ascent":-44,"type":"bitmap"},{"file":"space:ui/utils/whiteblank_4.png","chars":["\ue03a"],"height":16,"ascent":-45,"type":"bitmap"},{"file":"space:ui/utils/whiteblank_4.png","chars":["\ue03b"],"height":16,"ascent":-46,"type":"bitmap"},{"file":"space:ui/utils/whiteblank_4.png","chars":["\ue03c"],"height":16,"ascent":-47,"type":"bitmap"},{"file":"space:ui/utils/whiteblank_4.png","chars":["\ue03d"],"height":16,"ascent":-48,"type":"bitmap"},{"file":"space:ui/utils/whiteblank_4.png","chars":["\ue03e"],"height":16,"ascent":-49,"type":"bitmap"},{"file":"space:ui/utils/whiteblank_4.png","chars":["\ue03f"],"height":16,"ascent":-50,"type":"bitmap"},{"file":"space:ui/utils/whiteblank_4.png","chars":["\ue040"],"height":16,"ascent":-51,"type":"bitmap"},{"file":"space:ui/utils/whiteblank_4.png","chars":["\ue041"],"height":16,"ascent":-52,"type":"bitmap"},{"file":"space:ui/utils/whiteblank_4.png","chars":["\ue042"],"height":16,"ascent":-53,"type":"bitmap"},{"file":"space:ui/utils/whiteblank_4.png","chars":["\ue043"],"height":16,"ascent":-54,"type":"bitmap"},{"file":"space:ui/utils/whiteblank_4.png","chars":["\ue044"],"height":16,"ascent":-55,"type":"bitmap"},{"file":"space:ui/utils/whiteblank_4.png","chars":["\ue045"],"height":16,"ascent":-56,"type":"bitmap"},{"file":"space:ui/utils/whiteblank_4.png","chars":["\ue046"],"height":16,"ascent":-57,"type":"bitmap"},{"file":"space:ui/utils/whiteblank_4.png","chars":["\ue047"],"height":16,"ascent":-58,"type":"bitmap"},{"file":"space:ui/utils/whiteblank_4.png","chars":["\ue048"],"height":16,"ascent":-59,"type":"bitmap"},{"file":"space:ui/utils/whiteblank_4.png","chars":["\ue049"],"height":16,"ascent":-60,"type":"bitmap"},{"file":"space:ui/utils/whiteblank_4.png","chars":["\ue04a"],"height":16,"ascent":-61,"type":"bitmap"},{"file":"space:ui/utils/whiteblank_4.png","chars":["\ue04b"],"height":16,"ascent":-62,"type":"bitmap"},{"file":"space:ui/utils/whiteblank_4.png","chars":["\ue04c"],"height":16,"ascent":-63,"type":"bitmap"},{"file":"space:ui/utils/whiteblank_4.png","chars":["\ue04d"],"height":16,"ascent":-64,"type":"bitmap"},{"file":"space:ui/utils/whiteblank_4.png","chars":["\ue04e"],"height":16,"ascent":-65,"type":"bitmap"},{"file":"space:ui/utils/whiteblank_4.png","chars":["\ue04f"],"height":16,"ascent":-66,"type":"bitmap"},{"file":"space:ui/utils/whiteblank_4.png","chars":["\ue050"],"height":16,"ascent":-67,"type":"bitmap"},{"file":"space:ui/utils/whiteblank_4.png","chars":["\ue051"],"height":16,"ascent":-68,"type":"bitmap"},{"file":"space:ui/utils/whiteblank_4.png","chars":["\ue052"],"height":16,"ascent":-69,"type":"bitmap"},{"file":"space:ui/utils/whiteblank_4.png","chars":["\ue053"],"height":16,"ascent":-70,"type":"bitmap"},{"file":"space:ui/utils/whiteblank_4.png","chars":["\ue054"],"height":16,"ascent":-71,"type":"bitmap"},{"file":"space:ui/utils/whiteblank_4.png","chars":["\ue055"],"height":16,"ascent":-72,"type":"bitmap"},{"file":"space:ui/utils/whiteblank_4.png","chars":["\ue056"],"height":16,"ascent":-73,"type":"bitmap"},{"file":"space:ui/utils/whiteblank_4.png","chars":["\ue057"],"height":16,"ascent":-74,"type":"bitmap"},{"file":"space:ui/utils/whiteblank_4.png","chars":["\ue058"],"height":16,"ascent":-75,"type":"bitmap"},{"file":"space:ui/utils/whiteblank_4.png","chars":["\ue059"],"height":16,"ascent":-76,"type":"bitmap"},{"file":"space:ui/utils/whiteblank_4.png","chars":["\ue05a"],"height":16,"ascent":-77,"type":"bitmap"},{"file":"space:ui/utils/whiteblank_4.png","chars":["\ue05b"],"height":16,"ascent":-78,"type":"bitmap"},{"file":"space:ui/utils/whiteblank_4.png","chars":["\ue05c"],"height":16,"ascent":-79,"type":"bitmap"},{"file":"space:ui/utils/whiteblank_4.png","chars":["\ue05d"],"height":16,"ascent":-80,"type":"bitmap"},{"file":"space:ui/utils/whiteblank_4.png","chars":["\ue05e"],"height":16,"ascent":-81,"type":"bitmap"},{"file":"space:ui/utils/whiteblank_4.png","chars":["\ue05f"],"height":16,"ascent":-82,"type":"bitmap"},{"file":"space:ui/utils/whiteblank_4.png","chars":["\ue060"],"height":16,"ascent":-83,"type":"bitmap"},{"file":"space:ui/utils/whiteblank_4.png","chars":["\ue061"],"height":16,"ascent":-84,"type":"bitmap"},{"file":"space:ui/utils/whiteblank_4.png","chars":["\ue062"],"height":16,"ascent":-85,"type":"bitmap"},{"file":"space:ui/utils/whiteblank_4.png","chars":["\ue063"],"height":16,"ascent":-86,"type":"bitmap"},{"file":"space:ui/utils/whiteblank_4.png","chars":["\ue064"],"height":16,"ascent":-87,"type":"bitmap"},{"file":"space:ui/utils/whiteblank_4.png","chars":["\ue065"],"height":16,"ascent":-88,"type":"bitmap"},{"file":"space:ui/utils/whiteblank_4.png","chars":["\ue066"],"height":16,"ascent":-89,"type":"bitmap"},{"file":"space:ui/utils/whiteblank_4.png","chars":["\ue067"],"height":16,"ascent":-90,"type":"bitmap"},{"file":"space:ui/utils/whiteblank_4.png","chars":["\ue068"],"height":16,"ascent":-91,"type":"bitmap"},{"file":"space:ui/utils/whiteblank_4.png","chars":["\ue069"],"height":16,"ascent":-92,"type":"bitmap"},{"file":"space:ui/utils/whiteblank_4.png","chars":["\ue06a"],"height":16,"ascent":-93,"type":"bitmap"},{"file":"space:ui/utils/whiteblank_4.png","chars":["\ue06b"],"height":16,"ascent":-94,"type":"bitmap"},{"file":"space:ui/utils/whiteblank_4.png","chars":["\ue06c"],"height":16,"ascent":-95,"type":"bitmap"},{"file":"space:ui/utils/whiteblank_4.png","chars":["\ue06d"],"height":16,"ascent":-96,"type":"bitmap"},{"file":"space:ui/utils/whiteblank_4.png","chars":["\ue06e"],"height":16,"ascent":-97,"type":"bitmap"},{"file":"space:ui/utils/whiteblank_4.png","chars":["\ue06f"],"height":16,"ascent":-98,"type":"bitmap"},{"file":"space:ui/utils/whiteblank_4.png","chars":["\ue070"],"height":16,"ascent":-99,"type":"bitmap"},{"file":"space:ui/utils/whiteblank_4.png","chars":["\ue071"],"height":16,"ascent":-100,"type":"bitmap"},{"file":"space:ui/utils/whiteblank_4.png","chars":["\ue072"],"height":16,"ascent":-101,"type":"bitmap"},{"file":"space:ui/utils/whiteblank_4.png","chars":["\ue073"],"height":16,"ascent":-102,"type":"bitmap"},{"file":"space:ui/utils/whiteblank_4.png","chars":["\ue074"],"height":16,"ascent":-103,"type":"bitmap"},{"file":"space:ui/utils/whiteblank_4.png","chars":["\ue075"],"height":16,"ascent":-104,"type":"bitmap"},{"file":"space:ui/utils/whiteblank_4.png","chars":["\ue076"],"height":16,"ascent":-105,"type":"bitmap"},{"file":"space:ui/utils/whiteblank_4.png","chars":["\ue077"],"height":16,"ascent":-106,"type":"bitmap"},{"file":"space:ui/utils/whiteblank_4.png","chars":["\ue078"],"height":16,"ascent":-107,"type":"bitmap"},{"file":"space:ui/utils/whiteblank_4.png","chars":["\ue079"],"height":16,"ascent":-108,"type":"bitmap"},{"file":"space:ui/utils/whiteblank_4.png","chars":["\ue07a"],"height":16,"ascent":-109,"type":"bitmap"},{"file":"space:ui/utils/whiteblank_4.png","chars":["\ue07b"],"height":16,"ascent":-110,"type":"bitmap"},{"file":"space:ui/utils/whiteblank_4.png","chars":["\ue07c"],"height":16,"ascent":-111,"type":"bitmap"},{"file":"space:ui/utils/whiteblank_4.png","chars":["\ue07d"],"height":16,"ascent":-112,"type":"bitmap"},{"file":"space:ui/utils/whiteblank_4.png","chars":["\ue07e"],"height":16,"ascent":-113,"type":"bitmap"},{"file":"space:ui/utils/whiteblank_4.png","chars":["\ue07f"],"height":16,"ascent":-114,"type":"bitmap"},{"file":"space:ui/utils/whiteblank_4.png","chars":["\ue080"],"height":16,"ascent":-115,"type":"bitmap"},{"file":"space:ui/utils/whiteblank_4.png","chars":["\ue081"],"height":16,"ascent":-116,"type":"bitmap"},{"file":"space:ui/utils/whiteblank_4.png","chars":["\ue082"],"height":16,"ascent":-117,"type":"bitmap"},{"file":"space:ui/utils/whiteblank_4.png","chars":["\ue083"],"height":16,"ascent":-118,"type":"bitmap"},{"file":"space:ui/utils/whiteblank_4.png","chars":["\ue084"],"height":16,"ascent":-119,"type":"bitmap"},{"file":"space:ui/utils/whiteblank_4.png","chars":["\ue085"],"height":16,"ascent":-120,"type":"bitmap"},{"file":"space:ui/utils/whiteblank_4.png","chars":["\ue086"],"height":16,"ascent":-121,"type":"bitmap"},{"file":"space:ui/utils/whiteblank_4.png","chars":["\ue087"],"height":16,"ascent":-122,"type":"bitmap"},{"file":"space:ui/utils/whiteblank_4.png","chars":["\ue088"],"height":16,"ascent":-123,"type":"bitmap"},{"file":"space:ui/utils/whiteblank_4.png","chars":["\ue089"],"height":16,"ascent":-124,"type":"bitmap"},{"file":"space:ui/utils/whiteblank_4.png","chars":["\ue08a"],"height":16,"ascent":-125,"type":"bitmap"},{"file":"space:ui/utils/whiteblank_4.png","chars":["\ue08b"],"height":16,"ascent":-126,"type":"bitmap"},{"file":"space:ui/utils/whiteblank_4.png","chars":["\ue08c"],"height":16,"ascent":-127,"type":"bitmap"},{"file":"space:ui/utils/whiteblank_4.png","chars":["\ue08d"],"height":16,"ascent":-128,"type":"bitmap"},{"file":"space:ui/utils/whiteblank_4.png","chars":["\ue08e"],"height":16,"ascent":-129,"type":"bitmap"},{"file":"space:ui/utils/whiteblank_4.png","chars":["\ue08f"],"height":16,"ascent":-130,"type":"bitmap"},{"file":"space:ui/utils/whiteblank_4.png","chars":["\ue090"],"height":16,"ascent":-131,"type":"bitmap"},{"file":"space:ui/utils/whiteblank_4.png","chars":["\ue091"],"height":16,"ascent":-132,"type":"bitmap"},{"file":"space:ui/utils/whiteblank_4.png","chars":["\ue092"],"height":16,"ascent":-133,"type":"bitmap"},{"file":"space:ui/utils/whiteblank_4.png","chars":["\ue093"],"height":16,"ascent":-134,"type":"bitmap"},{"file":"space:ui/utils/whiteblank_4.png","chars":["\ue094"],"height":16,"ascent":-135,"type":"bitmap"},{"file":"space:ui/utils/whiteblank_4.png","chars":["\ue095"],"height":16,"ascent":-136,"type":"bitmap"},{"file":"space:ui/utils/whiteblank_4.png","chars":["\ue096"],"height":16,"ascent":-137,"type":"bitmap"},{"file":"space:ui/utils/whiteblank_4.png","chars":["\ue097"],"height":16,"ascent":-138,"type":"bitmap"},{"file":"space:ui/utils/whiteblank_4.png","chars":["\ue098"],"height":16,"ascent":-139,"type":"bitmap"},{"file":"space:ui/utils/whiteblank_4.png","chars":["\ue099"],"height":16,"ascent":-140,"type":"bitmap"},{"file":"space:ui/utils/whiteblank_4.png","chars":["\ue09a"],"height":16,"ascent":-141,"type":"bitmap"},{"file":"space:ui/utils/whiteblank_4.png","chars":["\ue09b"],"height":16,"ascent":-142,"type":"bitmap"},{"file":"space:ui/utils/whiteblank_4.png","chars":["\ue09c"],"height":16,"ascent":-143,"type":"bitmap"},{"file":"space:ui/utils/whiteblank_4.png","chars":["\ue09d"],"height":16,"ascent":-144,"type":"bitmap"},{"file":"space:ui/utils/whiteblank_4.png","chars":["\ue09e"],"height":16,"ascent":-145,"type":"bitmap"},{"file":"space:ui/utils/whiteblank_4.png","chars":["\ue09f"],"height":16,"ascent":-146,"type":"bitmap"},{"file":"space:ui/utils/whiteblank_4.png","chars":["\ue0a0"],"height":16,"ascent":-147,"type":"bitmap"},{"file":"space:ui/utils/whiteblank_4.png","chars":["\ue0a1"],"height":16,"ascent":-148,"type":"bitmap"},{"file":"space:ui/utils/whiteblank_4.png","chars":["\ue0a2"],"height":16,"ascent":-149,"type":"bitmap"},{"file":"space:ui/utils/whiteblank_4.png","chars":["\ue0a3"],"height":16,"ascent":-150,"type":"bitmap"},{"file":"space:ui/utils/whiteblank_4.png","chars":["\ue0a4"],"height":16,"ascent":-151,"type":"bitmap"},{"file":"space:ui/utils/whiteblank_4.png","chars":["\ue0a5"],"height":16,"ascent":-152,"type":"bitmap"},{"file":"space:ui/utils/whiteblank_4.png","chars":["\ue0a6"],"height":16,"ascent":-153,"type":"bitmap"},{"file":"space:ui/utils/whiteblank_4.png","chars":["\ue0a7"],"height":16,"ascent":-154,"type":"bitmap"},{"file":"space:ui/utils/whiteblank_4.png","chars":["\ue0a8"],"height":16,"ascent":-155,"type":"bitmap"},{"file":"space:ui/utils/whiteblank_4.png","chars":["\ue0a9"],"height":16,"ascent":-156,"type":"bitmap"},{"file":"space:ui/utils/whiteblank_4.png","chars":["\ue0aa"],"height":16,"ascent":-157,"type":"bitmap"},{"file":"space:ui/utils/whiteblank_4.png","chars":["\ue0ab"],"height":16,"ascent":-158,"type":"bitmap"},{"file":"space:ui/utils/whiteblank_4.png","chars":["\ue0ac"],"height":16,"ascent":-159,"type":"bitmap"},{"file":"space:ui/utils/whiteblank_4.png","chars":["\ue0ad"],"height":16,"ascent":-160,"type":"bitmap"},{"file":"space:ui/utils/whiteblank_4.png","chars":["\ue0ae"],"height":16,"ascent":-161,"type":"bitmap"},{"file":"space:ui/utils/whiteblank_4.png","chars":["\ue0af"],"height":16,"ascent":-162,"type":"bitmap"},{"file":"space:ui/utils/whiteblank_4.png","chars":["\ue0b0"],"height":16,"ascent":-163,"type":"bitmap"},{"file":"space:ui/utils/whiteblank_4.png","chars":["\ue0b1"],"height":16,"ascent":-164,"type":"bitmap"},{"file":"space:ui/utils/whiteblank_4.png","chars":["\ue0b2"],"height":16,"ascent":-165,"type":"bitmap"},{"file":"space:ui/utils/whiteblank_4.png","chars":["\ue0b3"],"height":16,"ascent":-166,"type":"bitmap"},{"file":"space:ui/utils/whiteblank_4.png","chars":["\ue0b4"],"height":16,"ascent":-167,"type":"bitmap"},{"file":"space:ui/utils/whiteblank_4.png","chars":["\ue0b5"],"height":16,"ascent":-168,"type":"bitmap"},{"file":"space:ui/utils/whiteblank_4.png","chars":["\ue0b6"],"height":16,"ascent":-169,"type":"bitmap"},{"file":"space:ui/utils/whiteblank_4.png","chars":["\ue0b7"],"height":16,"ascent":-170,"type":"bitmap"},{"file":"space:ui/utils/whiteblank_4.png","chars":["\ue0b8"],"height":16,"ascent":-171,"type":"bitmap"},{"file":"space:ui/utils/whiteblank_4.png","chars":["\ue0b9"],"height":16,"ascent":-172,"type":"bitmap"},{"file":"space:ui/utils/whiteblank_4.png","chars":["\ue0ba"],"height":16,"ascent":-173,"type":"bitmap"},{"file":"space:ui/utils/whiteblank_4.png","chars":["\ue0bb"],"height":16,"ascent":-174,"type":"bitmap"},{"file":"space:ui/utils/whiteblank_4.png","chars":["\ue0bc"],"height":16,"ascent":-175,"type":"bitmap"},{"file":"space:ui/utils/whiteblank_4.png","chars":["\ue0bd"],"height":16,"ascent":-176,"type":"bitmap"},{"file":"space:ui/utils/whiteblank_4.png","chars":["\ue0be"],"height":16,"ascent":-177,"type":"bitmap"},{"file":"space:ui/utils/whiteblank_4.png","chars":["\ue0bf"],"height":16,"ascent":-178,"type":"bitmap"},{"file":"space:ui/utils/whiteblank_4.png","chars":["\ue0c0"],"height":16,"ascent":-179,"type":"bitmap"},{"file":"space:ui/utils/whiteblank_4.png","chars":["\ue0c1"],"height":16,"ascent":-180,"type":"bitmap"},{"file":"space:ui/utils/whiteblank_4.png","chars":["\ue0c2"],"height":16,"ascent":-181,"type":"bitmap"},{"file":"space:ui/utils/whiteblank_4.png","chars":["\ue0c3"],"height":16,"ascent":-182,"type":"bitmap"},{"file":"space:ui/utils/whiteblank_4.png","chars":["\ue0c4"],"height":16,"ascent":-183,"type":"bitmap"},{"file":"space:ui/utils/whiteblank_4.png","chars":["\ue0c5"],"height":16,"ascent":-184,"type":"bitmap"},{"file":"space:ui/utils/whiteblank_4.png","chars":["\ue0c6"],"height":16,"ascent":-185,"type":"bitmap"},{"file":"space:ui/utils/whiteblank_4.png","chars":["\ue0c7"],"height":16,"ascent":-186,"type":"bitmap"},{"file":"space:ui/utils/whiteblank_4.png","chars":["\ue0c8"],"height":16,"ascent":-187,"type":"bitmap"},{"file":"space:ui/utils/whiteblank_4.png","chars":["\ue0c9"],"height":16,"ascent":-188,"type":"bitmap"},{"file":"space:ui/utils/whiteblank_4.png","chars":["\ue0ca"],"height":16,"ascent":-189,"type":"bitmap"},{"file":"space:ui/utils/whiteblank_4.png","chars":["\ue0cb"],"height":16,"ascent":-190,"type":"bitmap"},{"file":"space:ui/utils/whiteblank_4.png","chars":["\ue0cc"],"height":16,"ascent":-191,"type":"bitmap"},{"file":"space:ui/utils/whiteblank_4.png","chars":["\ue0cd"],"height":16,"ascent":-192,"type":"bitmap"},{"file":"space:ui/utils/whiteblank_4.png","chars":["\ue0ce"],"height":16,"ascent":-193,"type":"bitmap"},{"file":"space:ui/utils/whiteblank_4.png","chars":["\ue0cf"],"height":16,"ascent":-194,"type":"bitmap"},{"file":"space:ui/utils/whiteblank_4.png","chars":["\ue0d0"],"height":16,"ascent":-195,"type":"bitmap"},{"file":"space:ui/utils/whiteblank_4.png","chars":["\ue0d1"],"height":16,"ascent":-196,"type":"bitmap"},{"file":"space:ui/utils/whiteblank_4.png","chars":["\ue0d2"],"height":16,"ascent":-197,"type":"bitmap"},{"file":"space:ui/utils/whiteblank_4.png","chars":["\ue0d3"],"height":16,"ascent":-198,"type":"bitmap"},{"file":"space:ui/utils/whiteblank_4.png","chars":["\ue0d4"],"height":16,"ascent":-199,"type":"bitmap"},{"file":"space:ui/utils/whiteblank_4.png","chars":["\ue0d5"],"height":16,"ascent":-200,"type":"bitmap"},{"file":"space:ui/utils/whiteblank_4.png","chars":["\ue0d6"],"height":16,"ascent":-201,"type":"bitmap"},{"file":"space:ui/utils/whiteblank_4.png","chars":["\ue0d7"],"height":16,"ascent":-202,"type":"bitmap"},{"file":"space:ui/utils/whiteblank_4.png","chars":["\ue0d8"],"height":16,"ascent":-203,"type":"bitmap"},{"file":"space:ui/utils/whiteblank_4.png","chars":["\ue0d9"],"height":16,"ascent":-204,"type":"bitmap"},{"file":"space:ui/utils/whiteblank_4.png","chars":["\ue0da"],"height":16,"ascent":-205,"type":"bitmap"},{"file":"space:ui/utils/whiteblank_4.png","chars":["\ue0db"],"height":16,"ascent":-206,"type":"bitmap"},{"file":"space:ui/utils/whiteblank_4.png","chars":["\ue0dc"],"height":16,"ascent":-207,"type":"bitmap"},{"file":"space:ui/utils/whiteblank_4.png","chars":["\ue0dd"],"height":16,"ascent":-208,"type":"bitmap"},{"file":"space:ui/utils/whiteblank_4.png","chars":["\ue0de"],"height":16,"ascent":-209,"type":"bitmap"},{"file":"space:ui/utils/whiteblank_4.png","chars":["\ue0df"],"height":16,"ascent":-210,"type":"bitmap"},{"file":"space:ui/utils/whiteblank_4.png","chars":["\ue0e0"],"height":16,"ascent":-211,"type":"bitmap"},{"file":"space:ui/utils/whiteblank_4.png","chars":["\ue0e1"],"height":16,"ascent":-212,"type":"bitmap"},{"file":"space:ui/utils/whiteblank_4.png","chars":["\ue0e2"],"height":16,"ascent":-213,"type":"bitmap"},{"file":"space:ui/utils/whiteblank_4.png","chars":["\ue0e3"],"height":16,"ascent":-214,"type":"bitmap"},{"file":"space:ui/utils/whiteblank_4.png","chars":["\ue0e4"],"height":16,"ascent":-215,"type":"bitmap"},{"file":"space:ui/utils/whiteblank_4.png","chars":["\ue0e5"],"height":16,"ascent":-216,"type":"bitmap"},{"file":"space:ui/utils/whiteblank_4.png","chars":["\ue0e6"],"height":16,"ascent":-217,"type":"bitmap"},{"file":"space:ui/utils/whiteblank_4.png","chars":["\ue0e7"],"height":16,"ascent":-218,"type":"bitmap"},{"file":"space:ui/utils/whiteblank_4.png","chars":["\ue0e8"],"height":16,"ascent":-219,"type":"bitmap"},{"file":"space:ui/utils/whiteblank_4.png","chars":["\ue0e9"],"height":16,"ascent":-220,"type":"bitmap"},{"file":"space:ui/utils/whiteblank_4.png","chars":["\ue0ea"],"height":16,"ascent":-221,"type":"bitmap"},{"file":"space:ui/utils/whiteblank_4.png","chars":["\ue0eb"],"height":16,"ascent":-222,"type":"bitmap"},{"file":"space:ui/utils/whiteblank_4.png","chars":["\ue0ec"],"height":16,"ascent":-223,"type":"bitmap"},{"file":"space:ui/utils/whiteblank_4.png","chars":["\ue0ed"],"height":16,"ascent":-224,"type":"bitmap"},{"file":"space:ui/utils/whiteblank_4.png","chars":["\ue0ee"],"height":16,"ascent":-225,"type":"bitmap"},{"file":"space:ui/utils/whiteblank_4.png","chars":["\ue0ef"],"height":16,"ascent":-226,"type":"bitmap"},{"file":"space:ui/utils/whiteblank_4.png","chars":["\ue0f0"],"height":16,"ascent":-227,"type":"bitmap"},{"file":"space:ui/utils/whiteblank_4.png","chars":["\ue0f1"],"height":16,"ascent":-228,"type":"bitmap"},{"file":"space:ui/utils/whiteblank_4.png","chars":["\ue0f2"],"height":16,"ascent":-229,"type":"bitmap"},{"file":"space:ui/utils/whiteblank_4.png","chars":["\ue0f3"],"height":16,"ascent":-230,"type":"bitmap"},{"file":"space:ui/utils/whiteblank_4.png","chars":["\ue0f4"],"height":16,"ascent":-231,"type":"bitmap"},{"file":"space:ui/utils/whiteblank_4.png","chars":["\ue0f5"],"height":16,"ascent":-232,"type":"bitmap"},{"file":"space:ui/utils/whiteblank_4.png","chars":["\ue0f6"],"height":16,"ascent":-233,"type":"bitmap"},{"file":"space:ui/utils/whiteblank_4.png","chars":["\ue0f7"],"height":16,"ascent":-234,"type":"bitmap"},{"file":"space:ui/utils/whiteblank_4.png","chars":["\ue0f8"],"height":16,"ascent":-235,"type":"bitmap"},{"file":"space:ui/utils/whiteblank_4.png","chars":["\ue0f9"],"height":16,"ascent":-236,"type":"bitmap"},{"file":"space:ui/utils/whiteblank_4.png","chars":["\ue0fa"],"height":16,"ascent":-237,"type":"bitmap"},{"file":"space:ui/utils/whiteblank_4.png","chars":["\ue0fb"],"height":16,"ascent":-238,"type":"bitmap"},{"file":"space:ui/utils/whiteblank_4.png","chars":["\ue0fc"],"height":16,"ascent":-239,"type":"bitmap"},{"file":"space:ui/utils/whiteblank_4.png","chars":["\ue0fd"],"height":16,"ascent":-240,"type":"bitmap"},{"file":"space:ui/utils/whiteblank_4.png","chars":["\ue0fe"],"height":16,"ascent":-241,"type":"bitmap"},{"file":"space:ui/utils/whiteblank_4.png","chars":["\ue0ff"],"height":16,"ascent":-242,"type":"bitmap"},{"file":"space:ui/utils/whiteblank_4.png","chars":["\ue100"],"height":16,"ascent":-243,"type":"bitmap"},{"file":"space:ui/utils/whiteblank_4.png","chars":["\uf8f4"],"height":16,"ascent":-42069,"type":"bitmap"},{"chars":["\ue3e2"],"file":"space:ui/utils/null.png","ascent":-32768,"height":-3,"type":"bitmap"},{"chars":["\ue3e3"],"file":"space:ui/utils/null.png","ascent":-32768,"height":-4,"type":"bitmap"}]}