{"providers":[{"chars":["\uf801"],"file":"font/null.png","ascent":-32768,"height":-1,"type":"bitmap"},{"chars":["\uf802"],"file":"font/null.png","ascent":-32768,"height":-2,"type":"bitmap"},{"chars":["\uf803"],"file":"font/null.png","ascent":-32768,"height":-3,"type":"bitmap"},{"chars":["\uf804"],"file":"font/null.png","ascent":-32768,"height":-4,"type":"bitmap"},{"chars":["\uf805"],"file":"font/null.png","ascent":-32768,"height":-7,"type":"bitmap"},{"chars":["\uf806"],"file":"font/null.png","ascent":-32768,"height":-8,"type":"bitmap"},{"chars":["\uf807"],"file":"font/null.png","ascent":-32768,"height":-9,"type":"bitmap"},{"chars":["\uf808"],"file":"font/null.png","ascent":-32768,"height":-8,"type":"bitmap"},{"chars":["\uf809"],"file":"font/null.png","ascent":-32768,"height":-16,"type":"bitmap"},{"chars":["\uf80a"],"file":"font/null.png","ascent":-32768,"height":-32,"type":"bitmap"},{"chars":["\uf80b"],"file":"font/null.png","ascent":-32768,"height":-64,"type":"bitmap"},{"chars":["\uf80c"],"file":"font/null.png","ascent":-32768,"height":-128,"type":"bitmap"},{"chars":["\uf80d"],"file":"font/null.png","ascent":-32768,"height":-256,"type":"bitmap"},{"chars":["\uf80e"],"file":"font/null.png","ascent":-32768,"height":-512,"type":"bitmap"},{"chars":["\uf80f"],"file":"font/null.png","ascent":-32768,"height":-1024,"type":"bitmap"},{"chars":["\uf821"],"file":"font/null.png","ascent":-32768,"height":1,"type":"bitmap"},{"chars":["\uf822"],"file":"font/null.png","ascent":-32768,"height":2,"type":"bitmap"},{"chars":["\uf823"],"file":"font/null.png","ascent":-32768,"height":3,"type":"bitmap"},{"chars":["\uf824"],"file":"font/null.png","ascent":-32768,"height":4,"type":"bitmap"},{"chars":["\uf825"],"file":"font/null.png","ascent":-32768,"height":5,"type":"bitmap"},{"chars":["\uf826"],"file":"font/null.png","ascent":-32768,"height":6,"type":"bitmap"},{"chars":["\uf827"],"file":"font/null.png","ascent":-32768,"height":7,"type":"bitmap"},{"chars":["\uf828"],"file":"font/null.png","ascent":-32768,"height":8,"type":"bitmap"},{"chars":["\uf829"],"file":"font/null.png","ascent":-32768,"height":16,"type":"bitmap"},{"chars":["\uf82a"],"file":"font/null.png","ascent":-32768,"height":32,"type":"bitmap"},{"chars":["\uf82b"],"file":"font/null.png","ascent":-32768,"height":64,"type":"bitmap"},{"chars":["\uf82c"],"file":"font/null.png","ascent":-32768,"height":128,"type":"bitmap"},{"chars":["\uf82d"],"file":"font/null.png","ascent":-32768,"height":256,"type":"bitmap"},{"chars":["\uf82e"],"file":"font/null.png","ascent":-32768,"height":512,"type":"bitmap"},{"chars":["\uf82f"],"file":"font/null.png","ascent":-32768,"height":1024,"type":"bitmap"},{"type":"bitmap","file":"mineinabyss:ui/roles/admin.png","ascent":7,"height":7,"chars":["\uebaf"]},{"type":"bitmap","file":"mineinabyss:ui/roles/moderator.png","ascent":7,"height":7,"chars":["\uebb0"]},{"type":"bitmap","file":"mineinabyss:ui/roles/helper.png","ascent":7,"height":7,"chars":["\uebb1"]},{"type":"bitmap","file":"mineinabyss:ui/roles/srdev.png","ascent":7,"height":7,"chars":["\uebb2"]},{"type":"bitmap","file":"mineinabyss:ui/roles/dev.png","ascent":7,"height":7,"chars":["\uebb3"]},{"type":"bitmap","file":"mineinabyss:ui/roles/jrdev.png","ascent":7,"height":7,"chars":["\uebb4"]},{"type":"bitmap","file":"mineinabyss:ui/roles/srdesigner.png","ascent":7,"height":7,"chars":["\uebb5"]},{"type":"bitmap","file":"mineinabyss:ui/roles/designer.png","ascent":7,"height":7,"chars":["\uebb6"]},{"type":"bitmap","file":"mineinabyss:ui/roles/jrdesigner.png","ascent":7,"height":7,"chars":["\uebb7"]},{"type":"bitmap","file":"mineinabyss:ui/roles/srbuilder.png","ascent":7,"height":7,"chars":["\uebb8"]},{"type":"bitmap","file":"mineinabyss:ui/roles/buildlead.png","ascent":7,"height":7,"chars":["\uebb9"]},{"type":"bitmap","file":"mineinabyss:ui/roles/builder.png","ascent":7,"height":7,"chars":["\uebba"]},{"type":"bitmap","file":"mineinabyss:ui/roles/jrbuilder.png","ascent":7,"height":7,"chars":["\uebbb"]},{"type":"bitmap","file":"mineinabyss:ui/roles/patreonplus.png","ascent":7,"height":7,"chars":["\uebbc"]},{"type":"bitmap","file":"mineinabyss:ui/roles/patreon.png","ascent":7,"height":7,"chars":["\uebbd"]},{"type":"bitmap","file":"mineinabyss:ui/roles/afk.png","ascent":7,"height":7,"chars":["\uebbe"]},{"type":"bitmap","file":"mineinabyss:ui/icons/survival.png","ascent":7,"height":7,"chars":["\uebbf"]},{"type":"bitmap","file":"mineinabyss:ui/icons/build.png","ascent":7,"height":7,"chars":["\uebc0"]},{"type":"bitmap","file":"mineinabyss:ui/icons/adventure.png","ascent":7,"height":7,"chars":["\uebc1"]},{"type":"bitmap","file":"mineinabyss:ui/icons/test.png","ascent":7,"height":7,"chars":["\uebc2"]},{"type":"bitmap","file":"mineinabyss:ui/icons/discord.png","ascent":7,"height":7,"chars":["\uebc3"]},{"type":"bitmap","file":"mineinabyss:ui/icons/patreonlogo.png","ascent":7,"height":7,"chars":["\uebc4"]},{"type":"bitmap","file":"mineinabyss:ui/icons/party.png","ascent":7,"height":7,"chars":["\uebc5"]},{"type":"bitmap","file":"mineinabyss:ui/icons/local.png","ascent":7,"height":7,"chars":["\uebc6"]},{"type":"bitmap","file":"mineinabyss:ui/icons/guildchat.png","ascent":7,"height":7,"chars":["\uebc7"]},{"type":"bitmap","file":"mineinabyss:ui/roles/communitymanager.png","ascent":7,"height":7,"chars":["\uebc8"]},{"type":"bitmap","file":"mineinabyss:ui/icons/dev.png","ascent":7,"height":7,"chars":["\uebc9"]},{"type":"bitmap","file":"mineinabyss:ui/icons/logo/logo1.png","ascent":30,"height":30,"chars":["\uebca"]},{"type":"bitmap","file":"mineinabyss:ui/icons/logo/logo2.png","ascent":30,"height":30,"chars":["\uebcb"]},{"type":"bitmap","file":"mineinabyss:ui/icons/logo/logo3.png","ascent":30,"height":30,"chars":["\uebcc"]}]}