{"providers":[{"type":"bitmap","file":"emotes:emotes/aqua_chibi.png","ascent":9,"height":10,"chars":["\uebaf"]},{"type":"bitmap","file":"emotes:emotes/aqua.png","ascent":9,"height":10,"chars":["\uebb0"]},{"type":"bitmap","file":"emotes:emotes/bk.png","ascent":9,"height":10,"chars":["\uebb1"]},{"type":"bitmap","file":"emotes:emotes/bonegun.png","ascent":9,"height":10,"chars":["\uebb2"]},{"type":"bitmap","file":"emotes:emotes/bonethink.png","ascent":9,"height":10,"chars":["\uebb3"]},{"type":"bitmap","file":"emotes:emotes/emoji_38.png","ascent":9,"height":10,"chars":["\uebb4"]},{"type":"bitmap","file":"emotes:emotes/fork.png","ascent":9,"height":10,"chars":["\uebb5"]},{"type":"bitmap","file":"emotes:emotes/nikounamused.png","ascent":9,"height":10,"chars":["\uebb6"]},{"type":"bitmap","file":"emotes:emotes/ozensmug.png","ascent":9,"height":10,"chars":["\uebb7"]},{"type":"bitmap","file":"emotes:emotes/pepehands.png","ascent":9,"height":10,"chars":["\uebb8"]},{"type":"bitmap","file":"emotes:emotes/pepejam.png","ascent":9,"height":10,"chars":["\uebb9"]},{"type":"bitmap","file":"emotes:emotes/pepega.png","ascent":9,"height":10,"chars":["\uebba"]},{"type":"bitmap","file":"emotes:emotes/poggers.png","ascent":9,"height":10,"chars":["\uebbb"]},{"type":"bitmap","file":"emotes:emotes/regg.png","ascent":9,"height":10,"chars":["\uebbc"]},{"type":"bitmap","file":"emotes:emotes/mittysweat.png","ascent":9,"height":10,"chars":["\uebbd"]},{"type":"bitmap","file":"emotes:emotes/rikoangry.png","ascent":9,"height":10,"chars":["\uebbe"]},{"type":"bitmap","file":"emotes:emotes/rikoeyes.png","ascent":9,"height":10,"chars":["\uebbf"]},{"type":"bitmap","file":"emotes:emotes/shrugsmug.png","ascent":9,"height":10,"chars":["\uebc0"]},{"type":"bitmap","file":"emotes:emotes/siggy.png","ascent":9,"height":10,"chars":["\uebc1"]},{"type":"bitmap","file":"emotes:emotes/yeekonormal.png","ascent":9,"height":10,"chars":["\uebc2"]},{"type":"bitmap","file":"emotes:emotes/yeekoscuffed.png","ascent":9,"height":10,"chars":["\uebc3"]},{"type":"bitmap","file":"emotes:emotes/omegalul.png","ascent":9,"height":10,"chars":["\uebc4"]},{"type":"bitmap","file":"emotes:emotes/natlikethis.png","ascent":9,"height":10,"chars":["\uebc5"]},{"type":"bitmap","file":"emotes:emotes/gachibass.png","ascent":9,"height":10,"chars":["\uebc6"]},{"type":"bitmap","file":"emotes:emotes/kekw.png","ascent":9,"height":10,"chars":["\uebc7"]},{"type":"bitmap","file":"emotes:emotes/sanswink.png","ascent":9,"height":10,"chars":["\uebc8"]},{"type":"bitmap","file":"emotes:emotes/subarashii.png","ascent":9,"height":10,"chars":["\uebc9"]},{"type":"bitmap","file":"emotes:emotes/nanahug.png","ascent":9,"height":10,"chars":["\uebca"]},{"type":"bitmap","file":"emotes:emotes/mitty.png","ascent":9,"height":10,"chars":["\uebcb"]},{"type":"bitmap","file":"emotes:emotes/feelsbunman.png","ascent":9,"height":10,"chars":["\uebcc"]},{"type":"bitmap","file":"emotes:emotes/woh.png","ascent":9,"height":10,"chars":["\uebcd"]},{"type":"bitmap","file":"emotes:emotes/kappa.png","ascent":9,"height":10,"chars":["\uebce"]},{"type":"bitmap","file":"emotes:emotes/nanalewd.png","ascent":9,"height":10,"chars":["\uebcf"]},{"type":"bitmap","file":"emotes:emotes/jackieohok.png","ascent":9,"height":10,"chars":["\uebd0"]},{"type":"bitmap","file":"emotes:emotes/sadcat.png","ascent":9,"height":10,"chars":["\uebd1"]},{"type":"bitmap","file":"emotes:emotes/smudge.png","ascent":9,"height":10,"chars":["\uebd2"]},{"type":"bitmap","file":"emotes:emotes/kika.png","ascent":9,"height":10,"chars":["\uebd3"]},{"type":"bitmap","file":"emotes:emotes/nanaya.png","ascent":9,"height":10,"chars":["\uebd4"]},{"type":"bitmap","file":"emotes:emotes/meinyaaaa.png","ascent":9,"height":10,"chars":["\uebd5"]},{"type":"bitmap","file":"emotes:emotes/nanashy.png","ascent":9,"height":10,"chars":["\uebd6"]},{"type":"bitmap","file":"emotes:emotes/galaxybrain.png","ascent":9,"height":10,"chars":["\uebd7"]},{"type":"bitmap","file":"emotes:emotes/pensive.png","ascent":9,"height":10,"chars":["\uebd8"]},{"type":"bitmap","file":"emotes:emotes/harold.png","ascent":9,"height":10,"chars":["\uebd9"]},{"type":"bitmap","file":"emotes:emotes/rikoup.png","ascent":9,"height":10,"chars":["\uebda"]},{"type":"bitmap","file":"emotes:emotes/regcry.png","ascent":9,"height":10,"chars":["\uebdb"]},{"type":"bitmap","file":"emotes:emotes/rikolamo.png","ascent":9,"height":10,"chars":["\uebdc"]},{"type":"bitmap","file":"emotes:emotes/okhand.png","ascent":9,"height":10,"chars":["\uebdd"]},{"type":"bitmap","file":"emotes:emotes/thinking.png","ascent":9,"height":10,"chars":["\uebde"]},{"type":"bitmap","file":"emotes:emotes/flushed.png","ascent":9,"height":10,"chars":["\uebdf"]},{"type":"bitmap","file":"emotes:emotes/nanawaaaa.png","ascent":9,"height":10,"chars":["\uebe0"]},{"type":"bitmap","file":"emotes:emotes/rikoeyesdrawn.png","ascent":9,"height":10,"chars":["\uebe1"]},{"type":"bitmap","file":"emotes:emotes/michirusmug.png","ascent":9,"height":10,"chars":["\uebe2"]},{"type":"bitmap","file":"emotes:emotes/nanashrug.png","ascent":9,"height":10,"chars":["\uebe3"]},{"type":"bitmap","file":"emotes:emotes/pogchamp.png","ascent":9,"height":10,"chars":["\uebe4"]},{"type":"bitmap","file":"emotes:emotes/lewd.png","ascent":9,"height":10,"chars":["\uebe5"]},{"type":"bitmap","file":"emotes:emotes/hypers.png","ascent":9,"height":10,"chars":["\uebe6"]},{"type":"bitmap","file":"emotes:emotes/osuhow.png","ascent":9,"height":10,"chars":["\uebe7"]},{"type":"bitmap","file":"emotes:emotes/rikopray.png","ascent":9,"height":10,"chars":["\uebe8"]},{"type":"bitmap","file":"emotes:emotes/smilew.png","ascent":9,"height":10,"chars":["\uebe9"]},{"type":"bitmap","file":"emotes:emotes/ayaya.png","ascent":9,"height":10,"chars":["\uebea"]},{"type":"bitmap","file":"emotes:emotes/pogyou.png","ascent":9,"height":10,"chars":["\uebeb"]},{"type":"bitmap","file":"emotes:emotes/fapushock.png","ascent":9,"height":10,"chars":["\uebec"]},{"type":"bitmap","file":"emotes:emotes/pogo.png","ascent":9,"height":10,"chars":["\uebed"]},{"type":"bitmap","file":"emotes:emotes/pog.png","ascent":9,"height":10,"chars":["\uebee"]},{"type":"bitmap","file":"emotes:emotes/rikoblep.png","ascent":9,"height":10,"chars":["\uebef"]},{"type":"bitmap","file":"emotes:emotes/doubt.png","ascent":9,"height":10,"chars":["\uebf0"]},{"type":"bitmap","file":"emotes:emotes/habowide.png","ascent":9,"height":10,"chars":["\uebf1"]},{"type":"bitmap","file":"emotes:emotes/habowidest.png","ascent":9,"height":10,"chars":["\uebf2"]},{"type":"bitmap","file":"emotes:emotes/steveflushed.png","ascent":9,"height":10,"chars":["\uebf3"]},{"type":"bitmap","file":"emotes:emotes/flooshed.png","ascent":9,"height":10,"chars":["\uebf4"]},{"type":"bitmap","file":"emotes:emotes/bruh.png","ascent":9,"height":10,"chars":["\uebf5"]},{"type":"bitmap","file":"emotes:emotes/yeepensive.png","ascent":9,"height":10,"chars":["\uebf6"]},{"type":"bitmap","file":"emotes:emotes/temeyes.png","ascent":9,"height":10,"chars":["\uebf7"]},{"type":"bitmap","file":"emotes:emotes/bonenani.png","ascent":9,"height":10,"chars":["\uebf8"]},{"type":"bitmap","file":"emotes:emotes/isforme.png","ascent":9,"height":10,"chars":["\uebf9"]},{"type":"bitmap","file":"emotes:emotes/boneshrug.png","ascent":9,"height":10,"chars":["\uebfa"]},{"type":"bitmap","file":"emotes:emotes/pepesit.png","ascent":9,"height":10,"chars":["\uebfb"]},{"type":"bitmap","file":"emotes:emotes/yep.png","ascent":9,"height":10,"chars":["\uebfc"]},{"type":"bitmap","file":"emotes:emotes/5head.png","ascent":9,"height":10,"chars":["\uebfd"]},{"type":"bitmap","file":"emotes:emotes/pain.png","ascent":9,"height":10,"chars":["\uebfe"]},{"type":"bitmap","file":"emotes:emotes/sadge.png","ascent":9,"height":10,"chars":["\uebff"]},{"type":"bitmap","file":"emotes:emotes/boneblushed.png","ascent":9,"height":10,"chars":["\uec00"]},{"type":"bitmap","file":"emotes:emotes/habohotel.png","ascent":9,"height":10,"chars":["\uec01"]},{"type":"bitmap","file":"emotes:emotes/walterbruh.png","ascent":9,"height":10,"chars":["\uec02"]},{"type":"bitmap","file":"emotes:emotes/pepebusiness.png","ascent":9,"height":10,"chars":["\uec03"]},{"type":"bitmap","file":"emotes:emotes/gura.png","ascent":9,"height":10,"chars":["\uec04"]},{"type":"bitmap","file":"emotes:emotes/rikothumb.png","ascent":9,"height":10,"chars":["\uec05"]},{"type":"bitmap","file":"emotes:emotes/monke.png","ascent":9,"height":10,"chars":["\uec06"]},{"type":"bitmap","file":"emotes:emotes/booba.png","ascent":9,"height":10,"chars":["\uec07"]},{"type":"bitmap","file":"emotes:emotes/pepelaugh.png","ascent":9,"height":10,"chars":["\uec08"]},{"type":"bitmap","file":"emotes:emotes/guraflushed.png","ascent":9,"height":10,"chars":["\uec09"]},{"type":"bitmap","file":"emotes:emotes/beep.png","ascent":9,"height":10,"chars":["\uec0a"]},{"type":"bitmap","file":"emotes:emotes/pepegun.png","ascent":9,"height":10,"chars":["\uec0b"]},{"type":"bitmap","file":"emotes:emotes/pepothink.png","ascent":9,"height":10,"chars":["\uec0c"]},{"type":"bitmap","file":"emotes:emotes/pepehmm.png","ascent":9,"height":10,"chars":["\uec0d"]},{"type":"bitmap","file":"emotes:emotes/pogjaw.png","ascent":9,"height":10,"chars":["\uec0e"]},{"type":"bitmap","file":"emotes:emotes/gurashark.png","ascent":9,"height":10,"chars":["\uec0f"]},{"type":"bitmap","file":"emotes:emotes/prayge.png","ascent":9,"height":10,"chars":["\uec10"]},{"type":"bitmap","file":"emotes:emotes/widepeepohappy.png","ascent":9,"height":10,"chars":["\uec11"]},{"type":"bitmap","file":"emotes:emotes/d.png","ascent":9,"height":10,"chars":["\uec12"]},{"type":"bitmap","file":"emotes:emotes/sus.png","ascent":9,"height":10,"chars":["\uec13"]},{"type":"bitmap","file":"emotes:emotes/callipog.png","ascent":9,"height":10,"chars":["\uec14"]},{"type":"bitmap","file":"emotes:emotes/guradum.png","ascent":9,"height":10,"chars":["\uec15"]},{"type":"bitmap","file":"emotes:emotes/gurasalute.png","ascent":9,"height":10,"chars":["\uec16"]},{"type":"bitmap","file":"emotes:emotes/habosleep.png","ascent":9,"height":10,"chars":["\uec17"]},{"type":"bitmap","file":"emotes:emotes/habowoke.png","ascent":9,"height":10,"chars":["\uec18"]},{"type":"bitmap","file":"emotes:emotes/notlikegura.png","ascent":9,"height":10,"chars":["\uec19"]},{"type":"bitmap","file":"emotes:emotes/regflushed.png","ascent":9,"height":10,"chars":["\uec1a"]},{"type":"bitmap","file":"emotes:emotes/rikoyep.png","ascent":9,"height":10,"chars":["\uec1b"]},{"type":"bitmap","file":"emotes:emotes/sadangry.png","ascent":9,"height":10,"chars":["\uec1c"]},{"type":"bitmap","file":"emotes:emotes/thonk.png","ascent":9,"height":10,"chars":["\uec1d"]},{"type":"bitmap","file":"emotes:emotes/watsoncry.png","ascent":9,"height":10,"chars":["\uec1e"]},{"type":"bitmap","file":"emotes:emotes/widepanda.png","ascent":9,"height":10,"chars":["\uec1f"]},{"type":"bitmap","file":"emotes:emotes/aaaa.png","ascent":9,"height":10,"chars":["\uec20"]},{"type":"bitmap","file":"emotes:emotes/flatboi.png","ascent":9,"height":10,"chars":["\uec21"]},{"type":"bitmap","file":"emotes:emotes/tora.png","ascent":9,"height":10,"chars":["\uec22"]},{"type":"bitmap","file":"emotes:emotes/senkow.png","ascent":9,"height":10,"chars":["\uec23"]},{"type":"bitmap","file":"emotes:emotes/guradoki.png","ascent":9,"height":10,"chars":["\uec24"]},{"type":"bitmap","file":"emotes:emotes/faputaborga.png","ascent":9,"height":10,"chars":["\uec25"]},{"type":"bitmap","file":"emotes:emotes/adarnice.png","ascent":9,"height":10,"chars":["\uec26"]},{"type":"bitmap","file":"emotes:emotes/faputayaya.png","ascent":9,"height":10,"chars":["\uec27"]},{"type":"bitmap","file":"emotes:emotes/smilechamp.png","ascent":9,"height":10,"chars":["\uec28"]},{"type":"bitmap","file":"emotes:emotes/oriw.png","ascent":9,"height":10,"chars":["\uec29"]},{"type":"bitmap","file":"emotes:emotes/monkaw.png","ascent":9,"height":10,"chars":["\uec2a"]},{"type":"bitmap","file":"emotes:emotes/gurawide.png","ascent":9,"height":10,"chars":["\uec2b"]},{"type":"bitmap","file":"emotes:emotes/peeporage.png","ascent":9,"height":10,"chars":["\uec2c"]},{"type":"bitmap","file":"emotes:emotes/habochonk.png","ascent":9,"height":10,"chars":["\uec2d"]},{"type":"bitmap","file":"emotes:emotes/glacesip.png","ascent":9,"height":10,"chars":["\uec2e"]},{"type":"bitmap","file":"emotes:emotes/wazupog.png","ascent":9,"height":10,"chars":["\uec2f"]},{"type":"bitmap","file":"emotes:emotes/wazuwhat.png","ascent":9,"height":10,"chars":["\uec30"]},{"type":"bitmap","file":"emotes:emotes/habosus.png","ascent":9,"height":10,"chars":["\uec31"]},{"type":"bitmap","file":"emotes:emotes/bonesus.png","ascent":9,"height":10,"chars":["\uec32"]},{"type":"bitmap","file":"emotes:emotes/nanasus.png","ascent":9,"height":10,"chars":["\uec33"]},{"type":"bitmap","file":"emotes:emotes/sam.png","ascent":9,"height":10,"chars":["\uec34"]},{"type":"bitmap","file":"emotes:emotes/inapain.png","ascent":9,"height":10,"chars":["\uec35"]},{"type":"bitmap","file":"emotes:emotes/inasmug.png","ascent":9,"height":10,"chars":["\uec36"]},{"type":"bitmap","file":"emotes:emotes/inabye.png","ascent":9,"height":10,"chars":["\uec37"]},{"type":"bitmap","file":"emotes:emotes/floppa.png","ascent":9,"height":10,"chars":["\uec38"]},{"type":"bitmap","file":"emotes:emotes/gurapray.png","ascent":9,"height":10,"chars":["\uec39"]},{"type":"bitmap","file":"emotes:emotes/amebrain.png","ascent":9,"height":10,"chars":["\uec3a"]},{"type":"bitmap","file":"emotes:emotes/troll.png","ascent":9,"height":10,"chars":["\uec3b"]},{"type":"bitmap","file":"emotes:emotes/callipray.png","ascent":9,"height":10,"chars":["\uec3c"]},{"type":"bitmap","file":"emotes:emotes/wingtree.png","ascent":9,"height":10,"chars":["\uec3d"]},{"type":"bitmap","file":"emotes:emotes/nikibread.png","ascent":9,"height":10,"chars":["\uec3e"]},{"type":"bitmap","file":"emotes:emotes/fubkerhappy.png","ascent":9,"height":10,"chars":["\uec3f"]},{"type":"bitmap","file":"emotes:emotes/fubkersad.png","ascent":9,"height":10,"chars":["\uec40"]},{"type":"bitmap","file":"emotes:emotes/stfu.png","ascent":9,"height":10,"chars":["\uec41"]},{"type":"bitmap","file":"emotes:emotes/siggycool.png","ascent":9,"height":10,"chars":["\uec42"]},{"type":"bitmap","file":"emotes:emotes/mogicrazy.png","ascent":9,"height":10,"chars":["\uec43"]},{"type":"bitmap","file":"emotes:emotes/ozenisfine.png","ascent":9,"height":10,"chars":["\uec44"]},{"type":"bitmap","file":"emotes:emotes/ozendrool.png","ascent":9,"height":10,"chars":["\uec45"]},{"type":"bitmap","file":"emotes:emotes/orifacepalm.png","ascent":9,"height":10,"chars":["\uec46"]},{"type":"bitmap","file":"emotes:emotes/katyusha.png","ascent":9,"height":10,"chars":["\uec47"]},{"type":"bitmap","file":"emotes:emotes/hjonk.png","ascent":9,"height":10,"chars":["\uec48"]},{"type":"bitmap","file":"emotes:emotes/okaynerd.png","ascent":9,"height":10,"chars":["\uec49"]},{"type":"bitmap","file":"emotes:emotes/guracard.png","ascent":9,"height":10,"chars":["\uec4a"]},{"type":"bitmap","file":"emotes:emotes/gutmoment.png","ascent":9,"height":10,"chars":["\uec4b"]},{"type":"bitmap","file":"emotes:emotes/technopepe.png","ascent":9,"height":10,"chars":["\uec4c"]},{"type":"bitmap","file":"emotes:emotes/huh.png","ascent":9,"height":10,"chars":["\uec4d"]},{"type":"bitmap","file":"emotes:emotes/faputahappy.png","ascent":9,"height":10,"chars":["\uec4e"]},{"type":"bitmap","file":"emotes:emotes/chad.png","ascent":9,"height":10,"chars":["\uec4f"]},{"type":"bitmap","file":"emotes:emotes/f.png","ascent":9,"height":10,"chars":["\uec50"]},{"type":"bitmap","file":"emotes:emotes/stonks.png","ascent":9,"height":10,"chars":["\uec51"]},{"type":"bitmap","file":"emotes:emotes/notstonks.png","ascent":9,"height":10,"chars":["\uec52"]},{"type":"bitmap","file":"emotes:emotes/cursed.png","ascent":9,"height":10,"chars":["\uec53"]},{"type":"bitmap","file":"emotes:emotes/doge.png","ascent":9,"height":10,"chars":["\uec54"]},{"type":"bitmap","file":"emotes:emotes/skull.png","ascent":9,"height":10,"chars":["\uec55"]},{"type":"bitmap","file":"emotes:emotes/sheesh.png","ascent":9,"height":10,"chars":["\uec56"]},{"type":"bitmap","file":"emotes:emotes/thumbsup.png","ascent":9,"height":10,"chars":["\uec57"]},{"type":"bitmap","file":"emotes:emotes/thumbsdown.png","ascent":9,"height":10,"chars":["\uec58"]},{"type":"bitmap","file":"emotes:emotes/nou.png","ascent":9,"height":10,"chars":["\uec59"]},{"type":"bitmap","file":"emotes:emotes/knuckles.png","ascent":9,"height":10,"chars":["\uec5a"]},{"type":"bitmap","file":"emotes:emotes/know.png","ascent":9,"height":10,"chars":["\uec5b"]},{"type":"bitmap","file":"emotes:emotes/dontknow.png","ascent":9,"height":10,"chars":["\uec5c"]}]}