{"providers":[{"type":"bitmap","file":"mineinabyss:ui/compass/arrow_s.png","ascent":8,"height":24,"chars":["\uebaf"]},{"type":"bitmap","file":"mineinabyss:ui/compass/arrow_sse.png","ascent":8,"height":24,"chars":["\uebb0"]},{"type":"bitmap","file":"mineinabyss:ui/compass/arrow_se.png","ascent":8,"height":24,"chars":["\uebb1"]},{"type":"bitmap","file":"mineinabyss:ui/compass/arrow_ese.png","ascent":8,"height":24,"chars":["\uebb2"]},{"type":"bitmap","file":"mineinabyss:ui/compass/arrow_e.png","ascent":8,"height":24,"chars":["\uebb3"]},{"type":"bitmap","file":"mineinabyss:ui/compass/arrow_ene.png","ascent":8,"height":24,"chars":["\uebb4"]},{"type":"bitmap","file":"mineinabyss:ui/compass/arrow_ne.png","ascent":8,"height":24,"chars":["\uebb5"]},{"type":"bitmap","file":"mineinabyss:ui/compass/arrow_nne.png","ascent":8,"height":24,"chars":["\uebb6"]},{"type":"bitmap","file":"mineinabyss:ui/compass/arrow_n.png","ascent":8,"height":24,"chars":["\uebb7"]},{"type":"bitmap","file":"mineinabyss:ui/compass/arrow_nnw.png","ascent":8,"height":24,"chars":["\uebb8"]},{"type":"bitmap","file":"mineinabyss:ui/compass/arrow_nw.png","ascent":8,"height":24,"chars":["\uebb9"]},{"type":"bitmap","file":"mineinabyss:ui/compass/arrow_wnw.png","ascent":8,"height":24,"chars":["\uebba"]},{"type":"bitmap","file":"mineinabyss:ui/compass/arrow_w.png","ascent":8,"height":24,"chars":["\uebbb"]},{"type":"bitmap","file":"mineinabyss:ui/compass/arrow_wsw.png","ascent":8,"height":24,"chars":["\uebbc"]},{"type":"bitmap","file":"mineinabyss:ui/compass/arrow_sw.png","ascent":8,"height":24,"chars":["\uebbd"]},{"type":"bitmap","file":"mineinabyss:ui/compass/arrow_ssw.png","ascent":8,"height":24,"chars":["\uebbe"]},{"type":"bitmap","file":"mineinabyss:ui/compass/arrow_null.png","ascent":8,"height":24,"chars":["\uebbf"]}]}