{"providers":[{"type":"bitmap","file":"minecraft:font/ascii_offset.png","ascent":8,"height":8,"chars":["\u0000\u0000\u0000\u0000\u0000\u0000\u0000\u0000\u0000\u0000\u0000\u0000\u0000\u0000\u0000\u0000","\u0000\u0000\u0000\u0000\u0000\u0000\u0000\u0000\u0000\u0000\u0000\u0000\u0000\u0000\u0000\u0000"," !\"#$%&'()*+,-./","0123456789:;<=>?","@ABCDEFGHIJKLMNO","PQRSTUVWXYZ[\\]^_","`abcdefghijklmno","pqrstuvwxyz{|}~\u0000","\u0000\u0000\u0000\u0000\u0000\u0000\u0000\u0000\u0000\u0000\u0000\u0000\u0000\u0000\u0000\u0000","\u0000\u0000\u0000\u0000\u0000\u0000\u0000\u0000\u0000\u0000\u0000\u0000\u00a3\u0000\u0000\u0192","\u0000\u0000\u0000\u0000\u0000\u0000\u00aa\u00ba\u0000\u0000\u00ac\u0000\u0000\u0000\u00ab\u00bb","\u2591\u2592\u2593\u2502\u2524\u2561\u2562\u2556\u2555\u2563\u2551\u2557\u255d\u255c\u255b\u2510","\u2514\u2534\u252c\u251c\u2500\u253c\u255e\u255f\u255a\u2554\u2569\u2566\u2560\u2550\u256c\u2567","\u2568\u2564\u2565\u2559\u2558\u2552\u2553\u256b\u256a\u2518\u250c\u2588\u2584\u258c\u2590\u2580","\u0000\u0000\u0000\u0000\u0000\u0000\u0000\u0000\u0000\u0000\u0000\u0000\u0000\u2205\u2208\u0000","\u2261\u00b1\u2265\u2264\u2320\u2321\u00f7\u2248\u00b0\u2219\u0000\u221a\u207f\u00b2\u25a0\u0000"]},{"type":"bitmap","file":"mineinabyss:ui/player_profiles/menus/player_profile_armor_visible.png","ascent":15,"height":224,"chars":["\uebaf"]},{"type":"bitmap","file":"mineinabyss:ui/player_profiles/menus/player_profile_patreon_armor_visible.png","ascent":15,"height":224,"chars":["\uebb0"]},{"type":"bitmap","file":"mineinabyss:ui/player_profiles/menus/player_profile_armor_hidden.png","ascent":15,"height":224,"chars":["\uebb1"]},{"type":"bitmap","file":"mineinabyss:ui/player_profiles/menus/player_profile_patreon_armor_hidden.png","ascent":15,"height":224,"chars":["\uebb2"]},{"type":"bitmap","file":"mineinabyss:ui/roles/admin.png","ascent":7,"height":7,"chars":["\uebb3"]},{"type":"bitmap","file":"mineinabyss:ui/roles/moderator.png","ascent":7,"height":7,"chars":["\uebb4"]},{"type":"bitmap","file":"mineinabyss:ui/roles/helper.png","ascent":7,"height":7,"chars":["\uebb5"]},{"type":"bitmap","file":"mineinabyss:ui/roles/srdev.png","ascent":7,"height":7,"chars":["\uebb6"]},{"type":"bitmap","file":"mineinabyss:ui/roles/dev.png","ascent":7,"height":7,"chars":["\uebb7"]},{"type":"bitmap","file":"mineinabyss:ui/roles/jrdev.png","ascent":7,"height":7,"chars":["\uebb8"]},{"type":"bitmap","file":"mineinabyss:ui/roles/srdesigner.png","ascent":7,"height":7,"chars":["\uebb9"]},{"type":"bitmap","file":"mineinabyss:ui/roles/designer.png","ascent":7,"height":7,"chars":["\uebba"]},{"type":"bitmap","file":"mineinabyss:ui/roles/jrdesigner.png","ascent":7,"height":7,"chars":["\uebbb"]},{"type":"bitmap","file":"mineinabyss:ui/roles/srbuilder.png","ascent":7,"height":7,"chars":["\uebbc"]},{"type":"bitmap","file":"mineinabyss:ui/roles/buildlead.png","ascent":7,"height":7,"chars":["\uebbd"]},{"type":"bitmap","file":"mineinabyss:ui/roles/builder.png","ascent":7,"height":7,"chars":["\uebbe"]},{"type":"bitmap","file":"mineinabyss:ui/roles/jrbuilder.png","ascent":7,"height":7,"chars":["\uebbf"]},{"type":"bitmap","file":"mineinabyss:ui/roles/patreonplus.png","ascent":7,"height":7,"chars":["\uebc0"]},{"type":"bitmap","file":"mineinabyss:ui/roles/patreon.png","ascent":7,"height":7,"chars":["\uebc1"]},{"type":"bitmap","file":"mineinabyss:ui/roles/communitymanager.png","ascent":7,"height":7,"chars":["\uebc2"]}]}