{"providers":[{"type":"bitmap","file":"mineinabyss:whistles/bell.png","ascent":9,"height":10,"chars":["\uebaf"]},{"type":"bitmap","file":"mineinabyss:whistles/redw.png","ascent":9,"height":10,"chars":["\uebb0"]},{"type":"bitmap","file":"mineinabyss:whistles/bluew.png","ascent":9,"height":10,"chars":["\uebb1"]},{"type":"bitmap","file":"mineinabyss:whistles/moonw.png","ascent":9,"height":10,"chars":["\uebb2"]},{"type":"bitmap","file":"mineinabyss:whistles/blackw.png","ascent":9,"height":10,"chars":["\uebb3"]},{"type":"bitmap","file":"mineinabyss:whistles/whitew.png","ascent":9,"height":10,"chars":["\uebb4"]},{"type":"bitmap","file":"mineinabyss:whistles/bondrewdw.png","ascent":9,"height":10,"chars":["\uebb5"]},{"type":"bitmap","file":"mineinabyss:whistles/lyzaw.png","ascent":9,"height":10,"chars":["\uebb6"]},{"type":"bitmap","file":"mineinabyss:whistles/rikow.png","ascent":9,"height":10,"chars":["\uebb7"]},{"type":"bitmap","file":"mineinabyss:whistles/ozenw.png","ascent":9,"height":10,"chars":["\uebb8"]},{"type":"bitmap","file":"mineinabyss:whistles/lifereverbw.png","ascent":9,"height":10,"chars":["\uebb9"]},{"type":"bitmap","file":"mineinabyss:whistles/wakunaw.png","ascent":9,"height":10,"chars":["\uebba"]},{"type":"bitmap","file":"mineinabyss:whistles/srajow.png","ascent":9,"height":10,"chars":["\uebbb"]},{"type":"bitmap","file":"mineinabyss:whistles/owlw.png","ascent":9,"height":10,"chars":["\uebbc"]},{"type":"bitmap","file":"mineinabyss:whistles/painw.png","ascent":9,"height":10,"chars":["\uebbd"]},{"type":"bitmap","file":"mineinabyss:whistles/boyw.png","ascent":9,"height":10,"chars":["\uebbe"]},{"type":"bitmap","file":"mineinabyss:whistles/gunsmithw.png","ascent":9,"height":10,"chars":["\uebbf"]},{"type":"bitmap","file":"mineinabyss:whistles/hadenw.png","ascent":9,"height":10,"chars":["\uebc0"]},{"type":"bitmap","file":"mineinabyss:whistles/awaiw.png","ascent":9,"height":10,"chars":["\uebc1"]},{"type":"bitmap","file":"mineinabyss:whistles/lumiw.png","ascent":9,"height":10,"chars":["\uebc2"]}]}