{"credit":"Made with Blockbench","textures":{"0":"mineinabyss:block/nature/eternal_fortune","particle":"mineinabyss:block/nature/eternal_fortune"},"elements":[{"from":[8,0,6],"to":[8,5,9],"rotation":{"angle":45,"axis":"y","origin":[8,8,8]},"faces":{"north":{"uv":[0,0,0,5],"texture":"#0"},"east":{"uv":[0,8,6,16],"texture":"#0"},"south":{"uv":[0,0,0,5],"texture":"#0"},"west":{"uv":[6,8,0,16],"texture":"#0"},"up":{"uv":[0,0,0,4],"texture":"#0"},"down":{"uv":[0,0,0,4],"texture":"#0"}}},{"from":[6,0,8],"to":[9,5,8],"rotation":{"angle":45,"axis":"y","origin":[8,8,8]},"faces":{"north":{"uv":[0,8,6,16],"texture":"#0"},"east":{"uv":[0,0,0,5],"texture":"#0"},"south":{"uv":[6,8,0,16],"texture":"#0"},"west":{"uv":[0,0,0,5],"texture":"#0"},"up":{"uv":[0,0,0,4],"rotation":270,"texture":"#0"},"down":{"uv":[0,0,0,4],"rotation":90,"texture":"#0"}}},{"from":[6.5,5,4],"to":[9.5,5,8],"rotation":{"angle":22.5,"axis":"y","origin":[8,8,8]},"faces":{"north":{"uv":[0,0,0,3],"rotation":90,"texture":"#0"},"east":{"uv":[0,0,0,4],"rotation":270,"texture":"#0"},"south":{"uv":[0,0,0,3],"rotation":90,"texture":"#0"},"west":{"uv":[0,0,0,4],"rotation":90,"texture":"#0"},"up":{"uv":[10,9,14,14],"rotation":180,"texture":"#0"},"down":{"uv":[0,0,3,4],"texture":"#0"}}},{"from":[7.6,5.2,6.5],"to":[11.6,5.2,9.5],"rotation":{"angle":45,"axis":"y","origin":[7.6,8,8]},"faces":{"north":{"uv":[0,0,0,4],"rotation":90,"texture":"#0"},"east":{"uv":[0,0,0,3],"rotation":90,"texture":"#0"},"south":{"uv":[0,0,0,4],"rotation":270,"texture":"#0"},"west":{"uv":[0,0,0,3],"rotation":90,"texture":"#0"},"up":{"uv":[11,1,15,6],"rotation":270,"texture":"#0"},"down":{"uv":[0,0,3,4],"rotation":270,"texture":"#0"}}},{"from":[6.6,6,5],"to":[10.6,6,9],"rotation":{"angle":-45,"axis":"x","origin":[7.6,8,8]},"faces":{"north":{"uv":[0,0,0,4],"rotation":90,"texture":"#0"},"east":{"uv":[0,0,0,4],"rotation":270,"texture":"#0"},"south":{"uv":[0,0,0,4],"rotation":90,"texture":"#0"},"west":{"uv":[0,0,0,4],"rotation":90,"texture":"#0"},"up":{"uv":[0,0,7,6],"rotation":180,"texture":"#0"},"down":{"uv":[7,0,0,6],"texture":"#0"}}},{"from":[5.3,5.3,6],"to":[9.3,5.3,9],"rotation":{"angle":-22.5,"axis":"z","origin":[8,8,8]},"faces":{"north":{"uv":[11,1,15,6],"rotation":90,"texture":"#0"},"east":{"uv":[0,0,0,3],"rotation":90,"texture":"#0"},"south":{"uv":[-1,0,0,4],"rotation":270,"texture":"#0"},"west":{"uv":[0,0,0,3],"rotation":90,"texture":"#0"},"up":{"uv":[11,1,15,6],"rotation":270,"texture":"#0"},"down":{"uv":[0,0,3,4],"rotation":270,"texture":"#0"}}},{"from":[6.47,-0.34,1.71],"to":[6.47,3.46,3.99],"rotation":{"angle":45,"axis":"y","origin":[6.47,5.74,3.23]},"faces":{"north":{"uv":[0,0,0,5],"texture":"#0"},"east":{"uv":[0,8,6,16],"texture":"#0"},"south":{"uv":[0,0,0,5],"texture":"#0"},"west":{"uv":[6,8,0,16],"texture":"#0"},"up":{"uv":[0,0,0,4],"texture":"#0"},"down":{"uv":[0,0,0,4],"texture":"#0"}}},{"from":[4.95,-0.34,3.23],"to":[7.23,3.46,3.23],"rotation":{"angle":45,"axis":"y","origin":[6.47,5.74,3.23]},"faces":{"north":{"uv":[0,8,6,16],"texture":"#0"},"east":{"uv":[0,0,0,5],"texture":"#0"},"south":{"uv":[6,8,0,16],"texture":"#0"},"west":{"uv":[0,0,0,5],"texture":"#0"},"up":{"uv":[0,0,0,4],"rotation":270,"texture":"#0"},"down":{"uv":[0,0,0,4],"rotation":90,"texture":"#0"}}},{"from":[5.33,3.46,0.19],"to":[7.61,3.46,3.23],"rotation":{"angle":22.5,"axis":"y","origin":[6.47,5.74,3.23]},"faces":{"north":{"uv":[0,0,0,3],"rotation":90,"texture":"#0"},"east":{"uv":[0,0,0,4],"rotation":270,"texture":"#0"},"south":{"uv":[0,0,0,3],"rotation":90,"texture":"#0"},"west":{"uv":[0,0,0,4],"rotation":90,"texture":"#0"},"up":{"uv":[10,9,14,14],"rotation":180,"texture":"#0"},"down":{"uv":[0,0,3,4],"texture":"#0"}}},{"from":[6.166,3.612,2.09],"to":[9.206,3.612,4.37],"rotation":{"angle":45,"axis":"y","origin":[6.166,5.74,3.23]},"faces":{"north":{"uv":[0,0,0,4],"rotation":90,"texture":"#0"},"east":{"uv":[0,0,0,3],"rotation":90,"texture":"#0"},"south":{"uv":[0,0,0,4],"rotation":270,"texture":"#0"},"west":{"uv":[0,0,0,3],"rotation":90,"texture":"#0"},"up":{"uv":[11,1,15,6],"rotation":270,"texture":"#0"},"down":{"uv":[0,0,3,4],"rotation":270,"texture":"#0"}}},{"from":[5.406,4.22,0.95],"to":[8.446,4.22,3.99],"rotation":{"angle":-45,"axis":"x","origin":[6.166,5.74,3.23]},"faces":{"north":{"uv":[0,0,0,4],"rotation":90,"texture":"#0"},"east":{"uv":[0,0,0,4],"rotation":270,"texture":"#0"},"south":{"uv":[0,0,0,4],"rotation":90,"texture":"#0"},"west":{"uv":[0,0,0,4],"rotation":90,"texture":"#0"},"up":{"uv":[0,0,7,6],"rotation":180,"texture":"#0"},"down":{"uv":[7,0,0,6],"texture":"#0"}}},{"from":[4.418,3.688,1.71],"to":[7.458,3.688,3.99],"rotation":{"angle":-22.5,"axis":"z","origin":[6.47,5.74,3.23]},"faces":{"north":{"uv":[11,1,15,6],"rotation":90,"texture":"#0"},"east":{"uv":[0,0,0,3],"rotation":90,"texture":"#0"},"south":{"uv":[-1,0,0,4],"rotation":270,"texture":"#0"},"west":{"uv":[0,0,0,3],"rotation":90,"texture":"#0"},"up":{"uv":[11,1,15,6],"rotation":270,"texture":"#0"},"down":{"uv":[0,0,3,4],"rotation":270,"texture":"#0"}}},{"from":[12.72,-0.34,9.71],"to":[12.72,3.46,11.99],"rotation":{"angle":45,"axis":"y","origin":[12.72,5.74,11.23]},"faces":{"north":{"uv":[0,0,0,5],"texture":"#0"},"east":{"uv":[0,8,6,16],"texture":"#0"},"south":{"uv":[0,0,0,5],"texture":"#0"},"west":{"uv":[6,8,0,16],"texture":"#0"},"up":{"uv":[0,0,0,4],"texture":"#0"},"down":{"uv":[0,0,0,4],"texture":"#0"}}},{"from":[11.2,-0.34,11.23],"to":[13.48,3.46,11.23],"rotation":{"angle":45,"axis":"y","origin":[12.72,5.74,11.23]},"faces":{"north":{"uv":[0,8,6,16],"texture":"#0"},"east":{"uv":[0,0,0,5],"texture":"#0"},"south":{"uv":[6,8,0,16],"texture":"#0"},"west":{"uv":[0,0,0,5],"texture":"#0"},"up":{"uv":[0,0,0,4],"rotation":270,"texture":"#0"},"down":{"uv":[0,0,0,4],"rotation":90,"texture":"#0"}}},{"from":[11.58,3.46,8.19],"to":[13.86,3.46,11.23],"rotation":{"angle":22.5,"axis":"y","origin":[12.72,5.74,11.23]},"faces":{"north":{"uv":[0,0,0,3],"rotation":90,"texture":"#0"},"east":{"uv":[0,0,0,4],"rotation":270,"texture":"#0"},"south":{"uv":[0,0,0,3],"rotation":90,"texture":"#0"},"west":{"uv":[0,0,0,4],"rotation":90,"texture":"#0"},"up":{"uv":[10,9,14,14],"rotation":180,"texture":"#0"},"down":{"uv":[0,0,3,4],"texture":"#0"}}},{"from":[12.416,3.612,10.09],"to":[15.456,3.612,12.37],"rotation":{"angle":45,"axis":"y","origin":[12.416,5.74,11.23]},"faces":{"north":{"uv":[0,0,0,4],"rotation":90,"texture":"#0"},"east":{"uv":[0,0,0,3],"rotation":90,"texture":"#0"},"south":{"uv":[0,0,0,4],"rotation":270,"texture":"#0"},"west":{"uv":[0,0,0,3],"rotation":90,"texture":"#0"},"up":{"uv":[11,1,15,6],"rotation":270,"texture":"#0"},"down":{"uv":[0,0,3,4],"rotation":270,"texture":"#0"}}},{"from":[11.656,4.22,8.95],"to":[14.696,4.22,11.99],"rotation":{"angle":-45,"axis":"x","origin":[12.416,5.74,11.23]},"faces":{"north":{"uv":[0,0,0,4],"rotation":90,"texture":"#0"},"east":{"uv":[0,0,0,4],"rotation":270,"texture":"#0"},"south":{"uv":[0,0,0,4],"rotation":90,"texture":"#0"},"west":{"uv":[0,0,0,4],"rotation":90,"texture":"#0"},"up":{"uv":[0,0,7,6],"rotation":180,"texture":"#0"},"down":{"uv":[7,0,0,6],"texture":"#0"}}},{"from":[10.668,3.688,9.71],"to":[13.708,3.688,11.99],"rotation":{"angle":-22.5,"axis":"z","origin":[12.72,5.74,11.23]},"faces":{"north":{"uv":[11,1,15,6],"rotation":90,"texture":"#0"},"east":{"uv":[0,0,0,3],"rotation":90,"texture":"#0"},"south":{"uv":[-1,0,0,4],"rotation":270,"texture":"#0"},"west":{"uv":[0,0,0,3],"rotation":90,"texture":"#0"},"up":{"uv":[11,1,15,6],"rotation":270,"texture":"#0"},"down":{"uv":[0,0,3,4],"rotation":270,"texture":"#0"}}},{"from":[10.72,-0.34,0.71],"to":[10.72,3.46,2.99],"rotation":{"angle":45,"axis":"y","origin":[10.72,5.74,2.23]},"faces":{"north":{"uv":[0,0,0,5],"texture":"#0"},"east":{"uv":[0,8,6,16],"texture":"#0"},"south":{"uv":[0,0,0,5],"texture":"#0"},"west":{"uv":[6,8,0,16],"texture":"#0"},"up":{"uv":[0,0,0,4],"texture":"#0"},"down":{"uv":[0,0,0,4],"texture":"#0"}}},{"from":[9.2,-0.34,2.23],"to":[11.48,3.46,2.23],"rotation":{"angle":45,"axis":"y","origin":[10.72,5.74,2.23]},"faces":{"north":{"uv":[0,8,6,16],"texture":"#0"},"east":{"uv":[0,0,0,5],"texture":"#0"},"south":{"uv":[6,8,0,16],"texture":"#0"},"west":{"uv":[0,0,0,5],"texture":"#0"},"up":{"uv":[0,0,0,4],"rotation":270,"texture":"#0"},"down":{"uv":[0,0,0,4],"rotation":90,"texture":"#0"}}},{"from":[9.58,3.46,-0.81],"to":[11.86,3.46,2.23],"rotation":{"angle":22.5,"axis":"y","origin":[10.72,5.74,2.23]},"faces":{"north":{"uv":[0,0,0,3],"rotation":90,"texture":"#0"},"east":{"uv":[0,0,0,4],"rotation":270,"texture":"#0"},"south":{"uv":[0,0,0,3],"rotation":90,"texture":"#0"},"west":{"uv":[0,0,0,4],"rotation":90,"texture":"#0"},"up":{"uv":[10,9,14,14],"rotation":180,"texture":"#0"},"down":{"uv":[0,0,3,4],"texture":"#0"}}},{"from":[10.416,3.612,1.09],"to":[13.456,3.612,3.37],"rotation":{"angle":45,"axis":"y","origin":[10.416,5.74,2.23]},"faces":{"north":{"uv":[0,0,0,4],"rotation":90,"texture":"#0"},"east":{"uv":[0,0,0,3],"rotation":90,"texture":"#0"},"south":{"uv":[0,0,0,4],"rotation":270,"texture":"#0"},"west":{"uv":[0,0,0,3],"rotation":90,"texture":"#0"},"up":{"uv":[11,1,15,6],"rotation":270,"texture":"#0"},"down":{"uv":[0,0,3,4],"rotation":270,"texture":"#0"}}},{"from":[9.656,4.22,-0.05],"to":[12.696,4.22,2.99],"rotation":{"angle":-45,"axis":"x","origin":[10.416,5.74,2.23]},"faces":{"north":{"uv":[0,0,0,4],"rotation":90,"texture":"#0"},"east":{"uv":[0,0,0,4],"rotation":270,"texture":"#0"},"south":{"uv":[0,0,0,4],"rotation":90,"texture":"#0"},"west":{"uv":[0,0,0,4],"rotation":90,"texture":"#0"},"up":{"uv":[0,0,7,6],"rotation":180,"texture":"#0"},"down":{"uv":[7,0,0,6],"texture":"#0"}}},{"from":[8.668,3.688,0.71],"to":[11.708,3.688,2.99],"rotation":{"angle":-22.5,"axis":"z","origin":[10.72,5.74,2.23]},"faces":{"north":{"uv":[11,1,15,6],"rotation":90,"texture":"#0"},"east":{"uv":[0,0,0,3],"rotation":90,"texture":"#0"},"south":{"uv":[-1,0,0,4],"rotation":270,"texture":"#0"},"west":{"uv":[0,0,0,3],"rotation":90,"texture":"#0"},"up":{"uv":[11,1,15,6],"rotation":270,"texture":"#0"},"down":{"uv":[0,0,3,4],"rotation":270,"texture":"#0"}}},{"from":[13.72,-0.34,3.71],"to":[13.72,3.46,5.99],"rotation":{"angle":45,"axis":"y","origin":[13.72,5.74,5.23]},"faces":{"north":{"uv":[0,0,0,5],"texture":"#0"},"east":{"uv":[0,8,6,16],"texture":"#0"},"south":{"uv":[0,0,0,5],"texture":"#0"},"west":{"uv":[6,8,0,16],"texture":"#0"},"up":{"uv":[0,0,0,4],"texture":"#0"},"down":{"uv":[0,0,0,4],"texture":"#0"}}},{"from":[12.2,-0.34,5.23],"to":[14.48,3.46,5.23],"rotation":{"angle":45,"axis":"y","origin":[13.72,5.74,5.23]},"faces":{"north":{"uv":[0,8,6,16],"texture":"#0"},"east":{"uv":[0,0,0,5],"texture":"#0"},"south":{"uv":[6,8,0,16],"texture":"#0"},"west":{"uv":[0,0,0,5],"texture":"#0"},"up":{"uv":[0,0,0,4],"rotation":270,"texture":"#0"},"down":{"uv":[0,0,0,4],"rotation":90,"texture":"#0"}}},{"from":[12.58,3.46,2.19],"to":[14.86,3.46,5.23],"rotation":{"angle":22.5,"axis":"y","origin":[13.72,5.74,5.23]},"faces":{"north":{"uv":[0,0,0,3],"rotation":90,"texture":"#0"},"east":{"uv":[0,0,0,4],"rotation":270,"texture":"#0"},"south":{"uv":[0,0,0,3],"rotation":90,"texture":"#0"},"west":{"uv":[0,0,0,4],"rotation":90,"texture":"#0"},"up":{"uv":[10,9,14,14],"rotation":180,"texture":"#0"},"down":{"uv":[0,0,3,4],"texture":"#0"}}},{"from":[13.416,3.612,4.09],"to":[16.456,3.612,6.37],"rotation":{"angle":45,"axis":"y","origin":[13.416,5.74,5.23]},"faces":{"north":{"uv":[0,0,0,4],"rotation":90,"texture":"#0"},"east":{"uv":[0,0,0,3],"rotation":90,"texture":"#0"},"south":{"uv":[0,0,0,4],"rotation":270,"texture":"#0"},"west":{"uv":[0,0,0,3],"rotation":90,"texture":"#0"},"up":{"uv":[11,1,15,6],"rotation":270,"texture":"#0"},"down":{"uv":[0,0,3,4],"rotation":270,"texture":"#0"}}},{"from":[12.656,4.22,2.95],"to":[15.696,4.22,5.99],"rotation":{"angle":-45,"axis":"x","origin":[13.416,5.74,5.23]},"faces":{"north":{"uv":[0,0,0,4],"rotation":90,"texture":"#0"},"east":{"uv":[0,0,0,4],"rotation":270,"texture":"#0"},"south":{"uv":[0,0,0,4],"rotation":90,"texture":"#0"},"west":{"uv":[0,0,0,4],"rotation":90,"texture":"#0"},"up":{"uv":[0,0,7,6],"rotation":180,"texture":"#0"},"down":{"uv":[7,0,0,6],"texture":"#0"}}},{"from":[11.668,3.688,3.71],"to":[14.708,3.688,5.99],"rotation":{"angle":-22.5,"axis":"z","origin":[13.72,5.74,5.23]},"faces":{"north":{"uv":[11,1,15,6],"rotation":90,"texture":"#0"},"east":{"uv":[0,0,0,3],"rotation":90,"texture":"#0"},"south":{"uv":[-1,0,0,4],"rotation":270,"texture":"#0"},"west":{"uv":[0,0,0,3],"rotation":90,"texture":"#0"},"up":{"uv":[11,1,15,6],"rotation":270,"texture":"#0"},"down":{"uv":[0,0,3,4],"rotation":270,"texture":"#0"}}},{"from":[6.72,-0.34,10.71],"to":[6.72,3.46,12.99],"rotation":{"angle":45,"axis":"y","origin":[6.72,5.74,12.23]},"faces":{"north":{"uv":[0,0,0,5],"texture":"#0"},"east":{"uv":[0,8,6,16],"texture":"#0"},"south":{"uv":[0,0,0,5],"texture":"#0"},"west":{"uv":[6,8,0,16],"texture":"#0"},"up":{"uv":[0,0,0,4],"texture":"#0"},"down":{"uv":[0,0,0,4],"texture":"#0"}}},{"from":[5.2,-0.34,12.23],"to":[7.48,3.46,12.23],"rotation":{"angle":45,"axis":"y","origin":[6.72,5.74,12.23]},"faces":{"north":{"uv":[0,8,6,16],"texture":"#0"},"east":{"uv":[0,0,0,5],"texture":"#0"},"south":{"uv":[6,8,0,16],"texture":"#0"},"west":{"uv":[0,0,0,5],"texture":"#0"},"up":{"uv":[0,0,0,4],"rotation":270,"texture":"#0"},"down":{"uv":[0,0,0,4],"rotation":90,"texture":"#0"}}},{"from":[5.58,3.46,9.19],"to":[7.86,3.46,12.23],"rotation":{"angle":22.5,"axis":"y","origin":[6.72,5.74,12.23]},"faces":{"north":{"uv":[0,0,0,3],"rotation":90,"texture":"#0"},"east":{"uv":[0,0,0,4],"rotation":270,"texture":"#0"},"south":{"uv":[0,0,0,3],"rotation":90,"texture":"#0"},"west":{"uv":[0,0,0,4],"rotation":90,"texture":"#0"},"up":{"uv":[10,9,14,14],"rotation":180,"texture":"#0"},"down":{"uv":[0,0,3,4],"texture":"#0"}}},{"from":[6.416,3.612,11.09],"to":[9.456,3.612,13.37],"rotation":{"angle":45,"axis":"y","origin":[6.416,5.74,12.23]},"faces":{"north":{"uv":[0,0,0,4],"rotation":90,"texture":"#0"},"east":{"uv":[0,0,0,3],"rotation":90,"texture":"#0"},"south":{"uv":[0,0,0,4],"rotation":270,"texture":"#0"},"west":{"uv":[0,0,0,3],"rotation":90,"texture":"#0"},"up":{"uv":[11,1,15,6],"rotation":270,"texture":"#0"},"down":{"uv":[0,0,3,4],"rotation":270,"texture":"#0"}}},{"from":[5.656,4.22,9.95],"to":[8.696,4.22,12.99],"rotation":{"angle":-45,"axis":"x","origin":[6.416,5.74,12.23]},"faces":{"north":{"uv":[0,0,0,4],"rotation":90,"texture":"#0"},"east":{"uv":[0,0,0,4],"rotation":270,"texture":"#0"},"south":{"uv":[0,0,0,4],"rotation":90,"texture":"#0"},"west":{"uv":[0,0,0,4],"rotation":90,"texture":"#0"},"up":{"uv":[0,0,7,6],"rotation":180,"texture":"#0"},"down":{"uv":[7,0,0,6],"texture":"#0"}}},{"from":[4.668,3.688,10.71],"to":[7.708,3.688,12.99],"rotation":{"angle":-22.5,"axis":"z","origin":[6.72,5.74,12.23]},"faces":{"north":{"uv":[11,1,15,6],"rotation":90,"texture":"#0"},"east":{"uv":[0,0,0,3],"rotation":90,"texture":"#0"},"south":{"uv":[-1,0,0,4],"rotation":270,"texture":"#0"},"west":{"uv":[0,0,0,3],"rotation":90,"texture":"#0"},"up":{"uv":[11,1,15,6],"rotation":270,"texture":"#0"},"down":{"uv":[0,0,3,4],"rotation":270,"texture":"#0"}}},{"from":[1.8058,-0.7576,7.5244],"to":[1.8058,3.5744,10.1236],"rotation":{"angle":45,"axis":"y","origin":[1.8058,6.1736,9.2572]},"faces":{"north":{"uv":[0,0,0,5],"texture":"#0"},"east":{"uv":[0,8,6,16],"texture":"#0"},"south":{"uv":[0,0,0,5],"texture":"#0"},"west":{"uv":[6,8,0,16],"texture":"#0"},"up":{"uv":[0,0,0,4],"texture":"#0"},"down":{"uv":[0,0,0,4],"texture":"#0"}}},{"from":[0.073,-0.7576,9.2572],"to":[2.6722,3.5744,9.2572],"rotation":{"angle":45,"axis":"y","origin":[1.8058,6.1736,9.2572]},"faces":{"north":{"uv":[0,8,6,16],"texture":"#0"},"east":{"uv":[0,0,0,5],"texture":"#0"},"south":{"uv":[6,8,0,16],"texture":"#0"},"west":{"uv":[0,0,0,5],"texture":"#0"},"up":{"uv":[0,0,0,4],"rotation":270,"texture":"#0"},"down":{"uv":[0,0,0,4],"rotation":90,"texture":"#0"}}},{"from":[0.5062,3.5744,5.7916],"to":[3.1054,3.5744,9.2572],"rotation":{"angle":22.5,"axis":"y","origin":[1.8058,6.1736,9.2572]},"faces":{"north":{"uv":[0,0,0,3],"rotation":90,"texture":"#0"},"east":{"uv":[0,0,0,4],"rotation":270,"texture":"#0"},"south":{"uv":[0,0,0,3],"rotation":90,"texture":"#0"},"west":{"uv":[0,0,0,4],"rotation":90,"texture":"#0"},"up":{"uv":[10,9,14,14],"rotation":180,"texture":"#0"},"down":{"uv":[0,0,3,4],"texture":"#0"}}},{"from":[1.45924,3.74768,7.9576],"to":[4.92484,3.74768,10.5568],"rotation":{"angle":45,"axis":"y","origin":[1.45924,6.1736,9.2572]},"faces":{"north":{"uv":[0,0,0,4],"rotation":90,"texture":"#0"},"east":{"uv":[0,0,0,3],"rotation":90,"texture":"#0"},"south":{"uv":[0,0,0,4],"rotation":270,"texture":"#0"},"west":{"uv":[0,0,0,3],"rotation":90,"texture":"#0"},"up":{"uv":[11,1,15,6],"rotation":270,"texture":"#0"},"down":{"uv":[0,0,3,4],"rotation":270,"texture":"#0"}}},{"from":[0.59284,4.4408,6.658],"to":[4.05844,4.4408,10.1236],"rotation":{"angle":-45,"axis":"x","origin":[1.45924,6.1736,9.2572]},"faces":{"north":{"uv":[0,0,0,4],"rotation":90,"texture":"#0"},"east":{"uv":[0,0,0,4],"rotation":270,"texture":"#0"},"south":{"uv":[0,0,0,4],"rotation":90,"texture":"#0"},"west":{"uv":[0,0,0,4],"rotation":90,"texture":"#0"},"up":{"uv":[0,0,7,6],"rotation":180,"texture":"#0"},"down":{"uv":[7,0,0,6],"texture":"#0"}}},{"from":[-0.53348,3.83432,7.5244],"to":[2.93212,3.83432,10.1236],"rotation":{"angle":-22.5,"axis":"z","origin":[1.8058,6.1736,9.2572]},"faces":{"north":{"uv":[11,1,15,6],"rotation":90,"texture":"#0"},"east":{"uv":[0,0,0,3],"rotation":90,"texture":"#0"},"south":{"uv":[-1,0,0,4],"rotation":270,"texture":"#0"},"west":{"uv":[0,0,0,3],"rotation":90,"texture":"#0"},"up":{"uv":[11,1,15,6],"rotation":270,"texture":"#0"},"down":{"uv":[0,0,3,4],"rotation":270,"texture":"#0"}}},{"from":[1.8408,-0.2576,0.5494],"to":[1.8408,4.0744,3.1486],"rotation":{"angle":45,"axis":"y","origin":[1.8408,6.6736,2.2822]},"faces":{"north":{"uv":[0,0,0,5],"texture":"#0"},"east":{"uv":[0,8,6,16],"texture":"#0"},"south":{"uv":[0,0,0,5],"texture":"#0"},"west":{"uv":[6,8,0,16],"texture":"#0"},"up":{"uv":[0,0,0,4],"texture":"#0"},"down":{"uv":[0,0,0,4],"texture":"#0"}}},{"from":[0.108,-0.2576,2.2822],"to":[2.7072,4.0744,2.2822],"rotation":{"angle":45,"axis":"y","origin":[1.8408,6.6736,2.2822]},"faces":{"north":{"uv":[0,8,6,16],"texture":"#0"},"east":{"uv":[0,0,0,5],"texture":"#0"},"south":{"uv":[6,8,0,16],"texture":"#0"},"west":{"uv":[0,0,0,5],"texture":"#0"},"up":{"uv":[0,0,0,4],"rotation":270,"texture":"#0"},"down":{"uv":[0,0,0,4],"rotation":90,"texture":"#0"}}},{"from":[0.5412,4.0744,-1.1834],"to":[3.1404,4.0744,2.2822],"rotation":{"angle":22.5,"axis":"y","origin":[1.8408,6.6736,2.2822]},"faces":{"north":{"uv":[0,0,0,3],"rotation":90,"texture":"#0"},"east":{"uv":[0,0,0,4],"rotation":270,"texture":"#0"},"south":{"uv":[0,0,0,3],"rotation":90,"texture":"#0"},"west":{"uv":[0,0,0,4],"rotation":90,"texture":"#0"},"up":{"uv":[10,9,14,14],"rotation":180,"texture":"#0"},"down":{"uv":[0,0,3,4],"texture":"#0"}}},{"from":[1.49424,4.24768,0.9826],"to":[4.95984,4.24768,3.5818],"rotation":{"angle":45,"axis":"y","origin":[1.49424,6.6736,2.2822]},"faces":{"north":{"uv":[0,0,0,4],"rotation":90,"texture":"#0"},"east":{"uv":[0,0,0,3],"rotation":90,"texture":"#0"},"south":{"uv":[0,0,0,4],"rotation":270,"texture":"#0"},"west":{"uv":[0,0,0,3],"rotation":90,"texture":"#0"},"up":{"uv":[11,1,15,6],"rotation":270,"texture":"#0"},"down":{"uv":[0,0,3,4],"rotation":270,"texture":"#0"}}},{"from":[0.62784,4.9408,-0.317],"to":[4.09344,4.9408,3.1486],"rotation":{"angle":-45,"axis":"x","origin":[1.49424,6.6736,2.2822]},"faces":{"north":{"uv":[0,0,0,4],"rotation":90,"texture":"#0"},"east":{"uv":[0,0,0,4],"rotation":270,"texture":"#0"},"south":{"uv":[0,0,0,4],"rotation":90,"texture":"#0"},"west":{"uv":[0,0,0,4],"rotation":90,"texture":"#0"},"up":{"uv":[0,0,7,6],"rotation":180,"texture":"#0"},"down":{"uv":[7,0,0,6],"texture":"#0"}}},{"from":[-0.49848,4.33432,0.5494],"to":[2.96712,4.33432,3.1486],"rotation":{"angle":-22.5,"axis":"z","origin":[1.8408,6.6736,2.2822]},"faces":{"north":{"uv":[11,1,15,6],"rotation":90,"texture":"#0"},"east":{"uv":[0,0,0,3],"rotation":90,"texture":"#0"},"south":{"uv":[-1,0,0,4],"rotation":270,"texture":"#0"},"west":{"uv":[0,0,0,3],"rotation":90,"texture":"#0"},"up":{"uv":[11,1,15,6],"rotation":270,"texture":"#0"},"down":{"uv":[0,0,3,4],"rotation":270,"texture":"#0"}}}],"groups":[{"name":"Flower1","origin":[8,8,8],"children":[0,1,2,3,4,5]},{"name":"Flower1","origin":[8,8,8],"children":[6,7,8,9,10,11]},{"name":"Flower1","origin":[8,8,8],"children":[12,13,14,15,16,17]},{"name":"Flower1","origin":[8,8,8],"children":[18,19,20,21,22,23]},{"name":"Flower1","origin":[8,8,8],"children":[24,25,26,27,28,29]},{"name":"Flower1","origin":[8,8,8],"children":[30,31,32,33,34,35]},{"name":"Flower1","origin":[8,8,8],"children":[36,37,38,39,40,41]},{"name":"Flower1","origin":[8,8,8],"children":[42,43,44,45,46,47]}]}