{"credit":"Made with Blockbench","textures":{"0":"mineinabyss:equipment/helmet main","1":"mineinabyss:equipment/handle_paper","2":"mineinabyss:equipment/texture3","particle":"mineinabyss:equipment/helmet main"},"elements":[{"from":[5,0,2],"to":[11,1.5,14],"faces":{"north":{"uv":[3,0.5,7,1.5],"texture":"#0"},"east":{"uv":[2.75,3.25,10.75,4.25],"texture":"#0"},"south":{"uv":[2.25,2.25,6.25,3.25],"texture":"#0"},"west":{"uv":[2.5,2.5,10.5,3.5],"texture":"#0"},"up":{"uv":[5.75,0,9.75,8],"texture":"#0"},"down":{"uv":[4,0.5,8,8.5],"texture":"#0"}}},{"from":[2,0,5],"to":[14,1.5,11],"faces":{"north":{"uv":[3,0.5,7,1.5],"texture":"#0"},"east":{"uv":[2.75,3.25,10.75,4.25],"texture":"#0"},"south":{"uv":[2.25,2.25,6.25,3.25],"texture":"#0"},"west":{"uv":[2.5,2.5,10.5,3.5],"texture":"#0"},"up":{"uv":[1.5,0,5.5,8],"texture":"#0"},"down":{"uv":[5,1.25,9,9.25],"texture":"#0"}}},{"from":[3.5,0,3.5],"to":[12.5,3,12.5],"faces":{"north":{"uv":[0,5.5,6,7.5],"texture":"#0"},"east":{"uv":[4,5.5,10,7.5],"texture":"#0"},"south":{"uv":[3.25,5,9.25,7],"texture":"#0"},"west":{"uv":[6,1.75,12,3.75],"texture":"#0"},"up":{"uv":[0,1.5,6,7.5],"texture":"#0"},"down":{"uv":[3.25,3,9.25,9],"texture":"#0"}}},{"from":[6.5,1.5,12.5],"to":[9.5,3,14],"faces":{"north":{"uv":[3,0.5,7,1.5],"texture":"#0"},"east":{"uv":[2.75,3.25,10.75,4.25],"texture":"#0"},"south":{"uv":[2.25,2.25,6.25,3.25],"texture":"#0"},"west":{"uv":[2.5,2.5,10.5,3.5],"texture":"#0"},"up":{"uv":[2.75,0,7.5,7],"texture":"#0"},"down":{"uv":[3.5,0,7.5,6.75],"texture":"#0"}}},{"from":[2,1.5,6.5],"to":[14,3,9.5],"faces":{"north":{"uv":[2,3,10,4],"texture":"#0"},"east":{"uv":[6,3.5,8,4.5],"texture":"#0"},"south":{"uv":[1,5.25,9,6.25],"texture":"#0"},"west":{"uv":[8,4.25,10,5.25],"texture":"#0"},"up":{"uv":[3.25,2.5,11.25,4.5],"texture":"#0"},"down":{"uv":[0.5,5,8.5,7],"texture":"#0"}}},{"from":[5,3,3.5],"to":[11,4.5,12.5],"faces":{"north":{"uv":[3,0.5,7,1.5],"texture":"#0"},"east":{"uv":[2.75,3.25,6.75,4.25],"texture":"#0"},"south":{"uv":[2.25,2.25,6.25,3.25],"texture":"#0"},"west":{"uv":[5,5,9,6],"texture":"#0"},"up":{"uv":[2.75,0,6.75,6],"texture":"#0"},"down":{"uv":[0.75,2.5,4.75,8.5],"texture":"#0"}}},{"from":[11,3,5],"to":[12.5,4.5,11],"faces":{"north":{"uv":[2.5,0.5,3.5,1.5],"texture":"#0"},"east":{"uv":[3,5.25,7,6.25],"texture":"#0"},"south":{"uv":[9,5.75,10,6.75],"texture":"#0"},"west":{"uv":[1.75,0,5.75,1],"texture":"#0"},"up":{"uv":[5,1.5,6,5.5],"texture":"#0"},"down":{"uv":[1.75,5.25,2.75,9.25],"texture":"#0"}}},{"from":[6.5,4.5,9.5],"to":[9.5,6,11],"faces":{"north":{"uv":[4.5,3.25,6.5,4.25],"texture":"#0"},"east":{"uv":[7.75,5.5,8.75,6.5],"texture":"#0"},"south":{"uv":[2.25,7.25,4.25,8.25],"texture":"#0"},"west":{"uv":[0.25,2,1.25,3],"texture":"#0"},"up":{"uv":[4,2.5,6,3.5],"texture":"#0"},"down":{"uv":[7.5,4.75,9.5,5.75],"texture":"#0"}}},{"from":[5,4.5,6.5],"to":[11,6,9.5],"faces":{"north":{"uv":[1.75,3.25,5.75,4.25],"texture":"#0"},"east":{"uv":[6.5,2.5,8.5,3.5],"texture":"#0"},"south":{"uv":[3.75,3.25,7.75,4.25],"texture":"#0"},"west":{"uv":[2.25,5.5,4.25,6.5],"texture":"#0"},"up":{"uv":[3,3,9,5],"texture":"#0"},"down":{"uv":[3,3.75,9,5.75],"texture":"#0"}}},{"from":[6.5,4.5,5],"to":[9.5,6,6.5],"faces":{"north":{"uv":[4.5,3.25,6.5,4.25],"texture":"#0"},"east":{"uv":[7.75,5.5,8.75,6.5],"texture":"#0"},"south":{"uv":[2.25,7.25,4.25,8.25],"texture":"#0"},"west":{"uv":[0.25,2,1.25,3],"texture":"#0"},"up":{"uv":[4,2.5,6,3.5],"texture":"#0"},"down":{"uv":[7.5,4.75,9.5,5.75],"texture":"#0"}}},{"from":[3.5,3,5],"to":[5,4.5,11],"faces":{"north":{"uv":[4.25,3,5.25,4],"texture":"#0"},"east":{"uv":[1.25,6.75,5.25,7.75],"texture":"#0"},"south":{"uv":[10,1.5,11,2.5],"texture":"#0"},"west":{"uv":[3,1,7,2],"texture":"#0"},"up":{"uv":[3,1.75,4,5.75],"texture":"#0"},"down":{"uv":[5.5,2,6.5,6],"texture":"#0"}}},{"name":"Lightgaurd","from":[6.5,1.5,2.6],"to":[6.8,3.3,3.65],"faces":{"north":{"uv":[1,3.75,1.19978,4.94978],"texture":"#1"},"east":{"uv":[1.25,3.5,1.94978,4.69978],"texture":"#1"},"south":{"uv":[1.25,3.75,1.44978,4.94978],"texture":"#1"},"west":{"uv":[0.75,3.5,1.44978,4.69978],"texture":"#1"},"up":{"uv":[2,3.25,2.19978,3.94978],"texture":"#1"},"down":{"uv":[0.75,4.25,0.94978,4.94978],"texture":"#1"}}},{"name":"Lightgaurd","from":[9.2,1.5,2.6],"to":[9.5,3.3,3.65],"faces":{"north":{"uv":[1,3.75,1.19978,4.94978],"texture":"#1"},"east":{"uv":[1.25,3.5,1.94978,4.69978],"texture":"#1"},"south":{"uv":[1.25,3.75,1.44978,4.94978],"texture":"#1"},"west":{"uv":[0.75,3.5,1.44978,4.69978],"texture":"#1"},"up":{"uv":[2,3.25,2.19978,3.94978],"texture":"#1"},"down":{"uv":[0.75,4.25,0.94978,4.94978],"texture":"#1"}}},{"name":"Lightgaurd","from":[6.8,3.3,2.6],"to":[7.1,3.6,3.65],"faces":{"north":{"uv":[1,3.75,1.19978,4.94978],"texture":"#1"},"east":{"uv":[1.25,3.5,1.94978,4.69978],"texture":"#1"},"south":{"uv":[1.25,3.75,1.44978,4.94978],"texture":"#1"},"west":{"uv":[0.75,3.5,1.44978,4.69978],"texture":"#1"},"up":{"uv":[2,3.25,2.19978,3.94978],"texture":"#1"},"down":{"uv":[0.75,4.25,0.94978,4.94978],"texture":"#1"}}},{"name":"Lightgaurd","from":[8.9,3.3,2.6],"to":[9.2,3.6,3.65],"faces":{"north":{"uv":[1,3.75,1.19978,4.94978],"texture":"#1"},"east":{"uv":[1.25,3.5,1.94978,4.69978],"texture":"#1"},"south":{"uv":[1.25,3.75,1.44978,4.94978],"texture":"#1"},"west":{"uv":[0.75,3.5,1.44978,4.69978],"texture":"#1"},"up":{"uv":[2,3.25,2.19978,3.94978],"texture":"#1"},"down":{"uv":[0.75,4.25,0.94978,4.94978],"texture":"#1"}}},{"name":"Lightgaurd","from":[7.1,3.6,2.6],"to":[8.9,3.9,3.65],"faces":{"north":{"uv":[1,3.75,1.19978,4.94978],"texture":"#1"},"east":{"uv":[1.25,3.5,1.94978,4.69978],"texture":"#1"},"south":{"uv":[1.25,3.75,1.44978,4.94978],"texture":"#1"},"west":{"uv":[0.75,3.5,1.44978,4.69978],"texture":"#1"},"up":{"uv":[2,3.25,2.19978,3.94978],"texture":"#1"},"down":{"uv":[0.75,4.25,0.94978,4.94978],"texture":"#1"}}},{"name":"light","from":[7.1,1.5,2.9],"to":[8.9,3.3,3.5],"faces":{"north":{"uv":[3,2,7,6],"texture":"#2"},"east":{"uv":[8,4,14,10],"texture":"#2"},"south":{"uv":[7,6,11,10],"texture":"#2"},"west":{"uv":[9,5,14,9],"texture":"#2"},"up":{"uv":[6,4,10,5],"texture":"#2"},"down":{"uv":[4,2,9,8],"texture":"#2"}}},{"from":[3.4,1.8,3.4],"to":[6.5,2.6,6.5],"faces":{"north":{"uv":[0,0,3.1,0.8],"texture":"#1"},"east":{"uv":[0,0,3.1,0.8],"texture":"#1"},"south":{"uv":[0,0,3.1,0.8],"texture":"#1"},"west":{"uv":[0,0,3.1,0.8],"texture":"#1"},"up":{"uv":[0,0,3.1,3.1],"texture":"#1"},"down":{"uv":[0,0,3.1,3.1],"texture":"#1"}}},{"from":[9.5,1.8,3.4],"to":[12.6,2.6,6.5],"faces":{"north":{"uv":[0,0,3.1,0.8],"texture":"#1"},"east":{"uv":[0,0,3.1,0.8],"texture":"#1"},"south":{"uv":[0,0,3.1,0.8],"texture":"#1"},"west":{"uv":[0,0,3.1,0.8],"texture":"#1"},"up":{"uv":[0,0,3.1,3.1],"texture":"#1"},"down":{"uv":[0,0,3.1,3.1],"texture":"#1"}}}],"display":{"head":{"scale":[1.5,1.5,1.5],"translation":[0,23.5,0]}},"groups":[{"name":"Helm","children":[0,1,2,3,4,5,6,7,8,9,10,11,12,13,14,15,16,17,18]},{"name":"light","children":[]}]}