{"credit":"Made with Blockbench","textures":{"0":"camelot:excalibur","1":"camelot:gate","particle":"camelot:nito_staff","3_0":"camelot:nito_staff"},"elements":[{"name":"portal","from":[7.04394,3.90492,25.52002],"to":[16.04394,12.90492,25.52002],"rotation":{"angle":0,"axis":"z","origin":[11.54394,8.40492,25.52002]},"faces":{"north":{"uv":[0,0,16,16],"texture":"#1"},"east":{"uv":[0,0,0,9],"texture":"#1"},"south":{"uv":[0,0,16,16],"texture":"#1"},"west":{"uv":[0,0,0,9],"texture":"#1"},"up":{"uv":[0,0,9,0],"texture":"#1"},"down":{"uv":[0,0,9,0],"texture":"#1"}}},{"from":[11.10417,8.03586,10.47002],"to":[11.85417,8.78586,25.47002],"rotation":{"angle":-45,"axis":"z","origin":[11.47917,8.41086,17.97002]},"faces":{"north":{"uv":[0,0.75,0.75,0],"rotation":180,"texture":"#3_0"},"east":{"uv":[15.75,0,15,15],"rotation":90,"texture":"#3_0"},"south":{"uv":[15,9.75,15.75,9],"texture":"#3_0"},"west":{"uv":[15.75,0,15,15],"rotation":270,"texture":"#3_0"},"up":{"uv":[15.75,0,15,15],"texture":"#3_0"},"down":{"uv":[15.75,0,15,15],"rotation":180,"texture":"#3_0"}}},{"from":[11.22584,9.83622,10.04379],"to":[11.72584,10.83622,13.29379],"rotation":{"angle":-22.5,"axis":"x","origin":[11.5,8.39804,14.56891]},"faces":{"north":{"uv":[0,0,0.27,1],"texture":"#0"},"east":{"uv":[1,0,4.25,1],"texture":"#0"},"south":{"uv":[0,0,0.27,1],"texture":"#0"},"west":{"uv":[1.5,0,4.25,1],"texture":"#0"},"up":{"uv":[0,0,1.25,0.27],"rotation":90,"texture":"#0"},"down":{"uv":[0,0,1.25,0.27],"rotation":270,"texture":"#0"}}},{"from":[11.22584,5.95847,10.04437],"to":[11.72584,6.95847,13.29437],"rotation":{"angle":22.5,"axis":"x","origin":[11.5,8.39804,14.56891]},"faces":{"north":{"uv":[0,0,0.27,1],"texture":"#0"},"east":{"uv":[1.5,0,4.25,1],"texture":"#0"},"south":{"uv":[0,0,0.27,1],"texture":"#0"},"west":{"uv":[2,0,4.25,1],"texture":"#0"},"up":{"uv":[0,0,1.25,0.27],"rotation":90,"texture":"#0"},"down":{"uv":[0,0,1.25,0.27],"rotation":270,"texture":"#0"}}},{"from":[11.23417,7.56377,11.59049],"to":[11.72417,9.23877,12.84049],"rotation":{"angle":0,"axis":"x","origin":[11.5,8.39804,14.56891]},"faces":{"north":{"uv":[13.5,0,14.5,1],"rotation":270,"texture":"#0"},"east":{"uv":[13.5,0,14.5,1],"rotation":270,"texture":"#0"},"south":{"uv":[13.5,0,14.5,1],"rotation":270,"texture":"#0"},"west":{"uv":[13.5,0,14.5,1],"rotation":270,"texture":"#0"},"up":{"uv":[13.5,0,14.5,1],"rotation":270,"texture":"#0"},"down":{"uv":[13.5,0,14.5,1],"rotation":270,"texture":"#0"}}},{"from":[11.23584,11.63231,10.5913],"to":[11.73584,12.38231,11.3213],"rotation":{"angle":-45,"axis":"x","origin":[11.5,8.39804,14.56891]},"faces":{"north":{"uv":[0,0,0.25,0.75],"texture":"#0"},"east":{"uv":[2.5,0,3.23,0.75],"texture":"#0"},"south":{"uv":[0,0,0.25,0.75],"texture":"#0"},"west":{"uv":[0,0,2.729,2.75],"texture":"#0"},"up":{"uv":[0,0,0.73,0.25],"rotation":90,"texture":"#0"},"down":{"uv":[0,0,0.73,0.25],"rotation":270,"texture":"#0"}}}],"display":{"thirdperson_righthand":{"rotation":[3,0,0],"translation":[0,7,0]},"thirdperson_lefthand":{"rotation":[3,0,-90],"translation":[3,3,0]},"firstperson_righthand":{"rotation":[10,0,0],"translation":[-2,10.5,-16]},"firstperson_lefthand":{"rotation":[10,0,-90],"translation":[0.5,7,-16]},"ground":{"rotation":[90,0,0],"translation":[0,25,0]},"gui":{"translation":[-3,-1.5,0],"scale":[0.65,0.65,0.65]},"head":{"rotation":[0,0,45],"translation":[-2.5,8.75,0]},"fixed":{"rotation":[0,0,45],"translation":[-3,-2.75,-23]}},"groups":[{"name":"spear","origin":[-3.00063,26.34645,0.91341],"children":[0,1,2,3,4,5]}]}