{"credit":"Made with Blockbench","texture_size":[32,32],"textures":{"0":"mineinabyss:item/food/standard_food/valentines_chocolates","particle":"mineinabyss:item/food/standard_food/valentines_chocolates"},"elements":[{"from":[6.5,1.5,4.1],"to":[7.5,2.5,5.1],"rotation":{"angle":-22.5,"axis":"y","origin":[0,0,0]},"faces":{"north":{"uv":[8,7.5,8.5,8],"texture":"#0"},"east":{"uv":[9,5.5,9.5,6],"texture":"#0"},"south":{"uv":[6,9,6.5,9.5],"texture":"#0"},"west":{"uv":[9,6,9.5,6.5],"texture":"#0"},"up":{"uv":[7,9.5,6.5,9],"texture":"#0"},"down":{"uv":[9.5,6.5,9,7],"texture":"#0"}}},{"from":[5.5,1.5,3.1],"to":[6.5,2.5,4.1],"rotation":{"angle":-22.5,"axis":"y","origin":[0,0,0]},"faces":{"north":{"uv":[7,9,7.5,9.5],"texture":"#0"},"east":{"uv":[9,7,9.5,7.5],"texture":"#0"},"south":{"uv":[9,7.5,9.5,8],"texture":"#0"},"west":{"uv":[9,8,9.5,8.5],"texture":"#0"},"up":{"uv":[9.5,9,9,8.5],"texture":"#0"},"down":{"uv":[9.5,9,9,9.5],"texture":"#0"}}},{"from":[7.5,1.5,1.1],"to":[8.5,2.5,2.1],"rotation":{"angle":-22.5,"axis":"y","origin":[0,0,0]},"faces":{"north":{"uv":[0,9.5,0.5,10],"texture":"#0"},"east":{"uv":[9.5,0,10,0.5],"texture":"#0"},"south":{"uv":[0.5,9.5,1,10],"texture":"#0"},"west":{"uv":[9.5,0.5,10,1],"texture":"#0"},"up":{"uv":[1.5,10,1,9.5],"texture":"#0"},"down":{"uv":[10,1,9.5,1.5],"texture":"#0"}}},{"from":[8.5,1.5,2.1],"to":[9.5,2.5,3.1],"rotation":{"angle":-22.5,"axis":"y","origin":[0,0,0]},"faces":{"north":{"uv":[1.5,9.5,2,10],"texture":"#0"},"east":{"uv":[9.5,1.5,10,2],"texture":"#0"},"south":{"uv":[2,9.5,2.5,10],"texture":"#0"},"west":{"uv":[9.5,2,10,2.5],"texture":"#0"},"up":{"uv":[3,10,2.5,9.5],"texture":"#0"},"down":{"uv":[10,2.5,9.5,3],"texture":"#0"}}},{"from":[8,1.5,1.6],"to":[9,2.5,2.6],"rotation":{"angle":-22.5,"axis":"y","origin":[0,0,0]},"faces":{"north":{"uv":[3,9.5,3.5,10],"texture":"#0"},"east":{"uv":[9.5,3,10,3.5],"texture":"#0"},"south":{"uv":[3.5,9.5,4,10],"texture":"#0"},"west":{"uv":[9.5,3.5,10,4],"texture":"#0"},"up":{"uv":[4.5,10,4,9.5],"texture":"#0"},"down":{"uv":[10,4,9.5,4.5],"texture":"#0"}}},{"from":[6,1.5,3.6],"to":[7,2.5,4.6],"rotation":{"angle":-22.5,"axis":"y","origin":[0,0,0]},"faces":{"north":{"uv":[4.5,9.5,5,10],"texture":"#0"},"east":{"uv":[9.5,4.5,10,5],"texture":"#0"},"south":{"uv":[5,9.5,5.5,10],"texture":"#0"},"west":{"uv":[5.5,9.5,6,10],"texture":"#0"},"up":{"uv":[10,6,9.5,5.5],"texture":"#0"},"down":{"uv":[6.5,9.5,6,10],"texture":"#0"}}},{"from":[7,1.5,2.6],"to":[8,2.5,3.6],"rotation":{"angle":-22.5,"axis":"y","origin":[0,0,0]},"faces":{"north":{"uv":[9.5,6,10,6.5],"texture":"#0"},"east":{"uv":[6.5,9.5,7,10],"texture":"#0"},"south":{"uv":[9.5,6.5,10,7],"texture":"#0"},"west":{"uv":[7,9.5,7.5,10],"texture":"#0"},"up":{"uv":[10,7.5,9.5,7],"texture":"#0"},"down":{"uv":[8,9.5,7.5,10],"texture":"#0"}}},{"from":[6.5,1.5,3.1],"to":[7.5,2.5,4.1],"rotation":{"angle":-22.5,"axis":"y","origin":[0,0,0]},"faces":{"north":{"uv":[9.5,7.5,10,8],"texture":"#0"},"east":{"uv":[8,9.5,8.5,10],"texture":"#0"},"south":{"uv":[9.5,8,10,8.5],"texture":"#0"},"west":{"uv":[8.5,9.5,9,10],"texture":"#0"},"up":{"uv":[10,9,9.5,8.5],"texture":"#0"},"down":{"uv":[9.5,9.5,9,10],"texture":"#0"}}},{"from":[7.5,1.5,2.1],"to":[8.5,2.5,3.1],"rotation":{"angle":-22.5,"axis":"y","origin":[0,0,0]},"faces":{"north":{"uv":[9.5,9,10,9.5],"texture":"#0"},"east":{"uv":[9.5,9.5,10,10],"texture":"#0"},"south":{"uv":[0,10,0.5,10.5],"texture":"#0"},"west":{"uv":[10,0,10.5,0.5],"texture":"#0"},"up":{"uv":[1,10.5,0.5,10],"texture":"#0"},"down":{"uv":[10.5,0.5,10,1],"texture":"#0"}}},{"from":[13,0,5],"to":[14,2,8],"faces":{"north":{"uv":[8,3.5,8.5,4.5],"texture":"#0"},"east":{"uv":[6,5,7.5,6],"texture":"#0"},"south":{"uv":[5,8,5.5,9],"texture":"#0"},"west":{"uv":[6,6,7.5,7],"texture":"#0"},"up":{"uv":[0.5,9.5,0,8],"texture":"#0"},"down":{"uv":[1,8,0.5,9.5],"texture":"#0"}}},{"from":[9,0,4],"to":[13,2,5],"faces":{"north":{"uv":[0,5,2,6],"texture":"#0"},"east":{"uv":[5.5,8,6,9],"texture":"#0"},"south":{"uv":[2,5,4,6],"texture":"#0"},"west":{"uv":[6,8,6.5,9],"texture":"#0"},"up":{"uv":[5,7.5,3,7],"texture":"#0"},"down":{"uv":[9,3,7,3.5],"texture":"#0"}}},{"from":[4,0,5],"to":[13,2,9],"faces":{"north":{"uv":[0,4,4.5,5],"texture":"#0"},"east":{"uv":[4,5,6,6],"texture":"#0"},"south":{"uv":[4.5,0,9,1],"texture":"#0"},"west":{"uv":[0,6,2,7],"texture":"#0"},"up":{"uv":[4.5,2,0,0],"texture":"#0"},"down":{"uv":[4.5,2,0,4],"texture":"#0"}}},{"from":[5,0,3],"to":[7,2,4],"faces":{"north":{"uv":[7,3.5,8,4.5],"texture":"#0"},"east":{"uv":[6.5,8,7,9],"texture":"#0"},"south":{"uv":[5,7,6,8],"texture":"#0"},"west":{"uv":[7,8,7.5,9],"texture":"#0"},"up":{"uv":[9,7.5,8,7],"texture":"#0"},"down":{"uv":[8.5,8,7.5,8.5],"texture":"#0"}}},{"from":[6,0,9],"to":[11,2,11],"faces":{"north":{"uv":[4.5,1,7,2],"texture":"#0"},"east":{"uv":[6,7,7,8],"texture":"#0"},"south":{"uv":[4.5,2,7,3],"texture":"#0"},"west":{"uv":[7,7,8,8],"texture":"#0"},"up":{"uv":[7,4,4.5,3],"texture":"#0"},"down":{"uv":[7,4,4.5,5],"texture":"#0"}}},{"from":[5,0,9],"to":[6,2,10],"faces":{"north":{"uv":[1,8.5,1.5,9.5],"texture":"#0"},"east":{"uv":[8.5,1,9,2],"texture":"#0"},"south":{"uv":[1.5,8.5,2,9.5],"texture":"#0"},"west":{"uv":[2,8.5,2.5,9.5],"texture":"#0"},"up":{"uv":[1.5,10.5,1,10],"texture":"#0"},"down":{"uv":[10.5,1,10,1.5],"texture":"#0"}}},{"from":[7,0,11],"to":[10,2,12],"faces":{"north":{"uv":[0,7,1.5,8],"texture":"#0"},"east":{"uv":[8.5,2,9,3],"texture":"#0"},"south":{"uv":[7,1,8.5,2],"texture":"#0"},"west":{"uv":[2.5,8.5,3,9.5],"texture":"#0"},"up":{"uv":[2.5,8.5,1,8],"texture":"#0"},"down":{"uv":[4,8,2.5,8.5],"texture":"#0"}}},{"from":[4,0,4],"to":[8,2,5],"faces":{"north":{"uv":[2,6,4,7],"texture":"#0"},"east":{"uv":[3,8.5,3.5,9.5],"texture":"#0"},"south":{"uv":[4,6,6,7],"texture":"#0"},"west":{"uv":[3.5,8.5,4,9.5],"texture":"#0"},"up":{"uv":[9,5,7,4.5],"texture":"#0"},"down":{"uv":[5,7.5,3,8],"texture":"#0"}}},{"from":[11,0,9],"to":[12,2,10],"faces":{"north":{"uv":[8.5,3.5,9,4.5],"texture":"#0"},"east":{"uv":[8.5,5,9,6],"texture":"#0"},"south":{"uv":[8.5,6,9,7],"texture":"#0"},"west":{"uv":[7.5,8.5,8,9.5],"texture":"#0"},"up":{"uv":[2,10.5,1.5,10],"texture":"#0"},"down":{"uv":[10.5,1.5,10,2],"texture":"#0"}}},{"from":[3,0,5],"to":[4,2,8],"faces":{"north":{"uv":[8.5,7.5,9,8.5],"texture":"#0"},"east":{"uv":[1.5,7,3,8],"texture":"#0"},"south":{"uv":[8,8.5,8.5,9.5],"texture":"#0"},"west":{"uv":[7,2,8.5,3],"texture":"#0"},"up":{"uv":[4.5,9.5,4,8],"texture":"#0"},"down":{"uv":[5,8,4.5,9.5],"texture":"#0"}}},{"from":[8,0,12],"to":[9,2,13],"faces":{"north":{"uv":[8.5,8.5,9,9.5],"texture":"#0"},"east":{"uv":[9,0,9.5,1],"texture":"#0"},"south":{"uv":[9,1,9.5,2],"texture":"#0"},"west":{"uv":[9,2,9.5,3],"texture":"#0"},"up":{"uv":[2.5,10.5,2,10],"texture":"#0"},"down":{"uv":[10.5,2,10,2.5],"texture":"#0"}}},{"from":[10,0,3],"to":[12,2,4],"faces":{"north":{"uv":[7.5,5,8.5,6],"texture":"#0"},"east":{"uv":[9,3,9.5,4],"texture":"#0"},"south":{"uv":[7.5,6,8.5,7],"texture":"#0"},"west":{"uv":[9,4,9.5,5],"texture":"#0"},"up":{"uv":[6,9.5,5,9],"texture":"#0"},"down":{"uv":[10,5,9,5.5],"texture":"#0"}}}],"display":{"thirdperson_righthand":{"rotation":[180,0,180],"translation":[0,3.25,-0.5],"scale":[0.5,0.5,0.5]},"thirdperson_lefthand":{"rotation":[180,0,180],"translation":[0,3.25,-0.5],"scale":[0.5,0.5,0.5]},"firstperson_righthand":{"rotation":[30,0,0],"translation":[1,5,2],"scale":[0.5,0.5,0.5]},"firstperson_lefthand":{"rotation":[30,0,0],"translation":[1,5,2],"scale":[0.5,0.5,0.5]},"ground":{"translation":[-0.5,4.25,1.75]},"gui":{"rotation":[90,0,0],"translation":[-0.5,-0.5,0],"scale":[1.25,1.25,1.25]},"head":{"rotation":[-90,180,0],"translation":[0.5,-0.25,-14]},"fixed":{"rotation":[90,0,180],"translation":[0.5,-0.25,-8.5],"scale":[1.25,1.25,1.25]}},"groups":[{"name":"Box Top","origin":[0,0,0],"color":0,"children":[0,1,2,3,4,5,6,7,8,9,10,11,12,13,14,15,16,17,18,19,20]}]}