{"credit":"Made with Blockbench","textures":{"0":"camelot:item/excalibur_old","1":"camelot:item/gate","particle":"camelot:item/nito_staff","3_0":"camelot:item/nito_staff"},"elements":[{"name":"portal","from":[14.115,-3.16615,31.52002],"to":[23.115,5.83385,31.52002],"rotation":{"angle":0,"axis":"z","origin":[18.615,1.33385,31.52002]},"faces":{"north":{"uv":[0,0,16,16],"texture":"#1"},"east":{"uv":[0,0,0,9],"texture":"#1"},"south":{"uv":[0,0,16,16],"texture":"#1"},"west":{"uv":[0,0,0,9],"texture":"#1"},"up":{"uv":[0,0,9,0],"texture":"#1"},"down":{"uv":[0,0,9,0],"texture":"#1"}}},{"from":[18.47886,0.5545,10.78528],"to":[18.72886,2.5545,30.78528],"rotation":{"angle":0,"axis":"x","origin":[18.60316,1.55808,25.25213]},"faces":{"north":{"uv":[0,0,2,0.25],"rotation":270,"texture":"#0"},"east":{"uv":[0,0,5.5,16],"rotation":90,"texture":"#0"},"south":{"uv":[0,0,2,0.25],"rotation":270,"texture":"#0"},"west":{"uv":[0,0,6,16],"rotation":270,"texture":"#0"},"up":{"uv":[0,0,0.25,16],"texture":"#0"},"down":{"uv":[0,0,0.25,16],"rotation":180,"texture":"#0"}}},{"from":[18.46885,7.01488,11.01782],"to":[18.73885,8.01488,12.26782],"rotation":{"angle":-22.5,"axis":"x","origin":[18.60316,1.55808,25.25213]},"faces":{"north":{"uv":[0,0,0.27,1],"texture":"#0"},"east":{"uv":[1,0,4.25,1],"texture":"#0"},"south":{"uv":[0,0,0.27,1],"texture":"#0"},"west":{"uv":[1.5,0,4.25,1],"texture":"#0"},"up":{"uv":[0,0,1.25,0.27],"rotation":90,"texture":"#0"},"down":{"uv":[0,0,1.25,0.27],"rotation":270,"texture":"#0"}}},{"from":[18.47886,12.22062,13.84226],"to":[18.72886,12.97062,14.57226],"rotation":{"angle":-45,"axis":"x","origin":[18.60316,1.55808,25.25213]},"faces":{"north":{"uv":[0,0,0.25,0.75],"texture":"#0"},"east":{"uv":[2.5,0,3.23,0.75],"texture":"#0"},"south":{"uv":[0,0,0.25,0.75],"texture":"#0"},"west":{"uv":[0,0,2.729,2.75],"texture":"#0"},"up":{"uv":[0,0,0.73,0.25],"rotation":90,"texture":"#0"},"down":{"uv":[0,0,0.73,0.25],"rotation":270,"texture":"#0"}}},{"from":[18.39885,-0.83052,26.3934],"to":[18.79886,0.41948,27.6234],"rotation":{"angle":-45,"axis":"x","origin":[18.60316,1.55808,25.25213]},"faces":{"north":{"uv":[12.5,1,12.9,2.25],"texture":"#0"},"east":{"uv":[11.7,8.5,15.429,12.25],"rotation":90,"texture":"#0"},"south":{"uv":[13.5,2,13.9,3.25],"texture":"#0"},"west":{"uv":[11.5,8.5,15.229,12.25],"texture":"#0"},"up":{"uv":[12.5,2,13.73,2.4],"rotation":90,"texture":"#0"},"down":{"uv":[13,2.5,14.23,2.9],"rotation":270,"texture":"#0"}}},{"from":[18.38886,0.67607,27.74813],"to":[18.80885,2.42607,30.47813],"rotation":{"angle":0,"axis":"x","origin":[18.60316,1.55808,25.25213]},"faces":{"north":{"uv":[6.5,3,6.92,8.75],"texture":"#0"},"east":{"uv":[6.5,3.4,12.229,8.65],"rotation":180,"texture":"#0"},"south":{"uv":[6.5,4,6.92,5.75],"texture":"#0"},"west":{"uv":[6.5,3.1,12.229,8.85],"texture":"#0"},"up":{"uv":[6,3.5,8.73,3.92],"rotation":90,"texture":"#0"},"down":{"uv":[6.5,3,9.23,3.42],"rotation":270,"texture":"#0"}}},{"from":[18.46885,-4.90533,11.02056],"to":[18.73885,-3.90533,12.27056],"rotation":{"angle":22.5,"axis":"x","origin":[18.60316,1.55808,25.25213]},"faces":{"north":{"uv":[0,0,0.27,1],"texture":"#0"},"east":{"uv":[1.5,0,4.25,1],"texture":"#0"},"south":{"uv":[0,0,0.27,1],"texture":"#0"},"west":{"uv":[2,0,4.25,1],"texture":"#0"},"up":{"uv":[0,0,1.25,0.27],"rotation":90,"texture":"#0"},"down":{"uv":[0,0,1.25,0.27],"rotation":270,"texture":"#0"}}},{"from":[18.21885,0.05359,30.16962],"to":[18.98885,3.05359,31.41962],"rotation":{"angle":0,"axis":"x","origin":[18.60316,1.55808,25.25213]},"faces":{"north":{"uv":[6,0,9,0.75],"rotation":270,"texture":"#0"},"east":{"uv":[6,13,11.5,15.75],"rotation":90,"texture":"#0"},"south":{"uv":[6.5,0,9.5,0.75],"rotation":270,"texture":"#0"},"west":{"uv":[6,13,11.5,15.75],"rotation":270,"texture":"#0"},"up":{"uv":[0,0,0.75,1.25],"texture":"#0"},"down":{"uv":[0,0,0.75,1.25],"rotation":180,"texture":"#0"}}},{"from":[18.22886,0.52831,30.27589],"to":[18.97886,2.52831,31.52589],"rotation":{"angle":22.5,"axis":"x","origin":[18.60316,1.55808,25.25213]},"faces":{"north":{"uv":[7,0,9,0.75],"rotation":270,"texture":"#0"},"east":{"uv":[6,0,10.5,2.75],"rotation":90,"texture":"#0"},"south":{"uv":[7,0,9,0.75],"rotation":270,"texture":"#0"},"west":{"uv":[6,0,10.5,2.75],"rotation":270,"texture":"#0"},"up":{"uv":[0,0,0.75,1.25],"texture":"#0"},"down":{"uv":[8.5,1.5,9.25,2.75],"rotation":180,"texture":"#0"}}},{"from":[18.20886,0.52844,30.77589],"to":[18.99886,2.51844,31.02589],"rotation":{"angle":22.5,"axis":"x","origin":[18.60316,1.55808,25.25213]},"faces":{"north":{"uv":[7,0,9,0.75],"rotation":270,"texture":"#0"},"east":{"uv":[14.5,0,16,0.75],"rotation":90,"texture":"#0"},"south":{"uv":[7,0,9,0.75],"rotation":270,"texture":"#0"},"west":{"uv":[14.5,0,16,0.75],"rotation":270,"texture":"#0"},"up":{"uv":[0,0,0.75,1.25],"texture":"#0"},"down":{"uv":[6.5,0,7.25,1.25],"rotation":180,"texture":"#0"}}},{"from":[18.20886,3.9564,29.77429],"to":[18.99886,4.9464,30.02429],"rotation":{"angle":22.5,"axis":"x","origin":[18.60316,1.55808,25.25213]},"faces":{"north":{"uv":[7,0,9,0.75],"rotation":270,"texture":"#0"},"east":{"uv":[14.5,0,16,0.75],"rotation":90,"texture":"#0"},"south":{"uv":[7,0,9,0.75],"rotation":270,"texture":"#0"},"west":{"uv":[14.5,0,16,0.75],"rotation":270,"texture":"#0"},"up":{"uv":[0,0,0.75,1.25],"texture":"#0"},"down":{"uv":[6.5,0,7.25,1.25],"rotation":180,"texture":"#0"}}},{"from":[18.22886,0.57956,30.27245],"to":[18.97886,2.57956,31.52245],"rotation":{"angle":-22.5,"axis":"x","origin":[18.60316,1.55808,25.25213]},"faces":{"north":{"uv":[6.5,0,8.5,0.75],"rotation":270,"texture":"#0"},"east":{"uv":[6,0,10.5,2.75],"rotation":90,"texture":"#0"},"south":{"uv":[7,0,9,0.75],"rotation":270,"texture":"#0"},"west":{"uv":[6,0,10.5,2.75],"rotation":270,"texture":"#0"},"up":{"uv":[8,0,8.75,1.25],"texture":"#0"},"down":{"uv":[0,0,0.75,1.25],"rotation":180,"texture":"#0"}}},{"from":[18.20886,0.57956,30.77245],"to":[18.99886,2.56956,31.02245],"rotation":{"angle":-22.5,"axis":"x","origin":[18.60316,1.55808,25.25213]},"faces":{"north":{"uv":[6.5,0,8.5,0.75],"rotation":270,"texture":"#0"},"east":{"uv":[14.5,0,16,0.75],"rotation":90,"texture":"#0"},"south":{"uv":[7,0,9,0.75],"rotation":270,"texture":"#0"},"west":{"uv":[14.5,0,16,0.75],"rotation":270,"texture":"#0"},"up":{"uv":[8,0,8.75,1.25],"texture":"#0"},"down":{"uv":[0,0,0.75,1.25],"rotation":180,"texture":"#0"}}},{"from":[18.20886,-1.8455,29.76387],"to":[18.99886,-0.8555,30.01387],"rotation":{"angle":-22.5,"axis":"x","origin":[18.60316,1.55808,25.25213]},"faces":{"north":{"uv":[6.5,0,8.5,0.75],"rotation":270,"texture":"#0"},"east":{"uv":[14.5,0,16,0.75],"rotation":90,"texture":"#0"},"south":{"uv":[7,0,9,0.75],"rotation":270,"texture":"#0"},"west":{"uv":[14.5,0,16,0.75],"rotation":270,"texture":"#0"},"up":{"uv":[8,0,8.75,1.25],"texture":"#0"},"down":{"uv":[0,0,0.75,1.25],"rotation":180,"texture":"#0"}}},{"name":"portal","from":[7.04394,3.90492,25.52002],"to":[16.04394,12.90492,25.52002],"rotation":{"angle":0,"axis":"z","origin":[11.54394,8.40492,25.52002]},"faces":{"north":{"uv":[0,0,16,16],"texture":"#1"},"east":{"uv":[0,0,0,9],"texture":"#1"},"south":{"uv":[0,0,16,16],"texture":"#1"},"west":{"uv":[0,0,0,9],"texture":"#1"},"up":{"uv":[0,0,9,0],"texture":"#1"},"down":{"uv":[0,0,9,0],"texture":"#1"}}},{"from":[11.10417,8.03586,10.47002],"to":[11.85417,8.78586,25.47002],"rotation":{"angle":-45,"axis":"z","origin":[11.47917,8.41086,17.97002]},"faces":{"north":{"uv":[0,0.75,0.75,0],"rotation":180,"texture":"#3_0"},"east":{"uv":[15.75,0,15,15],"rotation":90,"texture":"#3_0"},"south":{"uv":[15,9.75,15.75,9],"texture":"#3_0"},"west":{"uv":[15.75,0,15,15],"rotation":270,"texture":"#3_0"},"up":{"uv":[15.75,0,15,15],"texture":"#3_0"},"down":{"uv":[15.75,0,15,15],"rotation":180,"texture":"#3_0"}}},{"from":[11.22584,9.83622,10.04379],"to":[11.72584,10.83622,13.29379],"rotation":{"angle":-22.5,"axis":"x","origin":[11.5,8.39804,14.56891]},"faces":{"north":{"uv":[0,0,0.27,1],"texture":"#0"},"east":{"uv":[1,0,4.25,1],"texture":"#0"},"south":{"uv":[0,0,0.27,1],"texture":"#0"},"west":{"uv":[1.5,0,4.25,1],"texture":"#0"},"up":{"uv":[0,0,1.25,0.27],"rotation":90,"texture":"#0"},"down":{"uv":[0,0,1.25,0.27],"rotation":270,"texture":"#0"}}},{"from":[11.22584,5.95847,10.04437],"to":[11.72584,6.95847,13.29437],"rotation":{"angle":22.5,"axis":"x","origin":[11.5,8.39804,14.56891]},"faces":{"north":{"uv":[0,0,0.27,1],"texture":"#0"},"east":{"uv":[1.5,0,4.25,1],"texture":"#0"},"south":{"uv":[0,0,0.27,1],"texture":"#0"},"west":{"uv":[2,0,4.25,1],"texture":"#0"},"up":{"uv":[0,0,1.25,0.27],"rotation":90,"texture":"#0"},"down":{"uv":[0,0,1.25,0.27],"rotation":270,"texture":"#0"}}},{"from":[11.23417,7.56377,11.59049],"to":[11.72417,9.23877,12.84049],"rotation":{"angle":0,"axis":"x","origin":[11.5,8.39804,14.56891]},"faces":{"north":{"uv":[13.5,0,14.5,1],"rotation":270,"texture":"#0"},"east":{"uv":[13.5,0,14.5,1],"rotation":270,"texture":"#0"},"south":{"uv":[13.5,0,14.5,1],"rotation":270,"texture":"#0"},"west":{"uv":[13.5,0,14.5,1],"rotation":270,"texture":"#0"},"up":{"uv":[13.5,0,14.5,1],"rotation":270,"texture":"#0"},"down":{"uv":[13.5,0,14.5,1],"rotation":270,"texture":"#0"}}},{"from":[11.23584,11.63231,10.5913],"to":[11.73584,12.38231,11.3213],"rotation":{"angle":-45,"axis":"x","origin":[11.5,8.39804,14.56891]},"faces":{"north":{"uv":[0,0,0.25,0.75],"texture":"#0"},"east":{"uv":[2.5,0,3.23,0.75],"texture":"#0"},"south":{"uv":[0,0,0.25,0.75],"texture":"#0"},"west":{"uv":[0,0,2.729,2.75],"texture":"#0"},"up":{"uv":[0,0,0.73,0.25],"rotation":90,"texture":"#0"},"down":{"uv":[0,0,0.73,0.25],"rotation":270,"texture":"#0"}}},{"name":"portal","from":[16.76665,6.91013,31.52002],"to":[25.76665,15.91013,31.52002],"rotation":{"angle":0,"axis":"z","origin":[21.26665,11.41013,31.52002]},"faces":{"north":{"uv":[0,0,16,16],"texture":"#1"},"east":{"uv":[0,0,0,9],"texture":"#1"},"south":{"uv":[0,0,16,16],"texture":"#1"},"west":{"uv":[0,0,0,9],"texture":"#1"},"up":{"uv":[0,0,9,0],"texture":"#1"},"down":{"uv":[0,0,9,0],"texture":"#1"}}},{"from":[20.74795,10.97,16.49602],"to":[21.49795,11.72,31.49602],"rotation":{"angle":0,"axis":"y","origin":[21.12232,10.35924,20.23419]},"faces":{"north":{"uv":[14.75,9.5,14,10.5],"rotation":270,"texture":"#0"},"east":{"uv":[15.5,5,16,16],"rotation":90,"texture":"#0"},"south":{"uv":[13.75,7.5,13,8.5],"rotation":270,"texture":"#0"},"west":{"uv":[15.5,5,16,16],"rotation":270,"texture":"#0"},"up":{"uv":[15.5,5,16,16],"texture":"#0"},"down":{"uv":[15.5,5,16,16],"rotation":180,"texture":"#0"}}},{"from":[20.64795,9.97,17.49602],"to":[21.64795,12.97,20.49602],"rotation":{"angle":0,"axis":"y","origin":[28.64795,17.97,25.49602]},"faces":{"north":{"uv":[15,15,16,16],"texture":"#0"},"east":{"uv":[6.5,4,11.5,8],"texture":"#0"},"south":{"uv":[14,9.5,15,10.5],"texture":"#0"},"west":{"uv":[6.5,4,11.5,8],"rotation":180,"texture":"#0"},"up":{"uv":[15,15,16,16],"texture":"#0"},"down":{"uv":[14,9.5,15,10.5],"texture":"#0"}}},{"from":[20.89795,6.97,17.74602],"to":[21.39795,9.97,20.24602],"rotation":{"angle":0,"axis":"y","origin":[28.89795,14.97,25.74602]},"faces":{"north":{"uv":[0,0,1,1],"texture":"#missing"},"east":{"uv":[0,0,3,1],"rotation":270,"texture":"#0"},"south":{"uv":[0,0,1,1],"texture":"#missing"},"west":{"uv":[0,0,3,1],"rotation":270,"texture":"#0"},"up":{"uv":[0,0,1,1],"texture":"#missing"},"down":{"uv":[13.5,0.5,14,1.5],"rotation":270,"texture":"#0"}}},{"from":[20.90795,7.33417,17.1652],"to":[21.38795,10.33417,18.4152],"rotation":{"angle":22.5,"axis":"x","origin":[21.39795,8.83417,17.1652]},"faces":{"north":{"uv":[0,0,1,1],"texture":"#missing"},"east":{"uv":[0,1.5,3,2.5],"rotation":270,"texture":"#0"},"south":{"uv":[0,0,1,1],"texture":"#missing"},"west":{"uv":[0,1.5,3,2.5],"rotation":270,"texture":"#0"},"up":{"uv":[0,0,1,1],"texture":"#missing"},"down":{"uv":[13.5,0.5,14,1.5],"rotation":270,"texture":"#0"}}},{"from":[20.90795,7.33417,19.57684],"to":[21.38795,10.33417,20.82684],"rotation":{"angle":-22.5,"axis":"x","origin":[21.38795,8.83417,20.82684]},"faces":{"north":{"uv":[1,0,0,1],"texture":"#missing"},"east":{"uv":[0,2.5,3,1.5],"rotation":270,"texture":"#0"},"south":{"uv":[1,0,0,1],"texture":"#missing"},"west":{"uv":[0,2.5,3,1.5],"rotation":270,"texture":"#0"},"up":{"uv":[0,1,1,0],"texture":"#missing"},"down":{"uv":[14,0.5,13.5,1.5],"rotation":270,"texture":"#0"}}},{"from":[20.91795,7.8929,16.76795],"to":[21.37795,10.8929,18.01795],"rotation":{"angle":45,"axis":"x","origin":[21.39795,9.3929,16.76795]},"faces":{"north":{"uv":[13.5,0.5,14,1.5],"rotation":270,"texture":"#0"},"east":{"uv":[0,0,2.5,1],"rotation":270,"texture":"#0"},"south":{"uv":[0,0,1,1],"texture":"#missing"},"west":{"uv":[0,0,2.5,1],"rotation":270,"texture":"#0"},"up":{"uv":[0,0,1,1],"texture":"#missing"},"down":{"uv":[13.5,0.5,14,1.5],"rotation":270,"texture":"#0"}}},{"from":[20.90795,7.8929,19.97409],"to":[21.36795,10.8929,21.22409],"rotation":{"angle":-45,"axis":"x","origin":[21.38795,9.3929,21.22409]},"faces":{"north":{"uv":[1,0,0,1],"texture":"#missing"},"east":{"uv":[0,1,2.5,0],"rotation":270,"texture":"#0"},"south":{"uv":[13.5,1.5,14,0.5],"rotation":270,"texture":"#0"},"west":{"uv":[0,1,2.5,0],"rotation":270,"texture":"#0"},"up":{"uv":[0,1,1,0],"texture":"#missing"},"down":{"uv":[14,0.5,13.5,1.5],"rotation":270,"texture":"#0"}}}],"display":{"thirdperson_righthand":{"rotation":[3,0,0],"translation":[0,7,0]},"thirdperson_lefthand":{"rotation":[3,0,-90],"translation":[3,3,0]},"firstperson_righthand":{"rotation":[10,0,0],"translation":[-2,10.5,-16]},"firstperson_lefthand":{"rotation":[10,0,-90],"translation":[0.5,7,-16]},"ground":{"rotation":[90,0,0],"translation":[0,25,0]},"gui":{"translation":[-3,-1.5,0],"scale":[0.65,0.65,0.65]},"head":{"rotation":[0,0,45],"translation":[-2.5,8.75,0]},"fixed":{"rotation":[0,0,45],"translation":[-3,-2.75,-23]}},"groups":[{"name":"excalibur","origin":[8,8,8],"children":[0,1,2,3,4,5,6,7,8,9,10,11,12,13]},{"name":"spear","origin":[-3.00063,26.34645,0.91341],"children":[14,15,16,17,18,19]},{"name":"axe","origin":[-8.97917,27.31939,1.27413],"children":[20,21,22,23,24,25,26,27]}]}