{"credit":"Made with Blockbench","textures":{"0":"camelot:item/gate","particle":"camelot:item/gate"},"elements":[{"from":[6,6,8],"to":[10,10,8],"faces":{"north":{"uv":[0,0,16,16],"texture":"#0"},"east":{"uv":[0,0,16,16],"texture":"#0"},"south":{"uv":[0,0,16,16],"texture":"#0"},"west":{"uv":[0,0,16,16],"texture":"#0"},"up":{"uv":[0,0,16,16],"texture":"#0"},"down":{"uv":[0,0,16,16],"texture":"#0"}}}],"display":{"thirdperson_righthand":{"translation":[0,-2,-0.25]},"thirdperson_lefthand":{"translation":[0,-2,-0.25]},"firstperson_righthand":{"translation":[0,4,2.75]},"firstperson_lefthand":{"translation":[0,4,2.75]},"ground":{"rotation":[90,0,0],"translation":[0,-2,0],"scale":[4,4,1]},"gui":{"scale":[4,4,1]},"head":{"rotation":[90,0,0],"translation":[0,7.5,0],"scale":[4,4,1]},"fixed":{"translation":[0,0,-0.75],"scale":[4,4,1]}}}