{"credit":"Made with Blockbench","texture_size":[32,32],"textures":{"0":"cosmetics:balloons/neritantan_balloon","particle":"cosmetics:balloons/neritantan_balloon"},"elements":[{"from":[11.6975,6.23015,-11.37765],"to":[14.06,6.54515,-11.06265],"rotation":{"angle":-22.5,"axis":"z","origin":[8,6.60201,9.5886]},"faces":{"north":{"uv":[14.5,11.125,14.875,11],"texture":"#0","tintindex":0},"east":{"uv":[4.5,15.125,4.625,15],"rotation":270,"texture":"#0","tintindex":0},"south":{"uv":[11.5,14.5,11.875,14.625],"rotation":180,"texture":"#0","tintindex":0},"west":{"uv":[15,4.625,15.125,4.5],"rotation":90,"texture":"#0","tintindex":0},"up":{"uv":[14.5,10.625,14.875,10.5],"rotation":180,"texture":"#0","tintindex":0},"down":{"uv":[11,14.625,11.375,14.5],"texture":"#0","tintindex":0}}},{"from":[11.17195,5.23329,-11.37765],"to":[14.16445,5.54829,-11.06265],"rotation":{"angle":0,"axis":"y","origin":[8,6.60201,9.5886]},"faces":{"north":{"uv":[5,14.625,5.5,14.5],"texture":"#0","tintindex":0},"east":{"uv":[5,15.125,5.125,15],"rotation":270,"texture":"#0","tintindex":0},"south":{"uv":[14.5,5,15,5.125],"rotation":180,"texture":"#0","tintindex":0},"west":{"uv":[15,5.125,15.125,5],"rotation":90,"texture":"#0","tintindex":0},"up":{"uv":[4.5,14.625,5,14.5],"rotation":180,"texture":"#0","tintindex":0},"down":{"uv":[14.5,4.625,15,4.5],"texture":"#0","tintindex":0}}},{"from":[10.8575,6.72346,-11.53515],"to":[11.48876,7.35472,-11.22015],"rotation":{"angle":0,"axis":"y","origin":[8,6.60201,9.5886]},"faces":{"north":{"uv":[6.5,15.125,6.625,15],"texture":"#0","tintindex":0},"east":{"uv":[15,5.625,15.125,5.5],"rotation":270,"texture":"#0","tintindex":0},"south":{"uv":[15,6.5,15.125,6.625],"rotation":180,"texture":"#0","tintindex":0},"west":{"uv":[15,6.125,15.125,6],"rotation":90,"texture":"#0","tintindex":0},"up":{"uv":[5.5,15.125,5.625,15],"rotation":180,"texture":"#0","tintindex":0},"down":{"uv":[6,15.125,6.125,15],"texture":"#0","tintindex":0}}},{"from":[6.59,5.93596,-11.53515],"to":[8.96126,6.56722,-11.22015],"rotation":{"angle":0,"axis":"y","origin":[8,6.60201,9.5886]},"faces":{"north":{"uv":[14.5,12.125,14.875,12],"texture":"#0","tintindex":0},"east":{"uv":[7,15.125,7.125,15],"rotation":270,"texture":"#0","tintindex":0},"south":{"uv":[12.5,14.5,12.875,14.625],"rotation":180,"texture":"#0","tintindex":0},"west":{"uv":[15,7.125,15.125,7],"rotation":90,"texture":"#0","tintindex":0},"up":{"uv":[14.5,11.625,14.875,11.5],"rotation":180,"texture":"#0","tintindex":0},"down":{"uv":[12,14.625,12.375,14.5],"texture":"#0","tintindex":0}}},{"from":[7.22,5.30596,-11.53515],"to":[8.33126,5.93722,-11.22015],"rotation":{"angle":0,"axis":"y","origin":[8,6.60201,9.5886]},"faces":{"north":{"uv":[8.5,15.125,8.625,15],"texture":"#0","tintindex":0},"east":{"uv":[15,7.625,15.125,7.5],"rotation":270,"texture":"#0","tintindex":0},"south":{"uv":[15,8.5,15.125,8.625],"rotation":180,"texture":"#0","tintindex":0},"west":{"uv":[15,8.125,15.125,8],"rotation":90,"texture":"#0","tintindex":0},"up":{"uv":[7.5,15.125,7.625,15],"rotation":180,"texture":"#0","tintindex":0},"down":{"uv":[8,15.125,8.125,15],"texture":"#0","tintindex":0}}},{"from":[7.58268,4.62044,-11.37765],"to":[7.89894,5.2517,-11.06265],"rotation":{"angle":0,"axis":"y","origin":[8,6.60201,9.5886]},"faces":{"north":{"uv":[15,0.25,15.125,0],"texture":"#0","tintindex":0},"east":{"uv":[14.5,14.125,14.75,14],"rotation":270,"texture":"#0","tintindex":0},"south":{"uv":[15,0.5,15.125,0.75],"rotation":180,"texture":"#0","tintindex":0},"west":{"uv":[14.5,14.625,14.75,14.5],"rotation":90,"texture":"#0","tintindex":0},"up":{"uv":[9,15.125,9.125,15],"rotation":180,"texture":"#0","tintindex":0},"down":{"uv":[15,9.125,15.125,9],"texture":"#0","tintindex":0}}},{"from":[9.01346,4.19811,-11.37765],"to":[9.32972,5.12937,-11.06265],"rotation":{"angle":-45,"axis":"z","origin":[8,6.60201,9.5886]},"faces":{"north":{"uv":[10.5,15.125,10.625,15],"texture":"#0","tintindex":0},"east":{"uv":[15,9.625,15.125,9.5],"rotation":270,"texture":"#0","tintindex":0},"south":{"uv":[15,10.5,15.125,10.625],"rotation":180,"texture":"#0","tintindex":0},"west":{"uv":[15,10.125,15.125,10],"rotation":90,"texture":"#0","tintindex":0},"up":{"uv":[9.5,15.125,9.625,15],"rotation":180,"texture":"#0","tintindex":0},"down":{"uv":[10,15.125,10.125,15],"texture":"#0","tintindex":0}}},{"from":[9.10609,4.90574,-11.37765],"to":[10.03735,5.222,-11.06265],"rotation":{"angle":-45,"axis":"z","origin":[8,6.60201,9.5886]},"faces":{"north":{"uv":[12.125,15,12,15.125],"rotation":270,"texture":"#0","tintindex":0},"east":{"uv":[11.5,15.125,11.625,15],"rotation":270,"texture":"#0","tintindex":0},"south":{"uv":[15.125,12.125,15,12],"rotation":270,"texture":"#0","tintindex":0},"west":{"uv":[11,15.125,11.125,15],"rotation":90,"texture":"#0","tintindex":0},"up":{"uv":[15,11.125,15.125,11],"rotation":180,"texture":"#0","tintindex":0},"down":{"uv":[15,11.625,15.125,11.5],"texture":"#0","tintindex":0}}},{"from":[1.31498,6.26252,-11.37765],"to":[3.67748,6.57752,-11.06265],"rotation":{"angle":22.5,"axis":"z","origin":[8,6.60201,9.5886]},"faces":{"north":{"uv":[14.5,13.125,14.875,13],"texture":"#0","tintindex":0},"east":{"uv":[12.5,15.125,12.625,15],"rotation":270,"texture":"#0","tintindex":0},"south":{"uv":[14.5,13.5,14.875,13.625],"rotation":180,"texture":"#0","tintindex":0},"west":{"uv":[15,12.625,15.125,12.5],"rotation":90,"texture":"#0","tintindex":0},"up":{"uv":[14.5,12.625,14.875,12.5],"rotation":180,"texture":"#0","tintindex":0},"down":{"uv":[13,14.625,13.375,14.5],"texture":"#0","tintindex":0}}},{"from":[1.25268,5.04642,-11.37765],"to":[4.24518,5.36142,-11.06265],"rotation":{"angle":0,"axis":"y","origin":[8,6.60201,9.5886]},"faces":{"north":{"uv":[14.5,6.125,15,6],"texture":"#0","tintindex":0},"east":{"uv":[13,15.125,13.125,15],"rotation":270,"texture":"#0","tintindex":0},"south":{"uv":[6.5,14.5,7,14.625],"rotation":180,"texture":"#0","tintindex":0},"west":{"uv":[15,13.125,15.125,13],"rotation":90,"texture":"#0","tintindex":0},"up":{"uv":[5.5,14.625,6,14.5],"rotation":180,"texture":"#0","tintindex":0},"down":{"uv":[14.5,5.625,15,5.5],"texture":"#0","tintindex":0}}},{"from":[3.9125,6.72346,-11.53515],"to":[4.54376,7.35472,-11.22015],"rotation":{"angle":0,"axis":"y","origin":[8,6.60201,9.5886]},"faces":{"north":{"uv":[14.5,15.125,14.625,15],"texture":"#0","tintindex":0},"east":{"uv":[15,13.625,15.125,13.5],"rotation":270,"texture":"#0","tintindex":0},"south":{"uv":[15,14.5,15.125,14.625],"rotation":180,"texture":"#0","tintindex":0},"west":{"uv":[15,14.125,15.125,14],"rotation":90,"texture":"#0","tintindex":0},"up":{"uv":[13.5,15.125,13.625,15],"rotation":180,"texture":"#0","tintindex":0},"down":{"uv":[14,15.125,14.125,15],"texture":"#0","tintindex":0}}},{"from":[4.91,2.03596,12.95985],"to":[11.09,8.57596,15.89985],"rotation":{"angle":0,"axis":"y","origin":[8,6.60201,9.5886]},"faces":{"north":{"uv":[11,11.625,12,10.5],"texture":"#0","tintindex":0},"east":{"uv":[9,3,10.125,2.5],"rotation":270,"texture":"#0","tintindex":0},"south":{"uv":[0,11.5,1,12.625],"rotation":180,"texture":"#0","tintindex":0},"west":{"uv":[11.5,7.5,12.625,7],"rotation":90,"texture":"#0","tintindex":0},"up":{"uv":[11.5,9.5,12.5,9],"rotation":180,"texture":"#0","tintindex":0},"down":{"uv":[11.5,10,12.5,9.5],"texture":"#0","tintindex":0}}},{"from":[3.41,1.28596,15.95985],"to":[12.59,9.32596,29.09985],"rotation":{"angle":0,"axis":"y","origin":[8,6.60201,9.5886]},"faces":{"north":{"uv":[9.5,11.875,11,10.5],"texture":"#0","tintindex":0},"east":{"uv":[2,11.25,3.375,9],"rotation":270,"texture":"#0","tintindex":0},"south":{"uv":[11,3,12.5,4.375],"rotation":180,"texture":"#0","tintindex":0},"west":{"uv":[3.5,11.25,4.875,9],"rotation":90,"texture":"#0","tintindex":0},"up":{"uv":[8,9.25,9.5,7],"rotation":180,"texture":"#0","tintindex":0},"down":{"uv":[9,2.25,10.5,0],"texture":"#0","tintindex":0}}},{"from":[2.66,0.08596,18.20985],"to":[13.34,10.22596,26.84985],"rotation":{"angle":0,"axis":"y","origin":[8,6.60201,9.5886]},"faces":{"north":{"uv":[9.5,8.75,11.25,7],"texture":"#0","tintindex":0},"east":{"uv":[0,11.5,1.75,10],"rotation":270,"texture":"#0","tintindex":0},"south":{"uv":[7.5,9.5,9.25,11.25],"rotation":180,"texture":"#0","tintindex":0},"west":{"uv":[10.5,1.5,12.25,0],"rotation":90,"texture":"#0","tintindex":0},"up":{"uv":[9.5,10.5,11.25,9],"rotation":180,"texture":"#0","tintindex":0},"down":{"uv":[5,11.5,6.75,10],"texture":"#0","tintindex":0}}},{"from":[4.91,2.03596,29.00985],"to":[11.09,8.57596,32],"rotation":{"angle":0,"axis":"y","origin":[8,6.60201,9.5886]},"faces":{"north":{"uv":[1,12.625,2,11.5],"texture":"#0","tintindex":0},"east":{"uv":[11.5,8,12.625,7.5],"rotation":270,"texture":"#0","tintindex":0},"south":{"uv":[2,11.5,3,12.625],"rotation":180,"texture":"#0","tintindex":0},"west":{"uv":[8,12,9.125,11.5],"rotation":90,"texture":"#0","tintindex":0},"up":{"uv":[11.5,10.5,12.5,10],"rotation":180,"texture":"#0","tintindex":0},"down":{"uv":[8,12.5,9,12],"texture":"#0","tintindex":0}}},{"from":[-8.55055,1.28596,2.86024],"to":[-2.16055,3.32596,5.29024],"rotation":{"angle":45,"axis":"y","origin":[8,2.30596,2.49423]},"faces":{"north":{"uv":[12,10.875,13.125,10.5],"texture":"#0","tintindex":0},"east":{"uv":[3,14.375,3.375,14],"rotation":270,"texture":"#0","tintindex":0},"south":{"uv":[12,10.875,13.125,10.5],"rotation":180,"texture":"#0","tintindex":0},"west":{"uv":[14,3.375,14.375,3],"rotation":90,"texture":"#0","tintindex":0},"up":{"uv":[9,12.375,10.125,12],"rotation":180,"texture":"#0","tintindex":0},"down":{"uv":[10.5,12.375,11.625,12],"texture":"#0","tintindex":0}}},{"from":[5.20399,1.28596,12.65478],"to":[7.634,3.32596,19.04478],"rotation":{"angle":45,"axis":"y","origin":[8,2.30596,2.49423]},"faces":{"north":{"uv":[3.5,14.375,3.875,14],"texture":"#0","tintindex":0},"east":{"uv":[7,11.125,7.375,10],"rotation":270,"texture":"#0","tintindex":0},"south":{"uv":[14,3.5,14.375,3.875],"rotation":180,"texture":"#0","tintindex":0},"west":{"uv":[7,11.125,7.375,10],"rotation":90,"texture":"#0","tintindex":0},"up":{"uv":[7.5,9.125,7.875,8],"rotation":180,"texture":"#0","tintindex":0},"down":{"uv":[12,12.625,12.375,11.5],"texture":"#0","tintindex":0}}},{"from":[18.03555,1.28596,-0.42677],"to":[24.42555,3.32596,2.00323],"rotation":{"angle":45,"axis":"y","origin":[8,2.30596,2.49423]},"faces":{"north":{"uv":[4,13.625,4.375,12.5],"rotation":90,"texture":"#0","tintindex":0},"east":{"uv":[4,14.375,4.375,14],"texture":"#0","tintindex":0},"south":{"uv":[12.5,4.125,12.875,3],"rotation":270,"texture":"#0","tintindex":0},"west":{"uv":[14,4,14.375,4.375],"rotation":180,"texture":"#0","tintindex":0},"up":{"uv":[3.375,12.5,3,13.625],"rotation":90,"texture":"#0","tintindex":0},"down":{"uv":[3.875,12.5,3.5,13.625],"rotation":90,"texture":"#0","tintindex":0}}},{"from":[-8.42555,1.28596,-0.42677],"to":[-2.03555,3.32596,2.00323],"rotation":{"angle":-45,"axis":"y","origin":[8,2.30596,2.49423]},"faces":{"north":{"uv":[5,13.625,5.375,12.5],"rotation":270,"texture":"#0","tintindex":0},"east":{"uv":[14,4.5,14.375,4.875],"rotation":180,"texture":"#0","tintindex":0},"south":{"uv":[6,13.625,6.375,12.5],"rotation":90,"texture":"#0","tintindex":0},"west":{"uv":[4.5,14.375,4.875,14],"texture":"#0","tintindex":0},"up":{"uv":[4.875,12.5,4.5,13.625],"rotation":270,"texture":"#0","tintindex":0},"down":{"uv":[5.875,12.5,5.5,13.625],"rotation":270,"texture":"#0","tintindex":0}}},{"from":[-0.34,-0.21404,-6.54015],"to":[16.34,10.82596,11.09985],"rotation":{"angle":0,"axis":"y","origin":[8,6.60201,9.5886]},"faces":{"north":{"uv":[2,8.875,4.75,7],"texture":"#0","tintindex":0},"east":{"uv":[0,10,1.875,7],"rotation":270,"texture":"#0","tintindex":0},"south":{"uv":[8,3,10.75,4.875],"rotation":180,"texture":"#0","tintindex":0},"west":{"uv":[7,3,8.875,0],"rotation":90,"texture":"#0","tintindex":0},"up":{"uv":[0,7,2.75,4],"rotation":180,"texture":"#0","tintindex":0},"down":{"uv":[3,7,5.75,4],"texture":"#0","tintindex":0}}},{"from":[4.16,12.83664,3.05401],"to":[5.09,13.67664,6.44401],"rotation":{"angle":-22.5,"axis":"x","origin":[8,6.60201,9.5886]},"faces":{"north":{"uv":[15,1.125,15.125,1],"texture":"#0","tintindex":0},"east":{"uv":[14,7.625,14.125,7],"rotation":270,"texture":"#0","tintindex":0},"south":{"uv":[15,1.5,15.125,1.625],"rotation":180,"texture":"#0","tintindex":0},"west":{"uv":[14,10.625,14.125,10],"rotation":90,"texture":"#0","tintindex":0},"up":{"uv":[6,14.625,6.125,14],"rotation":180,"texture":"#0","tintindex":0},"down":{"uv":[14,9.625,14.125,9],"texture":"#0","tintindex":0}}},{"from":[10.91,12.83664,3.05401],"to":[11.84,13.67664,6.44401],"rotation":{"angle":-22.5,"axis":"x","origin":[8,6.60201,9.5886]},"faces":{"north":{"uv":[2.5,15.125,2.625,15],"texture":"#0","tintindex":0},"east":{"uv":[14,12.625,14.125,12],"rotation":270,"texture":"#0","tintindex":0},"south":{"uv":[3,15,3.125,15.125],"rotation":180,"texture":"#0","tintindex":0},"west":{"uv":[13.5,14.625,13.625,14],"rotation":90,"texture":"#0","tintindex":0},"up":{"uv":[14,11.625,14.125,11],"rotation":180,"texture":"#0","tintindex":0},"down":{"uv":[14,13.625,14.125,13],"texture":"#0","tintindex":0}}},{"from":[10.91,10.58664,7.55401],"to":[11.84,11.42664,10.94401],"rotation":{"angle":-22.5,"axis":"x","origin":[8,6.60201,9.5886]},"faces":{"north":{"uv":[3.5,15.125,3.625,15],"texture":"#0","tintindex":0},"east":{"uv":[0,15.125,0.125,14.5],"rotation":270,"texture":"#0","tintindex":0},"south":{"uv":[15,3.5,15.125,3.625],"rotation":180,"texture":"#0","tintindex":0},"west":{"uv":[0.5,15.125,0.625,14.5],"rotation":90,"texture":"#0","tintindex":0},"up":{"uv":[14,14.625,14.125,14],"rotation":180,"texture":"#0","tintindex":0},"down":{"uv":[14.5,0.625,14.625,0],"texture":"#0","tintindex":0}}},{"from":[4.16,10.58664,7.55401],"to":[5.09,11.42664,10.94401],"rotation":{"angle":-22.5,"axis":"x","origin":[8,6.60201,9.5886]},"faces":{"north":{"uv":[4,15.125,4.125,15],"texture":"#0","tintindex":0},"east":{"uv":[14.5,1.625,14.625,1],"rotation":270,"texture":"#0","tintindex":0},"south":{"uv":[15,4,15.125,4.125],"rotation":180,"texture":"#0","tintindex":0},"west":{"uv":[2,15.125,2.125,14.5],"rotation":90,"texture":"#0","tintindex":0},"up":{"uv":[1,15.125,1.125,14.5],"rotation":180,"texture":"#0","tintindex":0},"down":{"uv":[1.5,15.125,1.625,14.5],"texture":"#0","tintindex":0}}},{"from":[1.61,2.03596,-10.59015],"to":[14.09,8.57596,-8.55015],"rotation":{"angle":0,"axis":"y","origin":[8,6.60201,9.5886]},"faces":{"north":{"uv":[10.5,2.625,12.625,1.5],"texture":"#0","tintindex":0},"east":{"uv":[6.5,12.875,7.625,12.5],"rotation":270,"texture":"#0","tintindex":0},"south":{"uv":[10.5,5,12.625,6.125],"rotation":180,"texture":"#0","tintindex":0},"west":{"uv":[8,12.875,9.125,12.5],"rotation":90,"texture":"#0","tintindex":0},"up":{"uv":[10.5,6.875,12.625,6.5],"rotation":180,"texture":"#0","tintindex":0},"down":{"uv":[11,4.875,13.125,4.5],"texture":"#0","tintindex":0}}},{"from":[0.41,0.53596,-8.79015],"to":[15.59,10.07596,13.34985],"rotation":{"angle":0,"axis":"y","origin":[8,6.60201,9.5886]},"faces":{"north":{"uv":[5,9.625,7.5,8],"texture":"#0","tintindex":0},"east":{"uv":[5,3.75,6.625,0],"rotation":270,"texture":"#0","tintindex":0},"south":{"uv":[8,5,10.5,6.625],"rotation":180,"texture":"#0","tintindex":0},"west":{"uv":[6,7.75,7.625,4],"rotation":90,"texture":"#0","tintindex":0},"up":{"uv":[0,3.75,2.5,0],"rotation":180,"texture":"#0","tintindex":0},"down":{"uv":[2.5,3.75,5,0],"texture":"#0","tintindex":0}}},{"from":[3.7625,3.57346,-11.22015],"to":[11.6375,7.66846,-8.70016],"rotation":{"angle":0,"axis":"y","origin":[8,6.60201,9.5886]},"faces":{"north":{"uv":[5,12.125,6.375,11.5],"texture":"#0","tintindex":0},"east":{"uv":[13.5,6.375,14.125,6],"rotation":270,"texture":"#0","tintindex":0},"south":{"uv":[6.5,11.5,7.875,12.125],"rotation":180,"texture":"#0","tintindex":0},"west":{"uv":[13.5,6.875,14.125,6.5],"rotation":90,"texture":"#0","tintindex":0},"up":{"uv":[11.5,8.375,12.875,8],"rotation":180,"texture":"#0","tintindex":0},"down":{"uv":[11.5,8.875,12.875,8.5],"texture":"#0","tintindex":0}}},{"from":[12.18839,3.84455,-9.03016],"to":[15.8109,6.83705,-7.92766],"rotation":{"angle":45,"axis":"z","origin":[8,6.60201,9.5886]},"faces":{"north":{"uv":[10.5,13,11.125,12.5],"texture":"#0","tintindex":0},"east":{"uv":[3.5,14.625,4,14.5],"rotation":270,"texture":"#0","tintindex":0},"south":{"uv":[12.5,11.5,13.125,12],"rotation":180,"texture":"#0","tintindex":0},"west":{"uv":[14.5,3.625,15,3.5],"rotation":90,"texture":"#0","tintindex":0},"up":{"uv":[14.5,2.125,15.125,2],"rotation":180,"texture":"#0","tintindex":0},"down":{"uv":[2.5,14.625,3.125,14.5],"texture":"#0","tintindex":0}}},{"from":[5.07885,10.95409,-9.03016],"to":[8.07135,14.57659,-7.92766],"rotation":{"angle":45,"axis":"z","origin":[8,6.60201,9.5886]},"faces":{"north":{"uv":[11.5,13.125,12,12.5],"texture":"#0","tintindex":0},"east":{"uv":[14.5,2.625,15.125,2.5],"rotation":270,"texture":"#0","tintindex":0},"south":{"uv":[12.5,12,13,12.625],"rotation":180,"texture":"#0","tintindex":0},"west":{"uv":[14.5,3.125,15.125,3],"rotation":90,"texture":"#0","tintindex":0},"up":{"uv":[4,14.625,4.5,14.5],"rotation":180,"texture":"#0","tintindex":0},"down":{"uv":[14.5,4.125,15,4],"texture":"#0","tintindex":0}}}],"gui_light":"front","display":{"thirdperson_righthand":{"rotation":[-90,0,180],"translation":[0,-1.75,0]},"thirdperson_lefthand":{"rotation":[-90,0,180],"translation":[0,-1.75,0]},"firstperson_righthand":{"rotation":[-65,-30,-30],"translation":[0,1.25,0]},"firstperson_lefthand":{"rotation":[-65,-30,-30],"translation":[0,1.25,0]},"ground":{"rotation":[-4,0,0],"translation":[0,1,0],"scale":[1.5,1.5,1.5]},"gui":{"rotation":[-53,-141,-51],"translation":[0.5,0.75,0],"scale":[0.4,0.4,0.4]},"head":{"translation":[-1,-10.75,3],"scale":[2,2,2]},"fixed":{"rotation":[14,180,0],"translation":[0,0.5,5.5],"scale":[3,3,3]}},"groups":[{"name":"body","origin":[23.40594,5.09793,5.89507],"color":0,"children":[0,1,2,3,4,5,6,7,8,9,10,11,12,13,14,15,16,17,18,19,20,21,22,23,24,25,26,27,28]}]}