{"tab_enabled":true,"tab_name":"blocky_furniture_tab","tab_stack":{"name":"leather_horse_armor","nbt":"{CustomModelData:1,PublicBukkitValues:{\"geary:components\":1b,\"geary:prefabs\":[B;-97B,120B,24B,109B,105B,110B,101B,105B,110B,97B,98B,121B,115B,115B,58B,98B,97B,109B,98B,111B,111B,95B,98B,101B,110B,99B,104B,-1B]},display:{Name:'{\"italic\":false,\"extra\":[{\"color\":\"white\",\"text\":\"Bamboo Bench\"}],\"text\":\"\"}',color:16777215}}"},"tab_items":[{"name":"leather_horse_armor","nbt":"{CustomModelData:1,PublicBukkitValues:{\"geary:components\":1b,\"geary:prefabs\":[B;-97B,120B,24B,109B,105B,110B,101B,105B,110B,97B,98B,121B,115B,115B,58B,98B,97B,109B,98B,111B,111B,95B,98B,101B,110B,99B,104B,-1B]},display:{Name:'{\"italic\":false,\"extra\":[{\"color\":\"white\",\"text\":\"Bamboo Bench\"}],\"text\":\"\"}',color:16777215}}"},{"name":"leather_horse_armor","nbt":"{CustomModelData:2,PublicBukkitValues:{\"geary:components\":1b,\"geary:prefabs\":[B;-97B,120B,24B,109B,105B,110B,101B,105B,110B,97B,98B,121B,115B,115B,58B,98B,97B,109B,98B,111B,111B,95B,99B,104B,97B,105B,114B,-1B]},display:{Name:'{\"italic\":false,\"extra\":[{\"color\":\"white\",\"text\":\"Bamboo Chair\"}],\"text\":\"\"}',color:16777215}}"},{"name":"paper","nbt":"{CustomModelData:1002,PublicBukkitValues:{\"geary:components\":1b,\"geary:prefabs\":[B;-97B,120B,25B,109B,105B,110B,101B,105B,110B,97B,98B,121B,115B,115B,58B,98B,97B,109B,98B,111B,111B,95B,100B,114B,97B,119B,101B,114B,-1B]},display:{Name:'{\"italic\":false,\"extra\":[{\"color\":\"white\",\"text\":\"Bamboo Drawer\"}],\"text\":\"\"}'}}"},{"name":"paper","nbt":"{CustomModelData:1003,PublicBukkitValues:{\"geary:components\":1b,\"geary:prefabs\":[B;-97B,120B,25B,109B,105B,110B,101B,105B,110B,97B,98B,121B,115B,115B,58B,98B,97B,109B,98B,111B,111B,95B,102B,108B,111B,119B,101B,114B,-1B]},display:{Name:'{\"italic\":false,\"extra\":[{\"color\":\"white\",\"text\":\"Bamboo Hanging Flower\"}],\"text\":\"\"}'}}"},{"name":"paper","nbt":"{CustomModelData:1004,PublicBukkitValues:{\"geary:components\":1b,\"geary:prefabs\":[B;-97B,120B,25B,109B,105B,110B,101B,105B,110B,97B,98B,121B,115B,115B,58B,98B,97B,109B,98B,111B,111B,95B,109B,105B,114B,114B,111B,114B,-1B]},display:{Name:'{\"italic\":false,\"extra\":[{\"color\":\"white\",\"text\":\"Bamboo Mirror\"}],\"text\":\"\"}'}}"},{"name":"paper","nbt":"{CustomModelData:1005,PublicBukkitValues:{\"geary:components\":1b,\"geary:prefabs\":[B;-97B,120B,24B,109B,105B,110B,101B,105B,110B,97B,98B,121B,115B,115B,58B,98B,97B,109B,98B,111B,111B,95B,112B,108B,97B,110B,116B,-1B]},display:{Name:'{\"italic\":false,\"extra\":[{\"color\":\"white\",\"text\":\"Bamboo Plant\"}],\"text\":\"\"}'}}"},{"name":"paper","nbt":"{CustomModelData:1006,PublicBukkitValues:{\"geary:components\":1b,\"geary:prefabs\":[B;-97B,119B,109B,105B,110B,101B,105B,110B,97B,98B,121B,115B,115B,58B,98B,97B,109B,98B,111B,111B,95B,114B,97B,99B,107B,-1B]},display:{Name:'{\"italic\":false,\"extra\":[{\"color\":\"white\",\"text\":\"Bamboo Rack\"}],\"text\":\"\"}'}}"},{"name":"paper","nbt":"{CustomModelData:1007,PublicBukkitValues:{\"geary:components\":1b,\"geary:prefabs\":[B;-97B,120B,29B,109B,105B,110B,101B,105B,110B,97B,98B,121B,115B,115B,58B,98B,97B,109B,98B,111B,111B,95B,115B,105B,100B,101B,95B,116B,97B,98B,108B,101B,-1B]},display:{Name:'{\"italic\":false,\"extra\":[{\"color\":\"white\",\"text\":\"Bamboo Side Table\"}],\"text\":\"\"}'}}"},{"name":"paper","nbt":"{CustomModelData:1008,PublicBukkitValues:{\"geary:components\":1b,\"geary:prefabs\":[B;-97B,120B,24B,109B,105B,110B,101B,105B,110B,97B,98B,121B,115B,115B,58B,98B,97B,109B,98B,111B,111B,95B,116B,97B,98B,108B,101B,-1B]},display:{Name:'{\"italic\":false,\"extra\":[{\"color\":\"white\",\"text\":\"Bamboo Table\"}],\"text\":\"\"}'}}"},{"name":"paper","nbt":"{CustomModelData:1009,PublicBukkitValues:{\"geary:components\":1b,\"geary:prefabs\":[B;-97B,120B,30B,109B,105B,110B,101B,105B,110B,97B,98B,121B,115B,115B,58B,98B,97B,109B,98B,111B,111B,95B,119B,105B,110B,100B,95B,99B,104B,105B,109B,101B,115B,-1B]},display:{Name:'{\"italic\":false,\"extra\":[{\"color\":\"white\",\"text\":\"Bamboo Wind Chime\"}],\"text\":\"\"}'}}"},{"name":"paper","nbt":"{CustomModelData:1011,PublicBukkitValues:{\"geary:components\":1b,\"geary:prefabs\":[B;-97B,120B,30B,109B,105B,110B,101B,105B,110B,97B,98B,121B,115B,115B,58B,99B,104B,101B,115B,115B,95B,98B,108B,97B,99B,107B,95B,98B,105B,115B,104B,111B,112B,-1B]},display:{Name:'{\"italic\":false,\"extra\":[{\"color\":\"white\",\"text\":\"Black Bishop\"}],\"text\":\"\"}'}}"},{"name":"paper","nbt":"{CustomModelData:1015,PublicBukkitValues:{\"geary:components\":1b,\"geary:prefabs\":[B;-97B,120B,28B,109B,105B,110B,101B,105B,110B,97B,98B,121B,115B,115B,58B,99B,104B,101B,115B,115B,95B,98B,108B,97B,99B,107B,95B,107B,105B,110B,103B,-1B]},display:{Name:'{\"italic\":false,\"extra\":[{\"color\":\"white\",\"text\":\"Black King\"}],\"text\":\"\"}'}}"},{"name":"paper","nbt":"{CustomModelData:1012,PublicBukkitValues:{\"geary:components\":1b,\"geary:prefabs\":[B;-97B,120B,30B,109B,105B,110B,101B,105B,110B,97B,98B,121B,115B,115B,58B,99B,104B,101B,115B,115B,95B,98B,108B,97B,99B,107B,95B,107B,110B,105B,103B,104B,116B,-1B]},display:{Name:'{\"italic\":false,\"extra\":[{\"color\":\"white\",\"text\":\"Black Knight\"}],\"text\":\"\"}'}}"},{"name":"paper","nbt":"{CustomModelData:1010,PublicBukkitValues:{\"geary:components\":1b,\"geary:prefabs\":[B;-97B,120B,28B,109B,105B,110B,101B,105B,110B,97B,98B,121B,115B,115B,58B,99B,104B,101B,115B,115B,95B,98B,108B,97B,99B,107B,95B,112B,97B,119B,110B,-1B]},display:{Name:'{\"italic\":false,\"extra\":[{\"color\":\"white\",\"text\":\"Black Pawn\"}],\"text\":\"\"}'}}"},{"name":"paper","nbt":"{CustomModelData:1014,PublicBukkitValues:{\"geary:components\":1b,\"geary:prefabs\":[B;-97B,120B,29B,109B,105B,110B,101B,105B,110B,97B,98B,121B,115B,115B,58B,99B,104B,101B,115B,115B,95B,98B,108B,97B,99B,107B,95B,113B,117B,101B,101B,110B,-1B]},display:{Name:'{\"italic\":false,\"extra\":[{\"color\":\"white\",\"text\":\"Black Queen\"}],\"text\":\"\"}'}}"},{"name":"paper","nbt":"{CustomModelData:1013,PublicBukkitValues:{\"geary:components\":1b,\"geary:prefabs\":[B;-97B,120B,28B,109B,105B,110B,101B,105B,110B,97B,98B,121B,115B,115B,58B,99B,104B,101B,115B,115B,95B,98B,108B,97B,99B,107B,95B,114B,111B,111B,107B,-1B]},display:{Name:'{\"italic\":false,\"extra\":[{\"color\":\"white\",\"text\":\"Black Rook\"}],\"text\":\"\"}'}}"},{"name":"paper","nbt":"{CustomModelData:1017,PublicBukkitValues:{\"geary:components\":1b,\"geary:prefabs\":[B;-97B,120B,30B,109B,105B,110B,101B,105B,110B,97B,98B,121B,115B,115B,58B,99B,104B,101B,115B,115B,95B,119B,104B,105B,116B,101B,95B,98B,105B,115B,104B,111B,112B,-1B]},display:{Name:'{\"italic\":false,\"extra\":[{\"color\":\"white\",\"text\":\"White Bishop\"}],\"text\":\"\"}'}}"},{"name":"paper","nbt":"{CustomModelData:1021,PublicBukkitValues:{\"geary:components\":1b,\"geary:prefabs\":[B;-97B,120B,28B,109B,105B,110B,101B,105B,110B,97B,98B,121B,115B,115B,58B,99B,104B,101B,115B,115B,95B,119B,104B,105B,116B,101B,95B,107B,105B,110B,103B,-1B]},display:{Name:'{\"italic\":false,\"extra\":[{\"color\":\"white\",\"text\":\"White King\"}],\"text\":\"\"}'}}"},{"name":"paper","nbt":"{CustomModelData:1018,PublicBukkitValues:{\"geary:components\":1b,\"geary:prefabs\":[B;-97B,120B,30B,109B,105B,110B,101B,105B,110B,97B,98B,121B,115B,115B,58B,99B,104B,101B,115B,115B,95B,119B,104B,105B,116B,101B,95B,107B,110B,105B,103B,104B,116B,-1B]},display:{Name:'{\"italic\":false,\"extra\":[{\"color\":\"white\",\"text\":\"White Knight\"}],\"text\":\"\"}'}}"},{"name":"paper","nbt":"{CustomModelData:1016,PublicBukkitValues:{\"geary:components\":1b,\"geary:prefabs\":[B;-97B,120B,28B,109B,105B,110B,101B,105B,110B,97B,98B,121B,115B,115B,58B,99B,104B,101B,115B,115B,95B,119B,104B,105B,116B,101B,95B,112B,97B,119B,110B,-1B]},display:{Name:'{\"italic\":false,\"extra\":[{\"color\":\"white\",\"text\":\"White Pawn\"}],\"text\":\"\"}'}}"},{"name":"paper","nbt":"{CustomModelData:1020,PublicBukkitValues:{\"geary:components\":1b,\"geary:prefabs\":[B;-97B,120B,29B,109B,105B,110B,101B,105B,110B,97B,98B,121B,115B,115B,58B,99B,104B,101B,115B,115B,95B,119B,104B,105B,116B,101B,95B,113B,117B,101B,101B,110B,-1B]},display:{Name:'{\"italic\":false,\"extra\":[{\"color\":\"white\",\"text\":\"White Queen\"}],\"text\":\"\"}'}}"},{"name":"paper","nbt":"{CustomModelData:1019,PublicBukkitValues:{\"geary:components\":1b,\"geary:prefabs\":[B;-97B,120B,28B,109B,105B,110B,101B,105B,110B,97B,98B,121B,115B,115B,58B,99B,104B,101B,115B,115B,95B,119B,104B,105B,116B,101B,95B,114B,111B,111B,107B,-1B]},display:{Name:'{\"italic\":false,\"extra\":[{\"color\":\"white\",\"text\":\"White Rook\"}],\"text\":\"\"}'}}"},{"name":"paper","nbt":"{CustomModelData:1022,PublicBukkitValues:{\"geary:components\":1b,\"geary:prefabs\":[B;-97B,120B,27B,109B,105B,110B,101B,105B,110B,97B,98B,121B,115B,115B,58B,115B,99B,117B,108B,107B,95B,98B,105B,103B,95B,116B,97B,98B,108B,101B,-1B]},display:{Name:'{\"italic\":false,\"extra\":[{\"color\":\"white\",\"text\":\"Sculk Big Table\"}],\"text\":\"\"}'}}"},{"name":"paper","nbt":"{CustomModelData:1023,PublicBukkitValues:{\"geary:components\":1b,\"geary:prefabs\":[B;-97B,119B,109B,105B,110B,101B,105B,110B,97B,98B,121B,115B,115B,58B,115B,99B,117B,108B,107B,95B,99B,104B,97B,105B,114B,-1B]},display:{Name:'{\"italic\":false,\"extra\":[{\"color\":\"white\",\"text\":\"Sculk Chair\"}],\"text\":\"\"}'}}"},{"name":"paper","nbt":"{CustomModelData:1024,PublicBukkitValues:{\"geary:components\":1b,\"geary:prefabs\":[B;-97B,118B,109B,105B,110B,101B,105B,110B,97B,98B,121B,115B,115B,58B,115B,99B,117B,108B,107B,95B,100B,101B,99B,111B,-1B]},display:{Name:'{\"italic\":false,\"extra\":[{\"color\":\"white\",\"text\":\"Sculk Deco\"}],\"text\":\"\"}'}}"},{"name":"paper","nbt":"{CustomModelData:1025,PublicBukkitValues:{\"geary:components\":1b,\"geary:prefabs\":[B;-97B,120B,24B,109B,105B,110B,101B,105B,110B,97B,98B,121B,115B,115B,58B,115B,99B,117B,108B,107B,95B,100B,101B,99B,111B,95B,50B,-1B]},display:{Name:'{\"italic\":false,\"extra\":[{\"color\":\"white\",\"text\":\"Sculk Deco 2\"}],\"text\":\"\"}'}}"},{"name":"paper","nbt":"{CustomModelData:1026,PublicBukkitValues:{\"geary:components\":1b,\"geary:prefabs\":[B;-97B,118B,109B,105B,110B,101B,105B,110B,97B,98B,121B,115B,115B,58B,115B,99B,117B,108B,107B,95B,108B,97B,109B,112B,-1B]},display:{Name:'{\"italic\":false,\"extra\":[{\"color\":\"white\",\"text\":\"Sculk Lamp\"}],\"text\":\"\"}'}}"},{"name":"paper","nbt":"{CustomModelData:1027,PublicBukkitValues:{\"geary:components\":1b,\"geary:prefabs\":[B;-97B,119B,109B,105B,110B,101B,105B,110B,97B,98B,121B,115B,115B,58B,115B,99B,117B,108B,107B,95B,115B,104B,101B,108B,102B,-1B]},display:{Name:'{\"italic\":false,\"extra\":[{\"color\":\"white\",\"text\":\"Sculk Shelf\"}],\"text\":\"\"}'}}"},{"name":"paper","nbt":"{CustomModelData:1028,PublicBukkitValues:{\"geary:components\":1b,\"geary:prefabs\":[B;-97B,119B,109B,105B,110B,101B,105B,110B,97B,98B,121B,115B,115B,58B,115B,99B,117B,108B,107B,95B,115B,116B,111B,111B,108B,-1B]},display:{Name:'{\"italic\":false,\"extra\":[{\"color\":\"white\",\"text\":\"Sculk Stool\"}],\"text\":\"\"}'}}"},{"name":"paper","nbt":"{CustomModelData:1029,PublicBukkitValues:{\"geary:components\":1b,\"geary:prefabs\":[B;-97B,119B,109B,105B,110B,101B,105B,110B,97B,98B,121B,115B,115B,58B,115B,99B,117B,108B,107B,95B,116B,97B,98B,108B,101B,-1B]},display:{Name:'{\"italic\":false,\"extra\":[{\"color\":\"white\",\"text\":\"Sculk Table\"}],\"text\":\"\"}'}}"},{"name":"paper","nbt":"{CustomModelData:1030,PublicBukkitValues:{\"geary:components\":1b,\"geary:prefabs\":[B;-97B,118B,109B,105B,110B,101B,105B,110B,97B,98B,121B,115B,115B,58B,115B,99B,117B,108B,107B,95B,118B,97B,115B,101B,-1B]},display:{Name:'{\"italic\":false,\"extra\":[{\"color\":\"white\",\"text\":\"Sculk Vase\"}],\"text\":\"\"}'}}"},{"name":"paper","nbt":"{CustomModelData:1031,PublicBukkitValues:{\"geary:components\":1b,\"geary:prefabs\":[B;-97B,120B,24B,109B,105B,110B,101B,105B,110B,97B,98B,121B,115B,115B,58B,115B,99B,117B,108B,107B,95B,118B,97B,115B,101B,95B,50B,-1B]},display:{Name:'{\"italic\":false,\"extra\":[{\"color\":\"white\",\"text\":\"Sculk Vase 2\"}],\"text\":\"\"}'}}"},{"name":"paper","nbt":"{CustomModelData:1000,PublicBukkitValues:{\"geary:components\":1b,\"geary:prefabs\":[B;-97B,119B,109B,105B,110B,101B,105B,110B,97B,98B,121B,115B,115B,58B,115B,116B,111B,110B,101B,95B,98B,101B,110B,99B,104B,-1B]},display:{Name:'{\"italic\":false,\"extra\":[{\"color\":\"#33404d\",\"text\":\"Stone Bench\"}],\"text\":\"\"}'}}"},{"name":"paper","nbt":"{CustomModelData:1001,PublicBukkitValues:{\"geary:components\":1b,\"geary:prefabs\":[B;-97B,120B,28B,109B,105B,110B,101B,105B,110B,97B,98B,121B,115B,115B,58B,115B,117B,110B,110B,121B,95B,119B,111B,111B,100B,95B,99B,104B,97B,105B,114B,-1B]},display:{Name:'{\"italic\":false,\"extra\":[{\"color\":\"#6f4536\",\"text\":\"Sunny Wood Chair\"}],\"text\":\"\"}'}}"}]}