{"tab_enabled":true,"tab_name":"blocky_wire_tab","tab_stack":{"name":"paper","nbt":"{CustomModelData:3001,PublicBukkitValues:{\"geary:components\":1b,\"geary:prefabs\":[B;-97B,116B,109B,105B,110B,101B,105B,110B,97B,98B,121B,115B,115B,58B,102B,111B,108B,105B,97B,103B,101B,49B,-1B]},display:{Name:'{\"italic\":false,\"extra\":[{\"color\":\"#7a4e48\",\"text\":\"Foliage 1\"}],\"text\":\"\"}'}}"},"tab_items":[{"name":"paper","nbt":"{CustomModelData:3009,PublicBukkitValues:{\"geary:components\":1b,\"geary:prefabs\":[B;-97B,120B,26B,109B,105B,110B,101B,105B,110B,97B,98B,121B,115B,115B,58B,99B,104B,101B,114B,114B,121B,95B,115B,97B,112B,108B,105B,110B,103B,-1B]},display:{Name:'{\"italic\":false,\"extra\":[{\"text\":\"Cherry Sapling\"}],\"text\":\"\"}'}}"},{"name":"paper","nbt":"{CustomModelData:3001,PublicBukkitValues:{\"geary:components\":1b,\"geary:prefabs\":[B;-97B,116B,109B,105B,110B,101B,105B,110B,97B,98B,121B,115B,115B,58B,102B,111B,108B,105B,97B,103B,101B,49B,-1B]},display:{Name:'{\"italic\":false,\"extra\":[{\"color\":\"#7a4e48\",\"text\":\"Foliage 1\"}],\"text\":\"\"}'}}"},{"name":"paper","nbt":"{CustomModelData:3002,PublicBukkitValues:{\"geary:components\":1b,\"geary:prefabs\":[B;-97B,116B,109B,105B,110B,101B,105B,110B,97B,98B,121B,115B,115B,58B,102B,111B,108B,105B,97B,103B,101B,50B,-1B]},display:{Name:'{\"italic\":false,\"extra\":[{\"color\":\"#7a4e48\",\"text\":\"Foliage 2\"}],\"text\":\"\"}'}}"},{"name":"paper","nbt":"{CustomModelData:3003,PublicBukkitValues:{\"geary:components\":1b,\"geary:prefabs\":[B;-97B,116B,109B,105B,110B,101B,105B,110B,97B,98B,121B,115B,115B,58B,102B,111B,108B,105B,97B,103B,101B,51B,-1B]},display:{Name:'{\"italic\":false,\"extra\":[{\"color\":\"#7a4e48\",\"text\":\"Foliage 3\"}],\"text\":\"\"}'}}"},{"name":"paper","nbt":"{CustomModelData:3004,PublicBukkitValues:{\"geary:components\":1b,\"geary:prefabs\":[B;-97B,116B,109B,105B,110B,101B,105B,110B,97B,98B,121B,115B,115B,58B,102B,111B,108B,105B,97B,103B,101B,52B,-1B]},display:{Name:'{\"italic\":false,\"extra\":[{\"color\":\"#7a4e48\",\"text\":\"Foliage 4\"}],\"text\":\"\"}'}}"},{"name":"paper","nbt":"{CustomModelData:3005,PublicBukkitValues:{\"geary:components\":1b,\"geary:prefabs\":[B;-97B,116B,109B,105B,110B,101B,105B,110B,97B,98B,121B,115B,115B,58B,102B,111B,108B,105B,97B,103B,101B,53B,-1B]},display:{Name:'{\"italic\":false,\"extra\":[{\"color\":\"#7a4e48\",\"text\":\"Foliage 5\"}],\"text\":\"\"}'}}"},{"name":"paper","nbt":"{CustomModelData:3006,PublicBukkitValues:{\"geary:components\":1b,\"geary:prefabs\":[B;-97B,116B,109B,105B,110B,101B,105B,110B,97B,98B,121B,115B,115B,58B,102B,111B,108B,105B,97B,103B,101B,54B,-1B]},display:{Name:'{\"italic\":false,\"extra\":[{\"color\":\"#7a4e48\",\"text\":\"Foliage 6\"}],\"text\":\"\"}'}}"},{"name":"paper","nbt":"{CustomModelData:3007,PublicBukkitValues:{\"geary:components\":1b,\"geary:prefabs\":[B;-97B,116B,109B,105B,110B,101B,105B,110B,97B,98B,121B,115B,115B,58B,102B,111B,108B,105B,97B,103B,101B,55B,-1B]},display:{Name:'{\"italic\":false,\"extra\":[{\"color\":\"#7a4e48\",\"text\":\"Foliage 7\"}],\"text\":\"\"}'}}"},{"name":"paper","nbt":"{CustomModelData:3008,PublicBukkitValues:{\"geary:components\":1b,\"geary:prefabs\":[B;-97B,116B,109B,105B,110B,101B,105B,110B,97B,98B,121B,115B,115B,58B,102B,111B,108B,105B,97B,103B,101B,56B,-1B]},display:{Name:'{\"italic\":false,\"extra\":[{\"color\":\"#7a4e48\",\"text\":\"Foliage 8\"}],\"text\":\"\"}'}}"}]}