{"tab_enabled":true,"tab_name":"blocky_block_tab","tab_stack":{"name":"paper","nbt":"{CustomModelData:2001,PublicBukkitValues:{\"geary:components\":1b,\"geary:prefabs\":[B;-97B,120B,29B,109B,105B,110B,101B,105B,110B,97B,98B,121B,115B,115B,58B,99B,104B,97B,114B,99B,111B,97B,108B,95B,115B,97B,110B,100B,95B,111B,114B,101B,-1B]},display:{Name:'{\"italic\":false,\"extra\":[{\"color\":\"white\",\"text\":\"Charcoal Sand Ore\"}],\"text\":\"\"}'}}"},"tab_items":[{"name":"paper","nbt":"{CustomModelData:2029,PublicBukkitValues:{\"geary:components\":1b,\"geary:prefabs\":[B;-97B,120B,24B,109B,105B,110B,101B,105B,110B,97B,98B,121B,115B,115B,58B,98B,97B,109B,98B,111B,111B,95B,98B,108B,111B,99B,107B,-1B]},display:{Name:'{\"italic\":false,\"extra\":[{\"text\":\"Bamboo Block\"}],\"text\":\"\"}'}}"},{"name":"paper","nbt":"{CustomModelData:2031,PublicBukkitValues:{\"geary:components\":1b,\"geary:prefabs\":[B;-97B,120B,25B,109B,105B,110B,101B,105B,110B,97B,98B,121B,115B,115B,58B,98B,97B,109B,98B,111B,111B,95B,109B,111B,115B,97B,105B,99B,-1B]},display:{Name:'{\"italic\":false,\"extra\":[{\"text\":\"Bamboo Mosaic\"}],\"text\":\"\"}'}}"},{"name":"paper","nbt":"{CustomModelData:2030,PublicBukkitValues:{\"geary:components\":1b,\"geary:prefabs\":[B;-97B,120B,25B,109B,105B,110B,101B,105B,110B,97B,98B,121B,115B,115B,58B,98B,97B,109B,98B,111B,111B,95B,112B,108B,97B,110B,107B,115B,-1B]},display:{Name:'{\"italic\":false,\"extra\":[{\"text\":\"Bamboo Planks\"}],\"text\":\"\"}'}}"},{"name":"paper","nbt":"{CustomModelData:2020,PublicBukkitValues:{\"geary:components\":1b,\"geary:prefabs\":[B;-97B,120B,29B,109B,105B,110B,101B,105B,110B,97B,98B,121B,115B,115B,58B,99B,97B,114B,118B,101B,100B,95B,97B,99B,97B,99B,105B,97B,95B,108B,111B,103B,-1B]},display:{Name:'{\"italic\":false,\"extra\":[{\"color\":\"white\",\"text\":\"Carved Acacia Log\"}],\"text\":\"\"}'}}"},{"name":"paper","nbt":"{CustomModelData:2021,PublicBukkitValues:{\"geary:components\":1b,\"geary:prefabs\":[B;-97B,120B,28B,109B,105B,110B,101B,105B,110B,97B,98B,121B,115B,115B,58B,99B,97B,114B,118B,101B,100B,95B,98B,105B,114B,99B,104B,95B,108B,111B,103B,-1B]},display:{Name:'{\"italic\":false,\"extra\":[{\"color\":\"white\",\"text\":\"Carved Birch Log\"}],\"text\":\"\"}'}}"},{"name":"paper","nbt":"{CustomModelData:2022,PublicBukkitValues:{\"geary:components\":1b,\"geary:prefabs\":[B;-97B,120B,31B,109B,105B,110B,101B,105B,110B,97B,98B,121B,115B,115B,58B,99B,97B,114B,118B,101B,100B,95B,99B,114B,105B,109B,115B,111B,110B,95B,115B,116B,101B,109B,-1B]},display:{Name:'{\"italic\":false,\"extra\":[{\"color\":\"white\",\"text\":\"Carved Crimson Stem\"}],\"text\":\"\"}'}}"},{"name":"paper","nbt":"{CustomModelData:2023,PublicBukkitValues:{\"geary:components\":1b,\"geary:prefabs\":[B;-97B,120B,31B,109B,105B,110B,101B,105B,110B,97B,98B,121B,115B,115B,58B,99B,97B,114B,118B,101B,100B,95B,100B,97B,114B,107B,95B,111B,97B,107B,95B,108B,111B,103B,-1B]},display:{Name:'{\"italic\":false,\"extra\":[{\"color\":\"white\",\"text\":\"Carved Dark Oak Log\"}],\"text\":\"\"}'}}"},{"name":"paper","nbt":"{CustomModelData:2021,PublicBukkitValues:{\"geary:components\":1b,\"geary:prefabs\":[B;-97B,120B,29B,109B,105B,110B,101B,105B,110B,97B,98B,121B,115B,115B,58B,99B,97B,114B,118B,101B,100B,95B,106B,117B,110B,103B,108B,101B,95B,108B,111B,103B,-1B]},display:{Name:'{\"italic\":false,\"extra\":[{\"color\":\"white\",\"text\":\"Carved Jungle Log\"}],\"text\":\"\"}'}}"},{"name":"paper","nbt":"{CustomModelData:2025,PublicBukkitValues:{\"geary:components\":1b,\"geary:prefabs\":[B;-97B,120B,31B,109B,105B,110B,101B,105B,110B,97B,98B,121B,115B,115B,58B,99B,97B,114B,118B,101B,100B,95B,109B,97B,110B,103B,114B,111B,118B,101B,95B,108B,111B,103B,-1B]},display:{Name:'{\"italic\":false,\"extra\":[{\"color\":\"white\",\"text\":\"Carved Mangrove Log\"}],\"text\":\"\"}'}}"},{"name":"paper","nbt":"{CustomModelData:2026,PublicBukkitValues:{\"geary:components\":1b,\"geary:prefabs\":[B;-97B,120B,26B,109B,105B,110B,101B,105B,110B,97B,98B,121B,115B,115B,58B,99B,97B,114B,118B,101B,100B,95B,111B,97B,107B,95B,108B,111B,103B,-1B]},display:{Name:'{\"italic\":false,\"extra\":[{\"color\":\"white\",\"text\":\"Carved Oak Log\"}],\"text\":\"\"}'}}"},{"name":"paper","nbt":"{CustomModelData:2027,PublicBukkitValues:{\"geary:components\":1b,\"geary:prefabs\":[B;-97B,120B,29B,109B,105B,110B,101B,105B,110B,97B,98B,121B,115B,115B,58B,99B,97B,114B,118B,101B,100B,95B,115B,112B,114B,117B,99B,101B,95B,108B,111B,103B,-1B]},display:{Name:'{\"italic\":false,\"extra\":[{\"color\":\"white\",\"text\":\"Carved Spruce Log\"}],\"text\":\"\"}'}}"},{"name":"paper","nbt":"{CustomModelData:2028,PublicBukkitValues:{\"geary:components\":1b,\"geary:prefabs\":[B;-97B,120B,30B,109B,105B,110B,101B,105B,110B,97B,98B,121B,115B,115B,58B,99B,97B,114B,118B,101B,100B,95B,119B,97B,114B,112B,101B,100B,95B,115B,116B,101B,109B,-1B]},display:{Name:'{\"italic\":false,\"extra\":[{\"color\":\"white\",\"text\":\"Carved Warped Stem\"}],\"text\":\"\"}'}}"},{"name":"paper","nbt":"{CustomModelData:2001,PublicBukkitValues:{\"geary:components\":1b,\"geary:prefabs\":[B;-97B,120B,29B,109B,105B,110B,101B,105B,110B,97B,98B,121B,115B,115B,58B,99B,104B,97B,114B,99B,111B,97B,108B,95B,115B,97B,110B,100B,95B,111B,114B,101B,-1B]},display:{Name:'{\"italic\":false,\"extra\":[{\"color\":\"white\",\"text\":\"Charcoal Sand Ore\"}],\"text\":\"\"}'}}"},{"name":"paper","nbt":"{CustomModelData:2037,PublicBukkitValues:{\"geary:components\":1b,\"geary:prefabs\":[B;-97B,118B,109B,105B,110B,101B,105B,110B,97B,98B,121B,115B,115B,58B,99B,104B,101B,114B,114B,121B,95B,108B,111B,103B,-1B]},display:{Name:'{\"italic\":false,\"extra\":[{\"text\":\"Cherry Log\"}],\"text\":\"\"}'}}"},{"name":"paper","nbt":"{CustomModelData:2036,PublicBukkitValues:{\"geary:components\":1b,\"geary:prefabs\":[B;-97B,120B,25B,109B,105B,110B,101B,105B,110B,97B,98B,121B,115B,115B,58B,99B,104B,101B,114B,114B,121B,95B,112B,108B,97B,110B,107B,115B,-1B]},display:{Name:'{\"italic\":false,\"extra\":[{\"text\":\"Cherry Planks\"}],\"text\":\"\"}'}}"},{"name":"paper","nbt":"{CustomModelData:2038,PublicBukkitValues:{\"geary:components\":1b,\"geary:prefabs\":[B;-97B,119B,109B,105B,110B,101B,105B,110B,97B,98B,121B,115B,115B,58B,99B,104B,101B,114B,114B,121B,95B,119B,111B,111B,100B,-1B]},display:{Name:'{\"italic\":false,\"extra\":[{\"text\":\"Cherry Wood\"}],\"text\":\"\"}'}}"},{"name":"paper","nbt":"{CustomModelData:2032,PublicBukkitValues:{\"geary:components\":1b,\"geary:prefabs\":[B;-97B,120B,36B,109B,105B,110B,101B,105B,110B,97B,98B,121B,115B,115B,58B,99B,104B,105B,115B,101B,108B,101B,100B,95B,98B,111B,111B,107B,115B,104B,101B,108B,102B,95B,101B,109B,112B,116B,121B,-1B]},display:{Name:'{\"italic\":false,\"extra\":[{\"text\":\"Chiseled Bookshelf Empty\"}],\"text\":\"\"}'}}"},{"name":"paper","nbt":"{CustomModelData:2033,PublicBukkitValues:{\"geary:components\":1b,\"geary:prefabs\":[B;-97B,120B,35B,109B,105B,110B,101B,105B,110B,97B,98B,121B,115B,115B,58B,99B,104B,105B,115B,101B,108B,101B,100B,95B,98B,111B,111B,107B,115B,104B,101B,108B,102B,95B,102B,117B,108B,108B,-1B]},display:{Name:'{\"italic\":false,\"extra\":[{\"text\":\"Chiseled Bookshelf Full\"}],\"text\":\"\"}'}}"},{"name":"paper","nbt":"{CustomModelData:2041,PublicBukkitValues:{\"geary:components\":1b,\"geary:prefabs\":[B;-97B,120B,31B,109B,105B,110B,101B,105B,110B,97B,98B,121B,115B,115B,58B,99B,104B,105B,115B,101B,108B,101B,100B,95B,112B,97B,99B,107B,101B,100B,95B,105B,99B,101B,-1B]},display:{Name:'{\"italic\":false,\"extra\":[{\"text\":\"Chiseled Packed Ice\"}],\"text\":\"\"}'}}"},{"name":"paper","nbt":"{CustomModelData:2018,PublicBukkitValues:{\"geary:components\":1b,\"geary:prefabs\":[B;-97B,114B,109B,105B,110B,101B,105B,110B,97B,98B,121B,115B,115B,58B,99B,114B,97B,116B,101B,49B,-1B]},display:{Name:'{\"italic\":false,\"extra\":[{\"color\":\"#e6c186\",\"text\":\"Crate 1\"}],\"text\":\"\"}'}}"},{"name":"paper","nbt":"{CustomModelData:2019,PublicBukkitValues:{\"geary:components\":1b,\"geary:prefabs\":[B;-97B,114B,109B,105B,110B,101B,105B,110B,97B,98B,121B,115B,115B,58B,99B,114B,97B,116B,101B,50B,-1B]},display:{Name:'{\"italic\":false,\"extra\":[{\"color\":\"#e6c186\",\"text\":\"Crate 2\"}],\"text\":\"\"}'}}"},{"name":"paper","nbt":"{CustomModelData:2042,PublicBukkitValues:{\"geary:components\":1b,\"geary:prefabs\":[B;-97B,115B,109B,105B,110B,101B,105B,110B,97B,98B,121B,115B,115B,58B,99B,114B,121B,111B,115B,111B,108B,-1B]},display:{Name:'{\"italic\":false,\"extra\":[{\"text\":\"Cryosol\"}],\"text\":\"\"}'}}"},{"name":"paper","nbt":"{CustomModelData:2034,PublicBukkitValues:{\"geary:components\":1b,\"geary:prefabs\":[B;-97B,120B,30B,109B,105B,110B,101B,105B,110B,97B,98B,121B,115B,115B,58B,99B,117B,116B,95B,100B,105B,111B,114B,105B,116B,101B,95B,112B,105B,108B,108B,97B,114B,-1B]},display:{Name:'{\"italic\":false,\"extra\":[{\"color\":\"white\",\"text\":\"Cut Diorite Pillar\"}],\"text\":\"\"}'}}"},{"name":"paper","nbt":"{CustomModelData:2043,PublicBukkitValues:{\"geary:components\":1b,\"geary:prefabs\":[B;-97B,118B,109B,105B,110B,101B,105B,110B,97B,98B,121B,115B,115B,58B,105B,99B,101B,95B,98B,114B,105B,99B,107B,115B,-1B]},display:{Name:'{\"italic\":false,\"extra\":[{\"text\":\"Ice Bricks\"}],\"text\":\"\"}'}}"},{"name":"paper","nbt":"{CustomModelData:2045,PublicBukkitValues:{\"geary:components\":1b,\"geary:prefabs\":[B;-97B,120B,29B,109B,105B,110B,101B,105B,110B,97B,98B,121B,115B,115B,58B,112B,97B,99B,107B,101B,100B,95B,105B,99B,101B,95B,98B,114B,105B,99B,107B,115B,-1B]},display:{Name:'{\"italic\":false,\"extra\":[{\"text\":\"Packed Ice Bricks\"}],\"text\":\"\"}'}}"},{"name":"paper","nbt":"{CustomModelData:2047,PublicBukkitValues:{\"geary:components\":1b,\"geary:prefabs\":[B;-97B,119B,109B,105B,110B,101B,105B,110B,97B,98B,121B,115B,115B,58B,112B,101B,114B,109B,97B,95B,102B,114B,111B,115B,116B,-1B]},display:{Name:'{\"italic\":false,\"extra\":[{\"text\":\"Perma Frost\"}],\"text\":\"\"}'}}"},{"name":"paper","nbt":"{CustomModelData:2048,PublicBukkitValues:{\"geary:components\":1b,\"geary:prefabs\":[B;-97B,120B,31B,109B,105B,110B,101B,105B,110B,97B,98B,121B,115B,115B,58B,112B,111B,108B,105B,115B,104B,101B,100B,95B,112B,97B,99B,107B,101B,100B,95B,105B,99B,101B,-1B]},display:{Name:'{\"italic\":false,\"extra\":[{\"text\":\"Polished Packed Ice\"}],\"text\":\"\"}'}}"},{"name":"waxed_cut_copper_slab","nbt":"{PublicBukkitValues:{\"geary:components\":1b,\"geary:prefabs\":[B;-97B,112B,109B,105B,110B,101B,105B,110B,97B,98B,121B,115B,115B,58B,115B,108B,97B,98B,-1B]}}"},{"name":"paper","nbt":"{CustomModelData:2049,PublicBukkitValues:{\"geary:components\":1b,\"geary:prefabs\":[B;-97B,119B,109B,105B,110B,101B,105B,110B,97B,98B,121B,115B,115B,58B,115B,110B,111B,119B,95B,98B,114B,105B,99B,107B,115B,-1B]},display:{Name:'{\"italic\":false,\"extra\":[{\"text\":\"Snow Bricks\"}],\"text\":\"\"}'}}"},{"name":"paper","nbt":"{CustomModelData:2051,PublicBukkitValues:{\"geary:components\":1b,\"geary:prefabs\":[B;-97B,118B,109B,105B,110B,101B,105B,110B,97B,98B,121B,115B,115B,58B,115B,110B,111B,119B,95B,116B,105B,108B,101B,115B,-1B]},display:{Name:'{\"italic\":false,\"extra\":[{\"text\":\"Snow Tiles\"}],\"text\":\"\"}'}}"},{"name":"waxed_cut_copper_stairs","nbt":"{PublicBukkitValues:{\"geary:components\":1b,\"geary:prefabs\":[B;-97B,113B,109B,105B,110B,101B,105B,110B,97B,98B,121B,115B,115B,58B,115B,116B,97B,105B,114B,-1B]}}"},{"name":"paper","nbt":"{CustomModelData:2039,PublicBukkitValues:{\"geary:components\":1b,\"geary:prefabs\":[B;-97B,120B,31B,109B,105B,110B,101B,105B,110B,97B,98B,121B,115B,115B,58B,115B,116B,114B,105B,112B,112B,101B,100B,95B,99B,104B,101B,114B,114B,121B,95B,108B,111B,103B,-1B]},display:{Name:'{\"italic\":false,\"extra\":[{\"text\":\"Stripped Cherry Log\"}],\"text\":\"\"}'}}"},{"name":"paper","nbt":"{CustomModelData:2040,PublicBukkitValues:{\"geary:components\":1b,\"geary:prefabs\":[B;-97B,120B,32B,109B,105B,110B,101B,105B,110B,97B,98B,121B,115B,115B,58B,115B,116B,114B,105B,112B,112B,101B,100B,95B,99B,104B,101B,114B,114B,121B,95B,119B,111B,111B,100B,-1B]},display:{Name:'{\"italic\":false,\"extra\":[{\"text\":\"Stripped Cherry Wood\"}],\"text\":\"\"}'}}"}]}