{"credit":"Made with Blockbench","texture_size":[128,128],"textures":{"1":"hmcmodels:furniture/dungeon_decorations_2/cell_door_open","particle":"hmcmodels:furniture/dungeon_decorations_2/cell_door_open"},"elements":[{"from":[0,27,6],"to":[16,30,10],"rotation":{"angle":0,"axis":"y","origin":[0,16,0]},"faces":{"north":{"uv":[2,2.5,4,2.875],"texture":"#1"},"east":{"uv":[4.5,2.5,5,2.875],"texture":"#1"},"south":{"uv":[2,2.875,4,3.25],"texture":"#1"},"west":{"uv":[4.5,2.875,5,3.25],"texture":"#1"},"up":{"uv":[4,2,2,1.5],"texture":"#1"},"down":{"uv":[4,2,2,2.5],"texture":"#1"}}},{"from":[0,30,5],"to":[16,32,11],"rotation":{"angle":0,"axis":"y","origin":[0,16,0]},"faces":{"north":{"uv":[4.5,0,6.5,0.25],"texture":"#1"},"east":{"uv":[4.5,2,5.25,2.25],"texture":"#1"},"south":{"uv":[4.5,0.25,6.5,0.5],"texture":"#1"},"west":{"uv":[4.5,2.25,5.25,2.5],"texture":"#1"},"up":{"uv":[4,0.75,2,0],"texture":"#1"},"down":{"uv":[4,0.75,2,1.5],"texture":"#1"}}},{"from":[14.2,-16,-5.8],"to":[15.2,27,-4.8],"rotation":{"angle":0,"axis":"y","origin":[15,8,7.7]},"faces":{"north":{"uv":[3.5,3.25,3.625,8.625],"texture":"#1"},"east":{"uv":[3.625,3.25,3.75,8.625],"texture":"#1"},"south":{"uv":[3.75,3.25,3.875,8.625],"texture":"#1"},"west":{"uv":[3.875,3.25,4,8.625],"texture":"#1"},"up":{"uv":[1.5,5.25,1.375,5.125],"texture":"#1"},"down":{"uv":[1.625,5.125,1.5,5.25],"texture":"#1"}}},{"from":[14.2,-16,-1.8],"to":[15.2,27,-0.8],"rotation":{"angle":0,"axis":"y","origin":[15,8,7.7]},"faces":{"north":{"uv":[3,3.25,3.125,8.625],"texture":"#1"},"east":{"uv":[3.125,3.25,3.25,8.625],"texture":"#1"},"south":{"uv":[3.25,3.25,3.375,8.625],"texture":"#1"},"west":{"uv":[3.375,3.25,3.5,8.625],"texture":"#1"},"up":{"uv":[1.25,5.25,1.125,5.125],"texture":"#1"},"down":{"uv":[1.375,5.125,1.25,5.25],"texture":"#1"}}},{"from":[14.2,-16,2.2],"to":[15.2,27,3.2],"rotation":{"angle":0,"axis":"y","origin":[15,8,7.7]},"faces":{"north":{"uv":[2.5,3.25,2.625,8.625],"texture":"#1"},"east":{"uv":[2.625,3.25,2.75,8.625],"texture":"#1"},"south":{"uv":[2.75,3.25,2.875,8.625],"texture":"#1"},"west":{"uv":[2.875,3.25,3,8.625],"texture":"#1"},"up":{"uv":[1,5.25,0.875,5.125],"texture":"#1"},"down":{"uv":[1.125,5.125,1,5.25],"texture":"#1"}}},{"from":[14.2,-16,6.2],"to":[15.2,27,7.2],"rotation":{"angle":0,"axis":"y","origin":[15,8,7.7]},"faces":{"north":{"uv":[2,3.25,2.125,8.625],"texture":"#1"},"east":{"uv":[2.125,3.25,2.25,8.625],"texture":"#1"},"south":{"uv":[2.25,3.25,2.375,8.625],"texture":"#1"},"west":{"uv":[2.375,3.25,2.5,8.625],"texture":"#1"},"up":{"uv":[0.75,5.25,0.625,5.125],"texture":"#1"},"down":{"uv":[0.875,5.125,0.75,5.25],"texture":"#1"}}},{"from":[14.7,-7,-7.3],"to":[14.7,-6,8.7],"rotation":{"angle":0,"axis":"y","origin":[15,8,7.7]},"faces":{"north":{"uv":[0,0,0,0.125],"texture":"#1"},"east":{"uv":[4.5,1.25,6.5,1.375],"texture":"#1"},"south":{"uv":[0,0,0,0.125],"texture":"#1"},"west":{"uv":[4.5,1.375,6.5,1.5],"texture":"#1"},"up":{"uv":[0,2,0,0],"texture":"#1"},"down":{"uv":[0,0,0,2],"texture":"#1"}}},{"from":[14.7,2,-7.3],"to":[14.7,3,8.7],"rotation":{"angle":0,"axis":"y","origin":[15,8,7.7]},"faces":{"north":{"uv":[0,0,0,0.125],"texture":"#1"},"east":{"uv":[4.5,1,6.5,1.125],"texture":"#1"},"south":{"uv":[0,0,0,0.125],"texture":"#1"},"west":{"uv":[4.5,1.125,6.5,1.25],"texture":"#1"},"up":{"uv":[0,2,0,0],"texture":"#1"},"down":{"uv":[0,0,0,2],"texture":"#1"}}},{"from":[14.7,12,-7.3],"to":[14.7,13,8.7],"rotation":{"angle":0,"axis":"y","origin":[15,8,7.7]},"faces":{"north":{"uv":[0,0,0,0.125],"texture":"#1"},"east":{"uv":[4.5,0.75,6.5,0.875],"texture":"#1"},"south":{"uv":[0,0,0,0.125],"texture":"#1"},"west":{"uv":[4.5,0.875,6.5,1],"texture":"#1"},"up":{"uv":[0,2,0,0],"texture":"#1"},"down":{"uv":[0,0,0,2],"texture":"#1"}}},{"from":[14.7,22,-7.3],"to":[14.7,23,8.7],"rotation":{"angle":0,"axis":"y","origin":[15,8,7.7]},"faces":{"north":{"uv":[0,0,0,0.125],"texture":"#1"},"east":{"uv":[4.5,0.5,6.5,0.625],"texture":"#1"},"south":{"uv":[0,0,0,0.125],"texture":"#1"},"west":{"uv":[4.5,0.625,6.5,0.75],"texture":"#1"},"up":{"uv":[0,2,0,0],"texture":"#1"},"down":{"uv":[0,0,0,2],"texture":"#1"}}},{"from":[15,-14,6],"to":[16,27,10],"faces":{"north":{"uv":[4,0,4.125,5.125],"texture":"#1"},"east":{"uv":[0,0,0.5,5.125],"texture":"#1"},"south":{"uv":[4.125,0,4.25,5.125],"texture":"#1"},"west":{"uv":[0.5,0,1,5.125],"texture":"#1"},"up":{"uv":[5,5,4.875,4.5],"texture":"#1"},"down":{"uv":[5.125,2.5,5,3],"texture":"#1"}}},{"from":[15,-16,5],"to":[16,-14,11],"faces":{"north":{"uv":[5,3,5.125,3.25],"texture":"#1"},"east":{"uv":[4.5,1.5,5.25,1.75],"texture":"#1"},"south":{"uv":[0.25,5.125,0.375,5.375],"texture":"#1"},"west":{"uv":[4.5,1.75,5.25,2],"texture":"#1"},"up":{"uv":[4.625,5.5,4.5,4.75],"texture":"#1"},"down":{"uv":[4.75,4.75,4.625,5.5],"texture":"#1"}}},{"from":[0,-14,6],"to":[1,27,10],"rotation":{"angle":0,"axis":"y","origin":[16,0,0]},"faces":{"north":{"uv":[4.25,0,4.375,5.125],"texture":"#1"},"east":{"uv":[1,0,1.5,5.125],"texture":"#1"},"south":{"uv":[4.375,0,4.5,5.125],"texture":"#1"},"west":{"uv":[1.5,0,2,5.125],"texture":"#1"},"up":{"uv":[5.125,4.25,5,3.75],"texture":"#1"},"down":{"uv":[5.125,4.25,5,4.75],"texture":"#1"}}},{"from":[0,-16,5],"to":[1,-14,11],"rotation":{"angle":0,"axis":"y","origin":[16,0,0]},"faces":{"north":{"uv":[0.375,5.125,0.5,5.375],"texture":"#1"},"east":{"uv":[4.5,3.25,5.25,3.5],"texture":"#1"},"south":{"uv":[0.5,5.125,0.625,5.375],"texture":"#1"},"west":{"uv":[4.5,3.5,5.25,3.75],"texture":"#1"},"up":{"uv":[4.875,5.5,4.75,4.75],"texture":"#1"},"down":{"uv":[5,3.75,4.875,4.5],"texture":"#1"}}},{"from":[14.8,0,-4.8],"to":[15.8,4,-1.8],"rotation":{"angle":0,"axis":"y","origin":[15,8,7.7]},"faces":{"north":{"uv":[5,4.75,5.125,5.25],"texture":"#1"},"east":{"uv":[4.5,3.75,4.875,4.25],"texture":"#1"},"south":{"uv":[4.875,5,5,5.5],"texture":"#1"},"west":{"uv":[4.5,4.25,4.875,4.75],"texture":"#1"},"up":{"uv":[0.125,5.5,0,5.125],"texture":"#1"},"down":{"uv":[0.25,5.125,0.125,5.5],"texture":"#1"}}}],"display":{"thirdperson_righthand":{"rotation":[75,45,0],"translation":[0,2.5,0],"scale":[0.375,0.375,0.375]},"thirdperson_lefthand":{"rotation":[75,45,0],"translation":[0,2.5,0],"scale":[0.375,0.375,0.375]},"firstperson_righthand":{"rotation":[0,45,0],"scale":[0.4,0.4,0.4]},"firstperson_lefthand":{"rotation":[0,225,0],"scale":[0.4,0.4,0.4]},"ground":{"translation":[0,3,0],"scale":[0.25,0.25,0.25]},"gui":{"rotation":[30,225,0],"scale":[0.3,0.3,0.3]},"fixed":{"rotation":[-90.5,0,0],"translation":[0,0,-48],"scale":[2,2,2]}}}