{"credit":"Made with Blockbench","texture_size":[64,64],"textures":{"1":"hmcmodels:furniture/dungeon_decorations_2/cell_wall_turn_left","particle":"hmcmodels:furniture/dungeon_decorations_2/cell_wall_turn_left"},"elements":[{"from":[9.5,-11,7.5],"to":[10.5,27,8.5],"rotation":{"angle":0,"axis":"y","origin":[14,0,0]},"faces":{"north":{"uv":[3.75,5,4,14.5],"texture":"#1"},"east":{"uv":[4,5,4.25,14.5],"texture":"#1"},"south":{"uv":[4.25,5,4.5,14.5],"texture":"#1"},"west":{"uv":[4.5,5,4.75,14.5],"texture":"#1"},"up":{"uv":[2.75,6,2.5,5.75],"texture":"#1"},"down":{"uv":[3,5.75,2.75,6],"texture":"#1"}}},{"from":[13.5,-11,7.5],"to":[14.5,27,8.5],"rotation":{"angle":0,"axis":"y","origin":[14,0,0]},"faces":{"north":{"uv":[5,0,5.25,9.5],"texture":"#1"},"east":{"uv":[3,5,3.25,14.5],"texture":"#1"},"south":{"uv":[3.25,5,3.5,14.5],"texture":"#1"},"west":{"uv":[3.5,5,3.75,14.5],"texture":"#1"},"up":{"uv":[2.75,5.75,2.5,5.5],"texture":"#1"},"down":{"uv":[3,5.5,2.75,5.75],"texture":"#1"}}},{"from":[8,-7,8],"to":[16,-6,8],"rotation":{"angle":0,"axis":"y","origin":[2,0,0]},"faces":{"north":{"uv":[9.5,4.25,11.5,4.5],"texture":"#1"},"east":{"uv":[0,0,0,0.25],"texture":"#1"},"south":{"uv":[9.5,4.5,11.5,4.75],"texture":"#1"},"west":{"uv":[0,0,0,0.25],"texture":"#1"},"up":{"uv":[2,0,0,0],"texture":"#1"},"down":{"uv":[2,0,0,0],"texture":"#1"}}},{"from":[8,-7,0],"to":[8,-6,8],"rotation":{"angle":0,"axis":"y","origin":[2,0,0]},"faces":{"north":{"uv":[0,0,0,0.25],"texture":"#1"},"east":{"uv":[9.5,4.75,11.5,5],"texture":"#1"},"south":{"uv":[0,0,0,0.25],"texture":"#1"},"west":{"uv":[5,9.5,7,9.75],"texture":"#1"},"up":{"uv":[0,2,0,0],"texture":"#1"},"down":{"uv":[0,0,0,2],"texture":"#1"}}},{"from":[8,2,0],"to":[8,3,8],"rotation":{"angle":0,"axis":"y","origin":[2,0,0]},"faces":{"north":{"uv":[0,0,0,0.25],"texture":"#1"},"east":{"uv":[9.75,2,11.75,2.25],"texture":"#1"},"south":{"uv":[0,0,0,0.25],"texture":"#1"},"west":{"uv":[9.75,2.25,11.75,2.5],"texture":"#1"},"up":{"uv":[0,2,0,0],"texture":"#1"},"down":{"uv":[0,0,0,2],"texture":"#1"}}},{"from":[8,2,8],"to":[16,3,8],"rotation":{"angle":0,"axis":"y","origin":[2,0,0]},"faces":{"north":{"uv":[9.75,1.5,11.75,1.75],"texture":"#1"},"east":{"uv":[0,0,0,0.25],"texture":"#1"},"south":{"uv":[9.75,1.75,11.75,2],"texture":"#1"},"west":{"uv":[0,0,0,0.25],"texture":"#1"},"up":{"uv":[2,0,0,0],"texture":"#1"},"down":{"uv":[2,0,0,0],"texture":"#1"}}},{"from":[7.5,-11,5.5],"to":[8.5,27,6.5],"rotation":{"angle":0,"axis":"y","origin":[24,8,8]},"faces":{"north":{"uv":[0.25,5.5,0.5,15],"texture":"#1"},"east":{"uv":[0.5,5.5,0.75,15],"texture":"#1"},"south":{"uv":[0.75,5.5,1,15],"texture":"#1"},"west":{"uv":[1,5.5,1.25,15],"texture":"#1"},"up":{"uv":[2.75,6.5,2.5,6.25],"texture":"#1"},"down":{"uv":[3,6.25,2.75,6.5],"texture":"#1"}}},{"from":[7.5,-11,1.5],"to":[8.5,27,2.5],"rotation":{"angle":0,"axis":"y","origin":[24,8,8]},"faces":{"north":{"uv":[4.75,5,5,14.5],"texture":"#1"},"east":{"uv":[5.25,0,5.5,9.5],"texture":"#1"},"south":{"uv":[0,5.5,0.25,15],"texture":"#1"},"west":{"uv":[5.5,0,5.75,9.5],"texture":"#1"},"up":{"uv":[2.75,6.25,2.5,6],"texture":"#1"},"down":{"uv":[3,6,2.75,6.25],"texture":"#1"}}},{"from":[5,-16,0],"to":[11,-14,11],"rotation":{"angle":0,"axis":"y","origin":[2,-40,-8]},"faces":{"north":{"uv":[8.25,2.25,9.75,2.75],"texture":"#1"},"east":{"uv":[7,1,9.75,1.5],"texture":"#1"},"south":{"uv":[8.25,2.75,9.75,3.25],"texture":"#1"},"west":{"uv":[7,6.5,9.75,7],"texture":"#1"},"up":{"uv":[1.5,2.75,0,0],"texture":"#1"},"down":{"uv":[3,0,1.5,2.75],"texture":"#1"}}},{"from":[11,-16,5],"to":[16,-14,11],"rotation":{"angle":0,"axis":"y","origin":[2,-40,-8]},"faces":{"north":{"uv":[9.25,9.25,10.5,9.75],"texture":"#1"},"east":{"uv":[8.25,3.25,9.75,3.75],"texture":"#1"},"south":{"uv":[9.5,0,10.75,0.5],"texture":"#1"},"west":{"uv":[8.25,3.75,9.75,4.25],"texture":"#1"},"up":{"uv":[2.5,7,1.25,5.5],"texture":"#1"},"down":{"uv":[7,0,5.75,1.5],"texture":"#1"}}},{"from":[10,-14,6],"to":[16,-11,10],"rotation":{"angle":0,"axis":"y","origin":[2,-40,-8]},"faces":{"north":{"uv":[1.25,8,2.75,8.75],"texture":"#1"},"east":{"uv":[8.5,5,9.5,5.75],"texture":"#1"},"south":{"uv":[5.75,8,7.25,8.75],"texture":"#1"},"west":{"uv":[8.5,5.75,9.5,6.5],"texture":"#1"},"up":{"uv":[8.5,1,7,0],"texture":"#1"},"down":{"uv":[2.75,7,1.25,8],"texture":"#1"}}},{"from":[6,-14,0],"to":[10,-11,10],"rotation":{"angle":0,"axis":"y","origin":[2,-40,-8]},"faces":{"north":{"uv":[8.5,0,9.5,0.75],"texture":"#1"},"east":{"uv":[5.75,1.5,8.25,2.25],"texture":"#1"},"south":{"uv":[8.5,4.25,9.5,5],"texture":"#1"},"west":{"uv":[5.75,2.25,8.25,3],"texture":"#1"},"up":{"uv":[4,2.5,3,0],"texture":"#1"},"down":{"uv":[4,2.5,3,5],"texture":"#1"}}},{"from":[5,30,0],"to":[11,32,11],"rotation":{"angle":0,"axis":"y","origin":[2,56,-8]},"faces":{"north":{"uv":[7.75,9.25,9.25,9.75],"texture":"#1"},"east":{"uv":[7,7,9.75,7.5],"texture":"#1"},"south":{"uv":[9.25,8.75,10.75,9.25],"texture":"#1"},"west":{"uv":[5.75,7.5,8.5,8],"texture":"#1"},"up":{"uv":[1.5,5.5,0,2.75],"texture":"#1"},"down":{"uv":[3,2.75,1.5,5.5],"texture":"#1"}}},{"from":[11,30,5],"to":[16,32,11],"rotation":{"angle":0,"axis":"y","origin":[2,56,-8]},"faces":{"north":{"uv":[9.5,0.5,10.75,1],"texture":"#1"},"east":{"uv":[7.75,8.75,9.25,9.25],"texture":"#1"},"south":{"uv":[1.25,9.5,2.5,10],"texture":"#1"},"west":{"uv":[8.75,8.25,10.25,8.75],"texture":"#1"},"up":{"uv":[7,6,5.75,4.5],"texture":"#1"},"down":{"uv":[7,6,5.75,7.5],"texture":"#1"}}},{"from":[6,27,0],"to":[10,30,10],"rotation":{"angle":0,"axis":"y","origin":[2,56,-8]},"faces":{"north":{"uv":[6.75,8.75,7.75,9.5],"texture":"#1"},"east":{"uv":[5.75,3,8.25,3.75],"texture":"#1"},"south":{"uv":[8.75,7.5,9.75,8.25],"texture":"#1"},"west":{"uv":[5.75,3.75,8.25,4.5],"texture":"#1"},"up":{"uv":[5,2.5,4,0],"texture":"#1"},"down":{"uv":[5,2.5,4,5],"texture":"#1"}}},{"from":[10,27,6],"to":[16,30,10],"rotation":{"angle":0,"axis":"y","origin":[2,56,-8]},"faces":{"north":{"uv":[7.25,8,8.75,8.75],"texture":"#1"},"east":{"uv":[1.25,8.75,2.25,9.5],"texture":"#1"},"south":{"uv":[8.25,1.5,9.75,2.25],"texture":"#1"},"west":{"uv":[5.75,8.75,6.75,9.5],"texture":"#1"},"up":{"uv":[8.5,5.5,7,4.5],"texture":"#1"},"down":{"uv":[8.5,5.5,7,6.5],"texture":"#1"}}},{"from":[8,22,0],"to":[8,23,8],"rotation":{"angle":0,"axis":"y","origin":[2,16,0]},"faces":{"north":{"uv":[0,0,0,0.25],"texture":"#1"},"east":{"uv":[9.5,5.5,11.5,5.75],"texture":"#1"},"south":{"uv":[0,0,0,0.25],"texture":"#1"},"west":{"uv":[9.5,5.75,11.5,6],"texture":"#1"},"up":{"uv":[0,2,0,0],"texture":"#1"},"down":{"uv":[0,0,0,2],"texture":"#1"}}},{"from":[8,22,8],"to":[16,23,8],"rotation":{"angle":0,"axis":"y","origin":[2,16,0]},"faces":{"north":{"uv":[9.5,5,11.5,5.25],"texture":"#1"},"east":{"uv":[0,0,0,0.25],"texture":"#1"},"south":{"uv":[9.5,5.25,11.5,5.5],"texture":"#1"},"west":{"uv":[0,0,0,0.25],"texture":"#1"},"up":{"uv":[2,0,0,0],"texture":"#1"},"down":{"uv":[2,0,0,0],"texture":"#1"}}},{"from":[8,12,0],"to":[8,13,8],"rotation":{"angle":0,"axis":"y","origin":[2,16,0]},"faces":{"north":{"uv":[0,0,0,0.25],"texture":"#1"},"east":{"uv":[9.75,1,11.75,1.25],"texture":"#1"},"south":{"uv":[0,0,0,0.25],"texture":"#1"},"west":{"uv":[9.75,1.25,11.75,1.5],"texture":"#1"},"up":{"uv":[0,2,0,0],"texture":"#1"},"down":{"uv":[0,0,0,2],"texture":"#1"}}},{"from":[8,12,8],"to":[16,13,8],"rotation":{"angle":0,"axis":"y","origin":[2,16,0]},"faces":{"north":{"uv":[9.5,6,11.5,6.25],"texture":"#1"},"east":{"uv":[0,0,0,0.25],"texture":"#1"},"south":{"uv":[9.5,6.25,11.5,6.5],"texture":"#1"},"west":{"uv":[0,0,0,0.25],"texture":"#1"},"up":{"uv":[2,0,0,0],"texture":"#1"},"down":{"uv":[2,0,0,0],"texture":"#1"}}}],"display":{"thirdperson_righthand":{"rotation":[75,45,0],"translation":[0,2.5,0],"scale":[0.375,0.375,0.375]},"thirdperson_lefthand":{"rotation":[75,45,0],"translation":[0,2.5,0],"scale":[0.375,0.375,0.375]},"firstperson_righthand":{"rotation":[0,45,0],"scale":[0.4,0.4,0.4]},"firstperson_lefthand":{"rotation":[0,225,0],"scale":[0.4,0.4,0.4]},"ground":{"translation":[0,3,0],"scale":[0.25,0.25,0.25]},"gui":{"rotation":[30,225,0],"scale":[0.3,0.3,0.3]},"fixed":{"rotation":[-90.5,0,0],"translation":[0,0,-48],"scale":[2,2,2]}}}