{"credit":"Made with Blockbench","texture_size":[64,64],"textures":{"1":"hmcmodels:furniture/dungeon_decorations_2/cell_wall","particle":"hmcmodels:furniture/dungeon_decorations_2/cell_wall"},"elements":[{"from":[0,-14,6],"to":[16,-11,10],"faces":{"north":{"uv":[4,4.5,8,5.25],"texture":"#1"},"east":{"uv":[8,2.5,9,3.25],"texture":"#1"},"south":{"uv":[4,5.25,8,6],"texture":"#1"},"west":{"uv":[8,3.25,9,4],"texture":"#1"},"up":{"uv":[8,2.5,4,1.5],"texture":"#1"},"down":{"uv":[8,2.5,4,3.5],"texture":"#1"}}},{"from":[0,-16,5],"to":[16,-14,11],"faces":{"north":{"uv":[4,6.75,8,7.25],"texture":"#1"},"east":{"uv":[8,4,9.5,4.5],"texture":"#1"},"south":{"uv":[4,7.25,8,7.75],"texture":"#1"},"west":{"uv":[8,4.5,9.5,5],"texture":"#1"},"up":{"uv":[4,1.5,0,0],"texture":"#1"},"down":{"uv":[4,1.5,0,3],"texture":"#1"}}},{"from":[0,27,6],"to":[16,30,10],"rotation":{"angle":0,"axis":"y","origin":[0,16,0]},"faces":{"north":{"uv":[0,5.5,4,6.25],"texture":"#1"},"east":{"uv":[8,6,9,6.75],"texture":"#1"},"south":{"uv":[4,6,8,6.75],"texture":"#1"},"west":{"uv":[8,6.75,9,7.5],"texture":"#1"},"up":{"uv":[8,4.5,4,3.5],"texture":"#1"},"down":{"uv":[4,4.5,0,5.5],"texture":"#1"}}},{"from":[0,30,5],"to":[16,32,11],"rotation":{"angle":0,"axis":"y","origin":[0,16,0]},"faces":{"north":{"uv":[4,7.75,8,8.25],"texture":"#1"},"east":{"uv":[8,5,9.5,5.5],"texture":"#1"},"south":{"uv":[8,0,12,0.5],"texture":"#1"},"west":{"uv":[8,5.5,9.5,6],"texture":"#1"},"up":{"uv":[4,4.5,0,3],"texture":"#1"},"down":{"uv":[8,0,4,1.5],"texture":"#1"}}},{"from":[1.5,-11,7.5],"to":[2.5,27,8.5],"rotation":{"angle":0,"axis":"y","origin":[14,0,0]},"faces":{"north":{"uv":[0,6.25,0.25,15.75],"texture":"#1"},"east":{"uv":[0.25,6.25,0.5,15.75],"texture":"#1"},"south":{"uv":[0.5,6.25,0.75,15.75],"texture":"#1"},"west":{"uv":[0.75,6.25,1,15.75],"texture":"#1"},"up":{"uv":[8.25,7.75,8,7.5],"texture":"#1"},"down":{"uv":[8.25,7.75,8,8],"texture":"#1"}}},{"from":[5.5,-11,7.5],"to":[6.5,27,8.5],"rotation":{"angle":0,"axis":"y","origin":[14,0,0]},"faces":{"north":{"uv":[1,6.25,1.25,15.75],"texture":"#1"},"east":{"uv":[1.25,6.25,1.5,15.75],"texture":"#1"},"south":{"uv":[1.5,6.25,1.75,15.75],"texture":"#1"},"west":{"uv":[1.75,6.25,2,15.75],"texture":"#1"},"up":{"uv":[8.25,8.25,8,8],"texture":"#1"},"down":{"uv":[4.25,8.25,4,8.5],"texture":"#1"}}},{"from":[9.5,-11,7.5],"to":[10.5,27,8.5],"rotation":{"angle":0,"axis":"y","origin":[14,0,0]},"faces":{"north":{"uv":[3,6.25,3.25,15.75],"texture":"#1"},"east":{"uv":[3.25,6.25,3.5,15.75],"texture":"#1"},"south":{"uv":[3.5,6.25,3.75,15.75],"texture":"#1"},"west":{"uv":[3.75,6.25,4,15.75],"texture":"#1"},"up":{"uv":[5,8.5,4.75,8.25],"texture":"#1"},"down":{"uv":[5.25,8.25,5,8.5],"texture":"#1"}}},{"from":[13.5,-11,7.5],"to":[14.5,27,8.5],"rotation":{"angle":0,"axis":"y","origin":[14,0,0]},"faces":{"north":{"uv":[2,6.25,2.25,15.75],"texture":"#1"},"east":{"uv":[2.25,6.25,2.5,15.75],"texture":"#1"},"south":{"uv":[2.5,6.25,2.75,15.75],"texture":"#1"},"west":{"uv":[2.75,6.25,3,15.75],"texture":"#1"},"up":{"uv":[4.5,8.5,4.25,8.25],"texture":"#1"},"down":{"uv":[4.75,8.25,4.5,8.5],"texture":"#1"}}},{"from":[0,22,8],"to":[16,23,8],"rotation":{"angle":0,"axis":"y","origin":[2,0,0]},"faces":{"north":{"uv":[8,0.5,12,0.75],"texture":"#1"},"east":{"uv":[0,0,0,0.25],"texture":"#1"},"south":{"uv":[8,0.75,12,1],"texture":"#1"},"west":{"uv":[0,0,0,0.25],"texture":"#1"},"up":{"uv":[4,0,0,0],"texture":"#1"},"down":{"uv":[4,0,0,0],"texture":"#1"}}},{"from":[0,-7,8],"to":[16,-6,8],"rotation":{"angle":0,"axis":"y","origin":[2,0,0]},"faces":{"north":{"uv":[8,1.5,12,1.75],"texture":"#1"},"east":{"uv":[0,0,0,0.25],"texture":"#1"},"south":{"uv":[8,1.75,12,2],"texture":"#1"},"west":{"uv":[0,0,0,0.25],"texture":"#1"},"up":{"uv":[4,0,0,0],"texture":"#1"},"down":{"uv":[4,0,0,0],"texture":"#1"}}},{"from":[0,2,8],"to":[16,3,8],"rotation":{"angle":0,"axis":"y","origin":[2,0,0]},"faces":{"north":{"uv":[8,1,12,1.25],"texture":"#1"},"east":{"uv":[0,0,0,0.25],"texture":"#1"},"south":{"uv":[8,1.25,12,1.5],"texture":"#1"},"west":{"uv":[0,0,0,0.25],"texture":"#1"},"up":{"uv":[4,0,0,0],"texture":"#1"},"down":{"uv":[4,0,0,0],"texture":"#1"}}},{"from":[0,12,8],"to":[16,13,8],"rotation":{"angle":0,"axis":"y","origin":[2,0,0]},"faces":{"north":{"uv":[8,2,12,2.25],"texture":"#1"},"east":{"uv":[0,0,0,0.25],"texture":"#1"},"south":{"uv":[8,2.25,12,2.5],"texture":"#1"},"west":{"uv":[0,0,0,0.25],"texture":"#1"},"up":{"uv":[4,0,0,0],"texture":"#1"},"down":{"uv":[4,0,0,0],"texture":"#1"}}}],"display":{"thirdperson_righthand":{"rotation":[75,45,0],"translation":[0,2.5,0],"scale":[0.375,0.375,0.375]},"thirdperson_lefthand":{"rotation":[75,45,0],"translation":[0,2.5,0],"scale":[0.375,0.375,0.375]},"firstperson_righthand":{"rotation":[0,45,0],"scale":[0.4,0.4,0.4]},"firstperson_lefthand":{"rotation":[0,225,0],"scale":[0.4,0.4,0.4]},"ground":{"translation":[0,3,0],"scale":[0.25,0.25,0.25]},"gui":{"rotation":[30,225,0],"scale":[0.3,0.3,0.3]},"fixed":{"rotation":[-90.5,0,0],"translation":[0,0,-48],"scale":[2,2,2]}}}