{"credit":"Made with Blockbench","texture_size":[256,256],"textures":{"1":"hmcmodels:furniture/dungeon_decorations_2/dungeon_bookshelf_broken","particle":"hmcmodels:furniture/dungeon_decorations_2/dungeon_bookshelf_broken"},"elements":[{"from":[0,-16,0],"to":[2,32,16],"faces":{"north":{"uv":[4,5.6875,4.125,8.6875],"texture":"#1"},"east":{"uv":[0,3,1,6],"texture":"#1"},"south":{"uv":[4.125,5.6875,4.25,8.6875],"texture":"#1"},"west":{"uv":[1,3,2,6],"texture":"#1"},"up":{"uv":[3.375,7.25,3.25,6.25],"texture":"#1"},"down":{"uv":[3.5,6.25,3.375,7.25],"texture":"#1"}}},{"from":[30,-16,0],"to":[32,32,16],"rotation":{"angle":0,"axis":"y","origin":[16,0,0]},"faces":{"north":{"uv":[4.5,5.6875,4.625,8.6875],"texture":"#1"},"east":{"uv":[2,3,3,6],"texture":"#1"},"south":{"uv":[4.625,5.6875,4.75,8.6875],"texture":"#1"},"west":{"uv":[3,3,4,6],"texture":"#1"},"up":{"uv":[6.375,4.4375,6.25,3.4375],"texture":"#1"},"down":{"uv":[3.625,6.25,3.5,7.25],"texture":"#1"}}},{"from":[0,24,1],"to":[28,26,14],"rotation":{"angle":22.5,"axis":"z","origin":[16,30,7.5]},"faces":{"north":{"uv":[0.5,6,2.25,6.125],"texture":"#1"},"east":{"uv":[4.9375,6.25,5.75,6.375],"texture":"#1"},"south":{"uv":[2.25,6,4,6.125],"texture":"#1"},"west":{"uv":[6.25,5,7.0625,5.125],"texture":"#1"},"up":{"uv":[5.25,0.8125,3.5,0],"texture":"#1"},"down":{"uv":[5.25,0.8125,3.5,1.625],"texture":"#1"}}},{"from":[2,-2,1],"to":[30,0,14],"faces":{"north":{"uv":[6.25,3.1875,8,3.3125],"texture":"#1"},"east":{"uv":[6.25,5.625,7.0625,5.75],"texture":"#1"},"south":{"uv":[6.25,3.3125,8,3.4375],"texture":"#1"},"west":{"uv":[5.75,6.25,6.5625,6.375],"texture":"#1"},"up":{"uv":[5.75,5.6875,4,4.875],"texture":"#1"},"down":{"uv":[7,0,5.25,0.8125],"texture":"#1"}}},{"from":[2,16,1],"to":[30,18,14],"faces":{"north":{"uv":[5.75,6.125,7.5,6.25],"texture":"#1"},"east":{"uv":[6.25,5.375,7.0625,5.5],"texture":"#1"},"south":{"uv":[0.5,6.25,2.25,6.375],"texture":"#1"},"west":{"uv":[6.25,5.5,7.0625,5.625],"texture":"#1"},"up":{"uv":[5.75,4.0625,4,3.25],"texture":"#1"},"down":{"uv":[5.75,4.0625,4,4.875],"texture":"#1"}}},{"from":[2,-14,1],"to":[30,-12,14],"faces":{"north":{"uv":[0.5,6.125,2.25,6.25],"texture":"#1"},"east":{"uv":[6.25,5.125,7.0625,5.25],"texture":"#1"},"south":{"uv":[2.25,6.125,4,6.25],"texture":"#1"},"west":{"uv":[6.25,5.25,7.0625,5.375],"texture":"#1"},"up":{"uv":[5.25,2.4375,3.5,1.625],"texture":"#1"},"down":{"uv":[5.75,2.4375,4,3.25],"texture":"#1"}}},{"from":[2,-16,14],"to":[30,32,16],"faces":{"north":{"uv":[0,0,1.75,3],"texture":"#1"},"east":{"uv":[4.25,5.6875,4.375,8.6875],"texture":"#1"},"south":{"uv":[1.75,0,3.5,3],"texture":"#1"},"west":{"uv":[4.375,5.6875,4.5,8.6875],"texture":"#1"},"up":{"uv":[8,3.0625,6.25,2.9375],"texture":"#1"},"down":{"uv":[8,3.0625,6.25,3.1875],"texture":"#1"}}},{"from":[5,-12,3],"to":[7,-4,11],"faces":{"north":{"uv":[5.1875,6.375,5.3125,6.875],"texture":"#1"},"east":{"uv":[5.75,5.625,6.25,6.125],"texture":"#1"},"south":{"uv":[5.3125,6.375,5.4375,6.875],"texture":"#1"},"west":{"uv":[0,6,0.5,6.5],"texture":"#1"},"up":{"uv":[5.5625,6.875,5.4375,6.375],"texture":"#1"},"down":{"uv":[5.6875,6.375,5.5625,6.875],"texture":"#1"}}},{"from":[8,-12,5],"to":[10,-4,13],"faces":{"north":{"uv":[6.375,3.4375,6.5,3.9375],"texture":"#1"},"east":{"uv":[5.75,4.625,6.25,5.125],"texture":"#1"},"south":{"uv":[6.375,3.9375,6.5,4.4375],"texture":"#1"},"west":{"uv":[5.75,5.125,6.25,5.625],"texture":"#1"},"up":{"uv":[5.0625,6.875,4.9375,6.375],"texture":"#1"},"down":{"uv":[5.1875,6.375,5.0625,6.875],"texture":"#1"}}},{"from":[15,-12,3],"to":[17,-4,11],"faces":{"north":{"uv":[1.75,6.375,1.875,6.875],"texture":"#1"},"east":{"uv":[5.75,3.625,6.25,4.125],"texture":"#1"},"south":{"uv":[1.875,6.375,2,6.875],"texture":"#1"},"west":{"uv":[5.75,4.125,6.25,4.625],"texture":"#1"},"up":{"uv":[2.125,6.875,2,6.375],"texture":"#1"},"down":{"uv":[2.25,6.375,2.125,6.875],"texture":"#1"}}},{"from":[18,-12,5],"to":[20,-4,13],"faces":{"north":{"uv":[1.25,6.375,1.375,6.875],"texture":"#1"},"east":{"uv":[5.75,2.625,6.25,3.125],"texture":"#1"},"south":{"uv":[1.375,6.375,1.5,6.875],"texture":"#1"},"west":{"uv":[5.75,3.125,6.25,3.625],"texture":"#1"},"up":{"uv":[1.625,6.875,1.5,6.375],"texture":"#1"},"down":{"uv":[1.75,6.375,1.625,6.875],"texture":"#1"}}},{"from":[7,-12,3],"to":[8,-5,11],"faces":{"north":{"uv":[6.0625,6.375,6.125,6.8125],"texture":"#1"},"east":{"uv":[6.25,2.5,6.75,2.9375],"texture":"#1"},"south":{"uv":[6.125,6.375,6.1875,6.8125],"texture":"#1"},"west":{"uv":[2.75,6.25,3.25,6.6875],"texture":"#1"},"up":{"uv":[5.875,6.875,5.8125,6.375],"texture":"#1"},"down":{"uv":[5.9375,6.375,5.875,6.875],"texture":"#1"}}},{"from":[17,-12,4],"to":[18,-5,12],"faces":{"north":{"uv":[5.9375,6.375,6,6.8125],"texture":"#1"},"east":{"uv":[6.25,2.0625,6.75,2.5],"texture":"#1"},"south":{"uv":[6,6.375,6.0625,6.8125],"texture":"#1"},"west":{"uv":[2.25,6.25,2.75,6.6875],"texture":"#1"},"up":{"uv":[5.75,6.875,5.6875,6.375],"texture":"#1"},"down":{"uv":[5.8125,6.375,5.75,6.875],"texture":"#1"}}},{"from":[25.3,-11.6,3],"to":[28.3,-2.6,11],"rotation":{"angle":-22.5,"axis":"z","origin":[26.5,-7.5,7]},"faces":{"north":{"uv":[3.625,6.25,3.8125,6.8125],"texture":"#1"},"east":{"uv":[3.5,2.4375,4,3],"texture":"#1"},"south":{"uv":[3.8125,6.25,4,6.8125],"texture":"#1"},"west":{"uv":[4.75,5.6875,5.25,6.25],"texture":"#1"},"up":{"uv":[0.6875,6.875,0.5,6.375],"texture":"#1"},"down":{"uv":[0.875,6.375,0.6875,6.875],"texture":"#1"}}},{"from":[2,-12,4],"to":[5,-3,12],"rotation":{"angle":0,"axis":"y","origin":[26.5,-7.5,7]},"faces":{"north":{"uv":[6.25,4.4375,6.4375,5],"texture":"#1"},"east":{"uv":[5.25,5.6875,5.75,6.25],"texture":"#1"},"south":{"uv":[4.75,6.25,4.9375,6.8125],"texture":"#1"},"west":{"uv":[5.75,2.0625,6.25,2.625],"texture":"#1"},"up":{"uv":[1.0625,6.875,0.875,6.375],"texture":"#1"},"down":{"uv":[1.25,6.375,1.0625,6.875],"texture":"#1"}}},{"from":[4,18,2],"to":[30,28,2],"faces":{"north":{"uv":[5.25,0.8125,6.875,1.4375],"texture":"#1"},"east":{"uv":[0,0,0,0.625],"texture":"#1"},"south":{"uv":[5.25,1.4375,6.875,2.0625],"texture":"#1"},"west":{"uv":[0,0,0,0.625],"texture":"#1"},"up":{"uv":[1.625,0,0,0],"texture":"#1"},"down":{"uv":[1.625,0,0,0],"texture":"#1"}}}],"display":{"thirdperson_righthand":{"rotation":[75,45,0],"translation":[0,2.5,0],"scale":[0.375,0.375,0.375]},"thirdperson_lefthand":{"rotation":[75,45,0],"translation":[0,2.5,0],"scale":[0.375,0.375,0.375]},"firstperson_righthand":{"rotation":[0,45,0],"scale":[0.4,0.4,0.4]},"firstperson_lefthand":{"rotation":[0,225,0],"scale":[0.4,0.4,0.4]},"ground":{"translation":[0,3,0],"scale":[0.25,0.25,0.25]},"gui":{"rotation":[30,225,0],"translation":[1.75,0.75,0],"scale":[0.25,0.25,0.25]},"fixed":{"rotation":[-90,0,0],"translation":[0,0,-48],"scale":[2,2,2]}}}