{"credit":"Made with Blockbench","texture_size":[256,256],"textures":{"2":"hmcmodels:furniture/dungeon_decorations_2/dungeon_bookshelf_empty","particle":"hmcmodels:furniture/dungeon_decorations_2/dungeon_bookshelf_empty"},"elements":[{"from":[0,-16,0],"to":[2,32,16],"faces":{"north":{"uv":[4,5.6875,4.125,8.6875],"texture":"#2"},"east":{"uv":[0,3,1,6],"texture":"#2"},"south":{"uv":[4.125,5.6875,4.25,8.6875],"texture":"#2"},"west":{"uv":[1,3,2,6],"texture":"#2"},"up":{"uv":[4.875,6.6875,4.75,5.6875],"texture":"#2"},"down":{"uv":[5,5.6875,4.875,6.6875],"texture":"#2"}}},{"from":[30,-16,0],"to":[32,32,16],"rotation":{"angle":0,"axis":"y","origin":[16,0,0]},"faces":{"north":{"uv":[4.5,5.6875,4.625,8.6875],"texture":"#2"},"east":{"uv":[2,3,3,6],"texture":"#2"},"south":{"uv":[4.625,5.6875,4.75,8.6875],"texture":"#2"},"west":{"uv":[3,3,4,6],"texture":"#2"},"up":{"uv":[5.125,6.6875,5,5.6875],"texture":"#2"},"down":{"uv":[5.25,5.6875,5.125,6.6875],"texture":"#2"}}},{"from":[2,29,1],"to":[30,31,14],"faces":{"north":{"uv":[5.25,1.0625,7,1.1875],"texture":"#2"},"east":{"uv":[5.25,2.0625,6.0625,2.1875],"texture":"#2"},"south":{"uv":[5.25,1.1875,7,1.3125],"texture":"#2"},"west":{"uv":[5.25,2.1875,6.0625,2.3125],"texture":"#2"},"up":{"uv":[5.25,0.8125,3.5,0],"texture":"#2"},"down":{"uv":[5.25,0.8125,3.5,1.625],"texture":"#2"}}},{"from":[2,-2,1],"to":[30,0,14],"faces":{"north":{"uv":[5.25,1.3125,7,1.4375],"texture":"#2"},"east":{"uv":[5.25,2.3125,6.0625,2.4375],"texture":"#2"},"south":{"uv":[5.25,1.4375,7,1.5625],"texture":"#2"},"west":{"uv":[5.25,5.6875,6.0625,5.8125],"texture":"#2"},"up":{"uv":[5.25,2.4375,3.5,1.625],"texture":"#2"},"down":{"uv":[5.75,2.4375,4,3.25],"texture":"#2"}}},{"from":[2,16,1],"to":[30,18,14],"faces":{"north":{"uv":[5.25,1.8125,7,1.9375],"texture":"#2"},"east":{"uv":[5.75,2.6875,6.5625,2.8125],"texture":"#2"},"south":{"uv":[5.25,1.9375,7,2.0625],"texture":"#2"},"west":{"uv":[5.75,2.8125,6.5625,2.9375],"texture":"#2"},"up":{"uv":[5.75,5.6875,4,4.875],"texture":"#2"},"down":{"uv":[7,0,5.25,0.8125],"texture":"#2"}}},{"from":[2,-14,1],"to":[30,-12,14],"faces":{"north":{"uv":[5.25,1.5625,7,1.6875],"texture":"#2"},"east":{"uv":[5.75,2.4375,6.5625,2.5625],"texture":"#2"},"south":{"uv":[5.25,1.6875,7,1.8125],"texture":"#2"},"west":{"uv":[5.75,2.5625,6.5625,2.6875],"texture":"#2"},"up":{"uv":[5.75,4.0625,4,3.25],"texture":"#2"},"down":{"uv":[5.75,4.0625,4,4.875],"texture":"#2"}}},{"from":[2,-16,14],"to":[30,32,16],"faces":{"north":{"uv":[0,0,1.75,3],"texture":"#2"},"east":{"uv":[4.25,5.6875,4.375,8.6875],"texture":"#2"},"south":{"uv":[1.75,0,3.5,3],"texture":"#2"},"west":{"uv":[4.375,5.6875,4.5,8.6875],"texture":"#2"},"up":{"uv":[7,0.9375,5.25,0.8125],"texture":"#2"},"down":{"uv":[7,0.9375,5.25,1.0625],"texture":"#2"}}}],"display":{"thirdperson_righthand":{"rotation":[75,45,0],"translation":[0,2.5,0],"scale":[0.375,0.375,0.375]},"thirdperson_lefthand":{"rotation":[75,45,0],"translation":[0,2.5,0],"scale":[0.375,0.375,0.375]},"firstperson_righthand":{"rotation":[0,45,0],"scale":[0.4,0.4,0.4]},"firstperson_lefthand":{"rotation":[0,225,0],"scale":[0.4,0.4,0.4]},"ground":{"translation":[0,3,0],"scale":[0.25,0.25,0.25]},"gui":{"rotation":[30,225,0],"translation":[1.75,0.75,0],"scale":[0.25,0.25,0.25]},"fixed":{"rotation":[-90,0,0],"translation":[0,0,-48],"scale":[2,2,2]}}}