{"credit":"Made with Blockbench","texture_size":[128,128],"textures":{"2":"hmcmodels:furniture/dungeon_decorations_2/dungeon_gate","particle":"hmcmodels:furniture/dungeon_decorations_2/dungeon_gate"},"elements":[{"from":[-3,21,3],"to":[19,31,13],"rotation":{"angle":0,"axis":"y","origin":[8,-16,8]},"faces":{"north":{"uv":[5,0,7.75,1.25],"texture":"#2"},"east":{"uv":[5.75,10.25,7,11.5],"texture":"#2"},"south":{"uv":[5,1.25,7.75,2.5],"texture":"#2"},"west":{"uv":[7,10.25,8.25,11.5],"texture":"#2"},"up":{"uv":[7.75,3.75,5,2.5],"texture":"#2"},"down":{"uv":[7.75,3.75,5,5],"texture":"#2"}}},{"from":[-14,-4,3],"to":[-4,20,13],"rotation":{"angle":0,"axis":"y","origin":[8,-16,8]},"faces":{"north":{"uv":[0,0,1.25,3],"texture":"#2"},"east":{"uv":[1.25,0,2.5,3],"texture":"#2"},"south":{"uv":[2.5,0,3.75,3],"texture":"#2"},"west":{"uv":[0,3,1.25,6],"texture":"#2"},"up":{"uv":[11.5,4.25,10.25,3],"texture":"#2"},"down":{"uv":[5.75,10.25,4.5,11.5],"texture":"#2"}}},{"from":[-15,-14,2],"to":[-3,-6,14],"rotation":{"angle":0,"axis":"y","origin":[8,-16,8]},"faces":{"north":{"uv":[10.25,4.25,11.75,5.25],"texture":"#2"},"east":{"uv":[10.25,9.5,11.75,10.5],"texture":"#2"},"south":{"uv":[10.5,5.25,12,6.25],"texture":"#2"},"west":{"uv":[10.25,10.5,11.75,11.5],"texture":"#2"},"up":{"uv":[10.25,8.5,8.75,7],"texture":"#2"},"down":{"uv":[10.25,8.5,8.75,10],"texture":"#2"}}},{"from":[-16,-16,1],"to":[-2,-14,15],"rotation":{"angle":0,"axis":"y","origin":[8,-16,8]},"faces":{"north":{"uv":[11.5,4,13.25,4.25],"texture":"#2"},"east":{"uv":[9,11.5,10.75,11.75],"texture":"#2"},"south":{"uv":[11.5,9.25,13.25,9.5],"texture":"#2"},"west":{"uv":[10.75,11.5,12.5,11.75],"texture":"#2"},"up":{"uv":[6.75,6.75,5,5],"texture":"#2"},"down":{"uv":[1.75,6,0,7.75],"texture":"#2"}}},{"from":[-16,-6,1],"to":[-2,-4,15],"rotation":{"angle":0,"axis":"y","origin":[8,-16,8]},"faces":{"north":{"uv":[11.75,4.25,13.5,4.5],"texture":"#2"},"east":{"uv":[11.75,4.5,13.5,4.75],"texture":"#2"},"south":{"uv":[11.75,4.75,13.5,5],"texture":"#2"},"west":{"uv":[11.75,5,13.5,5.25],"texture":"#2"},"up":{"uv":[3.5,7.75,1.75,6],"texture":"#2"},"down":{"uv":[5.25,6.75,3.5,8.5],"texture":"#2"}}},{"from":[-16,30,1],"to":[-2,32,15],"rotation":{"angle":0,"axis":"y","origin":[8,-16,8]},"faces":{"north":{"uv":[11.75,10.25,13.5,10.5],"texture":"#2"},"east":{"uv":[11.75,10.5,13.5,10.75],"texture":"#2"},"south":{"uv":[10.75,11.75,12.5,12],"texture":"#2"},"west":{"uv":[11.75,10.75,13.5,11],"texture":"#2"},"up":{"uv":[8.75,8.5,7,6.75],"texture":"#2"},"down":{"uv":[1.75,7.75,0,9.5],"texture":"#2"}}},{"from":[-15,22,2],"to":[-3,30,14],"rotation":{"angle":0,"axis":"y","origin":[8,-16,8]},"faces":{"north":{"uv":[0,11,1.5,12],"texture":"#2"},"east":{"uv":[11,0,12.5,1],"texture":"#2"},"south":{"uv":[11,1,12.5,2],"texture":"#2"},"west":{"uv":[1.5,11,3,12],"texture":"#2"},"up":{"uv":[1.5,11,0,9.5],"texture":"#2"},"down":{"uv":[11,0,9.5,1.5],"texture":"#2"}}},{"from":[-16,20,1],"to":[-2,22,15],"rotation":{"angle":0,"axis":"y","origin":[8,-16,8]},"faces":{"north":{"uv":[9,11.75,10.75,12],"texture":"#2"},"east":{"uv":[11.75,9.5,13.5,9.75],"texture":"#2"},"south":{"uv":[11.75,9.75,13.5,10],"texture":"#2"},"west":{"uv":[11.75,10,13.5,10.25],"texture":"#2"},"up":{"uv":[8.5,6.75,6.75,5],"texture":"#2"},"down":{"uv":[7,6.75,5.25,8.5],"texture":"#2"}}},{"from":[19,-14,2],"to":[31,-6,14],"rotation":{"angle":0,"axis":"y","origin":[8,-16,8]},"faces":{"north":{"uv":[11.5,6.25,13,7.25],"texture":"#2"},"east":{"uv":[11.5,7.25,13,8.25],"texture":"#2"},"south":{"uv":[7.5,11.5,9,12.5],"texture":"#2"},"west":{"uv":[11.5,8.25,13,9.25],"texture":"#2"},"up":{"uv":[10.25,11.5,8.75,10],"texture":"#2"},"down":{"uv":[4.5,10.25,3,11.75],"texture":"#2"}}},{"from":[18,-16,1],"to":[32,-14,15],"rotation":{"angle":0,"axis":"y","origin":[8,-16,8]},"faces":{"north":{"uv":[9,12.25,10.75,12.5],"texture":"#2"},"east":{"uv":[10.75,12.25,12.5,12.5],"texture":"#2"},"south":{"uv":[0,12.5,1.75,12.75],"texture":"#2"},"west":{"uv":[12.5,0,14.25,0.25],"texture":"#2"},"up":{"uv":[8.75,10.25,7,8.5],"texture":"#2"},"down":{"uv":[10.5,5.25,8.75,7],"texture":"#2"}}},{"from":[20,-4,3],"to":[30,20,13],"rotation":{"angle":0,"axis":"y","origin":[8,-16,8]},"faces":{"north":{"uv":[1.25,3,2.5,6],"texture":"#2"},"east":{"uv":[2.5,3,3.75,6],"texture":"#2"},"south":{"uv":[3.75,0,5,3],"texture":"#2"},"west":{"uv":[3.75,3,5,6],"texture":"#2"},"up":{"uv":[11.5,8.25,10.25,7],"texture":"#2"},"down":{"uv":[11.5,8.25,10.25,9.5],"texture":"#2"}}},{"from":[18,-6,1],"to":[32,-4,15],"rotation":{"angle":0,"axis":"y","origin":[8,-16,8]},"faces":{"north":{"uv":[9,12,10.75,12.25],"texture":"#2"},"east":{"uv":[10.75,12,12.5,12.25],"texture":"#2"},"south":{"uv":[0,12.25,1.75,12.5],"texture":"#2"},"west":{"uv":[1.75,12.25,3.5,12.5],"texture":"#2"},"up":{"uv":[10.25,5.25,8.5,3.5],"texture":"#2"},"down":{"uv":[7,8.5,5.25,10.25],"texture":"#2"}}},{"from":[18,20,1],"to":[32,22,15],"rotation":{"angle":0,"axis":"y","origin":[8,-16,8]},"faces":{"north":{"uv":[12,5.25,13.75,5.5],"texture":"#2"},"east":{"uv":[12,5.5,13.75,5.75],"texture":"#2"},"south":{"uv":[12,5.75,13.75,6],"texture":"#2"},"west":{"uv":[12,6,13.75,6.25],"texture":"#2"},"up":{"uv":[9.5,3.5,7.75,1.75],"texture":"#2"},"down":{"uv":[5.25,8.5,3.5,10.25],"texture":"#2"}}},{"from":[19,22,2],"to":[31,30,14],"rotation":{"angle":0,"axis":"y","origin":[8,-16,8]},"faces":{"north":{"uv":[11,2,12.5,3],"texture":"#2"},"east":{"uv":[11.5,3,13,4],"texture":"#2"},"south":{"uv":[4.5,11.5,6,12.5],"texture":"#2"},"west":{"uv":[6,11.5,7.5,12.5],"texture":"#2"},"up":{"uv":[3,11,1.5,9.5],"texture":"#2"},"down":{"uv":[11,1.5,9.5,3],"texture":"#2"}}},{"from":[18,30,1],"to":[32,32,15],"rotation":{"angle":0,"axis":"y","origin":[8,-16,8]},"faces":{"north":{"uv":[11.75,11,13.5,11.25],"texture":"#2"},"east":{"uv":[11.75,11.25,13.5,11.5],"texture":"#2"},"south":{"uv":[0,12,1.75,12.25],"texture":"#2"},"west":{"uv":[1.75,12,3.5,12.25],"texture":"#2"},"up":{"uv":[9.5,1.75,7.75,0],"texture":"#2"},"down":{"uv":[3.5,7.75,1.75,9.5],"texture":"#2"}}},{"from":[1.5,15.4,7.5],"to":[2.5,22.4,8.5],"rotation":{"angle":0,"axis":"y","origin":[10,20.65,8]},"faces":{"north":{"uv":[8.5,5.25,8.625,6.125],"texture":"#2"},"east":{"uv":[8.625,5.25,8.75,6.125],"texture":"#2"},"south":{"uv":[8.625,10.25,8.75,11.125],"texture":"#2"},"west":{"uv":[4.25,11.75,4.375,12.625],"texture":"#2"},"up":{"uv":[3.625,6.75,3.5,6.625],"texture":"#2"},"down":{"uv":[3.75,6.625,3.625,6.75],"texture":"#2"}}},{"from":[-2.5,15.4,7.5],"to":[-1.5,22.4,8.5],"rotation":{"angle":0,"axis":"y","origin":[10,20.65,8]},"faces":{"north":{"uv":[4.375,11.75,4.5,12.625],"texture":"#2"},"east":{"uv":[2.875,12.5,3,13.375],"texture":"#2"},"south":{"uv":[3,12.5,3.125,13.375],"texture":"#2"},"west":{"uv":[3.125,12.5,3.25,13.375],"texture":"#2"},"up":{"uv":[3.875,6.75,3.75,6.625],"texture":"#2"},"down":{"uv":[4,6.625,3.875,6.75],"texture":"#2"}}},{"from":[16.56066,11.4,8.06066],"to":[19.56066,16.4,8.06066],"rotation":{"angle":-45,"axis":"y","origin":[18.06066,13.9,8.06066]},"faces":{"north":{"uv":[7.75,3.5,8.125,4.125],"rotation":180,"texture":"#2"},"east":{"uv":[0,0,0,0.625],"rotation":180,"texture":"#2"},"south":{"uv":[7.75,4.125,8.125,4.75],"rotation":180,"texture":"#2"},"west":{"uv":[0,0,0,0.625],"rotation":180,"texture":"#2"},"up":{"uv":[0.375,0,0,0],"rotation":180,"texture":"#2"},"down":{"uv":[0.375,0,0,0],"rotation":180,"texture":"#2"}}},{"from":[16.56066,11.4,8.06066],"to":[19.56066,16.4,8.06066],"rotation":{"angle":45,"axis":"y","origin":[18.06066,13.9,8.06066]},"faces":{"north":{"uv":[8.125,3.5,8.5,4.125],"rotation":180,"texture":"#2"},"east":{"uv":[0,0,0,0.625],"rotation":180,"texture":"#2"},"south":{"uv":[8.125,4.125,8.5,4.75],"rotation":180,"texture":"#2"},"west":{"uv":[0,0,0,0.625],"rotation":180,"texture":"#2"},"up":{"uv":[0.375,0,0,0],"rotation":180,"texture":"#2"},"down":{"uv":[0.375,0,0,0],"rotation":180,"texture":"#2"}}},{"from":[12.56066,11.4,8.06066],"to":[15.56066,16.4,8.06066],"rotation":{"angle":-45,"axis":"y","origin":[14.06066,13.9,8.06066]},"faces":{"north":{"uv":[7.75,3.5,8.125,4.125],"rotation":180,"texture":"#2"},"east":{"uv":[0,0,0,0.625],"rotation":180,"texture":"#2"},"south":{"uv":[7.75,4.125,8.125,4.75],"rotation":180,"texture":"#2"},"west":{"uv":[0,0,0,0.625],"rotation":180,"texture":"#2"},"up":{"uv":[0.375,0,0,0],"rotation":180,"texture":"#2"},"down":{"uv":[0.375,0,0,0],"rotation":180,"texture":"#2"}}},{"from":[12.56066,11.4,8.06066],"to":[15.56066,16.4,8.06066],"rotation":{"angle":45,"axis":"y","origin":[14.06066,13.9,8.06066]},"faces":{"north":{"uv":[8.125,3.5,8.5,4.125],"rotation":180,"texture":"#2"},"east":{"uv":[0,0,0,0.625],"rotation":180,"texture":"#2"},"south":{"uv":[8.125,4.125,8.5,4.75],"rotation":180,"texture":"#2"},"west":{"uv":[0,0,0,0.625],"rotation":180,"texture":"#2"},"up":{"uv":[0.375,0,0,0],"rotation":180,"texture":"#2"},"down":{"uv":[0.375,0,0,0],"rotation":180,"texture":"#2"}}},{"from":[8.56066,11.4,8.06066],"to":[11.56066,16.4,8.06066],"rotation":{"angle":-45,"axis":"y","origin":[10.06066,13.9,8.06066]},"faces":{"north":{"uv":[7.75,3.5,8.125,4.125],"rotation":180,"texture":"#2"},"east":{"uv":[0,0,0,0.625],"rotation":180,"texture":"#2"},"south":{"uv":[7.75,4.125,8.125,4.75],"rotation":180,"texture":"#2"},"west":{"uv":[0,0,0,0.625],"rotation":180,"texture":"#2"},"up":{"uv":[0.375,0,0,0],"rotation":180,"texture":"#2"},"down":{"uv":[0.375,0,0,0],"rotation":180,"texture":"#2"}}},{"from":[8.56066,11.4,8.06066],"to":[11.56066,16.4,8.06066],"rotation":{"angle":45,"axis":"y","origin":[10.06066,13.9,8.06066]},"faces":{"north":{"uv":[8.125,3.5,8.5,4.125],"rotation":180,"texture":"#2"},"east":{"uv":[0,0,0,0.625],"rotation":180,"texture":"#2"},"south":{"uv":[8.125,4.125,8.5,4.75],"rotation":180,"texture":"#2"},"west":{"uv":[0,0,0,0.625],"rotation":180,"texture":"#2"},"up":{"uv":[0.375,0,0,0],"rotation":180,"texture":"#2"},"down":{"uv":[0.375,0,0,0],"rotation":180,"texture":"#2"}}},{"from":[4.56066,11.4,8.06066],"to":[7.56066,16.4,8.06066],"rotation":{"angle":-45,"axis":"y","origin":[6.06066,13.9,8.06066]},"faces":{"north":{"uv":[7.75,3.5,8.125,4.125],"rotation":180,"texture":"#2"},"east":{"uv":[0,0,0,0.625],"rotation":180,"texture":"#2"},"south":{"uv":[7.75,4.125,8.125,4.75],"rotation":180,"texture":"#2"},"west":{"uv":[0,0,0,0.625],"rotation":180,"texture":"#2"},"up":{"uv":[0.375,0,0,0],"rotation":180,"texture":"#2"},"down":{"uv":[0.375,0,0,0],"rotation":180,"texture":"#2"}}},{"from":[4.56066,11.4,8.06066],"to":[7.56066,16.4,8.06066],"rotation":{"angle":45,"axis":"y","origin":[6.06066,13.9,8.06066]},"faces":{"north":{"uv":[8.125,3.5,8.5,4.125],"rotation":180,"texture":"#2"},"east":{"uv":[0,0,0,0.625],"rotation":180,"texture":"#2"},"south":{"uv":[8.125,4.125,8.5,4.75],"rotation":180,"texture":"#2"},"west":{"uv":[0,0,0,0.625],"rotation":180,"texture":"#2"},"up":{"uv":[0.375,0,0,0],"rotation":180,"texture":"#2"},"down":{"uv":[0.375,0,0,0],"rotation":180,"texture":"#2"}}},{"from":[0.56066,11.4,8.06066],"to":[3.56066,16.4,8.06066],"rotation":{"angle":-45,"axis":"y","origin":[2.06066,13.9,8.06066]},"faces":{"north":{"uv":[7.75,3.5,8.125,4.125],"rotation":180,"texture":"#2"},"east":{"uv":[0,0,0,0.625],"rotation":180,"texture":"#2"},"south":{"uv":[7.75,4.125,8.125,4.75],"rotation":180,"texture":"#2"},"west":{"uv":[0,0,0,0.625],"rotation":180,"texture":"#2"},"up":{"uv":[0.375,0,0,0],"rotation":180,"texture":"#2"},"down":{"uv":[0.375,0,0,0],"rotation":180,"texture":"#2"}}},{"from":[0.56066,11.4,8.06066],"to":[3.56066,16.4,8.06066],"rotation":{"angle":45,"axis":"y","origin":[2.06066,13.9,8.06066]},"faces":{"north":{"uv":[8.125,3.5,8.5,4.125],"rotation":180,"texture":"#2"},"east":{"uv":[0,0,0,0.625],"rotation":180,"texture":"#2"},"south":{"uv":[8.125,4.125,8.5,4.75],"rotation":180,"texture":"#2"},"west":{"uv":[0,0,0,0.625],"rotation":180,"texture":"#2"},"up":{"uv":[0.375,0,0,0],"rotation":180,"texture":"#2"},"down":{"uv":[0.375,0,0,0],"rotation":180,"texture":"#2"}}},{"from":[-3.43934,11.4,8.06066],"to":[-0.43934,16.4,8.06066],"rotation":{"angle":-45,"axis":"y","origin":[-1.93934,13.9,8.06066]},"faces":{"north":{"uv":[7.75,3.5,8.125,4.125],"rotation":180,"texture":"#2"},"east":{"uv":[0,0,0,0.625],"rotation":180,"texture":"#2"},"south":{"uv":[7.75,4.125,8.125,4.75],"rotation":180,"texture":"#2"},"west":{"uv":[0,0,0,0.625],"rotation":180,"texture":"#2"},"up":{"uv":[0.375,0,0,0],"rotation":180,"texture":"#2"},"down":{"uv":[0.375,0,0,0],"rotation":180,"texture":"#2"}}},{"from":[-3.43934,11.4,8.06066],"to":[-0.43934,16.4,8.06066],"rotation":{"angle":45,"axis":"y","origin":[-1.93934,13.9,8.06066]},"faces":{"north":{"uv":[8.125,3.5,8.5,4.125],"rotation":180,"texture":"#2"},"east":{"uv":[0,0,0,0.625],"rotation":180,"texture":"#2"},"south":{"uv":[8.125,4.125,8.5,4.75],"rotation":180,"texture":"#2"},"west":{"uv":[0,0,0,0.625],"rotation":180,"texture":"#2"},"up":{"uv":[0.375,0,0,0],"rotation":180,"texture":"#2"},"down":{"uv":[0.375,0,0,0],"rotation":180,"texture":"#2"}}},{"from":[17.5,15.4,7.5],"to":[18.5,22.4,8.5],"rotation":{"angle":0,"axis":"y","origin":[10,20.65,8]},"faces":{"north":{"uv":[3.25,12.5,3.375,13.375],"texture":"#2"},"east":{"uv":[3.375,12.5,3.5,13.375],"texture":"#2"},"south":{"uv":[4.5,12.5,4.625,13.375],"texture":"#2"},"west":{"uv":[4.625,12.5,4.75,13.375],"texture":"#2"},"up":{"uv":[4.125,6.75,4,6.625],"texture":"#2"},"down":{"uv":[4.25,6.625,4.125,6.75],"texture":"#2"}}},{"from":[13.5,15.4,7.5],"to":[14.5,22.4,8.5],"rotation":{"angle":0,"axis":"y","origin":[10,20.65,8]},"faces":{"north":{"uv":[4.75,12.5,4.875,13.375],"texture":"#2"},"east":{"uv":[4.875,12.5,5,13.375],"texture":"#2"},"south":{"uv":[5,12.5,5.125,13.375],"texture":"#2"},"west":{"uv":[5.125,12.5,5.25,13.375],"texture":"#2"},"up":{"uv":[4.375,6.75,4.25,6.625],"texture":"#2"},"down":{"uv":[4.5,6.625,4.375,6.75],"texture":"#2"}}},{"from":[9.5,15.4,7.5],"to":[10.5,22.4,8.5],"rotation":{"angle":0,"axis":"y","origin":[10,20.65,8]},"faces":{"north":{"uv":[5.25,12.5,5.375,13.375],"texture":"#2"},"east":{"uv":[5.375,12.5,5.5,13.375],"texture":"#2"},"south":{"uv":[5.5,12.5,5.625,13.375],"texture":"#2"},"west":{"uv":[5.625,12.5,5.75,13.375],"texture":"#2"},"up":{"uv":[4.625,6.75,4.5,6.625],"texture":"#2"},"down":{"uv":[4.75,6.625,4.625,6.75],"texture":"#2"}}},{"from":[5.5,15.4,7.5],"to":[6.5,22.4,8.5],"rotation":{"angle":0,"axis":"y","origin":[10,20.65,8]},"faces":{"north":{"uv":[5.75,12.5,5.875,13.375],"texture":"#2"},"east":{"uv":[5.875,12.5,6,13.375],"texture":"#2"},"south":{"uv":[6,12.5,6.125,13.375],"texture":"#2"},"west":{"uv":[6.125,12.5,6.25,13.375],"texture":"#2"},"up":{"uv":[4.875,6.75,4.75,6.625],"texture":"#2"},"down":{"uv":[5,6.625,4.875,6.75],"texture":"#2"}}},{"from":[-4,18.4,8],"to":[20,19.4,8],"rotation":{"angle":0,"axis":"y","origin":[10,20.65,8]},"faces":{"north":{"uv":[12.5,0.25,15.5,0.375],"texture":"#2"},"east":{"uv":[0,0,0,0.125],"texture":"#2"},"south":{"uv":[12.5,0.375,15.5,0.5],"texture":"#2"},"west":{"uv":[0,0,0,0.125],"texture":"#2"},"up":{"uv":[3,0,0,0],"texture":"#2"},"down":{"uv":[3,0,0,0],"texture":"#2"}}}],"display":{"thirdperson_righthand":{"rotation":[75,45,0],"translation":[0,2.5,0],"scale":[0.375,0.375,0.375]},"thirdperson_lefthand":{"rotation":[75,45,0],"translation":[0,2.5,0],"scale":[0.375,0.375,0.375]},"firstperson_righthand":{"rotation":[0,45,0],"scale":[0.4,0.4,0.4]},"firstperson_lefthand":{"rotation":[0,225,0],"scale":[0.4,0.4,0.4]},"ground":{"translation":[0,3,0],"scale":[0.25,0.25,0.25]},"gui":{"rotation":[30,225,0],"scale":[0.24,0.24,0.24]},"fixed":{"rotation":[-90,0,0],"translation":[0,0,-48],"scale":[2,2,2]}},"groups":[{"name":"bone2","origin":[0,0,0],"color":0,"nbt":"{}","armAnimationEnabled":false,"children":[0,1,2,3,4,5,6,7,8,9,10,11,12,13,14]},{"name":"group","origin":[10,20.65,8],"color":0,"nbt":"{}","armAnimationEnabled":false,"children":[15,16,17,18,19,20,21,22,23,24,25,26,27,28,29,30,31,32,33]}]}