{"credit":"Made with Blockbench","texture_size":[128,128],"textures":{"2":"hmcmodels:furniture/dungeon_decorations_2/dungeon_fence_tall"},"elements":[{"from":[-15,-14,5],"to":[-9,-9,11],"rotation":{"angle":0,"axis":"y","origin":[16,0,16]},"faces":{"north":{"uv":[5.125,3.75,5.875,4.375],"texture":"#2"},"east":{"uv":[5.125,4.375,5.875,5],"texture":"#2"},"south":{"uv":[5.125,5,5.875,5.625],"texture":"#2"},"west":{"uv":[4.625,5.625,5.375,6.25],"texture":"#2"},"up":{"uv":[5.875,1.5,5.125,0.75],"texture":"#2"},"down":{"uv":[5.875,1.5,5.125,2.25],"texture":"#2"}}},{"from":[-16,-16,4],"to":[-8,-14,12],"rotation":{"angle":0,"axis":"y","origin":[16,0,16]},"faces":{"north":{"uv":[5.875,2.625,6.875,2.875],"texture":"#2"},"east":{"uv":[5.875,2.875,6.875,3.125],"texture":"#2"},"south":{"uv":[5.875,3.125,6.875,3.375],"texture":"#2"},"west":{"uv":[5.875,3.375,6.875,3.625],"texture":"#2"},"up":{"uv":[1,4.75,0,3.75],"texture":"#2"},"down":{"uv":[2,3.75,1,4.75],"texture":"#2"}}},{"from":[24,-16,4],"to":[32,-14,12],"rotation":{"angle":0,"axis":"y","origin":[0,0,16]},"faces":{"north":{"uv":[5.875,3.625,6.875,3.875],"texture":"#2"},"east":{"uv":[5.875,3.875,6.875,4.125],"texture":"#2"},"south":{"uv":[5.875,4.125,6.875,4.375],"texture":"#2"},"west":{"uv":[5.875,4.375,6.875,4.625],"texture":"#2"},"up":{"uv":[3,4.75,2,3.75],"texture":"#2"},"down":{"uv":[4,3.75,3,4.75],"texture":"#2"}}},{"from":[25,-14,5],"to":[31,-9,11],"rotation":{"angle":0,"axis":"y","origin":[0,0,16]},"faces":{"north":{"uv":[5.375,5.625,6.125,6.25],"texture":"#2"},"east":{"uv":[5.875,0.75,6.625,1.375],"texture":"#2"},"south":{"uv":[5.875,1.375,6.625,2],"texture":"#2"},"west":{"uv":[5.875,2,6.625,2.625],"texture":"#2"},"up":{"uv":[5.875,3,5.125,2.25],"texture":"#2"},"down":{"uv":[5.875,3,5.125,3.75],"texture":"#2"}}},{"from":[-9,-14,6],"to":[25,-11,10],"faces":{"north":{"uv":[0,2.5,4.25,2.875],"texture":"#2"},"east":{"uv":[4.625,7.5,5.125,7.875],"texture":"#2"},"south":{"uv":[0,2.875,4.25,3.25],"texture":"#2"},"west":{"uv":[5.125,7.5,5.625,7.875],"texture":"#2"},"up":{"uv":[4.25,2,0,1.5],"texture":"#2"},"down":{"uv":[4.25,2,0,2.5],"texture":"#2"}}},{"from":[-8,-16,5],"to":[24,-14,11],"faces":{"north":{"uv":[0,3.25,4,3.5],"texture":"#2"},"east":{"uv":[7.625,2.625,8.375,2.875],"texture":"#2"},"south":{"uv":[0,3.5,4,3.75],"texture":"#2"},"west":{"uv":[7.625,2.875,8.375,3.125],"texture":"#2"},"up":{"uv":[4,0.75,0,0],"texture":"#2"},"down":{"uv":[4,0.75,0,1.5],"texture":"#2"}}},{"from":[-12.5,-9,7.5],"to":[-11.5,29,8.5],"faces":{"north":{"uv":[3.625,4.75,3.75,9.5],"texture":"#2"},"east":{"uv":[3.75,4.75,3.875,9.5],"texture":"#2"},"south":{"uv":[3.875,4.75,4,9.5],"texture":"#2"},"west":{"uv":[4.875,0.75,5,5.5],"texture":"#2"},"up":{"uv":[4.125,0.125,4,0],"texture":"#2"},"down":{"uv":[4.125,0.125,4,0.25],"texture":"#2"}}},{"from":[-13.5,27,8],"to":[-10.5,32,8],"rotation":{"angle":-45,"axis":"y","origin":[-12,29.5,8]},"faces":{"north":{"uv":[5.875,4.625,6.25,5.25],"texture":"#2"},"east":{"uv":[0,0,0,0.625],"texture":"#2"},"south":{"uv":[6.125,5.25,6.5,5.875],"texture":"#2"},"west":{"uv":[0,0,0,0.625],"texture":"#2"},"up":{"uv":[0.375,0,0,0],"texture":"#2"},"down":{"uv":[0.375,0,0,0],"texture":"#2"}}},{"from":[-13.5,27,8],"to":[-10.5,32,8],"rotation":{"angle":45,"axis":"y","origin":[-12,29.5,8]},"faces":{"north":{"uv":[6.125,5.875,6.5,6.5],"texture":"#2"},"east":{"uv":[0,0,0,0.625],"texture":"#2"},"south":{"uv":[4.625,6.25,5,6.875],"texture":"#2"},"west":{"uv":[0,0,0,0.625],"texture":"#2"},"up":{"uv":[0.375,0,0,0],"texture":"#2"},"down":{"uv":[0.375,0,0,0],"texture":"#2"}}},{"from":[27.5,-9,7.5],"to":[28.5,29,8.5],"rotation":{"angle":0,"axis":"y","origin":[40,0,0]},"faces":{"north":{"uv":[5,0.75,5.125,5.5],"texture":"#2"},"east":{"uv":[4.25,5,4.375,9.75],"texture":"#2"},"south":{"uv":[4.375,5,4.5,9.75],"texture":"#2"},"west":{"uv":[4.5,5,4.625,9.75],"texture":"#2"},"up":{"uv":[4.125,1.375,4,1.25],"texture":"#2"},"down":{"uv":[4.125,1.375,4,1.5],"texture":"#2"}}},{"from":[26.5,27,8],"to":[29.5,32,8],"rotation":{"angle":-45,"axis":"y","origin":[28,29.5,8]},"faces":{"north":{"uv":[5.375,6.875,5.75,7.5],"texture":"#2"},"east":{"uv":[0,0,0,0.625],"texture":"#2"},"south":{"uv":[5.75,6.875,6.125,7.5],"texture":"#2"},"west":{"uv":[0,0,0,0.625],"texture":"#2"},"up":{"uv":[0.375,0,0,0],"texture":"#2"},"down":{"uv":[0.375,0,0,0],"texture":"#2"}}},{"from":[26.5,27,8],"to":[29.5,32,8],"rotation":{"angle":45,"axis":"y","origin":[28,29.5,8]},"faces":{"north":{"uv":[5,6.875,5.375,7.5],"texture":"#2"},"east":{"uv":[0,0,0,0.625],"texture":"#2"},"south":{"uv":[6.875,5.25,7.25,5.875],"texture":"#2"},"west":{"uv":[0,0,0,0.625],"texture":"#2"},"up":{"uv":[0.375,0,0,0],"texture":"#2"},"down":{"uv":[0.375,0,0,0],"texture":"#2"}}},{"from":[-8.5,-11,7.5],"to":[-7.5,29,8.5],"rotation":{"angle":0,"axis":"y","origin":[4,0,0]},"faces":{"north":{"uv":[4,3.25,4.125,8.25],"texture":"#2"},"east":{"uv":[4.125,3.25,4.25,8.25],"texture":"#2"},"south":{"uv":[4.25,0,4.375,5],"texture":"#2"},"west":{"uv":[4.375,0,4.5,5],"texture":"#2"},"up":{"uv":[4.125,0.375,4,0.25],"texture":"#2"},"down":{"uv":[4.125,0.375,4,0.5],"texture":"#2"}}},{"from":[-9.5,27,8],"to":[-6.5,32,8],"rotation":{"angle":-45,"axis":"y","origin":[-8,29.5,8]},"faces":{"north":{"uv":[5.375,6.25,5.75,6.875],"texture":"#2"},"east":{"uv":[0,0,0,0.625],"texture":"#2"},"south":{"uv":[5.75,6.25,6.125,6.875],"texture":"#2"},"west":{"uv":[0,0,0,0.625],"texture":"#2"},"up":{"uv":[0.375,0,0,0],"texture":"#2"},"down":{"uv":[0.375,0,0,0],"texture":"#2"}}},{"from":[-9.5,27,8],"to":[-6.5,32,8],"rotation":{"angle":45,"axis":"y","origin":[-8,29.5,8]},"faces":{"north":{"uv":[6.25,4.625,6.625,5.25],"texture":"#2"},"east":{"uv":[0,0,0,0.625],"texture":"#2"},"south":{"uv":[5,6.25,5.375,6.875],"texture":"#2"},"west":{"uv":[0,0,0,0.625],"texture":"#2"},"up":{"uv":[0.375,0,0,0],"texture":"#2"},"down":{"uv":[0.375,0,0,0],"texture":"#2"}}},{"from":[-5.5,27,8],"to":[-2.5,32,8],"rotation":{"angle":45,"axis":"y","origin":[-4,29.5,8]},"faces":{"north":{"uv":[6.125,6.5,6.5,7.125],"texture":"#2"},"east":{"uv":[0,0,0,0.625],"texture":"#2"},"south":{"uv":[6.5,6.5,6.875,7.125],"texture":"#2"},"west":{"uv":[0,0,0,0.625],"texture":"#2"},"up":{"uv":[0.375,0,0,0],"texture":"#2"},"down":{"uv":[0.375,0,0,0],"texture":"#2"}}},{"from":[-5.5,27,8],"to":[-2.5,32,8],"rotation":{"angle":-45,"axis":"y","origin":[-4,29.5,8]},"faces":{"north":{"uv":[6.5,5.25,6.875,5.875],"texture":"#2"},"east":{"uv":[0,0,0,0.625],"texture":"#2"},"south":{"uv":[6.5,5.875,6.875,6.5],"texture":"#2"},"west":{"uv":[0,0,0,0.625],"texture":"#2"},"up":{"uv":[0.375,0,0,0],"texture":"#2"},"down":{"uv":[0.375,0,0,0],"texture":"#2"}}},{"from":[-4.5,-11,7.5],"to":[-3.5,29,8.5],"rotation":{"angle":0,"axis":"y","origin":[8,0,0]},"faces":{"north":{"uv":[4.5,0,4.625,5],"texture":"#2"},"east":{"uv":[4.625,0,4.75,5],"texture":"#2"},"south":{"uv":[0,4.75,0.125,9.75],"texture":"#2"},"west":{"uv":[4.75,0,4.875,5],"texture":"#2"},"up":{"uv":[4.125,0.625,4,0.5],"texture":"#2"},"down":{"uv":[4.125,0.625,4,0.75],"texture":"#2"}}},{"from":[-1.5,27,8],"to":[1.5,32,8],"rotation":{"angle":45,"axis":"y","origin":[0,29.5,8]},"faces":{"north":{"uv":[6.875,3.875,7.25,4.5],"texture":"#2"},"east":{"uv":[0,0,0,0.625],"texture":"#2"},"south":{"uv":[4.625,6.875,5,7.5],"texture":"#2"},"west":{"uv":[0,0,0,0.625],"texture":"#2"},"up":{"uv":[0.375,0,0,0],"texture":"#2"},"down":{"uv":[0.375,0,0,0],"texture":"#2"}}},{"from":[-1.5,27,8],"to":[1.5,32,8],"rotation":{"angle":-45,"axis":"y","origin":[0,29.5,8]},"faces":{"north":{"uv":[6.875,2.625,7.25,3.25],"texture":"#2"},"east":{"uv":[0,0,0,0.625],"texture":"#2"},"south":{"uv":[6.875,3.25,7.25,3.875],"texture":"#2"},"west":{"uv":[0,0,0,0.625],"texture":"#2"},"up":{"uv":[0.375,0,0,0],"texture":"#2"},"down":{"uv":[0.375,0,0,0],"texture":"#2"}}},{"from":[-0.5,-11,7.5],"to":[0.5,29,8.5],"rotation":{"angle":0,"axis":"y","origin":[12,0,0]},"faces":{"north":{"uv":[0.625,4.75,0.75,9.75],"texture":"#2"},"east":{"uv":[0.75,4.75,0.875,9.75],"texture":"#2"},"south":{"uv":[0.875,4.75,1,9.75],"texture":"#2"},"west":{"uv":[1,4.75,1.125,9.75],"texture":"#2"},"up":{"uv":[4.125,1.125,4,1],"texture":"#2"},"down":{"uv":[4.125,1.125,4,1.25],"texture":"#2"}}},{"from":[3.5,-11,7.5],"to":[4.5,29,8.5],"rotation":{"angle":0,"axis":"y","origin":[16,0,0]},"faces":{"north":{"uv":[0.125,4.75,0.25,9.75],"texture":"#2"},"east":{"uv":[0.25,4.75,0.375,9.75],"texture":"#2"},"south":{"uv":[0.375,4.75,0.5,9.75],"texture":"#2"},"west":{"uv":[0.5,4.75,0.625,9.75],"texture":"#2"},"up":{"uv":[4.125,0.875,4,0.75],"texture":"#2"},"down":{"uv":[4.125,0.875,4,1],"texture":"#2"}}},{"from":[2.5,27,8],"to":[5.5,32,8],"rotation":{"angle":-45,"axis":"y","origin":[4,29.5,8]},"faces":{"north":{"uv":[6.625,2,7,2.625],"texture":"#2"},"east":{"uv":[0,0,0,0.625],"texture":"#2"},"south":{"uv":[6.625,4.625,7,5.25],"texture":"#2"},"west":{"uv":[0,0,0,0.625],"texture":"#2"},"up":{"uv":[0.375,0,0,0],"texture":"#2"},"down":{"uv":[0.375,0,0,0],"texture":"#2"}}},{"from":[2.5,27,8],"to":[5.5,32,8],"rotation":{"angle":45,"axis":"y","origin":[4,29.5,8]},"faces":{"north":{"uv":[6.625,0.75,7,1.375],"texture":"#2"},"east":{"uv":[0,0,0,0.625],"texture":"#2"},"south":{"uv":[6.625,1.375,7,2],"texture":"#2"},"west":{"uv":[0,0,0,0.625],"texture":"#2"},"up":{"uv":[0.375,0,0,0],"texture":"#2"},"down":{"uv":[0.375,0,0,0],"texture":"#2"}}},{"from":[6.5,27,8],"to":[9.5,32,8],"rotation":{"angle":45,"axis":"y","origin":[8,29.5,8]},"faces":{"north":{"uv":[7.375,2,7.75,2.625],"texture":"#2"},"east":{"uv":[0,0,0,0.625],"texture":"#2"},"south":{"uv":[7.375,4.5,7.75,5.125],"texture":"#2"},"west":{"uv":[0,0,0,0.625],"texture":"#2"},"up":{"uv":[0.375,0,0,0],"texture":"#2"},"down":{"uv":[0.375,0,0,0],"texture":"#2"}}},{"from":[6.5,27,8],"to":[9.5,32,8],"rotation":{"angle":-45,"axis":"y","origin":[8,29.5,8]},"faces":{"north":{"uv":[7.375,0.75,7.75,1.375],"texture":"#2"},"east":{"uv":[0,0,0,0.625],"texture":"#2"},"south":{"uv":[7.375,1.375,7.75,2],"texture":"#2"},"west":{"uv":[0,0,0,0.625],"texture":"#2"},"up":{"uv":[0.375,0,0,0],"texture":"#2"},"down":{"uv":[0.375,0,0,0],"texture":"#2"}}},{"from":[7.5,-11,7.5],"to":[8.5,29,8.5],"rotation":{"angle":0,"axis":"y","origin":[20,0,0]},"faces":{"north":{"uv":[3.125,4.75,3.25,9.75],"texture":"#2"},"east":{"uv":[3.25,4.75,3.375,9.75],"texture":"#2"},"south":{"uv":[3.375,4.75,3.5,9.75],"texture":"#2"},"west":{"uv":[3.5,4.75,3.625,9.75],"texture":"#2"},"up":{"uv":[4.25,1.125,4.125,1],"texture":"#2"},"down":{"uv":[4.25,1.125,4.125,1.25],"texture":"#2"}}},{"from":[10.5,27,8],"to":[13.5,32,8],"rotation":{"angle":45,"axis":"y","origin":[12,29.5,8]},"faces":{"north":{"uv":[7.25,6.375,7.625,7],"texture":"#2"},"east":{"uv":[0,0,0,0.625],"texture":"#2"},"south":{"uv":[7.25,7,7.625,7.625],"texture":"#2"},"west":{"uv":[0,0,0,0.625],"texture":"#2"},"up":{"uv":[0.375,0,0,0],"texture":"#2"},"down":{"uv":[0.375,0,0,0],"texture":"#2"}}},{"from":[10.5,27,8],"to":[13.5,32,8],"rotation":{"angle":-45,"axis":"y","origin":[12,29.5,8]},"faces":{"north":{"uv":[7.25,5.125,7.625,5.75],"texture":"#2"},"east":{"uv":[0,0,0,0.625],"texture":"#2"},"south":{"uv":[7.25,5.75,7.625,6.375],"texture":"#2"},"west":{"uv":[0,0,0,0.625],"texture":"#2"},"up":{"uv":[0.375,0,0,0],"texture":"#2"},"down":{"uv":[0.375,0,0,0],"texture":"#2"}}},{"from":[11.5,-11,7.5],"to":[12.5,29,8.5],"rotation":{"angle":0,"axis":"y","origin":[24,0,0]},"faces":{"north":{"uv":[2.625,4.75,2.75,9.75],"texture":"#2"},"east":{"uv":[2.75,4.75,2.875,9.75],"texture":"#2"},"south":{"uv":[2.875,4.75,3,9.75],"texture":"#2"},"west":{"uv":[3,4.75,3.125,9.75],"texture":"#2"},"up":{"uv":[4.25,0.875,4.125,0.75],"texture":"#2"},"down":{"uv":[4.25,0.875,4.125,1],"texture":"#2"}}},{"from":[15.5,-11,7.5],"to":[16.5,29,8.5],"rotation":{"angle":0,"axis":"y","origin":[28,0,0]},"faces":{"north":{"uv":[2.125,4.75,2.25,9.75],"texture":"#2"},"east":{"uv":[2.25,4.75,2.375,9.75],"texture":"#2"},"south":{"uv":[2.375,4.75,2.5,9.75],"texture":"#2"},"west":{"uv":[2.5,4.75,2.625,9.75],"texture":"#2"},"up":{"uv":[4.25,0.625,4.125,0.5],"texture":"#2"},"down":{"uv":[4.25,0.625,4.125,0.75],"texture":"#2"}}},{"from":[14.5,27,8],"to":[17.5,32,8],"rotation":{"angle":-45,"axis":"y","origin":[16,29.5,8]},"faces":{"north":{"uv":[7.25,3.25,7.625,3.875],"texture":"#2"},"east":{"uv":[0,0,0,0.625],"texture":"#2"},"south":{"uv":[7.25,3.875,7.625,4.5],"texture":"#2"},"west":{"uv":[0,0,0,0.625],"texture":"#2"},"up":{"uv":[0.375,0,0,0],"texture":"#2"},"down":{"uv":[0.375,0,0,0],"texture":"#2"}}},{"from":[14.5,27,8],"to":[17.5,32,8],"rotation":{"angle":45,"axis":"y","origin":[16,29.5,8]},"faces":{"north":{"uv":[6.875,7.125,7.25,7.75],"texture":"#2"},"east":{"uv":[0,0,0,0.625],"texture":"#2"},"south":{"uv":[7.25,2.625,7.625,3.25],"texture":"#2"},"west":{"uv":[0,0,0,0.625],"texture":"#2"},"up":{"uv":[0.375,0,0,0],"texture":"#2"},"down":{"uv":[0.375,0,0,0],"texture":"#2"}}},{"from":[22.5,27,8],"to":[25.5,32,8],"rotation":{"angle":45,"axis":"y","origin":[24,29.5,8]},"faces":{"north":{"uv":[6.125,7.125,6.5,7.75],"texture":"#2"},"east":{"uv":[0,0,0,0.625],"texture":"#2"},"south":{"uv":[6.5,7.125,6.875,7.75],"texture":"#2"},"west":{"uv":[0,0,0,0.625],"texture":"#2"},"up":{"uv":[0.375,0,0,0],"texture":"#2"},"down":{"uv":[0.375,0,0,0],"texture":"#2"}}},{"from":[22.5,27,8],"to":[25.5,32,8],"rotation":{"angle":-45,"axis":"y","origin":[24,29.5,8]},"faces":{"north":{"uv":[7,2,7.375,2.625],"texture":"#2"},"east":{"uv":[0,0,0,0.625],"texture":"#2"},"south":{"uv":[7,4.5,7.375,5.125],"texture":"#2"},"west":{"uv":[0,0,0,0.625],"texture":"#2"},"up":{"uv":[0.375,0,0,0],"texture":"#2"},"down":{"uv":[0.375,0,0,0],"texture":"#2"}}},{"from":[23.5,-11,7.5],"to":[24.5,29,8.5],"rotation":{"angle":0,"axis":"y","origin":[36,0,0]},"faces":{"north":{"uv":[1.625,4.75,1.75,9.75],"texture":"#2"},"east":{"uv":[1.75,4.75,1.875,9.75],"texture":"#2"},"south":{"uv":[1.875,4.75,2,9.75],"texture":"#2"},"west":{"uv":[2,4.75,2.125,9.75],"texture":"#2"},"up":{"uv":[4.25,0.375,4.125,0.25],"texture":"#2"},"down":{"uv":[4.25,0.375,4.125,0.5],"texture":"#2"}}},{"from":[19.5,-11,7.5],"to":[20.5,29,8.5],"rotation":{"angle":0,"axis":"y","origin":[32,0,0]},"faces":{"north":{"uv":[1.125,4.75,1.25,9.75],"texture":"#2"},"east":{"uv":[1.25,4.75,1.375,9.75],"texture":"#2"},"south":{"uv":[1.375,4.75,1.5,9.75],"texture":"#2"},"west":{"uv":[1.5,4.75,1.625,9.75],"texture":"#2"},"up":{"uv":[4.25,0.125,4.125,0],"texture":"#2"},"down":{"uv":[4.25,0.125,4.125,0.25],"texture":"#2"}}},{"from":[18.5,27,8],"to":[21.5,32,8],"rotation":{"angle":-45,"axis":"y","origin":[20,29.5,8]},"faces":{"north":{"uv":[7,0.75,7.375,1.375],"texture":"#2"},"east":{"uv":[0,0,0,0.625],"texture":"#2"},"south":{"uv":[7,1.375,7.375,2],"texture":"#2"},"west":{"uv":[0,0,0,0.625],"texture":"#2"},"up":{"uv":[0.375,0,0,0],"texture":"#2"},"down":{"uv":[0.375,0,0,0],"texture":"#2"}}},{"from":[18.5,27,8],"to":[21.5,32,8],"rotation":{"angle":45,"axis":"y","origin":[20,29.5,8]},"faces":{"north":{"uv":[6.875,5.875,7.25,6.5],"texture":"#2"},"east":{"uv":[0,0,0,0.625],"texture":"#2"},"south":{"uv":[6.875,6.5,7.25,7.125],"texture":"#2"},"west":{"uv":[0,0,0,0.625],"texture":"#2"},"up":{"uv":[0.375,0,0,0],"texture":"#2"},"down":{"uv":[0.375,0,0,0],"texture":"#2"}}},{"from":[-12,19,8],"to":[28,20,8],"faces":{"north":{"uv":[4.875,0.25,9.875,0.375],"texture":"#2"},"east":{"uv":[0,0,0,0.125],"texture":"#2"},"south":{"uv":[4.875,0.375,9.875,0.5],"texture":"#2"},"west":{"uv":[0,0,0,0.125],"texture":"#2"},"up":{"uv":[5,0,0,0],"texture":"#2"},"down":{"uv":[5,0,0,0],"texture":"#2"}}},{"from":[-12,10,8],"to":[28,11,8],"faces":{"north":{"uv":[4.875,0.5,9.875,0.625],"texture":"#2"},"east":{"uv":[0,0,0,0.125],"texture":"#2"},"south":{"uv":[4.875,0.625,9.875,0.75],"texture":"#2"},"west":{"uv":[0,0,0,0.125],"texture":"#2"},"up":{"uv":[5,0,0,0],"texture":"#2"},"down":{"uv":[5,0,0,0],"texture":"#2"}}},{"from":[-12,-8,8],"to":[28,-7,8],"faces":{"north":{"uv":[4.875,0.5,9.875,0.625],"texture":"#2"},"east":{"uv":[0,0,0,0.125],"texture":"#2"},"south":{"uv":[4.875,0.625,9.875,0.75],"texture":"#2"},"west":{"uv":[0,0,0,0.125],"texture":"#2"},"up":{"uv":[5,0,0,0],"texture":"#2"},"down":{"uv":[5,0,0,0],"texture":"#2"}}},{"from":[-12,1,8],"to":[28,2,8],"faces":{"north":{"uv":[4.875,0.25,9.875,0.375],"texture":"#2"},"east":{"uv":[0,0,0,0.125],"texture":"#2"},"south":{"uv":[4.875,0.375,9.875,0.5],"texture":"#2"},"west":{"uv":[0,0,0,0.125],"texture":"#2"},"up":{"uv":[5,0,0,0],"texture":"#2"},"down":{"uv":[5,0,0,0],"texture":"#2"}}},{"from":[-12,25,8],"to":[28,26,8],"faces":{"north":{"uv":[4.875,0,9.875,0.125],"texture":"#2"},"east":{"uv":[0,0,0,0.125],"texture":"#2"},"south":{"uv":[4.875,0.125,9.875,0.25],"texture":"#2"},"west":{"uv":[0,0,0,0.125],"texture":"#2"},"up":{"uv":[5,0,0,0],"texture":"#2"},"down":{"uv":[5,0,0,0],"texture":"#2"}}}],"display":{"thirdperson_righthand":{"rotation":[75,45,0],"translation":[0,2.5,0],"scale":[0.375,0.375,0.375]},"thirdperson_lefthand":{"rotation":[75,45,0],"translation":[0,2.5,0],"scale":[0.375,0.375,0.375]},"firstperson_righthand":{"rotation":[0,45,0],"scale":[0.4,0.4,0.4]},"firstperson_lefthand":{"rotation":[0,225,0],"scale":[0.4,0.4,0.4]},"ground":{"translation":[0,3,0],"scale":[0.25,0.25,0.25]},"gui":{"rotation":[30,225,0],"translation":[0,0.25,0],"scale":[0.25,0.25,0.25]},"fixed":{"rotation":[-90.5,0,0],"translation":[0,0,-48],"scale":[2,2,2]}}}