{"credit":"Made with Blockbench","texture_size":[64,64],"textures":{"2":"hmcmodels:furniture/dungeon_decorations_2/dungeon_spikes"},"elements":[{"from":[0.5,11,2],"to":[3.5,16,2],"rotation":{"angle":45,"axis":"y","origin":[2,16.5,2]},"faces":{"north":{"uv":[4.5,5.25,5.25,6.5],"texture":"#2"},"east":{"uv":[0,0,0,1.25],"texture":"#2"},"south":{"uv":[5.25,5,6,6.25],"texture":"#2"},"west":{"uv":[0,0,0,1.25],"texture":"#2"},"up":{"uv":[0.75,0,0,0],"texture":"#2"},"down":{"uv":[0.75,0,0,0],"texture":"#2"}}},{"from":[0.5,11,2],"to":[3.5,16,2],"rotation":{"angle":-45,"axis":"y","origin":[2,13.5,2]},"faces":{"north":{"uv":[4.75,2.5,5.5,3.75],"texture":"#2"},"east":{"uv":[0,0,0,1.25],"texture":"#2"},"south":{"uv":[5.25,3.75,6,5],"texture":"#2"},"west":{"uv":[0,0,0,1.25],"texture":"#2"},"up":{"uv":[0.75,0,0,0],"texture":"#2"},"down":{"uv":[0.75,0,0,0],"texture":"#2"}}},{"from":[1.5,0,1.5],"to":[2.5,13,2.5],"rotation":{"angle":0,"axis":"y","origin":[14,-16,-6]},"faces":{"north":{"uv":[1.5,4.5,1.75,7.75],"texture":"#2"},"east":{"uv":[1.75,4.5,2,7.75],"texture":"#2"},"south":{"uv":[8.5,0,8.75,3.25],"texture":"#2"},"west":{"uv":[8.75,0,9,3.25],"texture":"#2"},"up":{"uv":[1.75,8,1.5,7.75],"texture":"#2"},"down":{"uv":[2,7.75,1.75,8],"texture":"#2"}}},{"from":[5.5,0,1.5],"to":[6.5,16,2.5],"rotation":{"angle":0,"axis":"y","origin":[18,-13,-6]},"faces":{"north":{"uv":[2,0,2.25,4],"texture":"#2"},"east":{"uv":[2.25,0,2.5,4],"texture":"#2"},"south":{"uv":[2.5,0,2.75,4],"texture":"#2"},"west":{"uv":[2.75,0,3,4],"texture":"#2"},"up":{"uv":[5,4,4.75,3.75],"texture":"#2"},"down":{"uv":[5.25,3.75,5,4],"texture":"#2"}}},{"from":[4.5,14,2],"to":[7.5,19,2],"rotation":{"angle":-45,"axis":"y","origin":[6,16.5,2]},"faces":{"north":{"uv":[4.75,0,5.5,1.25],"texture":"#2"},"east":{"uv":[0,0,0,1.25],"texture":"#2"},"south":{"uv":[4.75,1.25,5.5,2.5],"texture":"#2"},"west":{"uv":[0,0,0,1.25],"texture":"#2"},"up":{"uv":[0.75,0,0,0],"texture":"#2"},"down":{"uv":[0.75,0,0,0],"texture":"#2"}}},{"from":[4.5,14,2],"to":[7.5,19,2],"rotation":{"angle":45,"axis":"y","origin":[6,16.5,2]},"faces":{"north":{"uv":[0.75,4.5,1.5,5.75],"texture":"#2"},"east":{"uv":[0,0,0,1.25],"texture":"#2"},"south":{"uv":[4.5,4,5.25,5.25],"texture":"#2"},"west":{"uv":[0,0,0,1.25],"texture":"#2"},"up":{"uv":[0.75,0,0,0],"texture":"#2"},"down":{"uv":[0.75,0,0,0],"texture":"#2"}}},{"from":[8.5,14,2],"to":[11.5,19,2],"rotation":{"angle":45,"axis":"y","origin":[10,16.5,2]},"faces":{"north":{"uv":[6.25,0,7,1.25],"texture":"#2"},"east":{"uv":[0,0,0,1.25],"texture":"#2"},"south":{"uv":[6.25,1.25,7,2.5],"texture":"#2"},"west":{"uv":[0,0,0,1.25],"texture":"#2"},"up":{"uv":[0.75,0,0,0],"texture":"#2"},"down":{"uv":[0.75,0,0,0],"texture":"#2"}}},{"from":[8.5,14,2],"to":[11.5,19,2],"rotation":{"angle":-45,"axis":"y","origin":[10,16.5,2]},"faces":{"north":{"uv":[6,3.75,6.75,5],"texture":"#2"},"east":{"uv":[0,0,0,1.25],"texture":"#2"},"south":{"uv":[6,5,6.75,6.25],"texture":"#2"},"west":{"uv":[0,0,0,1.25],"texture":"#2"},"up":{"uv":[0.75,0,0,0],"texture":"#2"},"down":{"uv":[0.75,0,0,0],"texture":"#2"}}},{"from":[9.5,0,1.5],"to":[10.5,16,2.5],"rotation":{"angle":0,"axis":"y","origin":[22,-13,-6]},"faces":{"north":{"uv":[3,0,3.25,4],"texture":"#2"},"east":{"uv":[3.25,0,3.5,4],"texture":"#2"},"south":{"uv":[3.5,0,3.75,4],"texture":"#2"},"west":{"uv":[3.75,0,4,4],"texture":"#2"},"up":{"uv":[9,3.5,8.75,3.25],"texture":"#2"},"down":{"uv":[9,3.5,8.75,3.75],"texture":"#2"}}},{"from":[12.5,11,2],"to":[15.5,16,2],"rotation":{"angle":45,"axis":"y","origin":[14,13.5,2]},"faces":{"north":{"uv":[5.5,2.5,6.25,3.75],"texture":"#2"},"east":{"uv":[0,0,0,1.25],"texture":"#2"},"south":{"uv":[0.75,5.75,1.5,7],"texture":"#2"},"west":{"uv":[0,0,0,1.25],"texture":"#2"},"up":{"uv":[0.75,0,0,0],"texture":"#2"},"down":{"uv":[0.75,0,0,0],"texture":"#2"}}},{"from":[12.5,11,2],"to":[15.5,16,2],"rotation":{"angle":-45,"axis":"y","origin":[14,13.5,2]},"faces":{"north":{"uv":[5.5,0,6.25,1.25],"texture":"#2"},"east":{"uv":[0,0,0,1.25],"texture":"#2"},"south":{"uv":[5.5,1.25,6.25,2.5],"texture":"#2"},"west":{"uv":[0,0,0,1.25],"texture":"#2"},"up":{"uv":[0.75,0,0,0],"texture":"#2"},"down":{"uv":[0.75,0,0,0],"texture":"#2"}}},{"from":[13.5,0,1.5],"to":[14.5,13,2.5],"rotation":{"angle":0,"axis":"y","origin":[26,-16,-6]},"faces":{"north":{"uv":[5.25,8.75,5.5,12],"texture":"#2"},"east":{"uv":[5.5,8.75,5.75,12],"texture":"#2"},"south":{"uv":[5.75,8.75,6,12],"texture":"#2"},"west":{"uv":[6,8.75,6.25,12],"texture":"#2"},"up":{"uv":[8.75,3.5,8.5,3.25],"texture":"#2"},"down":{"uv":[8.75,3.5,8.5,3.75],"texture":"#2"}}},{"from":[4.5,16,8],"to":[7.5,21,8],"rotation":{"angle":45,"axis":"y","origin":[6,18.5,8]},"faces":{"north":{"uv":[6,7.5,6.75,8.75],"texture":"#2"},"east":{"uv":[0,0,0,1.25],"texture":"#2"},"south":{"uv":[7.5,6.25,8.25,7.5],"texture":"#2"},"west":{"uv":[0,0,0,1.25],"texture":"#2"},"up":{"uv":[0.75,0,0,0],"texture":"#2"},"down":{"uv":[0.75,0,0,0],"texture":"#2"}}},{"from":[4.5,16,8],"to":[7.5,21,8],"rotation":{"angle":-45,"axis":"y","origin":[6,18.5,8]},"faces":{"north":{"uv":[7.5,5,8.25,6.25],"texture":"#2"},"east":{"uv":[0,0,0,1.25],"texture":"#2"},"south":{"uv":[5.25,7.5,6,8.75],"texture":"#2"},"west":{"uv":[0,0,0,1.25],"texture":"#2"},"up":{"uv":[0.75,0,0,0],"texture":"#2"},"down":{"uv":[0.75,0,0,0],"texture":"#2"}}},{"from":[5.5,0,7.5],"to":[6.5,18,8.5],"rotation":{"angle":0,"axis":"y","origin":[18,-11,0]},"faces":{"north":{"uv":[1,0,1.25,4.5],"texture":"#2"},"east":{"uv":[1.25,0,1.5,4.5],"texture":"#2"},"south":{"uv":[1.5,0,1.75,4.5],"texture":"#2"},"west":{"uv":[1.75,0,2,4.5],"texture":"#2"},"up":{"uv":[9.25,1,9,0.75],"texture":"#2"},"down":{"uv":[9.25,1,9,1.25],"texture":"#2"}}},{"from":[1.5,0,7.5],"to":[2.5,16,8.5],"rotation":{"angle":0,"axis":"y","origin":[14,-13,0]},"faces":{"north":{"uv":[2.75,4,3,8],"texture":"#2"},"east":{"uv":[3,4,3.25,8],"texture":"#2"},"south":{"uv":[3.25,4,3.5,8],"texture":"#2"},"west":{"uv":[3.5,4,3.75,8],"texture":"#2"},"up":{"uv":[9.25,0.5,9,0.25],"texture":"#2"},"down":{"uv":[9.25,0.5,9,0.75],"texture":"#2"}}},{"from":[0.5,14,8],"to":[3.5,19,8],"rotation":{"angle":-45,"axis":"y","origin":[2,16.5,8]},"faces":{"north":{"uv":[7,2.5,7.75,3.75],"texture":"#2"},"east":{"uv":[0,0,0,1.25],"texture":"#2"},"south":{"uv":[7.5,3.75,8.25,5],"texture":"#2"},"west":{"uv":[0,0,0,1.25],"texture":"#2"},"up":{"uv":[0.75,0,0,0],"texture":"#2"},"down":{"uv":[0.75,0,0,0],"texture":"#2"}}},{"from":[0.5,14,8],"to":[3.5,19,8],"rotation":{"angle":45,"axis":"y","origin":[2,16.5,8]},"faces":{"north":{"uv":[0.75,7,1.5,8.25],"texture":"#2"},"east":{"uv":[0,0,0,1.25],"texture":"#2"},"south":{"uv":[7,1.25,7.75,2.5],"texture":"#2"},"west":{"uv":[0,0,0,1.25],"texture":"#2"},"up":{"uv":[0.75,0,0,0],"texture":"#2"},"down":{"uv":[0.75,0,0,0],"texture":"#2"}}},{"from":[13.5,0,7.5],"to":[14.5,16,8.5],"rotation":{"angle":0,"axis":"y","origin":[26,-13,0]},"faces":{"north":{"uv":[4,0,4.25,4],"texture":"#2"},"east":{"uv":[2,4,2.25,8],"texture":"#2"},"south":{"uv":[2.25,4,2.5,8],"texture":"#2"},"west":{"uv":[2.5,4,2.75,8],"texture":"#2"},"up":{"uv":[9,9,8.75,8.75],"texture":"#2"},"down":{"uv":[9.25,0,9,0.25],"texture":"#2"}}},{"from":[12.5,14,8],"to":[15.5,19,8],"rotation":{"angle":-45,"axis":"y","origin":[14,16.5,8]},"faces":{"north":{"uv":[6.75,6.25,7.5,7.5],"texture":"#2"},"east":{"uv":[0,0,0,1.25],"texture":"#2"},"south":{"uv":[7,0,7.75,1.25],"texture":"#2"},"west":{"uv":[0,0,0,1.25],"texture":"#2"},"up":{"uv":[0.75,0,0,0],"texture":"#2"},"down":{"uv":[0.75,0,0,0],"texture":"#2"}}},{"from":[12.5,14,8],"to":[15.5,19,8],"rotation":{"angle":45,"axis":"y","origin":[14,16.5,8]},"faces":{"north":{"uv":[6.75,3.75,7.5,5],"texture":"#2"},"east":{"uv":[0,0,0,1.25],"texture":"#2"},"south":{"uv":[6.75,5,7.5,6.25],"texture":"#2"},"west":{"uv":[0,0,0,1.25],"texture":"#2"},"up":{"uv":[0.75,0,0,0],"texture":"#2"},"down":{"uv":[0.75,0,0,0],"texture":"#2"}}},{"from":[9.5,0,7.5],"to":[10.5,18,8.5],"rotation":{"angle":0,"axis":"y","origin":[22,-11,0]},"faces":{"north":{"uv":[0,0,0.25,4.5],"texture":"#2"},"east":{"uv":[0.25,0,0.5,4.5],"texture":"#2"},"south":{"uv":[0.5,0,0.75,4.5],"texture":"#2"},"west":{"uv":[0.75,0,1,4.5],"texture":"#2"},"up":{"uv":[8.5,9,8.25,8.75],"texture":"#2"},"down":{"uv":[8.75,8.75,8.5,9],"texture":"#2"}}},{"from":[8.5,16,8],"to":[11.5,21,8],"rotation":{"angle":-45,"axis":"y","origin":[10,18.5,8]},"faces":{"north":{"uv":[6,6.25,6.75,7.5],"texture":"#2"},"east":{"uv":[0,0,0,1.25],"texture":"#2"},"south":{"uv":[4.5,6.5,5.25,7.75],"texture":"#2"},"west":{"uv":[0,0,0,1.25],"texture":"#2"},"up":{"uv":[0.75,0,0,0],"texture":"#2"},"down":{"uv":[0.75,0,0,0],"texture":"#2"}}},{"from":[8.5,16,8],"to":[11.5,21,8],"rotation":{"angle":45,"axis":"y","origin":[10,18.5,8]},"faces":{"north":{"uv":[6.25,2.5,7,3.75],"texture":"#2"},"east":{"uv":[0,0,0,1.25],"texture":"#2"},"south":{"uv":[5.25,6.25,6,7.5],"texture":"#2"},"west":{"uv":[0,0,0,1.25],"texture":"#2"},"up":{"uv":[0.75,0,0,0],"texture":"#2"},"down":{"uv":[0.75,0,0,0],"texture":"#2"}}},{"from":[4.5,14,14],"to":[7.5,19,14],"rotation":{"angle":45,"axis":"y","origin":[6,16.5,14]},"faces":{"north":{"uv":[8.25,7.5,9,8.75],"texture":"#2"},"east":{"uv":[0,0,0,1.25],"texture":"#2"},"south":{"uv":[0,8.5,0.75,9.75],"texture":"#2"},"west":{"uv":[0,0,0,1.25],"texture":"#2"},"up":{"uv":[0.75,0,0,0],"texture":"#2"},"down":{"uv":[0.75,0,0,0],"texture":"#2"}}},{"from":[4.5,14,14],"to":[7.5,19,14],"rotation":{"angle":-45,"axis":"y","origin":[6,16.5,14]},"faces":{"north":{"uv":[8.25,5,9,6.25],"texture":"#2"},"east":{"uv":[0,0,0,1.25],"texture":"#2"},"south":{"uv":[8.25,6.25,9,7.5],"texture":"#2"},"west":{"uv":[0,0,0,1.25],"texture":"#2"},"up":{"uv":[0.75,0,0,0],"texture":"#2"},"down":{"uv":[0.75,0,0,0],"texture":"#2"}}},{"from":[5.5,0,13.5],"to":[6.5,16,14.5],"rotation":{"angle":0,"axis":"y","origin":[18,-13,6]},"faces":{"north":{"uv":[0,4.5,0.25,8.5],"texture":"#2"},"east":{"uv":[4.5,0,4.75,4],"texture":"#2"},"south":{"uv":[0.25,4.5,0.5,8.5],"texture":"#2"},"west":{"uv":[0.5,4.5,0.75,8.5],"texture":"#2"},"up":{"uv":[9.25,3,9,2.75],"texture":"#2"},"down":{"uv":[9.25,3,9,3.25],"texture":"#2"}}},{"from":[1.5,0,13.5],"to":[2.5,13,14.5],"rotation":{"angle":0,"axis":"y","origin":[14,-16,6]},"faces":{"north":{"uv":[7.25,8.75,7.5,12],"texture":"#2"},"east":{"uv":[7.5,8.75,7.75,12],"texture":"#2"},"south":{"uv":[7.75,8.75,8,12],"texture":"#2"},"west":{"uv":[8,8.75,8.25,12],"texture":"#2"},"up":{"uv":[9.25,2.5,9,2.25],"texture":"#2"},"down":{"uv":[9.25,2.5,9,2.75],"texture":"#2"}}},{"from":[0.5,11,14],"to":[3.5,16,14],"rotation":{"angle":-45,"axis":"y","origin":[2,13.5,14]},"faces":{"north":{"uv":[0.75,8.25,1.5,9.5],"texture":"#2"},"east":{"uv":[0,0,0,1.25],"texture":"#2"},"south":{"uv":[8.25,3.75,9,5],"texture":"#2"},"west":{"uv":[0,0,0,1.25],"texture":"#2"},"up":{"uv":[0.75,0,0,0],"texture":"#2"},"down":{"uv":[0.75,0,0,0],"texture":"#2"}}},{"from":[0.5,11,14],"to":[3.5,16,14],"rotation":{"angle":45,"axis":"y","origin":[2,13.5,14]},"faces":{"north":{"uv":[3,8,3.75,9.25],"texture":"#2"},"east":{"uv":[0,0,0,1.25],"texture":"#2"},"south":{"uv":[3.75,8,4.5,9.25],"texture":"#2"},"west":{"uv":[0,0,0,1.25],"texture":"#2"},"up":{"uv":[0.75,0,0,0],"texture":"#2"},"down":{"uv":[0.75,0,0,0],"texture":"#2"}}},{"from":[13.5,0,13.5],"to":[14.5,13,14.5],"rotation":{"angle":0,"axis":"y","origin":[26,-16,6]},"faces":{"north":{"uv":[6.25,8.75,6.5,12],"texture":"#2"},"east":{"uv":[6.5,8.75,6.75,12],"texture":"#2"},"south":{"uv":[6.75,8.75,7,12],"texture":"#2"},"west":{"uv":[7,8.75,7.25,12],"texture":"#2"},"up":{"uv":[9.25,2,9,1.75],"texture":"#2"},"down":{"uv":[9.25,2,9,2.25],"texture":"#2"}}},{"from":[12.5,11,14],"to":[15.5,16,14],"rotation":{"angle":-45,"axis":"y","origin":[14,13.5,14]},"faces":{"north":{"uv":[1.5,8,2.25,9.25],"texture":"#2"},"east":{"uv":[0,0,0,1.25],"texture":"#2"},"south":{"uv":[2.25,8,3,9.25],"texture":"#2"},"west":{"uv":[0,0,0,1.25],"texture":"#2"},"up":{"uv":[0.75,0,0,0],"texture":"#2"},"down":{"uv":[0.75,0,0,0],"texture":"#2"}}},{"from":[12.5,11,14],"to":[15.5,16,14],"rotation":{"angle":45,"axis":"y","origin":[14,16.5,14]},"faces":{"north":{"uv":[7.75,2.5,8.5,3.75],"texture":"#2"},"east":{"uv":[0,0,0,1.25],"texture":"#2"},"south":{"uv":[4.5,7.75,5.25,9],"texture":"#2"},"west":{"uv":[0,0,0,1.25],"texture":"#2"},"up":{"uv":[0.75,0,0,0],"texture":"#2"},"down":{"uv":[0.75,0,0,0],"texture":"#2"}}},{"from":[9.5,0,13.5],"to":[10.5,16,14.5],"rotation":{"angle":0,"axis":"y","origin":[22,-13,6]},"faces":{"north":{"uv":[3.75,4,4,8],"texture":"#2"},"east":{"uv":[4,4,4.25,8],"texture":"#2"},"south":{"uv":[4.25,0,4.5,4],"texture":"#2"},"west":{"uv":[4.25,4,4.5,8],"texture":"#2"},"up":{"uv":[9.25,1.5,9,1.25],"texture":"#2"},"down":{"uv":[9.25,1.5,9,1.75],"texture":"#2"}}},{"from":[8.5,14,14],"to":[11.5,19,14],"rotation":{"angle":-45,"axis":"y","origin":[10,16.5,14]},"faces":{"north":{"uv":[7.75,0,8.5,1.25],"texture":"#2"},"east":{"uv":[0,0,0,1.25],"texture":"#2"},"south":{"uv":[7.75,1.25,8.5,2.5],"texture":"#2"},"west":{"uv":[0,0,0,1.25],"texture":"#2"},"up":{"uv":[0.75,0,0,0],"texture":"#2"},"down":{"uv":[0.75,0,0,0],"texture":"#2"}}},{"from":[8.5,14,14],"to":[11.5,19,14],"rotation":{"angle":45,"axis":"y","origin":[10,16.5,14]},"faces":{"north":{"uv":[6.75,7.5,7.5,8.75],"texture":"#2"},"east":{"uv":[0,0,0,1.25],"texture":"#2"},"south":{"uv":[7.5,7.5,8.25,8.75],"texture":"#2"},"west":{"uv":[0,0,0,1.25],"texture":"#2"},"up":{"uv":[0.75,0,0,0],"texture":"#2"},"down":{"uv":[0.75,0,0,0],"texture":"#2"}}}],"display":{"thirdperson_righthand":{"rotation":[75,45,0],"translation":[0,2.5,0],"scale":[0.375,0.375,0.375]},"thirdperson_lefthand":{"rotation":[75,45,0],"translation":[0,2.5,0],"scale":[0.375,0.375,0.375]},"firstperson_righthand":{"rotation":[0,45,0],"scale":[0.4,0.4,0.4]},"firstperson_lefthand":{"rotation":[0,225,0],"scale":[0.4,0.4,0.4]},"ground":{"translation":[0,3,0],"scale":[0.25,0.25,0.25]},"gui":{"rotation":[30,225,0],"translation":[0,-1,0],"scale":[0.3,0.3,0.3]},"fixed":{"rotation":[-90.5,0,0],"translation":[0,0,-16],"scale":[2,2,2]}}}