{"credit":"Made with Blockbench","texture_size":[128,128],"textures":{"1":"hmcmodels:furniture/dungeon_decorations_2/dungeon_tomb_cloth"},"elements":[{"from":[0,13,0],"to":[16,16,32],"rotation":{"angle":0,"axis":"y","origin":[8,4.5,17]},"faces":{"north":{"uv":[0,8,2,8.375],"texture":"#1"},"east":{"uv":[9.5,2.625,13.5,3],"texture":"#1"},"south":{"uv":[9.5,3.75,11.5,4.125],"texture":"#1"},"west":{"uv":[9.5,3,13.5,3.375],"texture":"#1"},"up":{"uv":[2,4,0,0],"texture":"#1"},"down":{"uv":[4,0,2,4],"texture":"#1"}}},{"from":[0,0,0],"to":[16,3,32],"rotation":{"angle":0,"axis":"y","origin":[16,0,0]},"faces":{"north":{"uv":[9.5,4.125,11.5,4.5],"texture":"#1"},"east":{"uv":[9.5,3.375,13.5,3.75],"texture":"#1"},"south":{"uv":[9.5,4.5,11.5,4.875],"texture":"#1"},"west":{"uv":[3.5,9.5,7.5,9.875],"texture":"#1"},"up":{"uv":[2,8,0,4],"texture":"#1"},"down":{"uv":[6,0,4,4],"texture":"#1"}}},{"from":[1,3,1],"to":[15,13,31],"rotation":{"angle":0,"axis":"y","origin":[16,0,0]},"faces":{"north":{"uv":[0,9.5,1.75,10.75],"texture":"#1"},"east":{"uv":[7.5,5.5,11.25,6.75],"texture":"#1"},"south":{"uv":[1.75,9.5,3.5,10.75],"texture":"#1"},"west":{"uv":[7.5,6.75,11.25,8],"texture":"#1"},"up":{"uv":[3.75,7.75,2,4],"texture":"#1"},"down":{"uv":[5.5,4,3.75,7.75],"texture":"#1"}}},{"from":[16,9,5],"to":[16,16,27],"faces":{"north":{"uv":[0,0,0,0.875],"texture":"#1"},"east":{"uv":[2,7.75,4.75,8.625],"texture":"#1"},"south":{"uv":[0,0,0,0.875],"texture":"#1"},"west":{"uv":[8,0,10.75,0.875],"texture":"#1"},"up":{"uv":[0,2.75,0,0],"texture":"#1"},"down":{"uv":[0,0,0,2.75],"texture":"#1"}}},{"from":[0,9,5],"to":[0,16,27],"rotation":{"angle":0,"axis":"y","origin":[16,0,0]},"faces":{"north":{"uv":[0,0,0,0.875],"texture":"#1"},"east":{"uv":[8,0.875,10.75,1.75],"texture":"#1"},"south":{"uv":[0,0,0,0.875],"texture":"#1"},"west":{"uv":[8,1.75,10.75,2.625],"texture":"#1"},"up":{"uv":[0,2.75,0,0],"texture":"#1"},"down":{"uv":[0,0,0,2.75],"texture":"#1"}}},{"from":[0,16,5],"to":[16,16,27],"faces":{"north":{"uv":[0,0,2,0],"texture":"#1"},"east":{"uv":[0,0,2.75,0],"texture":"#1"},"south":{"uv":[0,0,2,0],"texture":"#1"},"west":{"uv":[0,0,2.75,0],"texture":"#1"},"up":{"uv":[7.5,6.75,5.5,4],"texture":"#1"},"down":{"uv":[8,0,6,2.75],"texture":"#1"}}},{"from":[16,9,5],"to":[16,16,27],"faces":{"north":{"uv":[0,0,0,0.875],"texture":"#1"},"east":{"uv":[2.75,8.625,5.5,9.5],"texture":"#1","tintindex":0},"south":{"uv":[0,0,0,0.875],"texture":"#1"},"west":{"uv":[7.5,8.875,10.25,9.75],"texture":"#1","tintindex":0},"up":{"uv":[0,2.75,0,0],"texture":"#1","tintindex":0},"down":{"uv":[0,0,0,2.75],"texture":"#1","tintindex":0}}},{"from":[0,16,5],"to":[16,16,27],"faces":{"north":{"uv":[0,0,2,0],"texture":"#1"},"east":{"uv":[0,0,2.75,0],"texture":"#1","tintindex":0},"south":{"uv":[0,0,2,0],"texture":"#1"},"west":{"uv":[0,0,2.75,0],"texture":"#1","tintindex":0},"up":{"uv":[7.5,9.5,5.5,6.75],"texture":"#1","tintindex":0},"down":{"uv":[9.5,2.75,7.5,5.5],"texture":"#1","tintindex":0}}},{"from":[0,9,5],"to":[0,16,27],"rotation":{"angle":0,"axis":"y","origin":[16,0,0]},"faces":{"north":{"uv":[0,0,0,0.875],"texture":"#1"},"east":{"uv":[7.5,8,10.25,8.875],"texture":"#1","tintindex":0},"south":{"uv":[0,0,0,0.875],"texture":"#1"},"west":{"uv":[0,8.625,2.75,9.5],"texture":"#1","tintindex":0},"up":{"uv":[0,2.75,0,0],"texture":"#1","tintindex":0},"down":{"uv":[0,0,0,2.75],"texture":"#1","tintindex":0}}}],"display":{"thirdperson_righthand":{"rotation":[75,45,0],"translation":[0,2.5,0],"scale":[0.375,0.375,0.375]},"thirdperson_lefthand":{"rotation":[75,45,0],"translation":[0,2.5,0],"scale":[0.375,0.375,0.375]},"firstperson_righthand":{"rotation":[0,45,0],"scale":[0.4,0.4,0.4]},"firstperson_lefthand":{"rotation":[0,225,0],"scale":[0.4,0.4,0.4]},"ground":{"translation":[0,3,0],"scale":[0.25,0.25,0.25]},"gui":{"rotation":[30,225,0],"translation":[2,-0.75,0],"scale":[0.3,0.3,0.3]},"fixed":{"rotation":[-90,0,0],"translation":[0,0,-16],"scale":[2,2,2]}}}