{"credit":"Made with Blockbench","texture_size":[64,64],"textures":{"2":"hmcmodels:furniture/dungeon_decorations_2/dungeon_books"},"elements":[{"from":[3.5,0,3],"to":[5.5,8,11],"faces":{"north":{"uv":[3.5,8.25,4,10.25],"texture":"#2"},"east":{"uv":[2,4.5,4,6.5],"texture":"#2"},"south":{"uv":[8.25,6,8.75,8],"texture":"#2"},"west":{"uv":[6,0,8,2],"texture":"#2"},"up":{"uv":[8.75,10,8.25,8],"texture":"#2"},"down":{"uv":[9.25,0,8.75,2],"texture":"#2"}}},{"from":[1.5,0,5],"to":[3.5,8,13],"faces":{"north":{"uv":[1.5,8.25,2,10.25],"texture":"#2"},"east":{"uv":[4,4,6,6],"texture":"#2"},"south":{"uv":[2,8.25,2.5,10.25],"texture":"#2"},"west":{"uv":[0,4.5,2,6.5],"texture":"#2"},"up":{"uv":[3,10.25,2.5,8.25],"texture":"#2"},"down":{"uv":[3.5,8.25,3,10.25],"texture":"#2"}}},{"from":[5.5,0,5],"to":[7.5,8,13],"faces":{"north":{"uv":[5.5,7.75,6,9.75],"texture":"#2"},"east":{"uv":[4,0,6,2],"texture":"#2"},"south":{"uv":[0,8.25,0.5,10.25],"texture":"#2"},"west":{"uv":[4,2,6,4],"texture":"#2"},"up":{"uv":[1,10.25,0.5,8.25],"texture":"#2"},"down":{"uv":[1.5,8.25,1,10.25],"texture":"#2"}}},{"from":[0.5,0,4],"to":[1.5,7,12],"faces":{"north":{"uv":[9.25,3.5,9.5,5.25],"texture":"#2"},"east":{"uv":[0,6.5,2,8.25],"texture":"#2"},"south":{"uv":[9.25,5.25,9.5,7],"texture":"#2"},"west":{"uv":[2,6.5,4,8.25],"texture":"#2"},"up":{"uv":[9.25,4,9,2],"texture":"#2"},"down":{"uv":[9.25,4,9,6],"texture":"#2"}}},{"from":[11.5,0,4],"to":[12.5,7,12],"faces":{"north":{"uv":[9.25,0,9.5,1.75],"texture":"#2"},"east":{"uv":[4,6,6,7.75],"texture":"#2"},"south":{"uv":[9.25,1.75,9.5,3.5],"texture":"#2"},"west":{"uv":[6,5.5,8,7.25],"texture":"#2"},"up":{"uv":[9,8,8.75,6],"texture":"#2"},"down":{"uv":[9,8,8.75,10],"texture":"#2"}}},{"from":[12.5,0,4],"to":[15.5,9,12],"rotation":{"angle":0,"axis":"y","origin":[26.5,-7.5,7]},"faces":{"north":{"uv":[7.5,7.25,8.25,9.5],"texture":"#2"},"east":{"uv":[0,2.25,2,4.5],"texture":"#2"},"south":{"uv":[4,7.75,4.75,10],"texture":"#2"},"west":{"uv":[2,2.25,4,4.5],"texture":"#2"},"up":{"uv":[8.75,4,8,2],"texture":"#2"},"down":{"uv":[8.75,4,8,6],"texture":"#2"}}},{"from":[7.5,0,3],"to":[8.5,7,11],"faces":{"north":{"uv":[9,6,9.25,7.75],"texture":"#2"},"east":{"uv":[6,2,8,3.75],"texture":"#2"},"south":{"uv":[9,7.75,9.25,9.5],"texture":"#2"},"west":{"uv":[6,3.75,8,5.5],"texture":"#2"},"up":{"uv":[9,4,8.75,2],"texture":"#2"},"down":{"uv":[9,4,8.75,6],"texture":"#2"}}},{"from":[8.5,0,4],"to":[11.5,9,12],"rotation":{"angle":0,"axis":"y","origin":[26.5,-7.5,7]},"faces":{"north":{"uv":[6,7.25,6.75,9.5],"texture":"#2"},"east":{"uv":[0,0,2,2.25],"texture":"#2"},"south":{"uv":[6.75,7.25,7.5,9.5],"texture":"#2"},"west":{"uv":[2,0,4,2.25],"texture":"#2"},"up":{"uv":[5.5,9.75,4.75,7.75],"texture":"#2"},"down":{"uv":[8.75,0,8,2],"texture":"#2"}}}],"display":{"thirdperson_righthand":{"rotation":[75,45,0],"translation":[0,2.5,0],"scale":[0.375,0.375,0.375]},"thirdperson_lefthand":{"rotation":[75,45,0],"translation":[0,2.5,0],"scale":[0.375,0.375,0.375]},"firstperson_righthand":{"rotation":[0,45,0],"scale":[0.4,0.4,0.4]},"firstperson_lefthand":{"rotation":[0,225,0],"scale":[0.4,0.4,0.4]},"ground":{"translation":[0,3,0],"scale":[0.25,0.25,0.25]},"gui":{"rotation":[30,225,0],"translation":[0,1.25,0],"scale":[0.625,0.625,0.625]},"fixed":{"rotation":[-90,0,0],"translation":[0,0,-16],"scale":[2,2,2]}}}