{"credit":"Made with Blockbench","texture_size":[128,128],"textures":{"1":"hmcmodels:furniture/dungeon_decorations_2/dungeon_fence","particle":"hmcmodels:furniture/dungeon_decorations_2/dungeon_fence"},"elements":[{"from":[-15,2,5],"to":[-9,7,11],"rotation":{"angle":0,"axis":"y","origin":[16,0,16]},"faces":{"north":{"uv":[4.25,2.25,5,2.875],"texture":"#1"},"east":{"uv":[0,4.75,0.75,5.375],"texture":"#1"},"south":{"uv":[0.75,4.75,1.5,5.375],"texture":"#1"},"west":{"uv":[4.75,0.75,5.5,1.375],"texture":"#1"},"up":{"uv":[4.75,1.5,4,0.75],"texture":"#1"},"down":{"uv":[4.75,3.25,4,4],"texture":"#1"}}},{"from":[-16,0,4],"to":[-8,2,12],"rotation":{"angle":0,"axis":"y","origin":[16,0,16]},"faces":{"north":{"uv":[5,1.375,6,1.625],"texture":"#1"},"east":{"uv":[5,1.625,6,1.875],"texture":"#1"},"south":{"uv":[5,1.875,6,2.125],"texture":"#1"},"west":{"uv":[5,2.125,6,2.375],"texture":"#1"},"up":{"uv":[1,4.75,0,3.75],"texture":"#1"},"down":{"uv":[2,3.75,1,4.75],"texture":"#1"}}},{"from":[24,0,4],"to":[32,2,12],"rotation":{"angle":0,"axis":"y","origin":[0,0,16]},"faces":{"north":{"uv":[5,2.375,6,2.625],"texture":"#1"},"east":{"uv":[5,2.625,6,2.875],"texture":"#1"},"south":{"uv":[5.5,0.75,6.5,1],"texture":"#1"},"west":{"uv":[5.5,1,6.5,1.25],"texture":"#1"},"up":{"uv":[3,4.75,2,3.75],"texture":"#1"},"down":{"uv":[4,3.75,3,4.75],"texture":"#1"}}},{"from":[25,2,5],"to":[31,7,11],"rotation":{"angle":0,"axis":"y","origin":[0,0,16]},"faces":{"north":{"uv":[1.5,4.75,2.25,5.375],"texture":"#1"},"east":{"uv":[2.25,4.75,3,5.375],"texture":"#1"},"south":{"uv":[4.75,2.875,5.5,3.5],"texture":"#1"},"west":{"uv":[3,4.75,3.75,5.375],"texture":"#1"},"up":{"uv":[4.75,4.75,4,4],"texture":"#1"},"down":{"uv":[5,1.5,4.25,2.25],"texture":"#1"}}},{"from":[-9,2,6],"to":[25,5,10],"faces":{"north":{"uv":[0,2.5,4.25,2.875],"texture":"#1"},"east":{"uv":[4.25,2.875,4.75,3.25],"texture":"#1"},"south":{"uv":[0,2.875,4.25,3.25],"texture":"#1"},"west":{"uv":[7,5.75,7.5,6.125],"texture":"#1"},"up":{"uv":[4.25,2,0,1.5],"texture":"#1"},"down":{"uv":[4.25,2,0,2.5],"texture":"#1"}}},{"from":[-8,0,5],"to":[24,2,11],"faces":{"north":{"uv":[0,3.25,4,3.5],"texture":"#1"},"east":{"uv":[7,6.125,7.75,6.375],"texture":"#1"},"south":{"uv":[0,3.5,4,3.75],"texture":"#1"},"west":{"uv":[7,6.375,7.75,6.625],"texture":"#1"},"up":{"uv":[4,0.75,0,0],"texture":"#1"},"down":{"uv":[4,0.75,0,1.5],"texture":"#1"}}},{"from":[-12.5,7,7.5],"to":[-11.5,29,8.5],"faces":{"north":{"uv":[2.875,5.375,3,8.125],"texture":"#1"},"east":{"uv":[3,5.375,3.125,8.125],"texture":"#1"},"south":{"uv":[3.125,5.375,3.25,8.125],"texture":"#1"},"west":{"uv":[3.25,5.375,3.375,8.125],"texture":"#1"},"up":{"uv":[4.875,1.5,4.75,1.375],"texture":"#1"},"down":{"uv":[5,1.375,4.875,1.5],"texture":"#1"}}},{"from":[-13.5,27,8],"to":[-10.5,32,8],"rotation":{"angle":-45,"axis":"y","origin":[-12,29.5,8]},"faces":{"north":{"uv":[5.5,2.875,5.875,3.5],"texture":"#1"},"east":{"uv":[0,0,0,0.625],"texture":"#1"},"south":{"uv":[5.5,3.5,5.875,4.125],"texture":"#1"},"west":{"uv":[0,0,0,0.625],"texture":"#1"},"up":{"uv":[0.375,0,0,0],"texture":"#1"},"down":{"uv":[0.375,0,0,0],"texture":"#1"}}},{"from":[-13.5,27,8],"to":[-10.5,32,8],"rotation":{"angle":45,"axis":"y","origin":[-12,29.5,8]},"faces":{"north":{"uv":[5.5,4.125,5.875,4.75],"texture":"#1"},"east":{"uv":[0,0,0,0.625],"texture":"#1"},"south":{"uv":[5.5,4.75,5.875,5.375],"texture":"#1"},"west":{"uv":[0,0,0,0.625],"texture":"#1"},"up":{"uv":[0.375,0,0,0],"texture":"#1"},"down":{"uv":[0.375,0,0,0],"texture":"#1"}}},{"from":[27.5,7,7.5],"to":[28.5,29,8.5],"rotation":{"angle":0,"axis":"y","origin":[40,0,0]},"faces":{"north":{"uv":[3.375,5.375,3.5,8.125],"texture":"#1"},"east":{"uv":[3.5,5.375,3.625,8.125],"texture":"#1"},"south":{"uv":[5.375,3.5,5.5,6.25],"texture":"#1"},"west":{"uv":[3.625,5.375,3.75,8.125],"texture":"#1"},"up":{"uv":[6.25,2.75,6.125,2.625],"texture":"#1"},"down":{"uv":[6.25,2.75,6.125,2.875],"texture":"#1"}}},{"from":[26.5,27,8],"to":[29.5,32,8],"rotation":{"angle":-45,"axis":"y","origin":[28,29.5,8]},"faces":{"north":{"uv":[6.375,1.875,6.75,2.5],"texture":"#1"},"east":{"uv":[0,0,0,0.625],"texture":"#1"},"south":{"uv":[4.75,6.5,5.125,7.125],"texture":"#1"},"west":{"uv":[0,0,0,0.625],"texture":"#1"},"up":{"uv":[0.375,0,0,0],"texture":"#1"},"down":{"uv":[0.375,0,0,0],"texture":"#1"}}},{"from":[26.5,27,8],"to":[29.5,32,8],"rotation":{"angle":45,"axis":"y","origin":[28,29.5,8]},"faces":{"north":{"uv":[6.25,6.25,6.625,6.875],"texture":"#1"},"east":{"uv":[0,0,0,0.625],"texture":"#1"},"south":{"uv":[6.375,1.25,6.75,1.875],"texture":"#1"},"west":{"uv":[0,0,0,0.625],"texture":"#1"},"up":{"uv":[0.375,0,0,0],"texture":"#1"},"down":{"uv":[0.375,0,0,0],"texture":"#1"}}},{"from":[-8.5,5,7.5],"to":[-7.5,29,8.5],"rotation":{"angle":0,"axis":"y","origin":[4,0,0]},"faces":{"north":{"uv":[4.75,3.5,4.875,6.5],"texture":"#1"},"east":{"uv":[3.75,4.75,3.875,7.75],"texture":"#1"},"south":{"uv":[3.875,4.75,4,7.75],"texture":"#1"},"west":{"uv":[4,4.75,4.125,7.75],"texture":"#1"},"up":{"uv":[5.625,1.375,5.5,1.25],"texture":"#1"},"down":{"uv":[5.75,1.25,5.625,1.375],"texture":"#1"}}},{"from":[-9.5,27,8],"to":[-6.5,32,8],"rotation":{"angle":-45,"axis":"y","origin":[-8,29.5,8]},"faces":{"north":{"uv":[5.875,3.5,6.25,4.125],"texture":"#1"},"east":{"uv":[0,0,0,0.625],"texture":"#1"},"south":{"uv":[5.875,4.125,6.25,4.75],"texture":"#1"},"west":{"uv":[0,0,0,0.625],"texture":"#1"},"up":{"uv":[0.375,0,0,0],"texture":"#1"},"down":{"uv":[0.375,0,0,0],"texture":"#1"}}},{"from":[-9.5,27,8],"to":[-6.5,32,8],"rotation":{"angle":45,"axis":"y","origin":[-8,29.5,8]},"faces":{"north":{"uv":[5.5,5.375,5.875,6],"texture":"#1"},"east":{"uv":[0,0,0,0.625],"texture":"#1"},"south":{"uv":[5.875,2.875,6.25,3.5],"texture":"#1"},"west":{"uv":[0,0,0,0.625],"texture":"#1"},"up":{"uv":[0.375,0,0,0],"texture":"#1"},"down":{"uv":[0.375,0,0,0],"texture":"#1"}}},{"from":[-5.5,27,8],"to":[-2.5,32,8],"rotation":{"angle":45,"axis":"y","origin":[-4,29.5,8]},"faces":{"north":{"uv":[6,1.25,6.375,1.875],"texture":"#1"},"east":{"uv":[0,0,0,0.625],"texture":"#1"},"south":{"uv":[6,1.875,6.375,2.5],"texture":"#1"},"west":{"uv":[0,0,0,0.625],"texture":"#1"},"up":{"uv":[0.375,0,0,0],"texture":"#1"},"down":{"uv":[0.375,0,0,0],"texture":"#1"}}},{"from":[-5.5,27,8],"to":[-2.5,32,8],"rotation":{"angle":-45,"axis":"y","origin":[-4,29.5,8]},"faces":{"north":{"uv":[5.875,4.75,6.25,5.375],"texture":"#1"},"east":{"uv":[0,0,0,0.625],"texture":"#1"},"south":{"uv":[5.875,5.375,6.25,6],"texture":"#1"},"west":{"uv":[0,0,0,0.625],"texture":"#1"},"up":{"uv":[0.375,0,0,0],"texture":"#1"},"down":{"uv":[0.375,0,0,0],"texture":"#1"}}},{"from":[-4.5,5,7.5],"to":[-3.5,29,8.5],"rotation":{"angle":0,"axis":"y","origin":[8,0,0]},"faces":{"north":{"uv":[4.125,4.75,4.25,7.75],"texture":"#1"},"east":{"uv":[4.25,4.75,4.375,7.75],"texture":"#1"},"south":{"uv":[4.375,4.75,4.5,7.75],"texture":"#1"},"west":{"uv":[4.5,4.75,4.625,7.75],"texture":"#1"},"up":{"uv":[5.875,1.375,5.75,1.25],"texture":"#1"},"down":{"uv":[6,1.25,5.875,1.375],"texture":"#1"}}},{"from":[-1.5,27,8],"to":[1.5,32,8],"rotation":{"angle":45,"axis":"y","origin":[0,29.5,8]},"faces":{"north":{"uv":[6.25,5,6.625,5.625],"texture":"#1"},"east":{"uv":[0,0,0,0.625],"texture":"#1"},"south":{"uv":[6.25,5.625,6.625,6.25],"texture":"#1"},"west":{"uv":[0,0,0,0.625],"texture":"#1"},"up":{"uv":[0.375,0,0,0],"texture":"#1"},"down":{"uv":[0.375,0,0,0],"texture":"#1"}}},{"from":[-1.5,27,8],"to":[1.5,32,8],"rotation":{"angle":-45,"axis":"y","origin":[0,29.5,8]},"faces":{"north":{"uv":[6.25,3.75,6.625,4.375],"texture":"#1"},"east":{"uv":[0,0,0,0.625],"texture":"#1"},"south":{"uv":[6.25,4.375,6.625,5],"texture":"#1"},"west":{"uv":[0,0,0,0.625],"texture":"#1"},"up":{"uv":[0.375,0,0,0],"texture":"#1"},"down":{"uv":[0.375,0,0,0],"texture":"#1"}}},{"from":[-0.5,5,7.5],"to":[0.5,29,8.5],"rotation":{"angle":0,"axis":"y","origin":[12,0,0]},"faces":{"north":{"uv":[5.25,3.5,5.375,6.5],"texture":"#1"},"east":{"uv":[0,5.375,0.125,8.375],"texture":"#1"},"south":{"uv":[0.125,5.375,0.25,8.375],"texture":"#1"},"west":{"uv":[0.25,5.375,0.375,8.375],"texture":"#1"},"up":{"uv":[6.125,2.875,6,2.75],"texture":"#1"},"down":{"uv":[6.25,2.5,6.125,2.625],"texture":"#1"}}},{"from":[3.5,5,7.5],"to":[4.5,29,8.5],"rotation":{"angle":0,"axis":"y","origin":[16,0,0]},"faces":{"north":{"uv":[4.625,4.75,4.75,7.75],"texture":"#1"},"east":{"uv":[4.875,3.5,5,6.5],"texture":"#1"},"south":{"uv":[5,3.5,5.125,6.5],"texture":"#1"},"west":{"uv":[5.125,3.5,5.25,6.5],"texture":"#1"},"up":{"uv":[6.125,2.625,6,2.5],"texture":"#1"},"down":{"uv":[6.125,2.625,6,2.75],"texture":"#1"}}},{"from":[2.5,27,8],"to":[5.5,32,8],"rotation":{"angle":-45,"axis":"y","origin":[4,29.5,8]},"faces":{"north":{"uv":[6.25,2.5,6.625,3.125],"texture":"#1"},"east":{"uv":[0,0,0,0.625],"texture":"#1"},"south":{"uv":[6.25,3.125,6.625,3.75],"texture":"#1"},"west":{"uv":[0,0,0,0.625],"texture":"#1"},"up":{"uv":[0.375,0,0,0],"texture":"#1"},"down":{"uv":[0.375,0,0,0],"texture":"#1"}}},{"from":[2.5,27,8],"to":[5.5,32,8],"rotation":{"angle":45,"axis":"y","origin":[4,29.5,8]},"faces":{"north":{"uv":[5.5,6,5.875,6.625],"texture":"#1"},"east":{"uv":[0,0,0,0.625],"texture":"#1"},"south":{"uv":[5.875,6,6.25,6.625],"texture":"#1"},"west":{"uv":[0,0,0,0.625],"texture":"#1"},"up":{"uv":[0.375,0,0,0],"texture":"#1"},"down":{"uv":[0.375,0,0,0],"texture":"#1"}}},{"from":[6.5,27,8],"to":[9.5,32,8],"rotation":{"angle":45,"axis":"y","origin":[8,29.5,8]},"faces":{"north":{"uv":[7,4.5,7.375,5.125],"texture":"#1"},"east":{"uv":[0,0,0,0.625],"texture":"#1"},"south":{"uv":[7,5.125,7.375,5.75],"texture":"#1"},"west":{"uv":[0,0,0,0.625],"texture":"#1"},"up":{"uv":[0.375,0,0,0],"texture":"#1"},"down":{"uv":[0.375,0,0,0],"texture":"#1"}}},{"from":[6.5,27,8],"to":[9.5,32,8],"rotation":{"angle":-45,"axis":"y","origin":[8,29.5,8]},"faces":{"north":{"uv":[7,3.25,7.375,3.875],"texture":"#1"},"east":{"uv":[0,0,0,0.625],"texture":"#1"},"south":{"uv":[7,3.875,7.375,4.5],"texture":"#1"},"west":{"uv":[0,0,0,0.625],"texture":"#1"},"up":{"uv":[0.375,0,0,0],"texture":"#1"},"down":{"uv":[0.375,0,0,0],"texture":"#1"}}},{"from":[7.5,5,7.5],"to":[8.5,29,8.5],"rotation":{"angle":0,"axis":"y","origin":[20,0,0]},"faces":{"north":{"uv":[2.375,5.375,2.5,8.375],"texture":"#1"},"east":{"uv":[2.5,5.375,2.625,8.375],"texture":"#1"},"south":{"uv":[2.625,5.375,2.75,8.375],"texture":"#1"},"west":{"uv":[2.75,5.375,2.875,8.375],"texture":"#1"},"up":{"uv":[6.75,1.125,6.625,1],"texture":"#1"},"down":{"uv":[6.75,1.125,6.625,1.25],"texture":"#1"}}},{"from":[10.5,27,8],"to":[13.5,32,8],"rotation":{"angle":45,"axis":"y","origin":[12,29.5,8]},"faces":{"north":{"uv":[7,2,7.375,2.625],"texture":"#1"},"east":{"uv":[0,0,0,0.625],"texture":"#1"},"south":{"uv":[7,2.625,7.375,3.25],"texture":"#1"},"west":{"uv":[0,0,0,0.625],"texture":"#1"},"up":{"uv":[0.375,0,0,0],"texture":"#1"},"down":{"uv":[0.375,0,0,0],"texture":"#1"}}},{"from":[10.5,27,8],"to":[13.5,32,8],"rotation":{"angle":-45,"axis":"y","origin":[12,29.5,8]},"faces":{"north":{"uv":[6.25,6.875,6.625,7.5],"texture":"#1"},"east":{"uv":[0,0,0,0.625],"texture":"#1"},"south":{"uv":[6.625,6.875,7,7.5],"texture":"#1"},"west":{"uv":[0,0,0,0.625],"texture":"#1"},"up":{"uv":[0.375,0,0,0],"texture":"#1"},"down":{"uv":[0.375,0,0,0],"texture":"#1"}}},{"from":[11.5,5,7.5],"to":[12.5,29,8.5],"rotation":{"angle":0,"axis":"y","origin":[24,0,0]},"faces":{"north":{"uv":[1.875,5.375,2,8.375],"texture":"#1"},"east":{"uv":[2,5.375,2.125,8.375],"texture":"#1"},"south":{"uv":[2.125,5.375,2.25,8.375],"texture":"#1"},"west":{"uv":[2.25,5.375,2.375,8.375],"texture":"#1"},"up":{"uv":[6.75,0.875,6.625,0.75],"texture":"#1"},"down":{"uv":[6.75,0.875,6.625,1],"texture":"#1"}}},{"from":[15.5,5,7.5],"to":[16.5,29,8.5],"rotation":{"angle":0,"axis":"y","origin":[28,0,0]},"faces":{"north":{"uv":[1.375,5.375,1.5,8.375],"texture":"#1"},"east":{"uv":[1.5,5.375,1.625,8.375],"texture":"#1"},"south":{"uv":[1.625,5.375,1.75,8.375],"texture":"#1"},"west":{"uv":[1.75,5.375,1.875,8.375],"texture":"#1"},"up":{"uv":[6.625,1.125,6.5,1],"texture":"#1"},"down":{"uv":[6.625,1.125,6.5,1.25],"texture":"#1"}}},{"from":[14.5,27,8],"to":[17.5,32,8],"rotation":{"angle":-45,"axis":"y","origin":[16,29.5,8]},"faces":{"north":{"uv":[6.75,0.75,7.125,1.375],"texture":"#1"},"east":{"uv":[0,0,0,0.625],"texture":"#1"},"south":{"uv":[6.75,1.375,7.125,2],"texture":"#1"},"west":{"uv":[0,0,0,0.625],"texture":"#1"},"up":{"uv":[0.375,0,0,0],"texture":"#1"},"down":{"uv":[0.375,0,0,0],"texture":"#1"}}},{"from":[14.5,27,8],"to":[17.5,32,8],"rotation":{"angle":45,"axis":"y","origin":[16,29.5,8]},"faces":{"north":{"uv":[5.875,6.625,6.25,7.25],"texture":"#1"},"east":{"uv":[0,0,0,0.625],"texture":"#1"},"south":{"uv":[6.625,6.25,7,6.875],"texture":"#1"},"west":{"uv":[0,0,0,0.625],"texture":"#1"},"up":{"uv":[0.375,0,0,0],"texture":"#1"},"down":{"uv":[0.375,0,0,0],"texture":"#1"}}},{"from":[22.5,27,8],"to":[25.5,32,8],"rotation":{"angle":45,"axis":"y","origin":[24,29.5,8]},"faces":{"north":{"uv":[5.5,6.625,5.875,7.25],"texture":"#1"},"east":{"uv":[0,0,0,0.625],"texture":"#1"},"south":{"uv":[6.625,5.625,7,6.25],"texture":"#1"},"west":{"uv":[0,0,0,0.625],"texture":"#1"},"up":{"uv":[0.375,0,0,0],"texture":"#1"},"down":{"uv":[0.375,0,0,0],"texture":"#1"}}},{"from":[22.5,27,8],"to":[25.5,32,8],"rotation":{"angle":-45,"axis":"y","origin":[24,29.5,8]},"faces":{"north":{"uv":[6.625,4.375,7,5],"texture":"#1"},"east":{"uv":[0,0,0,0.625],"texture":"#1"},"south":{"uv":[6.625,5,7,5.625],"texture":"#1"},"west":{"uv":[0,0,0,0.625],"texture":"#1"},"up":{"uv":[0.375,0,0,0],"texture":"#1"},"down":{"uv":[0.375,0,0,0],"texture":"#1"}}},{"from":[23.5,5,7.5],"to":[24.5,29,8.5],"rotation":{"angle":0,"axis":"y","origin":[36,0,0]},"faces":{"north":{"uv":[0.875,5.375,1,8.375],"texture":"#1"},"east":{"uv":[1,5.375,1.125,8.375],"texture":"#1"},"south":{"uv":[1.125,5.375,1.25,8.375],"texture":"#1"},"west":{"uv":[1.25,5.375,1.375,8.375],"texture":"#1"},"up":{"uv":[6.625,0.875,6.5,0.75],"texture":"#1"},"down":{"uv":[6.625,0.875,6.5,1],"texture":"#1"}}},{"from":[19.5,5,7.5],"to":[20.5,29,8.5],"rotation":{"angle":0,"axis":"y","origin":[32,0,0]},"faces":{"north":{"uv":[0.375,5.375,0.5,8.375],"texture":"#1"},"east":{"uv":[0.5,5.375,0.625,8.375],"texture":"#1"},"south":{"uv":[0.625,5.375,0.75,8.375],"texture":"#1"},"west":{"uv":[0.75,5.375,0.875,8.375],"texture":"#1"},"up":{"uv":[5.5,6.375,5.375,6.25],"texture":"#1"},"down":{"uv":[5.5,6.375,5.375,6.5],"texture":"#1"}}},{"from":[18.5,27,8],"to":[21.5,32,8],"rotation":{"angle":-45,"axis":"y","origin":[20,29.5,8]},"faces":{"north":{"uv":[6.625,3.125,7,3.75],"texture":"#1"},"east":{"uv":[0,0,0,0.625],"texture":"#1"},"south":{"uv":[6.625,3.75,7,4.375],"texture":"#1"},"west":{"uv":[0,0,0,0.625],"texture":"#1"},"up":{"uv":[0.375,0,0,0],"texture":"#1"},"down":{"uv":[0.375,0,0,0],"texture":"#1"}}},{"from":[18.5,27,8],"to":[21.5,32,8],"rotation":{"angle":45,"axis":"y","origin":[20,29.5,8]},"faces":{"north":{"uv":[5.125,6.5,5.5,7.125],"texture":"#1"},"east":{"uv":[0,0,0,0.625],"texture":"#1"},"south":{"uv":[6.625,2.5,7,3.125],"texture":"#1"},"west":{"uv":[0,0,0,0.625],"texture":"#1"},"up":{"uv":[0.375,0,0,0],"texture":"#1"},"down":{"uv":[0.375,0,0,0],"texture":"#1"}}},{"from":[-12,19,8],"to":[28,20,8],"faces":{"north":{"uv":[4,0.25,9,0.375],"texture":"#1"},"east":{"uv":[0,0,0,0.125],"texture":"#1"},"south":{"uv":[4,0.375,9,0.5],"texture":"#1"},"west":{"uv":[0,0,0,0.125],"texture":"#1"},"up":{"uv":[5,0,0,0],"texture":"#1"},"down":{"uv":[5,0,0,0],"texture":"#1"}}},{"from":[-12,9,8],"to":[28,10,8],"faces":{"north":{"uv":[4,0.5,9,0.625],"texture":"#1"},"east":{"uv":[0,0,0,0.125],"texture":"#1"},"south":{"uv":[4,0.625,9,0.75],"texture":"#1"},"west":{"uv":[0,0,0,0.125],"texture":"#1"},"up":{"uv":[5,0,0,0],"texture":"#1"},"down":{"uv":[5,0,0,0],"texture":"#1"}}},{"from":[-12,25,8],"to":[28,26,8],"faces":{"north":{"uv":[4,0,9,0.125],"texture":"#1"},"east":{"uv":[0,0,0,0.125],"texture":"#1"},"south":{"uv":[4,0.125,9,0.25],"texture":"#1"},"west":{"uv":[0,0,0,0.125],"texture":"#1"},"up":{"uv":[5,0,0,0],"texture":"#1"},"down":{"uv":[5,0,0,0],"texture":"#1"}}}],"display":{"thirdperson_righthand":{"rotation":[75,45,0],"translation":[0,2.5,0],"scale":[0.375,0.375,0.375]},"thirdperson_lefthand":{"rotation":[75,45,0],"translation":[0,2.5,0],"scale":[0.375,0.375,0.375]},"firstperson_righthand":{"rotation":[0,45,0],"scale":[0.4,0.4,0.4]},"firstperson_lefthand":{"rotation":[0,225,0],"scale":[0.4,0.4,0.4]},"ground":{"translation":[0,3,0],"scale":[0.25,0.25,0.25]},"gui":{"rotation":[30,225,0],"translation":[0,-1,0],"scale":[0.3,0.3,0.3]},"fixed":{"rotation":[-90.5,0,0],"translation":[0,0,-16],"scale":[2,2,2]}}}