{"credit":"Made with Blockbench","texture_size":[64,64],"textures":{"2":"hmcmodels:furniture/vases_and_plants/aloe_vera"},"elements":[{"from":[8.34144,-16,20.82772],"to":[30.34144,16,20.82772],"rotation":{"angle":45,"axis":"y","origin":[2.34144,0,18.82772]},"faces":{"north":{"uv":[0,0,5.5,8],"texture":"#2"},"east":{"uv":[0,0,0,8],"texture":"#2"},"south":{"uv":[5.5,0,0,8],"texture":"#2"},"west":{"uv":[0,0,0,8],"texture":"#2"},"up":{"uv":[5.5,0,0,0],"texture":"#2"},"down":{"uv":[5.5,0,0,0],"texture":"#2"}}},{"from":[-14.34344,-16,20.82772],"to":[7.65656,16,20.82772],"rotation":{"angle":-45,"axis":"y","origin":[13.65656,0,18.82772]},"faces":{"north":{"uv":[5.5,0,0,8],"texture":"#2"},"east":{"uv":[0,0,0,8],"texture":"#2"},"south":{"uv":[0,0,5.5,8],"texture":"#2"},"west":{"uv":[0,0,0,8],"texture":"#2"},"up":{"uv":[0,0,5.5,0],"texture":"#2"},"down":{"uv":[0,0,5.5,0],"texture":"#2"}}},{"from":[7.999,-16,-6],"to":[7.999,16,16],"rotation":{"angle":0,"axis":"y","origin":[7.999,16,5]},"faces":{"north":{"uv":[0,0,0,8],"texture":"#2"},"east":{"uv":[5.5,0,0,8],"texture":"#2"},"south":{"uv":[0,0,0,8],"texture":"#2"},"west":{"uv":[0,0,5.5,8],"texture":"#2"},"up":{"uv":[0,0,5.5,0],"rotation":90,"texture":"#2"},"down":{"uv":[0,0,5.5,0],"rotation":270,"texture":"#2"}}}],"display":{"thirdperson_righthand":{"rotation":[75,45,0],"translation":[0,2.5,0],"scale":[0.375,0.375,0.375]},"thirdperson_lefthand":{"rotation":[75,45,0],"translation":[0,2.5,0],"scale":[0.375,0.375,0.375]},"firstperson_righthand":{"rotation":[0,45,0],"scale":[0.4,0.4,0.4]},"firstperson_lefthand":{"rotation":[0,225,0],"scale":[0.4,0.4,0.4]},"ground":{"translation":[0,3,0],"scale":[0.25,0.25,0.25]},"gui":{"rotation":[30,225,0],"translation":[-1.75,1.5,0],"scale":[0.4,0.4,0.4]},"fixed":{"translation":[0,0,-16],"scale":[2,2,2]}}}