{"credit":"Made with Blockbench","texture_size":[128,128],"textures":{"3":"hmcmodels:furniture/vases_and_plants/dripping_flower"},"elements":[{"from":[8.34144,-16,20.82772],"to":[30.34144,16,20.82772],"rotation":{"angle":45,"axis":"y","origin":[2.34144,0,18.82772]},"faces":{"north":{"uv":[0,0,2.75,4],"texture":"#3","tintindex":0},"east":{"uv":[0,0,0,4],"texture":"#3","tintindex":0},"south":{"uv":[2.75,0,5.5,4],"texture":"#3","tintindex":0},"west":{"uv":[0,0,0,4],"texture":"#3","tintindex":0},"up":{"uv":[2.75,0,0,0],"texture":"#3"},"down":{"uv":[2.75,0,0,0],"texture":"#3"}}},{"from":[-14.34344,-16,20.82772],"to":[7.65656,16,20.82772],"rotation":{"angle":-45,"axis":"y","origin":[13.65656,0,18.82772]},"faces":{"north":{"uv":[0,4,2.75,8],"texture":"#3","tintindex":0},"east":{"uv":[0,0,0,4],"texture":"#3","tintindex":0},"south":{"uv":[2.75,4,5.5,8],"texture":"#3","tintindex":0},"west":{"uv":[0,0,0,4],"texture":"#3","tintindex":0},"up":{"uv":[2.75,0,0,0],"texture":"#3"},"down":{"uv":[2.75,0,0,0],"texture":"#3"}}},{"from":[7.999,-16,-6],"to":[7.999,16,16],"rotation":{"angle":0,"axis":"y","origin":[7.999,16,5]},"faces":{"north":{"uv":[0,0,0,4],"texture":"#3","tintindex":0},"east":{"uv":[5.5,0,8.25,4],"texture":"#3","tintindex":0},"south":{"uv":[0,0,0,4],"texture":"#3","tintindex":0},"west":{"uv":[5.5,4,8.25,8],"texture":"#3","tintindex":0},"up":{"uv":[0,2.75,0,0],"texture":"#3"},"down":{"uv":[0,0,0,2.75],"texture":"#3"}}},{"from":[8.34144,-16,20.82772],"to":[30.34144,16,20.82772],"rotation":{"angle":45,"axis":"y","origin":[2.34144,0,18.82772]},"faces":{"north":{"uv":[8.25,4,11,8],"texture":"#3"},"east":{"uv":[0,0,0,4],"texture":"#3"},"south":{"uv":[8.25,8,11,12],"texture":"#3"},"west":{"uv":[0,0,0,4],"texture":"#3"},"up":{"uv":[2.75,0,0,0],"texture":"#3"},"down":{"uv":[2.75,0,0,0],"texture":"#3"}}},{"from":[-14.34344,-16,20.82772],"to":[7.65656,16,20.82772],"rotation":{"angle":-45,"axis":"y","origin":[13.65656,0,18.82772]},"faces":{"north":{"uv":[5.5,8,8.25,12],"texture":"#3"},"east":{"uv":[0,0,0,4],"texture":"#3"},"south":{"uv":[8.25,0,11,4],"texture":"#3"},"west":{"uv":[0,0,0,4],"texture":"#3"},"up":{"uv":[2.75,0,0,0],"texture":"#3"},"down":{"uv":[2.75,0,0,0],"texture":"#3"}}},{"from":[7.999,-16,-6],"to":[7.999,16,16],"rotation":{"angle":0,"axis":"y","origin":[7.999,16,5]},"faces":{"north":{"uv":[0,0,0,4],"texture":"#3"},"east":{"uv":[0,8,2.75,12],"texture":"#3"},"south":{"uv":[0,0,0,4],"texture":"#3"},"west":{"uv":[2.75,8,5.5,12],"texture":"#3"},"up":{"uv":[0,2.75,0,0],"texture":"#3"},"down":{"uv":[0,0,0,2.75],"texture":"#3"}}}],"display":{"thirdperson_righthand":{"rotation":[75,45,0],"translation":[0,2.5,0],"scale":[0.375,0.375,0.375]},"thirdperson_lefthand":{"rotation":[75,45,0],"translation":[0,2.5,0],"scale":[0.375,0.375,0.375]},"firstperson_righthand":{"rotation":[0,45,0],"scale":[0.4,0.4,0.4]},"firstperson_lefthand":{"rotation":[0,225,0],"scale":[0.4,0.4,0.4]},"ground":{"translation":[0,3,0],"scale":[0.25,0.25,0.25]},"gui":{"rotation":[30,225,0],"translation":[-1.75,2.5,0],"scale":[0.4,0.4,0.4]},"fixed":{"translation":[0,0,-16],"scale":[2,2,2]}}}