{"credit":"Made with Blockbench","texture_size":[64,64],"textures":{"2":"hmcmodels:furniture/vases_and_plants/vase_volute_krater","particle":"hmcmodels:furniture/vases_and_plants/vase_volute_krater"},"elements":[{"from":[4,0,4],"to":[12,2,12],"faces":{"north":{"uv":[5.25,9.25,7.25,9.75],"texture":"#2","tintindex":0},"east":{"uv":[9.25,7.5,11.25,8],"texture":"#2","tintindex":0},"south":{"uv":[9.25,8,11.25,8.5],"texture":"#2","tintindex":0},"west":{"uv":[8.75,9.25,10.75,9.75],"texture":"#2","tintindex":0},"up":{"uv":[9.25,8.75,7.25,6.75],"texture":"#2","tintindex":0},"down":{"uv":[10,0,8,2],"texture":"#2","tintindex":0}}},{"from":[2,14,2],"to":[14,16,14],"faces":{"north":{"uv":[8,6,11,6.5],"texture":"#2","tintindex":0},"east":{"uv":[8.75,8.75,11.75,9.25],"texture":"#2","tintindex":0},"south":{"uv":[9.25,6.5,12.25,7],"texture":"#2","tintindex":0},"west":{"uv":[9.25,7,12.25,7.5],"texture":"#2","tintindex":0},"up":{"uv":[3,3,0,0],"texture":"#2","tintindex":0},"down":{"uv":[3,3,0,6],"texture":"#2","tintindex":0}}},{"from":[5,2,5],"to":[11,3,11],"faces":{"north":{"uv":[9.25,8.5,10.75,8.75],"texture":"#2","tintindex":0},"east":{"uv":[5.5,9.75,7,10],"texture":"#2","tintindex":0},"south":{"uv":[0,10,1.5,10.25],"texture":"#2","tintindex":0},"west":{"uv":[10,0.5,11.5,0.75],"texture":"#2","tintindex":0},"up":{"uv":[1.5,10,0,8.5],"texture":"#2","tintindex":0},"down":{"uv":[8.75,8.75,7.25,10.25],"texture":"#2","tintindex":0}}},{"from":[4,12,4],"to":[12,14,12],"faces":{"north":{"uv":[1.5,9.75,3.5,10.25],"texture":"#2","tintindex":0},"east":{"uv":[3.5,9.75,5.5,10.25],"texture":"#2","tintindex":0},"south":{"uv":[8.75,9.75,10.75,10.25],"texture":"#2","tintindex":0},"west":{"uv":[10,0,12,0.5],"texture":"#2","tintindex":0},"up":{"uv":[10,4,8,2],"texture":"#2","tintindex":0},"down":{"uv":[10,4,8,6],"texture":"#2","tintindex":0}}},{"from":[3,3,3],"to":[13,12,13],"faces":{"north":{"uv":[3,5,5.5,7.25],"texture":"#2","tintindex":0},"east":{"uv":[5.5,0,8,2.25],"texture":"#2","tintindex":0},"south":{"uv":[5.5,2.25,8,4.5],"texture":"#2","tintindex":0},"west":{"uv":[5.5,4.5,8,6.75],"texture":"#2","tintindex":0},"up":{"uv":[5.5,2.5,3,0],"texture":"#2","tintindex":0},"down":{"uv":[5.5,2.5,3,5],"texture":"#2","tintindex":0}}},{"from":[-3,9,8],"to":[4,19,8],"faces":{"north":{"uv":[0,6,1.75,8.5],"texture":"#2","tintindex":0},"east":{"uv":[0,0,0,2.5],"texture":"#2","tintindex":0},"south":{"uv":[5.5,6.75,7.25,9.25],"texture":"#2","tintindex":0},"west":{"uv":[0,0,0,2.5],"texture":"#2","tintindex":0},"up":{"uv":[1.75,0,0,0],"texture":"#2","tintindex":0},"down":{"uv":[1.75,0,0,0],"texture":"#2","tintindex":0}}},{"from":[12,9,8],"to":[19,19,8],"rotation":{"angle":0,"axis":"y","origin":[16,0,0]},"faces":{"north":{"uv":[1.75,7.25,3.5,9.75],"texture":"#2","tintindex":0},"east":{"uv":[0,0,0,2.5],"texture":"#2","tintindex":0},"south":{"uv":[3.5,7.25,5.25,9.75],"texture":"#2","tintindex":0},"west":{"uv":[0,0,0,2.5],"texture":"#2","tintindex":0},"up":{"uv":[1.75,0,0,0],"texture":"#2","tintindex":0},"down":{"uv":[1.75,0,0,0],"texture":"#2","tintindex":0}}}],"display":{"thirdperson_righthand":{"rotation":[75,45,0],"translation":[0,2.5,0],"scale":[0.375,0.375,0.375]},"thirdperson_lefthand":{"rotation":[75,45,0],"translation":[0,2.5,0],"scale":[0.375,0.375,0.375]},"firstperson_righthand":{"rotation":[0,45,0],"scale":[0.4,0.4,0.4]},"firstperson_lefthand":{"rotation":[0,225,0],"scale":[0.4,0.4,0.4]},"ground":{"translation":[0,3,0],"scale":[0.25,0.25,0.25]},"gui":{"rotation":[30,225,0],"scale":[0.625,0.625,0.625]},"fixed":{"rotation":[-90,0,0],"translation":[0,0,-16],"scale":[2,2,2]}}}