{"credit":"Made with Blockbench","texture_size":[64,64],"textures":{"1":"hmcmodels:furniture/vases_and_plants/vase_loutrophoros","particle":"hmcmodels:furniture/vases_and_plants/vase_loutrophoros"},"elements":[{"from":[3,0,3],"to":[13,2,13],"faces":{"north":{"uv":[10,1.75,12.5,2.25],"texture":"#1","tintindex":0},"east":{"uv":[6.75,10.5,9.25,11],"texture":"#1","tintindex":0},"south":{"uv":[10.75,2.25,13.25,2.75],"texture":"#1","tintindex":0},"west":{"uv":[2.75,10.75,5.25,11.25],"texture":"#1","tintindex":0},"up":{"uv":[7.5,2.5,5,0],"texture":"#1","tintindex":0},"down":{"uv":[7.5,2.5,5,5],"texture":"#1","tintindex":0}}},{"from":[3,30,3],"to":[13,32,13],"faces":{"north":{"uv":[10.75,2.75,13.25,3.25],"texture":"#1","tintindex":0},"east":{"uv":[10.75,3.25,13.25,3.75],"texture":"#1","tintindex":0},"south":{"uv":[10.75,3.75,13.25,4.25],"texture":"#1","tintindex":0},"west":{"uv":[10.75,4.25,13.25,4.75],"texture":"#1","tintindex":0},"up":{"uv":[5,9,2.5,6.5],"texture":"#1","tintindex":0},"down":{"uv":[10,0,7.5,2.5],"texture":"#1","tintindex":0}}},{"from":[5,2,5],"to":[11,5,11],"faces":{"north":{"uv":[10.75,4.75,12.25,5.5],"texture":"#1","tintindex":0},"east":{"uv":[5.25,10.75,6.75,11.5],"texture":"#1","tintindex":0},"south":{"uv":[10.75,5.5,12.25,6.25],"texture":"#1","tintindex":0},"west":{"uv":[10.75,6.25,12.25,7],"texture":"#1","tintindex":0},"up":{"uv":[3.25,10.5,1.75,9],"texture":"#1","tintindex":0},"down":{"uv":[4.75,9,3.25,10.5],"texture":"#1","tintindex":0}}},{"from":[5,25,5],"to":[11,30,11],"faces":{"north":{"uv":[9.25,2.5,10.75,3.75],"texture":"#1","tintindex":0},"east":{"uv":[9.25,3.75,10.75,5],"texture":"#1","tintindex":0},"south":{"uv":[9.25,5,10.75,6.25],"texture":"#1","tintindex":0},"west":{"uv":[9.25,6.25,10.75,7.5],"texture":"#1","tintindex":0},"up":{"uv":[8.25,10.5,6.75,9],"texture":"#1","tintindex":0},"down":{"uv":[9.75,9,8.25,10.5],"texture":"#1","tintindex":0}}},{"from":[6,18,6],"to":[10,25,10],"faces":{"north":{"uv":[9.75,7.5,10.75,9.25],"texture":"#1","tintindex":0},"east":{"uv":[9.75,9.25,10.75,11],"texture":"#1","tintindex":0},"south":{"uv":[10,0,11,1.75],"texture":"#1","tintindex":0},"west":{"uv":[1.75,10.5,2.75,12.25],"texture":"#1","tintindex":0},"up":{"uv":[11.75,8,10.75,7],"texture":"#1","tintindex":0},"down":{"uv":[11.75,8,10.75,9],"texture":"#1","tintindex":0}}},{"from":[3,5,3],"to":[13,18,13],"faces":{"north":{"uv":[0,0,2.5,3.25],"texture":"#1","tintindex":0},"east":{"uv":[2.5,0,5,3.25],"texture":"#1","tintindex":0},"south":{"uv":[0,3.25,2.5,6.5],"texture":"#1","tintindex":0},"west":{"uv":[2.5,3.25,5,6.5],"texture":"#1","tintindex":0},"up":{"uv":[7.5,7.5,5,5],"texture":"#1","tintindex":0},"down":{"uv":[2.5,6.5,0,9],"texture":"#1","tintindex":0}}},{"from":[-1,17,8],"to":[6,30,8],"faces":{"north":{"uv":[7.5,2.5,9.25,5.75],"texture":"#1","tintindex":0},"east":{"uv":[0,0,0,3.25],"texture":"#1","tintindex":0},"south":{"uv":[5,7.5,6.75,10.75],"texture":"#1","tintindex":0},"west":{"uv":[0,0,0,3.25],"texture":"#1","tintindex":0},"up":{"uv":[1.75,0,0,0],"texture":"#1","tintindex":0},"down":{"uv":[1.75,0,0,0],"texture":"#1","tintindex":0}}},{"from":[10,17,8],"to":[17,30,8],"rotation":{"angle":0,"axis":"y","origin":[16,0,0]},"faces":{"north":{"uv":[7.5,5.75,9.25,9],"texture":"#1","tintindex":0},"east":{"uv":[0,0,0,3.25],"texture":"#1","tintindex":0},"south":{"uv":[0,9,1.75,12.25],"texture":"#1","tintindex":0},"west":{"uv":[0,0,0,3.25],"texture":"#1","tintindex":0},"up":{"uv":[1.75,0,0,0],"texture":"#1","tintindex":0},"down":{"uv":[1.75,0,0,0],"texture":"#1","tintindex":0}}}],"display":{"thirdperson_righthand":{"rotation":[75,45,0],"translation":[0,2.5,0],"scale":[0.375,0.375,0.375]},"thirdperson_lefthand":{"rotation":[75,45,0],"translation":[0,2.5,0],"scale":[0.375,0.375,0.375]},"firstperson_righthand":{"rotation":[0,45,0],"scale":[0.4,0.4,0.4]},"firstperson_lefthand":{"rotation":[0,225,0],"scale":[0.4,0.4,0.4]},"ground":{"translation":[0,3,0],"scale":[0.25,0.25,0.25]},"gui":{"rotation":[30,225,0],"translation":[0,-2.75,0],"scale":[0.4,0.4,0.4]},"fixed":{"rotation":[-90,0,0],"translation":[0,0,-16],"scale":[2,2,2]}}}