{"credit":"Made with Blockbench","texture_size":[64,64],"textures":{"2":"hmcmodels:furniture/vases_and_plants/vase_amphora","particle":"hmcmodels:furniture/vases_and_plants/vase_amphora"},"elements":[{"from":[4,2,4],"to":[12,9,12],"faces":{"north":{"uv":[5.25,0,7.25,1.75],"texture":"#2","tintindex":0},"east":{"uv":[5.25,1.75,7.25,3.5],"texture":"#2","tintindex":0},"south":{"uv":[1.75,5.5,3.75,7.25],"texture":"#2","tintindex":0},"west":{"uv":[3.75,5.5,5.75,7.25],"texture":"#2","tintindex":0},"up":{"uv":[3.75,5.5,1.75,3.5],"texture":"#2","tintindex":0},"down":{"uv":[5.75,3.5,3.75,5.5],"texture":"#2","tintindex":0}}},{"from":[6,9,6],"to":[10,14,10],"faces":{"north":{"uv":[7.25,0,8.25,1.25],"texture":"#2","tintindex":0},"east":{"uv":[7.25,1.25,8.25,2.5],"texture":"#2","tintindex":0},"south":{"uv":[1.5,7.25,2.5,8.5],"texture":"#2","tintindex":0},"west":{"uv":[2.5,7.25,3.5,8.5],"texture":"#2","tintindex":0},"up":{"uv":[8.25,3.5,7.25,2.5],"texture":"#2","tintindex":0},"down":{"uv":[4.5,7.25,3.5,8.25],"texture":"#2","tintindex":0}}},{"from":[-1,1,8],"to":[6,15,8],"faces":{"north":{"uv":[0,0,1.75,3.5],"texture":"#2","tintindex":0},"east":{"uv":[0,0,0,3.5],"texture":"#2","tintindex":0},"south":{"uv":[1.75,0,3.5,3.5],"texture":"#2","tintindex":0},"west":{"uv":[0,0,0,3.5],"texture":"#2","tintindex":0},"up":{"uv":[1.75,0,0,0],"texture":"#2","tintindex":0},"down":{"uv":[1.75,0,0,0],"texture":"#2","tintindex":0}}},{"from":[10,1,8],"to":[17,15,8],"rotation":{"angle":0,"axis":"y","origin":[16,0,0]},"faces":{"north":{"uv":[0,3.5,1.75,7],"texture":"#2","tintindex":0},"east":{"uv":[0,0,0,3.5],"texture":"#2","tintindex":0},"south":{"uv":[3.5,0,5.25,3.5],"texture":"#2","tintindex":0},"west":{"uv":[0,0,0,3.5],"texture":"#2","tintindex":0},"up":{"uv":[1.75,0,0,0],"texture":"#2","tintindex":0},"down":{"uv":[1.75,0,0,0],"texture":"#2","tintindex":0}}},{"from":[5,0,5],"to":[11,2,11],"faces":{"north":{"uv":[7.25,3.5,8.75,4],"texture":"#2","tintindex":0},"east":{"uv":[7.25,4,8.75,4.5],"texture":"#2","tintindex":0},"south":{"uv":[7.25,4.5,8.75,5],"texture":"#2","tintindex":0},"west":{"uv":[7.25,5,8.75,5.5],"texture":"#2","tintindex":0},"up":{"uv":[7.25,5,5.75,3.5],"texture":"#2","tintindex":0},"down":{"uv":[7.25,5,5.75,6.5],"texture":"#2","tintindex":0}}},{"from":[5,14,5],"to":[11,16,11],"faces":{"north":{"uv":[7.25,5.5,8.75,6],"texture":"#2","tintindex":0},"east":{"uv":[7.25,6,8.75,6.5],"texture":"#2","tintindex":0},"south":{"uv":[7.25,6.5,8.75,7],"texture":"#2","tintindex":0},"west":{"uv":[7.25,7,8.75,7.5],"texture":"#2","tintindex":0},"up":{"uv":[7.25,8,5.75,6.5],"texture":"#2","tintindex":0},"down":{"uv":[1.5,7,0,8.5],"texture":"#2","tintindex":0}}}],"display":{"thirdperson_righthand":{"rotation":[75,45,0],"translation":[0,2.5,0],"scale":[0.375,0.375,0.375]},"thirdperson_lefthand":{"rotation":[75,45,0],"translation":[0,2.5,0],"scale":[0.375,0.375,0.375]},"firstperson_righthand":{"rotation":[0,45,0],"scale":[0.4,0.4,0.4]},"firstperson_lefthand":{"rotation":[0,225,0],"scale":[0.4,0.4,0.4]},"ground":{"translation":[0,3,0],"scale":[0.25,0.25,0.25]},"gui":{"rotation":[30,225,0],"scale":[0.625,0.625,0.625]},"fixed":{"rotation":[-90,0,0],"translation":[0,0,-16],"scale":[2,2,2]}}}