{"credit":"Made with Blockbench","texture_size":[64,64],"textures":{"2":"hmcmodels:furniture/vases_and_plants/vase_calyx_krater","particle":"hmcmodels:furniture/vases_and_plants/vase_calyx_krater"},"elements":[{"from":[4,0,4],"to":[12,2,12],"faces":{"north":{"uv":[3.5,7.5,5.5,8],"texture":"#2","tintindex":0},"east":{"uv":[5.5,7.5,7.5,8],"texture":"#2","tintindex":0},"south":{"uv":[7.5,7.5,9.5,8],"texture":"#2","tintindex":0},"west":{"uv":[3.5,8,5.5,8.5],"texture":"#2","tintindex":0},"up":{"uv":[2,7,0,5],"texture":"#2","tintindex":0},"down":{"uv":[4,5,2,7],"texture":"#2","tintindex":0}}},{"from":[3,14,3],"to":[13,16,13],"faces":{"north":{"uv":[6.5,4,9,4.5],"texture":"#2","tintindex":0},"east":{"uv":[6.5,4.5,9,5],"texture":"#2","tintindex":0},"south":{"uv":[3.5,7,6,7.5],"texture":"#2","tintindex":0},"west":{"uv":[6,7,8.5,7.5],"texture":"#2","tintindex":0},"up":{"uv":[2.5,2.5,0,0],"texture":"#2","tintindex":0},"down":{"uv":[2.5,2.5,0,5],"texture":"#2","tintindex":0}}},{"from":[-3,4,4],"to":[4,4,12],"rotation":{"angle":-45,"axis":"z","origin":[4,4,8]},"faces":{"north":{"uv":[0,0,1.75,0],"texture":"#2","tintindex":0},"east":{"uv":[0,0,2,0],"texture":"#2","tintindex":0},"south":{"uv":[0,0,1.75,0],"texture":"#2","tintindex":0},"west":{"uv":[0,0,2,0],"texture":"#2","tintindex":0},"up":{"uv":[8.25,2,6.5,0],"texture":"#2","tintindex":0},"down":{"uv":[8.25,2,6.5,4],"texture":"#2","tintindex":0}}},{"from":[12,4,4],"to":[19,4,12],"rotation":{"angle":45,"axis":"z","origin":[12,4,8]},"faces":{"north":{"uv":[0,0,1.75,0],"texture":"#2","tintindex":0},"east":{"uv":[0,0,2,0],"texture":"#2","tintindex":0},"south":{"uv":[0,0,1.75,0],"texture":"#2","tintindex":0},"west":{"uv":[0,0,2,0],"texture":"#2","tintindex":0},"up":{"uv":[1.75,9,0,7],"texture":"#2","tintindex":0},"down":{"uv":[3.5,7,1.75,9],"texture":"#2","tintindex":0}}},{"from":[4,4,4],"to":[12,14,12],"faces":{"north":{"uv":[2.5,0,4.5,2.5],"texture":"#2","tintindex":0},"east":{"uv":[2.5,2.5,4.5,5],"texture":"#2","tintindex":0},"south":{"uv":[4.5,0,6.5,2.5],"texture":"#2","tintindex":0},"west":{"uv":[4.5,2.5,6.5,5],"texture":"#2","tintindex":0},"up":{"uv":[6,7,4,5],"texture":"#2","tintindex":0},"down":{"uv":[8,5,6,7],"texture":"#2","tintindex":0}}},{"from":[6,2,6],"to":[10,4,10],"faces":{"north":{"uv":[8,6,9,6.5],"texture":"#2","tintindex":0},"east":{"uv":[6.5,8,7.5,8.5],"texture":"#2","tintindex":0},"south":{"uv":[8,6.5,9,7],"texture":"#2","tintindex":0},"west":{"uv":[7.5,8,8.5,8.5],"texture":"#2","tintindex":0},"up":{"uv":[9,6,8,5],"texture":"#2","tintindex":0},"down":{"uv":[6.5,8,5.5,9],"texture":"#2","tintindex":0}}}],"display":{"thirdperson_righthand":{"rotation":[75,45,0],"translation":[0,2.5,0],"scale":[0.375,0.375,0.375]},"thirdperson_lefthand":{"rotation":[75,45,0],"translation":[0,2.5,0],"scale":[0.375,0.375,0.375]},"firstperson_righthand":{"rotation":[0,45,0],"scale":[0.4,0.4,0.4]},"firstperson_lefthand":{"rotation":[0,225,0],"scale":[0.4,0.4,0.4]},"ground":{"translation":[0,3,0],"scale":[0.25,0.25,0.25]},"gui":{"rotation":[30,225,0],"scale":[0.625,0.625,0.625]},"fixed":{"rotation":[-90,0,0],"translation":[0,0,-16],"scale":[2,2,2]}}}