{"credit":"Made with Blockbench","texture_size":[64,64],"textures":{"2":"hmcmodels:furniture/vases_and_plants/vase_pelike","particle":"hmcmodels:furniture/vases_and_plants/vase_pelike"},"elements":[{"from":[2,2,2],"to":[14,12,14],"faces":{"north":{"uv":[3,0,6,2.5],"texture":"#2","tintindex":0},"east":{"uv":[3,2.5,6,5],"texture":"#2","tintindex":0},"south":{"uv":[3,5,6,7.5],"texture":"#2","tintindex":0},"west":{"uv":[0,6,3,8.5],"texture":"#2","tintindex":0},"up":{"uv":[3,3,0,0],"texture":"#2","tintindex":0},"down":{"uv":[3,3,0,6],"texture":"#2","tintindex":0}}},{"from":[6,12,6],"to":[10,14,10],"faces":{"north":{"uv":[4.75,8.5,5.75,9],"texture":"#2","tintindex":0},"east":{"uv":[4.75,9,5.75,9.5],"texture":"#2","tintindex":0},"south":{"uv":[9.25,4.5,10.25,5],"texture":"#2","tintindex":0},"west":{"uv":[9.25,5,10.25,5.5],"texture":"#2","tintindex":0},"up":{"uv":[5.75,8.5,4.75,7.5],"texture":"#2","tintindex":0},"down":{"uv":[3,8.5,2,9.5],"texture":"#2","tintindex":0}}},{"from":[-1,2,8],"to":[6,16,8],"faces":{"north":{"uv":[6,0,7.75,3.5],"texture":"#2","tintindex":0},"east":{"uv":[0,0,0,3.5],"texture":"#2","tintindex":0},"south":{"uv":[6,3.5,7.75,7],"texture":"#2","tintindex":0},"west":{"uv":[0,0,0,3.5],"texture":"#2","tintindex":0},"up":{"uv":[1.75,0,0,0],"texture":"#2","tintindex":0},"down":{"uv":[1.75,0,0,0],"texture":"#2","tintindex":0}}},{"from":[10,2,8],"to":[17,16,8],"rotation":{"angle":0,"axis":"y","origin":[16,0,0]},"faces":{"north":{"uv":[6,7,7.75,10.5],"texture":"#2","tintindex":0},"east":{"uv":[0,0,0,3.5],"texture":"#2","tintindex":0},"south":{"uv":[3,7.5,4.75,11],"texture":"#2","tintindex":0},"west":{"uv":[0,0,0,3.5],"texture":"#2","tintindex":0},"up":{"uv":[1.75,0,0,0],"texture":"#2","tintindex":0},"down":{"uv":[1.75,0,0,0],"texture":"#2","tintindex":0}}},{"from":[4,0,4],"to":[12,2,12],"faces":{"north":{"uv":[7.75,7,9.75,7.5],"texture":"#2","tintindex":0},"east":{"uv":[7.75,7.5,9.75,8],"texture":"#2","tintindex":0},"south":{"uv":[7.75,8,9.75,8.5],"texture":"#2","tintindex":0},"west":{"uv":[0,8.5,2,9],"texture":"#2","tintindex":0},"up":{"uv":[9.75,2,7.75,0],"texture":"#2","tintindex":0},"down":{"uv":[9.75,2,7.75,4],"texture":"#2","tintindex":0}}},{"from":[5,14,5],"to":[11,16,11],"faces":{"north":{"uv":[7.75,8.5,9.25,9],"texture":"#2","tintindex":0},"east":{"uv":[0,9,1.5,9.5],"texture":"#2","tintindex":0},"south":{"uv":[7.75,9,9.25,9.5],"texture":"#2","tintindex":0},"west":{"uv":[9.25,4,10.75,4.5],"texture":"#2","tintindex":0},"up":{"uv":[9.25,5.5,7.75,4],"texture":"#2","tintindex":0},"down":{"uv":[9.25,5.5,7.75,7],"texture":"#2","tintindex":0}}}],"display":{"thirdperson_righthand":{"rotation":[75,45,0],"translation":[0,2.5,0],"scale":[0.375,0.375,0.375]},"thirdperson_lefthand":{"rotation":[75,45,0],"translation":[0,2.5,0],"scale":[0.375,0.375,0.375]},"firstperson_righthand":{"rotation":[0,45,0],"scale":[0.4,0.4,0.4]},"firstperson_lefthand":{"rotation":[0,225,0],"scale":[0.4,0.4,0.4]},"ground":{"translation":[0,3,0],"scale":[0.25,0.25,0.25]},"gui":{"rotation":[30,225,0],"scale":[0.625,0.625,0.625]},"fixed":{"rotation":[-90,0,0],"translation":[0,0,-16],"scale":[2,2,2]}}}