{"credit":"Made with Blockbench","texture_size":[32,32],"textures":{"1":"hmcmodels:furniture/vases_and_plants/vase_wall","particle":"hmcmodels:furniture/vases_and_plants/vase_wall"},"elements":[{"from":[0,14,8],"to":[16,16,16],"faces":{"north":{"uv":[7,8,15,9],"texture":"#1","tintindex":0},"east":{"uv":[0,11.5,4,12.5],"texture":"#1","tintindex":0},"south":{"uv":[7,9,15,10],"texture":"#1","tintindex":0},"west":{"uv":[4,12,8,13],"texture":"#1","tintindex":0},"up":{"uv":[8,4,0,0],"texture":"#1","tintindex":0},"down":{"uv":[8,4,0,8],"texture":"#1","tintindex":0}}},{"from":[1,10,9],"to":[15,14,16],"faces":{"north":{"uv":[8,3.5,15,5.5],"texture":"#1","tintindex":0},"east":{"uv":[7,10,10.5,12],"texture":"#1","tintindex":0},"south":{"uv":[8,5.5,15,7.5],"texture":"#1","tintindex":0},"west":{"uv":[10.5,10,14,12],"texture":"#1","tintindex":0},"up":{"uv":[7,11.5,0,8],"texture":"#1","tintindex":0},"down":{"uv":[15,0,8,3.5],"texture":"#1","tintindex":0}}}],"display":{"thirdperson_righthand":{"rotation":[75,45,0],"translation":[0,2.5,0],"scale":[0.375,0.375,0.375]},"thirdperson_lefthand":{"rotation":[75,45,0],"translation":[0,2.5,0],"scale":[0.375,0.375,0.375]},"firstperson_righthand":{"rotation":[0,45,0],"scale":[0.4,0.4,0.4]},"firstperson_lefthand":{"rotation":[0,225,0],"scale":[0.4,0.4,0.4]},"ground":{"translation":[0,3,0],"scale":[0.25,0.25,0.25]},"gui":{"rotation":[30,225,0],"translation":[2,-3.5,0],"scale":[0.6,0.6,0.6]},"fixed":{"translation":[0,0,-16],"scale":[2,2,2]}}}