{"credit":"Made with Blockbench","textures":{"0":"mineinabyss:block/nature/water_mushroom","1":"mineinabyss:block/nature/water_mushroom_top","particle":"mineinabyss:block/nature/water_mushroom"},"elements":[{"name":"stem","from":[7,0,7],"to":[9,4,9],"faces":{"north":{"uv":[7,12,9,16],"texture":"#0"},"east":{"uv":[7,12,9,16],"texture":"#0"},"south":{"uv":[7,12,9,16],"texture":"#0"},"west":{"uv":[7,12,9,16],"texture":"#0"},"up":{"uv":[7,12,9,14],"texture":"#0"},"down":{"uv":[7,14,9,16],"texture":"#0"}}},{"name":"dec1","from":[5,3,5],"to":[7,4,7],"faces":{"north":{"uv":[9,12,11,13],"texture":"#0"},"east":{"uv":[5,12,7,13],"texture":"#0"},"south":{"uv":[9,12,11,13],"texture":"#0"},"west":{"uv":[5,12,7,13],"texture":"#0"},"up":{"uv":[0,0,2,2],"texture":"#1"},"down":{"uv":[9,11,11,13],"texture":"#0"}}},{"name":"dec2","from":[9,3,5],"to":[11,4,7],"faces":{"north":{"uv":[9,12,11,13],"texture":"#0"},"east":{"uv":[5,12,7,13],"texture":"#0"},"south":{"uv":[9,12,11,13],"texture":"#0"},"west":{"uv":[5,12,7,13],"texture":"#0"},"up":{"uv":[0,0,2,2],"texture":"#1"},"down":{"uv":[9,11,11,13],"texture":"#0"}}},{"name":"dec3","from":[5,3,9],"to":[7,4,11],"faces":{"north":{"uv":[9,12,11,13],"texture":"#0"},"east":{"uv":[5,12,7,13],"texture":"#0"},"south":{"uv":[9,12,11,13],"texture":"#0"},"west":{"uv":[5,12,7,13],"texture":"#0"},"up":{"uv":[0,0,2,2],"texture":"#1"},"down":{"uv":[9,11,11,13],"texture":"#0"}}},{"name":"dec4","from":[9,3,9],"to":[11,4,11],"faces":{"north":{"uv":[9,12,11,13],"texture":"#0"},"east":{"uv":[5,12,7,13],"texture":"#0"},"south":{"uv":[9,12,11,13],"texture":"#0"},"west":{"uv":[5,12,7,13],"texture":"#0"},"up":{"uv":[0,0,2,2],"texture":"#1"},"down":{"uv":[9,11,11,13],"texture":"#0"}}},{"name":"mushroom1","from":[4,4,4],"to":[12,8,12],"faces":{"north":{"uv":[4,8,12,12],"texture":"#0"},"east":{"uv":[4,8,12,12],"texture":"#0"},"south":{"uv":[4,8,12,12],"texture":"#0"},"west":{"uv":[4,8,12,12],"texture":"#0"},"up":{"uv":[4,4,12,12],"texture":"#1"},"down":{"uv":[0,0,16,16],"texture":"#1"}}},{"name":"mushroom2","from":[5,8,5],"to":[11,9,11],"faces":{"north":{"uv":[5,7,11,8],"texture":"#0"},"east":{"uv":[5,7,11,8],"texture":"#0"},"south":{"uv":[5,7,11,8],"texture":"#0"},"west":{"uv":[5,7,11,8],"texture":"#0"},"up":{"uv":[5,5,11,11],"texture":"#1"},"down":{"uv":[0,0,6,6],"texture":"#missing"}}},{"name":"mushroom3","from":[6,9,6],"to":[10,10,10],"faces":{"north":{"uv":[6,6,10,7],"texture":"#0"},"east":{"uv":[6,6,10,7],"texture":"#0"},"south":{"uv":[6,6,10,7],"texture":"#0"},"west":{"uv":[6,6,10,7],"texture":"#0"},"up":{"uv":[6,6,10,10],"texture":"#1"},"down":{"uv":[0,0,4,4],"texture":"#missing"}}},{"name":"mushroom4","from":[7,10,7],"to":[9,11,9],"faces":{"north":{"uv":[7,5,9,6],"texture":"#0"},"east":{"uv":[7,5,9,6],"texture":"#0"},"south":{"uv":[7,5,9,6],"texture":"#0"},"west":{"uv":[7,5,9,6],"texture":"#0"},"up":{"uv":[7,7,9,9],"texture":"#1"},"down":{"uv":[0,0,2,2],"texture":"#missing"}}},{"name":"stem","from":[11.464,-0.448,12.568],"to":[12.376,1.376,13.48],"faces":{"north":{"uv":[7,12,9,16],"texture":"#0"},"east":{"uv":[7,12,9,16],"texture":"#0"},"south":{"uv":[7,12,9,16],"texture":"#0"},"west":{"uv":[7,12,9,16],"texture":"#0"},"up":{"uv":[7,12,9,14],"texture":"#0"},"down":{"uv":[7,14,9,16],"texture":"#0"}}},{"name":"dec1","from":[10.552,0.92,11.656],"to":[11.464,1.376,12.568],"faces":{"north":{"uv":[9,12,11,13],"texture":"#0"},"east":{"uv":[5,12,7,13],"texture":"#0"},"south":{"uv":[9,12,11,13],"texture":"#0"},"west":{"uv":[5,12,7,13],"texture":"#0"},"up":{"uv":[0,0,2,2],"texture":"#1"},"down":{"uv":[9,11,11,13],"texture":"#0"}}},{"name":"dec2","from":[12.376,0.92,11.656],"to":[13.288,1.376,12.568],"faces":{"north":{"uv":[9,12,11,13],"texture":"#0"},"east":{"uv":[5,12,7,13],"texture":"#0"},"south":{"uv":[9,12,11,13],"texture":"#0"},"west":{"uv":[5,12,7,13],"texture":"#0"},"up":{"uv":[0,0,2,2],"texture":"#1"},"down":{"uv":[9,11,11,13],"texture":"#0"}}},{"name":"dec3","from":[10.552,0.92,13.48],"to":[11.464,1.376,14.392],"faces":{"north":{"uv":[9,12,11,13],"texture":"#0"},"east":{"uv":[5,12,7,13],"texture":"#0"},"south":{"uv":[9,12,11,13],"texture":"#0"},"west":{"uv":[5,12,7,13],"texture":"#0"},"up":{"uv":[0,0,2,2],"texture":"#1"},"down":{"uv":[9,11,11,13],"texture":"#0"}}},{"name":"dec4","from":[12.376,0.92,13.48],"to":[13.288,1.376,14.392],"faces":{"north":{"uv":[9,12,11,13],"texture":"#0"},"east":{"uv":[5,12,7,13],"texture":"#0"},"south":{"uv":[9,12,11,13],"texture":"#0"},"west":{"uv":[5,12,7,13],"texture":"#0"},"up":{"uv":[0,0,2,2],"texture":"#1"},"down":{"uv":[9,11,11,13],"texture":"#0"}}},{"name":"mushroom1","from":[10.096,1.376,11.2],"to":[13.744,3.2,14.848],"faces":{"north":{"uv":[4,8,12,12],"texture":"#0"},"east":{"uv":[4,8,12,12],"texture":"#0"},"south":{"uv":[4,8,12,12],"texture":"#0"},"west":{"uv":[4,8,12,12],"texture":"#0"},"up":{"uv":[4,4,12,12],"texture":"#1"},"down":{"uv":[0,0,16,16],"texture":"#1"}}},{"name":"mushroom2","from":[10.552,3.2,11.656],"to":[13.288,3.656,14.392],"faces":{"north":{"uv":[5,7,11,8],"texture":"#0"},"east":{"uv":[5,7,11,8],"texture":"#0"},"south":{"uv":[5,7,11,8],"texture":"#0"},"west":{"uv":[5,7,11,8],"texture":"#0"},"up":{"uv":[5,5,11,11],"texture":"#1"},"down":{"uv":[0,0,6,6],"texture":"#missing"}}},{"name":"mushroom3","from":[11.008,3.656,12.112],"to":[12.832,4.112,13.936],"faces":{"north":{"uv":[6,6,10,7],"texture":"#0"},"east":{"uv":[6,6,10,7],"texture":"#0"},"south":{"uv":[6,6,10,7],"texture":"#0"},"west":{"uv":[6,6,10,7],"texture":"#0"},"up":{"uv":[6,6,10,10],"texture":"#1"},"down":{"uv":[0,0,4,4],"texture":"#missing"}}},{"name":"mushroom4","from":[11.464,4.112,12.568],"to":[12.376,4.568,13.48],"faces":{"north":{"uv":[7,5,9,6],"texture":"#0"},"east":{"uv":[7,5,9,6],"texture":"#0"},"south":{"uv":[7,5,9,6],"texture":"#0"},"west":{"uv":[7,5,9,6],"texture":"#0"},"up":{"uv":[7,7,9,9],"texture":"#1"},"down":{"uv":[0,0,2,2],"texture":"#missing"}}},{"name":"stem","from":[1.44,-1.08,12.28],"to":[2.96,1.96,13.8],"faces":{"north":{"uv":[7,12,9,16],"texture":"#0"},"east":{"uv":[7,12,9,16],"texture":"#0"},"south":{"uv":[7,12,9,16],"texture":"#0"},"west":{"uv":[7,12,9,16],"texture":"#0"},"up":{"uv":[7,12,9,14],"texture":"#0"},"down":{"uv":[7,14,9,16],"texture":"#0"}}},{"name":"dec1","from":[-0.08,1.2,10.76],"to":[1.44,1.96,12.28],"faces":{"north":{"uv":[9,12,11,13],"texture":"#0"},"east":{"uv":[5,12,7,13],"texture":"#0"},"south":{"uv":[9,12,11,13],"texture":"#0"},"west":{"uv":[5,12,7,13],"texture":"#0"},"up":{"uv":[0,0,2,2],"texture":"#1"},"down":{"uv":[9,11,11,13],"texture":"#0"}}},{"name":"dec2","from":[2.96,1.2,10.76],"to":[4.48,1.96,12.28],"faces":{"north":{"uv":[9,12,11,13],"texture":"#0"},"east":{"uv":[5,12,7,13],"texture":"#0"},"south":{"uv":[9,12,11,13],"texture":"#0"},"west":{"uv":[5,12,7,13],"texture":"#0"},"up":{"uv":[0,0,2,2],"texture":"#1"},"down":{"uv":[9,11,11,13],"texture":"#0"}}},{"name":"dec3","from":[-0.08,1.2,13.8],"to":[1.44,1.96,15.32],"faces":{"north":{"uv":[9,12,11,13],"texture":"#0"},"east":{"uv":[5,12,7,13],"texture":"#0"},"south":{"uv":[9,12,11,13],"texture":"#0"},"west":{"uv":[5,12,7,13],"texture":"#0"},"up":{"uv":[0,0,2,2],"texture":"#1"},"down":{"uv":[9,11,11,13],"texture":"#0"}}},{"name":"dec4","from":[2.96,1.2,13.8],"to":[4.48,1.96,15.32],"faces":{"north":{"uv":[9,12,11,13],"texture":"#0"},"east":{"uv":[5,12,7,13],"texture":"#0"},"south":{"uv":[9,12,11,13],"texture":"#0"},"west":{"uv":[5,12,7,13],"texture":"#0"},"up":{"uv":[0,0,2,2],"texture":"#1"},"down":{"uv":[9,11,11,13],"texture":"#0"}}},{"name":"mushroom1","from":[-0.84,1.96,10],"to":[5.24,5,16.08],"faces":{"north":{"uv":[4,8,12,12],"texture":"#0"},"east":{"uv":[4,8,12,12],"texture":"#0"},"south":{"uv":[4,8,12,12],"texture":"#0"},"west":{"uv":[4,8,12,12],"texture":"#0"},"up":{"uv":[4,4,12,12],"texture":"#1"},"down":{"uv":[0,0,16,16],"texture":"#1"}}},{"name":"mushroom2","from":[-0.08,5,10.76],"to":[4.48,5.76,15.32],"faces":{"north":{"uv":[5,7,11,8],"texture":"#0"},"east":{"uv":[5,7,11,8],"texture":"#0"},"south":{"uv":[5,7,11,8],"texture":"#0"},"west":{"uv":[5,7,11,8],"texture":"#0"},"up":{"uv":[5,5,11,11],"texture":"#1"},"down":{"uv":[0,0,6,6],"texture":"#missing"}}},{"name":"mushroom3","from":[0.68,5.76,11.52],"to":[3.72,6.52,14.56],"faces":{"north":{"uv":[6,6,10,7],"texture":"#0"},"east":{"uv":[6,6,10,7],"texture":"#0"},"south":{"uv":[6,6,10,7],"texture":"#0"},"west":{"uv":[6,6,10,7],"texture":"#0"},"up":{"uv":[6,6,10,10],"texture":"#1"},"down":{"uv":[0,0,4,4],"texture":"#missing"}}},{"name":"mushroom4","from":[1.44,6.52,12.28],"to":[2.96,7.28,13.8],"faces":{"north":{"uv":[7,5,9,6],"texture":"#0"},"east":{"uv":[7,5,9,6],"texture":"#0"},"south":{"uv":[7,5,9,6],"texture":"#0"},"west":{"uv":[7,5,9,6],"texture":"#0"},"up":{"uv":[7,7,9,9],"texture":"#1"},"down":{"uv":[0,0,2,2],"texture":"#missing"}}},{"name":"stem","from":[13.464,-0.448,5.568],"to":[14.376,1.376,6.48],"faces":{"north":{"uv":[7,12,9,16],"texture":"#0"},"east":{"uv":[7,12,9,16],"texture":"#0"},"south":{"uv":[7,12,9,16],"texture":"#0"},"west":{"uv":[7,12,9,16],"texture":"#0"},"up":{"uv":[7,12,9,14],"texture":"#0"},"down":{"uv":[7,14,9,16],"texture":"#0"}}},{"name":"dec1","from":[12.552,0.92,4.656],"to":[13.464,1.376,5.568],"faces":{"north":{"uv":[9,12,11,13],"texture":"#0"},"east":{"uv":[5,12,7,13],"texture":"#0"},"south":{"uv":[9,12,11,13],"texture":"#0"},"west":{"uv":[5,12,7,13],"texture":"#0"},"up":{"uv":[0,0,2,2],"texture":"#1"},"down":{"uv":[9,11,11,13],"texture":"#0"}}},{"name":"dec2","from":[14.376,0.92,4.656],"to":[15.288,1.376,5.568],"faces":{"north":{"uv":[9,12,11,13],"texture":"#0"},"east":{"uv":[5,12,7,13],"texture":"#0"},"south":{"uv":[9,12,11,13],"texture":"#0"},"west":{"uv":[5,12,7,13],"texture":"#0"},"up":{"uv":[0,0,2,2],"texture":"#1"},"down":{"uv":[9,11,11,13],"texture":"#0"}}},{"name":"dec3","from":[12.552,0.92,6.48],"to":[13.464,1.376,7.392],"faces":{"north":{"uv":[9,12,11,13],"texture":"#0"},"east":{"uv":[5,12,7,13],"texture":"#0"},"south":{"uv":[9,12,11,13],"texture":"#0"},"west":{"uv":[5,12,7,13],"texture":"#0"},"up":{"uv":[0,0,2,2],"texture":"#1"},"down":{"uv":[9,11,11,13],"texture":"#0"}}},{"name":"dec4","from":[14.376,0.92,6.48],"to":[15.288,1.376,7.392],"faces":{"north":{"uv":[9,12,11,13],"texture":"#0"},"east":{"uv":[5,12,7,13],"texture":"#0"},"south":{"uv":[9,12,11,13],"texture":"#0"},"west":{"uv":[5,12,7,13],"texture":"#0"},"up":{"uv":[0,0,2,2],"texture":"#1"},"down":{"uv":[9,11,11,13],"texture":"#0"}}},{"name":"mushroom1","from":[12.096,1.376,4.2],"to":[15.744,3.2,7.848],"faces":{"north":{"uv":[4,8,12,12],"texture":"#0"},"east":{"uv":[4,8,12,12],"texture":"#0"},"south":{"uv":[4,8,12,12],"texture":"#0"},"west":{"uv":[4,8,12,12],"texture":"#0"},"up":{"uv":[4,4,12,12],"texture":"#1"},"down":{"uv":[0,0,16,16],"texture":"#1"}}},{"name":"mushroom2","from":[12.552,3.2,4.656],"to":[15.288,3.656,7.392],"faces":{"north":{"uv":[5,7,11,8],"texture":"#0"},"east":{"uv":[5,7,11,8],"texture":"#0"},"south":{"uv":[5,7,11,8],"texture":"#0"},"west":{"uv":[5,7,11,8],"texture":"#0"},"up":{"uv":[5,5,11,11],"texture":"#1"},"down":{"uv":[0,0,6,6],"texture":"#missing"}}},{"name":"mushroom3","from":[13.008,3.656,5.112],"to":[14.832,4.112,6.936],"faces":{"north":{"uv":[6,6,10,7],"texture":"#0"},"east":{"uv":[6,6,10,7],"texture":"#0"},"south":{"uv":[6,6,10,7],"texture":"#0"},"west":{"uv":[6,6,10,7],"texture":"#0"},"up":{"uv":[6,6,10,10],"texture":"#1"},"down":{"uv":[0,0,4,4],"texture":"#missing"}}},{"name":"mushroom4","from":[13.464,4.112,5.568],"to":[14.376,4.568,6.48],"faces":{"north":{"uv":[7,5,9,6],"texture":"#0"},"east":{"uv":[7,5,9,6],"texture":"#0"},"south":{"uv":[7,5,9,6],"texture":"#0"},"west":{"uv":[7,5,9,6],"texture":"#0"},"up":{"uv":[7,7,9,9],"texture":"#1"},"down":{"uv":[0,0,2,2],"texture":"#missing"}}}],"display":{"thirdperson_righthand":{"translation":[0,4,0],"scale":[0.6,0.6,0.6]},"thirdperson_lefthand":{"translation":[0,4,0],"scale":[0.6,0.6,0.6]},"firstperson_righthand":{"translation":[0,4.25,0]},"firstperson_lefthand":{"translation":[0,4.25,0]},"ground":{"translation":[0,2.75,0],"scale":[0.8,0.8,0.8]},"fixed":{"translation":[0,1.5,0]},"gui":{"rotation":[13,-39,0],"translation":[0,2,0]}},"groups":[{"name":"model","children":[0,1,2,3,4,5,6,7,8]},{"name":"model2","children":[9,10,11,12,13,14,15,16,17]},{"name":"model3","children":[18,19,20,21,22,23,24,25,26]},{"name":"model4","children":[27,28,29,30,31,32,33,34,35]}]}