{"credit":"Made with Blockbench","texture_size":[32,32],"textures":{"3":"mineinabyss:relics/osteo_falchion/osteo_falchion"},"elements":[{"name":"handle_cube","from":[7.5,-0.8,6.6],"to":[8.5,5.7,8.6],"rotation":{"angle":0,"axis":"y","origin":[8,5.45,7.6]},"faces":{"north":{"uv":[9,4,9.5,7.5],"texture":"#3"},"east":{"uv":[5,0,6,3.5],"texture":"#3"},"south":{"uv":[9,7.5,9.5,11],"texture":"#3"},"west":{"uv":[5,3.5,6,7],"texture":"#3"},"up":{"uv":[11,6,10.5,5],"texture":"#3"},"down":{"uv":[11.5,0,11,1],"texture":"#3"}}},{"name":"handle_cube","from":[7.6,-2.05,7.85],"to":[8.4,-0.1,9.7],"rotation":{"angle":22.5,"axis":"x","origin":[8,2.45,7.6]},"faces":{"north":{"uv":[11,1,11.5,2],"texture":"#3"},"east":{"uv":[10,0,11,1],"texture":"#3"},"south":{"uv":[11,2,11.5,3],"texture":"#3"},"west":{"uv":[10,1,11,2],"texture":"#3"},"up":{"uv":[11.5,4,11,3],"texture":"#3"},"down":{"uv":[11.5,4,11,5],"texture":"#3"}}},{"name":"handle_cube","from":[7.7,-2.62329,5.75818],"to":[8.3,-1.47329,7.60818],"rotation":{"angle":-22.5,"axis":"x","origin":[8,-2.37322,7.11743]},"faces":{"north":{"uv":[12,3,12.5,3.5],"texture":"#3"},"east":{"uv":[11,5,12,5.5],"texture":"#3"},"south":{"uv":[12,3.5,12.5,4],"texture":"#3"},"west":{"uv":[11,5.5,12,6],"texture":"#3"},"up":{"uv":[11.5,7,11,6],"texture":"#3"},"down":{"uv":[11.5,7,11,8],"texture":"#3"}}},{"name":"handle_cube","from":[7.8,-2.78823,4.28107],"to":[8.2,-2.03823,5.93107],"rotation":{"angle":22.5,"axis":"x","origin":[8,-2.81323,5.20607]},"faces":{"north":{"uv":[12,4,12.5,4.5],"texture":"#3"},"east":{"uv":[11,8,12,8.5],"texture":"#3"},"south":{"uv":[12,4.5,12.5,5],"texture":"#3"},"west":{"uv":[11,8.5,12,9],"texture":"#3"},"up":{"uv":[9.5,12,9,11],"texture":"#3"},"down":{"uv":[11.5,9,11,10],"texture":"#3"}}},{"name":"handle_cube","from":[7.7,-3.08041,3.74175],"to":[8.4,-2.33041,4.59175],"rotation":{"angle":45,"axis":"x","origin":[8,-2.40541,5.26675]},"faces":{"north":{"uv":[12,5,12.5,5.5],"texture":"#3"},"east":{"uv":[12,5.5,12.5,6],"texture":"#3"},"south":{"uv":[12,6,12.5,6.5],"texture":"#3"},"west":{"uv":[12,6.5,12.5,7],"texture":"#3"},"up":{"uv":[12.5,7.5,12,7],"texture":"#3"},"down":{"uv":[12.5,7.5,12,8],"texture":"#3"}}},{"name":"blade_cube","from":[7.5,5,7],"to":[7.8,6.3,8.2],"rotation":{"angle":22.5,"axis":"z","origin":[7.65,5.05,7.6]},"faces":{"north":{"uv":[11.5,4.5,12,5],"texture":"#3"},"east":{"uv":[11.5,10,12,10.5],"texture":"#3"},"south":{"uv":[11.5,10.5,12,11],"texture":"#3"},"west":{"uv":[11.5,11,12,11.5],"texture":"#3"},"up":{"uv":[12,12,11.5,11.5],"texture":"#3"},"down":{"uv":[1,12,0.5,12.5],"texture":"#3"}}},{"name":"blade_cube","from":[8.2,5,7],"to":[8.5,6.3,8.2],"rotation":{"angle":-22.5,"axis":"z","origin":[8.35,5.05,7.6]},"faces":{"north":{"uv":[12,0.5,12.5,1],"texture":"#3"},"east":{"uv":[1,12,1.5,12.5],"texture":"#3"},"south":{"uv":[12,1,12.5,1.5],"texture":"#3"},"west":{"uv":[12,1.5,12.5,2],"texture":"#3"},"up":{"uv":[12.5,2.5,12,2],"texture":"#3"},"down":{"uv":[12.5,2.5,12,3],"texture":"#3"}}},{"name":"blade_cube","from":[7.5,5.65,7],"to":[8.5,23,8],"rotation":{"angle":0,"axis":"y","origin":[0,5,0]},"faces":{"north":{"uv":[3,0,3.5,8.5],"texture":"#3"},"east":{"uv":[3.5,0,4,8.5],"texture":"#3"},"south":{"uv":[4,0,4.5,8.5],"texture":"#3"},"west":{"uv":[4.5,0,5,8.5],"texture":"#3"},"up":{"uv":[12.5,8.5,12,8],"texture":"#3"},"down":{"uv":[9,12,8.5,12.5],"texture":"#3"}}},{"name":"blade_cube","from":[7.6,5.65,8.3],"to":[8.4,19.9,8.5],"rotation":{"angle":0,"axis":"y","origin":[0,5,0]},"faces":{"north":{"uv":[6,0,6.5,7],"texture":"#3"},"east":{"uv":[6.5,0,7,7],"texture":"#3"},"south":{"uv":[7,0,7.5,7],"texture":"#3"},"west":{"uv":[5,7,5.5,14],"texture":"#3"},"up":{"uv":[12.5,9,12,8.5],"texture":"#3"},"down":{"uv":[9.5,12,9,12.5],"texture":"#3"}}},{"name":"blade_cube","from":[7.5,22.55,6.8],"to":[8.5,23.2,7.5],"rotation":{"angle":45,"axis":"x","origin":[8,22.525,7.5]},"faces":{"north":{"uv":[12,9,12.5,9.5],"texture":"#3"},"east":{"uv":[9.5,12,10,12.5],"texture":"#3"},"south":{"uv":[12,9.5,12.5,10],"texture":"#3"},"west":{"uv":[10,12,10.5,12.5],"texture":"#3"},"up":{"uv":[12.5,10.5,12,10],"texture":"#3"},"down":{"uv":[11,12,10.5,12.5],"texture":"#3"}}},{"name":"blade_cube","from":[7.75,5.3,6.25],"to":[8.25,28,8],"rotation":{"angle":0,"axis":"y","origin":[8,17,7.125]},"faces":{"north":{"uv":[2,0,2.5,11.5],"texture":"#3"},"east":{"uv":[0,0,1,11.5],"texture":"#3"},"south":{"uv":[2.5,0,3,11.5],"texture":"#3"},"west":{"uv":[1,0,2,11.5],"texture":"#3"},"up":{"uv":[11.5,11,11,10],"texture":"#3"},"down":{"uv":[11,11,10.5,12],"texture":"#3"}}},{"name":"blade_cube","from":[7.75,4.3,6.25],"to":[8.25,5.3,6.6],"rotation":{"angle":-22.5,"axis":"x","origin":[8,5.3,6.225]},"faces":{"north":{"uv":[12,10.5,12.5,11],"texture":"#3"},"east":{"uv":[11,12,11.5,12.5],"texture":"#3"},"south":{"uv":[12,11,12.5,11.5],"texture":"#3"},"west":{"uv":[11.5,12,12,12.5],"texture":"#3"},"up":{"uv":[12.5,12,12,11.5],"texture":"#3"},"down":{"uv":[12.5,12,12,12.5],"texture":"#3"}}},{"name":"blade_cube","from":[7.75,19.9,6.25],"to":[8.25,26,8],"rotation":{"angle":22.5,"axis":"x","origin":[8,19.75,7.125]},"faces":{"north":{"uv":[9.5,4,10,7],"texture":"#3"},"east":{"uv":[7.5,0,8.5,3],"texture":"#3"},"south":{"uv":[9.5,7,10,10],"texture":"#3"},"west":{"uv":[7.5,3,8.5,6],"texture":"#3"},"up":{"uv":[11.5,12,11,11],"texture":"#3"},"down":{"uv":[0.5,11.5,0,12.5],"texture":"#3"}}},{"name":"blade_cube","from":[7.75,16.5,8.5],"to":[8.25,27.15,9],"rotation":{"angle":22.5,"axis":"x","origin":[8,19.75,7.125]},"faces":{"north":{"uv":[7.5,6,8,11.5],"texture":"#3"},"east":{"uv":[8,6,8.5,11.5],"texture":"#3"},"south":{"uv":[8.5,0,9,5.5],"texture":"#3"},"west":{"uv":[3,8.5,3.5,14],"texture":"#3"},"up":{"uv":[0.5,13,0,12.5],"texture":"#3"},"down":{"uv":[13,0,12.5,0.5],"texture":"#3"}}},{"name":"blade_cube","from":[7.75,5.36638,7.93951],"to":[8.25,19.21638,8.93951],"rotation":{"angle":0,"axis":"x","origin":[8,21.09138,9.43951]},"faces":{"north":{"uv":[5.5,7,6,14],"texture":"#3"},"east":{"uv":[6,7,6.5,14],"texture":"#3"},"south":{"uv":[6.5,7,7,14],"texture":"#3"},"west":{"uv":[7,7,7.5,14],"texture":"#3"},"up":{"uv":[1,13,0.5,12.5],"texture":"#3"},"down":{"uv":[13,0.5,12.5,1],"texture":"#3"}}},{"name":"blade_cube","from":[7.75,4.36638,8.53951],"to":[8.25,5.36638,8.93951],"rotation":{"angle":22.5,"axis":"x","origin":[8,5.36638,8.93951]},"faces":{"north":{"uv":[1,12.5,1.5,13],"texture":"#3"},"east":{"uv":[12.5,1,13,1.5],"texture":"#3"},"south":{"uv":[1.5,12.5,2,13],"texture":"#3"},"west":{"uv":[12.5,1.5,13,2],"texture":"#3"},"up":{"uv":[2.5,13,2,12.5],"texture":"#3"},"down":{"uv":[13,2,12.5,2.5],"texture":"#3"}}},{"name":"blade_cube","from":[7.75,25.34884,10.13658],"to":[8.25,25.84884,11.88658],"rotation":{"angle":-45,"axis":"x","origin":[8,25.24884,11.16158]},"faces":{"north":{"uv":[2.5,12.5,3,13],"texture":"#3"},"east":{"uv":[11.5,0,12.5,0.5],"texture":"#3"},"south":{"uv":[12.5,2.5,13,3],"texture":"#3"},"west":{"uv":[0.5,11.5,1.5,12],"texture":"#3"},"up":{"uv":[12,1.5,11.5,0.5],"texture":"#3"},"down":{"uv":[2,11.5,1.5,12.5],"texture":"#3"}}},{"name":"blade_cube","from":[7.75,25.49884,10.13658],"to":[8.25,25.74884,10.88658],"rotation":{"angle":-22.5,"axis":"x","origin":[8,25.24884,11.16158]},"faces":{"north":{"uv":[12.5,3,13,3.5],"texture":"#3"},"east":{"uv":[12.5,3.5,13,4],"texture":"#3"},"south":{"uv":[12.5,4,13,4.5],"texture":"#3"},"west":{"uv":[12.5,4.5,13,5],"texture":"#3"},"up":{"uv":[13,5.5,12.5,5],"texture":"#3"},"down":{"uv":[13,5.5,12.5,6],"texture":"#3"}}},{"name":"blade_cube","from":[7.75,25.89543,8.65987],"to":[8.25,26.64543,9.15987],"rotation":{"angle":-22.5,"axis":"x","origin":[8,26.27043,10.03487]},"faces":{"north":{"uv":[12.5,6,13,6.5],"texture":"#3"},"east":{"uv":[12.5,6.5,13,7],"texture":"#3"},"south":{"uv":[12.5,7,13,7.5],"texture":"#3"},"west":{"uv":[7.5,12.5,8,13],"texture":"#3"},"up":{"uv":[13,8,12.5,7.5],"texture":"#3"},"down":{"uv":[8.5,12.5,8,13],"texture":"#3"}}},{"name":"blade_cube","from":[7.75,25.96491,8.64551],"to":[8.25,26.96491,9.14551],"rotation":{"angle":0,"axis":"x","origin":[8,25.83991,8.99551]},"faces":{"north":{"uv":[12.5,8,13,8.5],"texture":"#3"},"east":{"uv":[8.5,12.5,9,13],"texture":"#3"},"south":{"uv":[12.5,8.5,13,9],"texture":"#3"},"west":{"uv":[9,12.5,9.5,13],"texture":"#3"},"up":{"uv":[13,9.5,12.5,9],"texture":"#3"},"down":{"uv":[10,12.5,9.5,13],"texture":"#3"}}},{"name":"blade_cube","from":[7.75,24.2,4.75],"to":[8.25,27.75,6.25],"rotation":{"angle":22.5,"axis":"x","origin":[8,19.75,7.125]},"faces":{"north":{"uv":[10,2,10.5,4],"texture":"#3"},"east":{"uv":[9,0,10,2],"texture":"#3"},"south":{"uv":[10,4,10.5,6],"texture":"#3"},"west":{"uv":[9,2,10,4],"texture":"#3"},"up":{"uv":[12,2.5,11.5,1.5],"texture":"#3"},"down":{"uv":[2.5,11.5,2,12.5],"texture":"#3"}}},{"name":"blade_cube","from":[7.75,27.64741,7.26233],"to":[8.25,29.64741,8.76233],"rotation":{"angle":-45,"axis":"x","origin":[8,27.64741,8.63733]},"faces":{"north":{"uv":[2.5,11.5,3,12.5],"texture":"#3"},"east":{"uv":[10,6,11,7],"texture":"#3"},"south":{"uv":[11.5,2.5,12,3.5],"texture":"#3"},"west":{"uv":[10,7,11,8],"texture":"#3"},"up":{"uv":[12,4.5,11.5,3.5],"texture":"#3"},"down":{"uv":[12,6,11.5,7],"texture":"#3"}}},{"name":"blade_cube","from":[7.75,28.7563,7.11956],"to":[8.25,30.7063,7.41956],"rotation":{"angle":-22.5,"axis":"x","origin":[8,28.5313,6.86956]},"faces":{"north":{"uv":[11.5,7,12,8],"texture":"#3"},"east":{"uv":[7.5,11.5,8,12.5],"texture":"#3"},"south":{"uv":[8,11.5,8.5,12.5],"texture":"#3"},"west":{"uv":[11.5,9,12,10],"texture":"#3"},"up":{"uv":[13,10,12.5,9.5],"texture":"#3"},"down":{"uv":[10.5,12.5,10,13],"texture":"#3"}}},{"name":"blade_cube","from":[7.75,28.6563,6.86956],"to":[8.25,30.1063,7.16956],"rotation":{"angle":-22.5,"axis":"x","origin":[8,28.5313,6.86956]},"faces":{"north":{"uv":[12.5,10,13,10.5],"texture":"#3"},"east":{"uv":[10.5,12.5,11,13],"texture":"#3"},"south":{"uv":[12.5,10.5,13,11],"texture":"#3"},"west":{"uv":[11,12.5,11.5,13],"texture":"#3"},"up":{"uv":[13,11.5,12.5,11],"texture":"#3"},"down":{"uv":[12,12.5,11.5,13],"texture":"#3"}}},{"name":"blade_cube","from":[7.75,28.4063,6.66956],"to":[8.25,29.6063,6.96956],"rotation":{"angle":-22.5,"axis":"x","origin":[8,28.5313,6.86956]},"faces":{"north":{"uv":[12.5,11.5,13,12],"texture":"#3"},"east":{"uv":[12,12.5,12.5,13],"texture":"#3"},"south":{"uv":[12.5,12,13,12.5],"texture":"#3"},"west":{"uv":[12.5,12.5,13,13],"texture":"#3"},"up":{"uv":[0.5,13.5,0,13],"texture":"#3"},"down":{"uv":[13.5,0,13,0.5],"texture":"#3"}}},{"name":"blade_cube","from":[7.75,28.2063,6.36956],"to":[8.25,29.1063,6.76956],"rotation":{"angle":0,"axis":"x","origin":[8,28.5313,6.86956]},"faces":{"north":{"uv":[0.5,13,1,13.5],"texture":"#3"},"east":{"uv":[13,0.5,13.5,1],"texture":"#3"},"south":{"uv":[1,13,1.5,13.5],"texture":"#3"},"west":{"uv":[13,1,13.5,1.5],"texture":"#3"},"up":{"uv":[2,13.5,1.5,13],"texture":"#3"},"down":{"uv":[13.5,1.5,13,2],"texture":"#3"}}},{"name":"blade_cube","from":[7.75,28.4063,7.36956],"to":[8.25,31.3563,7.61956],"rotation":{"angle":-22.5,"axis":"x","origin":[8,28.5313,6.86956]},"faces":{"north":{"uv":[10.5,2,11,3.5],"texture":"#3"},"east":{"uv":[10.5,3.5,11,5],"texture":"#3"},"south":{"uv":[10.5,8,11,9.5],"texture":"#3"},"west":{"uv":[10.5,9.5,11,11],"texture":"#3"},"up":{"uv":[2.5,13.5,2,13],"texture":"#3"},"down":{"uv":[13.5,2,13,2.5],"texture":"#3"}}},{"name":"blade_cube","from":[7.75,27.80032,6.24363],"to":[8.25,31.55032,6.49363],"rotation":{"angle":0,"axis":"x","origin":[8,29.92532,6.96863]},"faces":{"north":{"uv":[10,8,10.5,10],"texture":"#3"},"east":{"uv":[8.5,10,9,12],"texture":"#3"},"south":{"uv":[9.5,10,10,12],"texture":"#3"},"west":{"uv":[10,10,10.5,12],"texture":"#3"},"up":{"uv":[3,13.5,2.5,13],"texture":"#3"},"down":{"uv":[13.5,2.5,13,3],"texture":"#3"}}},{"name":"blade_cube","from":[7.75,16.5,7],"to":[8.25,25.5,7.5],"rotation":{"angle":22.5,"axis":"x","origin":[8,17,8]},"faces":{"north":{"uv":[3.5,8.5,4,13],"texture":"#3"},"east":{"uv":[4,8.5,4.5,13],"texture":"#3"},"south":{"uv":[4.5,8.5,5,13],"texture":"#3"},"west":{"uv":[8.5,5.5,9,10],"texture":"#3"},"up":{"uv":[13.5,3.5,13,3],"texture":"#3"},"down":{"uv":[4,13,3.5,13.5],"texture":"#3"}}}],"display":{"thirdperson_righthand":{"translation":[0,4.5,0.5]},"thirdperson_lefthand":{"translation":[0,4.5,0.5]},"firstperson_righthand":{"rotation":[-23,0,0],"translation":[5.75,2.25,-1.75]},"firstperson_lefthand":{"rotation":[-29,0,0],"translation":[3.25,3,0]},"ground":{"rotation":[67,0,34],"translation":[0,2.25,0]},"gui":{"rotation":[-64,37,79],"translation":[3,-1.5,0],"scale":[0.55,0.55,0.55]},"fixed":{"rotation":[82,-64,82],"translation":[2,-5.5,-2.75]}},"groups":[{"name":"handle","origin":[8,-2.40541,5.26675],"children":[0,1,2,3,4]},{"name":"blade","origin":[8,17,8],"children":[5,6,7,8,9,10,11,12,13,14,15,16,17,18,19,20,21,22,23,24,25,26,27,28]}]}