{"credit":"Made with Blockbench","textures":{"0":"mineinabyss:other/duel_disk_1","particle":"mineinabyss:other/duel_disk_1"},"elements":[{"from":[7.55,11,9],"to":[10.55,11.75,20],"rotation":{"angle":0,"axis":"y","origin":[15.55,19,17]},"faces":{"north":{"uv":[0,0,3,0.75],"texture":"#0"},"east":{"uv":[0,0,7,0.5],"texture":"#0"},"south":{"uv":[0,0,3,0.75],"texture":"#0"},"west":{"uv":[0,14.25,11,15],"texture":"#0"},"up":{"uv":[13,0,16,11],"texture":"#0"},"down":{"uv":[14.75,15.25,16,16],"texture":"#0"}}},{"from":[3.75,11.3,14.5],"to":[7,11.65,18.2],"rotation":{"angle":-45,"axis":"y","origin":[14.25,19,20]},"faces":{"north":{"uv":[11.25,14,14.5,14.35],"texture":"#0"},"east":{"uv":[0,0,3.7,0.35],"texture":"#0"},"south":{"uv":[0,0,3.25,0.35],"texture":"#0"},"west":{"uv":[0,0,3.7,0.35],"texture":"#0"},"up":{"uv":[7.25,0,10.5,3.7],"texture":"#0"},"down":{"uv":[15.5,15.5,16,16],"texture":"#0"}}},{"from":[7.8,11.075,9],"to":[8.3,11.875,20],"rotation":{"angle":0,"axis":"y","origin":[15.55,19,17]},"faces":{"north":{"uv":[0,0,0.5,0.875],"texture":"#0"},"east":{"uv":[15.5,15,16,16],"texture":"#0"},"south":{"uv":[0,0,0.5,0.875],"texture":"#0"},"west":{"uv":[15.5,15.25,16,15.875],"texture":"#0"},"up":{"uv":[9,0,9.5,11],"texture":"#0"},"down":{"uv":[0,0,0.5,11],"texture":"#0"}}},{"from":[7.8,11.075,18.25],"to":[8.8,11.875,20],"rotation":{"angle":0,"axis":"y","origin":[15.55,19,15.75]},"faces":{"north":{"uv":[15,15,16,15.875],"texture":"#0"},"east":{"uv":[0,0,1.75,0.875],"texture":"#0"},"south":{"uv":[0,0,1,0.875],"texture":"#0"},"west":{"uv":[15,15,16,16],"texture":"#0"},"up":{"uv":[0,0,1,1.75],"texture":"#0"},"down":{"uv":[0,0,1,1.75],"texture":"#0"}}},{"from":[7.8,11.075,9],"to":[8.8,11.875,10.5],"rotation":{"angle":0,"axis":"y","origin":[15.55,19,7]},"faces":{"north":{"uv":[0,0,1,0.875],"texture":"#0"},"east":{"uv":[0,0,1.5,0.875],"texture":"#0"},"south":{"uv":[15,15,16,15.875],"texture":"#0"},"west":{"uv":[14.5,15,16,15.875],"texture":"#0"},"up":{"uv":[0,0,1,1.5],"texture":"#0"},"down":{"uv":[0,0,1,1.5],"texture":"#0"}}},{"from":[8.55,11.075,9.25],"to":[10.05,11.875,10.25],"rotation":{"angle":0,"axis":"y","origin":[16.8,19,6.5]},"faces":{"north":{"uv":[0,0,1.5,0.875],"texture":"#0"},"east":{"uv":[0,0,1,0.875],"texture":"#0"},"south":{"uv":[14.5,15,16,15.875],"texture":"#0"},"west":{"uv":[0,0,1,0.875],"texture":"#0"},"up":{"uv":[0,0,1.5,1],"texture":"#0"},"down":{"uv":[0,0,1.5,1],"texture":"#0"}}},{"from":[8.55,11.075,12.5],"to":[10.05,11.875,13],"rotation":{"angle":0,"axis":"y","origin":[16.8,19,9.75]},"faces":{"north":{"uv":[14.5,15,16,15.875],"texture":"#0"},"east":{"uv":[0,0,0.5,0.875],"texture":"#0"},"south":{"uv":[14.5,15,16,15.875],"texture":"#0"},"west":{"uv":[0,0,0.5,0.875],"texture":"#0"},"up":{"uv":[0,0,1.5,0.5],"texture":"#0"},"down":{"uv":[0,0,1.5,0.5],"texture":"#0"}}},{"from":[8.55,11.075,15.5],"to":[10.05,11.875,16],"rotation":{"angle":0,"axis":"y","origin":[16.8,19,12.75]},"faces":{"north":{"uv":[14.5,15,16,15.875],"texture":"#0"},"east":{"uv":[0,0,0.5,0.875],"texture":"#0"},"south":{"uv":[14.5,15,16,15.875],"texture":"#0"},"west":{"uv":[0,0,0.5,0.875],"texture":"#0"},"up":{"uv":[0,0,1.5,0.5],"texture":"#0"},"down":{"uv":[0,0,1.5,0.5],"texture":"#0"}}},{"from":[8.55,11,18.5],"to":[10.05,11.875,20.625],"rotation":{"angle":0,"axis":"y","origin":[16.8,19,15.75]},"faces":{"north":{"uv":[14.5,15,16,15.875],"texture":"#0"},"east":{"uv":[0,0,2.125,0.875],"texture":"#0"},"south":{"uv":[0,0,1.5,0.875],"texture":"#0"},"west":{"uv":[0,0,2.125,0.875],"texture":"#0"},"up":{"uv":[0,0,1.5,2.125],"texture":"#0"},"down":{"uv":[14.5,15.25,16,15.875],"texture":"#0"}}},{"from":[7.8,11.075,15.25],"to":[8.8,11.875,16.25],"rotation":{"angle":0,"axis":"y","origin":[15.55,19,12.75]},"faces":{"north":{"uv":[15,15,16,15.875],"texture":"#0"},"east":{"uv":[0,0,1,0.875],"texture":"#0"},"south":{"uv":[15,15,16,15.875],"texture":"#0"},"west":{"uv":[15,15,16,15.875],"texture":"#0"},"up":{"uv":[0,0,1,1],"texture":"#0"},"down":{"uv":[0,0,1,1],"texture":"#0"}}},{"from":[7.8,11.075,12.25],"to":[8.8,11.875,13.25],"rotation":{"angle":0,"axis":"y","origin":[15.55,19,9.75]},"faces":{"north":{"uv":[15,15,16,15.875],"texture":"#0"},"east":{"uv":[0,0,1,0.875],"texture":"#0"},"south":{"uv":[15,15,16,15.875],"texture":"#0"},"west":{"uv":[15,15,16,15.875],"texture":"#0"},"up":{"uv":[0,0,1,1],"texture":"#0"},"down":{"uv":[0,0,1,1],"texture":"#0"}}},{"from":[9.875,11.075,9.65],"to":[10.375,11.875,21.125],"rotation":{"angle":0,"axis":"y","origin":[17.625,19,17]},"faces":{"north":{"uv":[0,0,0.5,0.875],"texture":"#0"},"east":{"uv":[15.5,15.25,16,15.875],"texture":"#0"},"south":{"uv":[0,0,0.5,0.875],"texture":"#0"},"west":{"uv":[15.5,15,16,16],"texture":"#0"},"up":{"uv":[9,0,9.5,11.475],"texture":"#0"},"down":{"uv":[0,0,0.5,11.475],"texture":"#0"}}},{"from":[12.2,10.75,10.25],"to":[14.2,11.75,13],"rotation":{"angle":0,"axis":"y","origin":[19.2,18.75,17]},"faces":{"north":{"uv":[15.5,13.75,16,14.75],"texture":"#0"},"east":{"uv":[0,0,2.75,1],"texture":"#0"},"south":{"uv":[0,0,4,1],"texture":"#0"},"west":{"uv":[0,0,2.75,1],"texture":"#0"},"up":{"uv":[8,8.25,9,12.25],"texture":"#0"},"down":{"uv":[15.5,15.5,16,16],"texture":"#0"}}},{"from":[11.2,10.75,9],"to":[12.2,11.75,13],"rotation":{"angle":0,"axis":"y","origin":[16.2,18.75,17]},"faces":{"north":{"uv":[13.25,15,14.25,16],"texture":"#0"},"east":{"uv":[14.75,15,16,16],"texture":"#0"},"south":{"uv":[0,0,1,1],"texture":"#0"},"west":{"uv":[0,0,4,1],"texture":"#0"},"up":{"uv":[4.75,8.5,7.25,14.25],"texture":"#0"},"down":{"uv":[15.5,15.5,16,16],"texture":"#0"}}},{"from":[14.2,10.75,9],"to":[15.2,11.75,13],"rotation":{"angle":0,"axis":"y","origin":[19.2,18.75,17]},"faces":{"north":{"uv":[13.5,15,14.5,16],"texture":"#0"},"east":{"uv":[0,0,4,1],"texture":"#0"},"south":{"uv":[0,0,1,1],"texture":"#0"},"west":{"uv":[15,15,16,16],"texture":"#0"},"up":{"uv":[9,8.5,10,12.5],"texture":"#0"},"down":{"uv":[15.5,15.5,16,16],"texture":"#0"}}},{"from":[12.2,10.75,8.5],"to":[14.2,11.25,10.5],"rotation":{"angle":0,"axis":"y","origin":[19.2,18.75,17]},"faces":{"north":{"uv":[13.25,15.25,14.5,16],"texture":"#0"},"east":{"uv":[12.75,15.25,14.25,16],"texture":"#0"},"south":{"uv":[0,0,2,0.5],"texture":"#0"},"west":{"uv":[13,15,13.75,15.5],"texture":"#0"},"up":{"uv":[7.25,8.25,8.25,12.25],"texture":"#0"},"down":{"uv":[15.5,15.5,16,16],"texture":"#0"}}},{"from":[12.45,10.8,8.7],"to":[13.95,11.625,10.5],"rotation":{"angle":0,"axis":"y","origin":[19.2,18.8,17]},"faces":{"north":{"uv":[2,11.25,2.5,11.75],"texture":"#0"},"east":{"uv":[2.75,11.25,3.3,11.75],"texture":"#0"},"south":{"uv":[0,0,1,1],"texture":"#0"},"west":{"uv":[2.75,11.25,3.3,11.75],"texture":"#0"},"up":{"uv":[2.5,11,4.25,13.3],"texture":"#0"},"down":{"uv":[0,0,1,1.55],"texture":"#0"}}},{"from":[11.95,11.75,9.75],"to":[14.45,12.25,12.25],"rotation":{"angle":0,"axis":"y","origin":[19.2,19.75,17]},"faces":{"north":{"uv":[11.5,8.5,12.25,9],"texture":"#0"},"east":{"uv":[11.75,9,12.25,9.5],"texture":"#0"},"south":{"uv":[11.25,8.25,12,8.75],"texture":"#0"},"west":{"uv":[11.5,10.25,13.25,11.5],"texture":"#0"},"up":{"uv":[11.75,8.5,12.5,9.5],"texture":"#0"},"down":{"uv":[11,8.25,11.75,8.75],"texture":"#0"}}},{"from":[12.95,11.725,9.5],"to":[13.45,12.4,12.5],"rotation":{"angle":0,"axis":"y","origin":[19.2,19.75,17]},"faces":{"north":{"uv":[0,5.5,1.75,6.425],"texture":"#0"},"east":{"uv":[0,0,3,0.675],"texture":"#0"},"south":{"uv":[0,0,0.5,0.675],"texture":"#0"},"west":{"uv":[0,0,3,0.675],"texture":"#0"},"up":{"uv":[0,5.75,1.75,11.5],"texture":"#0"},"down":{"uv":[0,0,0.5,3],"texture":"#0"}}},{"from":[11.2,11.75,9.75],"to":[11.95,12.25,10.25],"rotation":{"angle":0,"axis":"y","origin":[19.2,19.75,17]},"faces":{"north":{"uv":[11.5,8.5,12.25,9],"texture":"#0"},"east":{"uv":[11.75,9,12.25,9.5],"texture":"#0"},"south":{"uv":[11.25,8.25,12,8.75],"texture":"#0"},"west":{"uv":[12.5,9,13,9.5],"texture":"#0"},"up":{"uv":[11.75,8.5,12.5,9.5],"texture":"#0"},"down":{"uv":[11,8.25,11.75,8.75],"texture":"#0"}}},{"from":[11.2,11.75,11.75],"to":[11.95,12.25,12.25],"rotation":{"angle":0,"axis":"y","origin":[19.2,19.75,19]},"faces":{"north":{"uv":[11.5,8.5,12.25,9],"texture":"#0"},"east":{"uv":[11.75,9,12.25,9.5],"texture":"#0"},"south":{"uv":[11.25,8.25,12,8.75],"texture":"#0"},"west":{"uv":[12.5,9,13,9.5],"texture":"#0"},"up":{"uv":[11.75,8.5,12.5,9.5],"texture":"#0"},"down":{"uv":[11,8.25,11.75,8.75],"texture":"#0"}}},{"from":[11.45,12.075,10.75],"to":[12.45,12.325,11.25],"rotation":{"angle":0,"axis":"y","origin":[19.7,19.325,18]},"faces":{"north":{"uv":[15,15.75,16,16],"texture":"#0"},"east":{"uv":[0,0,0.5,0.25],"texture":"#0"},"south":{"uv":[15,15.5,16,15.75],"texture":"#0"},"west":{"uv":[15.5,15.75,16,16],"texture":"#0"},"up":{"uv":[2.75,6.25,5.25,7.5],"texture":"#0"},"down":{"uv":[15,15,16,15.5],"texture":"#0"}}},{"from":[9.55,11,20],"to":[10.55,11.75,21.975],"rotation":{"angle":0,"axis":"y","origin":[15.55,19,24.5]},"faces":{"north":{"uv":[0,0,1,0.75],"texture":"#0"},"east":{"uv":[0,0,1.975,0.75],"texture":"#0"},"south":{"uv":[0,0,1,0.75],"texture":"#0"},"west":{"uv":[0,0,1.975,0.75],"texture":"#0"},"up":{"uv":[0,0,1,1.975],"texture":"#0"},"down":{"uv":[14.5,15,15.925,16],"texture":"#0"}}},{"from":[8.97462,11,14.43934],"to":[10.39962,11.75,17.23934],"rotation":{"angle":45,"axis":"y","origin":[14.97462,19,18.93934]},"faces":{"north":{"uv":[0,0,1.425,0.75],"texture":"#0"},"east":{"uv":[0,0,2.8,0.75],"texture":"#0"},"south":{"uv":[0,0,1.425,0.75],"texture":"#0"},"west":{"uv":[0,0,2.8,0.75],"texture":"#0"},"up":{"uv":[0,0,1.425,2.8],"texture":"#0"},"down":{"uv":[14.5,15,15.925,16],"texture":"#0"}}},{"from":[9.14962,11.725,14.61434],"to":[10.17462,11.875,17.23934],"rotation":{"angle":45,"axis":"y","origin":[14.97462,19,18.93934]},"faces":{"north":{"uv":[0,0,1.025,0.15],"texture":"#0"},"east":{"uv":[0,0,2.625,0.15],"texture":"#0"},"south":{"uv":[15,15.75,16,15.9],"texture":"#0"},"west":{"uv":[15.25,15.5,15.875,16],"texture":"#0"},"up":{"uv":[0,0,1.025,2.625],"texture":"#0"},"down":{"uv":[0,0,1.025,2.625],"texture":"#0"}}},{"from":[8.08909,11,6.28983],"to":[11.08909,11.75,12.28983],"rotation":{"angle":-22.5,"axis":"y","origin":[16.08909,19,9.28983]},"faces":{"north":{"uv":[0,0,3,0.75],"texture":"#0"},"east":{"uv":[0,0,6,0.75],"texture":"#0"},"south":{"uv":[0,0,3,0.75],"texture":"#0"},"west":{"uv":[0,15.25,6,16],"texture":"#0"},"up":{"uv":[10,0,13,6],"texture":"#0"},"down":{"uv":[15,15,16,16],"texture":"#0"}}},{"from":[10.59868,11.125,6.38682],"to":[11.07368,11.875,12.01182],"rotation":{"angle":-22.5,"axis":"y","origin":[16.17368,19.125,9.01182]},"faces":{"north":{"uv":[0,0,0.475,0.75],"texture":"#0"},"east":{"uv":[15.25,15.5,15.875,16],"texture":"#0"},"south":{"uv":[0,0,0.475,0.75],"texture":"#0"},"west":{"uv":[14.75,15.25,15.375,16],"texture":"#0"},"up":{"uv":[0,0,0.475,5.625],"texture":"#0"},"down":{"uv":[0,0,0.475,5.625],"texture":"#0"}}},{"from":[8.52368,11.125,3.81182],"to":[8.99868,11.875,11.36182],"rotation":{"angle":-22.5,"axis":"y","origin":[14.09868,19.125,8.36182]},"faces":{"north":{"uv":[15.5,15.25,15.975,16],"texture":"#0"},"east":{"uv":[15.5,15.25,16,15.75],"texture":"#0"},"south":{"uv":[0,0,0.475,0.75],"texture":"#0"},"west":{"uv":[15.5,15.5,16,16],"texture":"#0"},"up":{"uv":[9,0,9.475,7.55],"texture":"#0"},"down":{"uv":[0,0,0.475,7.55],"texture":"#0"}}},{"from":[8.52368,11.125,10.48682],"to":[9.49868,11.875,11.36182],"rotation":{"angle":-22.5,"axis":"y","origin":[14.09868,19.125,8.36182]},"faces":{"north":{"uv":[15,15.25,15.975,16],"texture":"#0"},"east":{"uv":[0,0,0.875,0.75],"texture":"#0"},"south":{"uv":[0,0,0.975,0.75],"texture":"#0"},"west":{"uv":[15,15.25,15.875,16],"texture":"#0"},"up":{"uv":[0,0,0.975,0.875],"texture":"#0"},"down":{"uv":[0,0,0.975,0.875],"texture":"#0"}}},{"from":[8.52368,11.125,10.73682],"to":[10.74868,11.875,11.36182],"rotation":{"angle":-22.5,"axis":"y","origin":[14.09868,19.125,8.36182]},"faces":{"north":{"uv":[15.5,15.25,16,16],"texture":"#0"},"east":{"uv":[0,0,0.625,0.75],"texture":"#0"},"south":{"uv":[0,0,2.225,0.75],"texture":"#0"},"west":{"uv":[15.25,15.25,15.875,16],"texture":"#0"},"up":{"uv":[0,0,2.225,0.625],"texture":"#0"},"down":{"uv":[0,0,2.225,0.625],"texture":"#0"}}},{"from":[8.52368,11.125,7.73682],"to":[9.49868,11.875,8.73682],"rotation":{"angle":-22.5,"axis":"y","origin":[14.09868,19.125,8.36182]},"faces":{"north":{"uv":[0,0,0.975,0.75],"texture":"#0"},"east":{"uv":[0,0,1,0.75],"texture":"#0"},"south":{"uv":[15,15.25,15.975,16],"texture":"#0"},"west":{"uv":[15,15.25,16,16],"texture":"#0"},"up":{"uv":[0,0,0.975,1],"texture":"#0"},"down":{"uv":[0,0,0.975,1],"texture":"#0"}}},{"from":[8.52368,11.125,5.73682],"to":[9.49868,11.875,5.98682],"rotation":{"angle":-22.5,"axis":"y","origin":[14.09868,19.125,8.36182]},"faces":{"north":{"uv":[0,0,0.975,0.75],"texture":"#0"},"east":{"uv":[0,0,0.25,0.75],"texture":"#0"},"south":{"uv":[14.75,15.25,15.725,16],"texture":"#0"},"west":{"uv":[15.75,15.25,16,16],"texture":"#0"},"up":{"uv":[0,0,0.975,0.25],"texture":"#0"},"down":{"uv":[0,0,0.975,0.25],"texture":"#0"}}},{"from":[8.52368,11.125,7.98682],"to":[10.74868,11.875,8.48682],"rotation":{"angle":-22.5,"axis":"y","origin":[14.09868,19.125,8.36182]},"faces":{"north":{"uv":[0,0,2.225,0.75],"texture":"#0"},"east":{"uv":[0,0,0.5,0.75],"texture":"#0"},"south":{"uv":[13.75,15.25,15.975,16],"texture":"#0"},"west":{"uv":[15.5,15.25,16,16],"texture":"#0"},"up":{"uv":[0,0,2.225,0.5],"texture":"#0"},"down":{"uv":[0,0,2.225,0.5],"texture":"#0"}}},{"from":[8.52368,11.125,5.21182],"to":[10.74868,11.875,5.73682],"rotation":{"angle":-22.5,"axis":"y","origin":[14.09868,19.125,8.36182]},"faces":{"north":{"uv":[0,0,2.225,0.75],"texture":"#0"},"east":{"uv":[0,0,0.525,0.75],"texture":"#0"},"south":{"uv":[13.75,15.25,15.975,16],"texture":"#0"},"west":{"uv":[15.5,15.25,16,16],"texture":"#0"},"up":{"uv":[0,0,2.225,0.525],"texture":"#0"},"down":{"uv":[0,0,2.225,0.525],"texture":"#0"}}},{"from":[10.38519,11,4.72155],"to":[11.38519,11.75,6.74655],"rotation":{"angle":-22.5,"axis":"y","origin":[18.38519,19,3.74655]},"faces":{"north":{"uv":[0,0,1,0.75],"texture":"#0"},"east":{"uv":[0,0,2.025,0.75],"texture":"#0"},"south":{"uv":[0,0,1,0.75],"texture":"#0"},"west":{"uv":[0,0,2.025,0.75],"texture":"#0"},"up":{"uv":[0,0,1,2.025],"texture":"#0"},"down":{"uv":[15,15,16,16],"texture":"#0"}}},{"from":[9.58685,11,-0.72065],"to":[10.93685,11.725,2.15435],"rotation":{"angle":22.5,"axis":"y","origin":[17.93685,19,-0.84565]},"faces":{"north":{"uv":[0,0,1.35,0.725],"texture":"#0"},"east":{"uv":[0,0,2.875,0.725],"texture":"#0"},"south":{"uv":[0,0,1.35,0.725],"texture":"#0"},"west":{"uv":[0,0,2.875,0.725],"texture":"#0"},"up":{"uv":[0,0,1.35,2.875],"texture":"#0"},"down":{"uv":[15,15,16,16],"texture":"#0"}}},{"from":[10.37222,11.75,-0.63244],"to":[10.77222,11.875,2.11756],"rotation":{"angle":22.5,"axis":"y","origin":[17.94722,19,-0.88244]},"faces":{"north":{"uv":[15.5,15.75,15.9,15.875],"texture":"#0"},"east":{"uv":[15.5,15.25,16,15.875],"texture":"#0"},"south":{"uv":[0,0,0.4,0.125],"texture":"#0"},"west":{"uv":[0,0,2.75,0.125],"texture":"#0"},"up":{"uv":[0,0,0.4,2.75],"texture":"#0"},"down":{"uv":[0,0,0.4,2.75],"texture":"#0"}}},{"from":[10.12222,11.75,-0.63244],"to":[10.37222,11.875,1.61756],"rotation":{"angle":22.5,"axis":"y","origin":[17.94722,19,-0.88244]},"faces":{"north":{"uv":[0,0,0.25,0.125],"texture":"#0"},"east":{"uv":[0,0,2.25,0.125],"texture":"#0"},"south":{"uv":[0,0,0.25,0.125],"texture":"#0"},"west":{"uv":[0,0,2.25,0.125],"texture":"#0"},"up":{"uv":[0,0,0.25,2.25],"texture":"#0"},"down":{"uv":[0,0,0.25,2.25],"texture":"#0"}}},{"from":[9.44722,11.75,-0.28244],"to":[10.44722,11.875,1.04256],"rotation":{"angle":22.5,"axis":"y","origin":[17.94722,19,-0.88244]},"faces":{"north":{"uv":[0,0,1,0.125],"texture":"#0"},"east":{"uv":[0,0,1.325,0.125],"texture":"#0"},"south":{"uv":[0,0,1,0.125],"texture":"#0"},"west":{"uv":[0,0,1.325,0.125],"texture":"#0"},"up":{"uv":[0,0,1,1.325],"texture":"#0"},"down":{"uv":[0,0,1,1.325],"texture":"#0"}}}],"display":{"thirdperson_righthand":{"rotation":[0,-154,0],"translation":[6.25,-2.75,1]},"thirdperson_lefthand":{"translation":[6.5,-3.75,0],"scale":[1.2,1.2,1.2]},"firstperson_righthand":{"rotation":[0,-119,0],"translation":[4,-1,0]},"firstperson_lefthand":{"rotation":[0,43,0],"translation":[0,-0.5,-2.25]},"ground":{"rotation":[26,23,0]},"gui":{"rotation":[38,-31,-18],"translation":[-0.75,1.25,0]},"head":{"translation":[-11,-0.5,-8],"scale":[2,2,2]},"fixed":{"rotation":[-90,90,0],"translation":[-9.25,10.25,8.75],"scale":[3,3,3]}}}