{"credit":"Made with Blockbench","textures":{"0":"mineinabyss:other/staff_shaft","1":"mineinabyss:other/staff_stone","particle":"mineinabyss:other/staff_shaft"},"elements":[{"name":"shaft","from":[7,0,7],"to":[9,27,9],"faces":{"north":{"uv":[0,0,1,16],"texture":"#0"},"east":{"uv":[3,0,4,16],"texture":"#0"},"south":{"uv":[2.5,0,3.5,16],"texture":"#0"},"west":{"uv":[1,0,2,16],"texture":"#0"},"up":{"uv":[0,0,2,2],"texture":"#0"},"down":{"uv":[0,0,2,2],"texture":"#0"}}},{"name":"stone","from":[6,27,6],"to":[10,31,10],"faces":{"north":{"uv":[0,0,8,8],"texture":"#1"},"east":{"uv":[0,0,8,8],"texture":"#1"},"south":{"uv":[0,0,8,8],"texture":"#1"},"west":{"uv":[0,0,8,8],"texture":"#1"},"up":{"uv":[0,0,8,8],"texture":"#1"},"down":{"uv":[0,0,8,8],"texture":"#1"}}},{"name":"deco1","from":[6,25,6],"to":[10,26,10],"faces":{"north":{"uv":[0,0,4,1],"texture":"#0"},"east":{"uv":[0,0,4,1],"texture":"#0"},"south":{"uv":[0,0,4,1],"texture":"#0"},"west":{"uv":[0,0,4,1],"texture":"#0"},"up":{"uv":[0,0,4,4],"texture":"#0"},"down":{"uv":[0,0,4,4],"texture":"#0"}}},{"name":"deco2","from":[6,23,6],"to":[10,24,10],"faces":{"north":{"uv":[0,0,4,1],"texture":"#0"},"east":{"uv":[0,0,4,1],"texture":"#0"},"south":{"uv":[0,0,4,1],"texture":"#0"},"west":{"uv":[0,0,4,1],"texture":"#0"},"up":{"uv":[0,0,4,4],"texture":"#0"},"down":{"uv":[0,0,4,4],"texture":"#0"}}},{"name":"deco3","from":[7,21,4],"to":[9,22,12],"faces":{"north":{"uv":[0,0,2,1],"texture":"#0"},"east":{"uv":[0,0,8,1],"texture":"#0"},"south":{"uv":[0,0,2,1],"texture":"#0"},"west":{"uv":[0,0,8,1],"texture":"#0"},"up":{"uv":[0,0,2,8],"texture":"#0"},"down":{"uv":[0,0,2,8],"texture":"#0"}}},{"name":"deco4","from":[4,21,7],"to":[12,22,9],"faces":{"north":{"uv":[0,0,8,1],"texture":"#0"},"east":{"uv":[0,0,2,1],"texture":"#0"},"south":{"uv":[0,0,8,1],"texture":"#0"},"west":{"uv":[0,0,2,1],"texture":"#0"},"up":{"uv":[0,0,8,2],"texture":"#0"},"down":{"uv":[0,0,8,2],"texture":"#0"}}},{"name":"deco5","from":[4,22,7],"to":[5,28,9],"faces":{"north":{"uv":[0,0,1,7],"texture":"#0"},"east":{"uv":[2.5,0,4.5,7],"texture":"#0"},"south":{"uv":[0,0,1,7],"texture":"#0"},"west":{"uv":[0,0,2,7],"texture":"#0"},"up":{"uv":[0,0,1,2],"texture":"#0"},"down":{"uv":[0,0,1,2],"texture":"#0"}}},{"name":"deco6","from":[11,22,7],"to":[12,28,9],"faces":{"north":{"uv":[0,0,1,7],"texture":"#0"},"east":{"uv":[2,0,4,7],"texture":"#0"},"south":{"uv":[0,0,1,7],"texture":"#0"},"west":{"uv":[0,0,2,7],"texture":"#0"},"up":{"uv":[0,0,1,2],"texture":"#0"},"down":{"uv":[0,0,1,2],"texture":"#0"}}},{"name":"deco7","from":[7,22,4],"to":[9,28,5],"faces":{"north":{"uv":[0,9,2,16],"texture":"#0"},"east":{"uv":[0,0,1,7],"texture":"#0"},"south":{"uv":[2,9,4,16],"texture":"#0"},"west":{"uv":[0,0,1,7],"texture":"#0"},"up":{"uv":[0,0,2,1],"texture":"#0"},"down":{"uv":[0,0,2,1],"texture":"#0"}}},{"name":"deco8","from":[7,22,11],"to":[9,28,12],"faces":{"north":{"uv":[0,9,2,16],"texture":"#0"},"east":{"uv":[0,0,1,7],"texture":"#0"},"south":{"uv":[2,9,4,16],"texture":"#0"},"west":{"uv":[0,0,1,7],"texture":"#0"},"up":{"uv":[0,0,2,1],"texture":"#0"},"down":{"uv":[0,0,2,1],"texture":"#0"}}},{"name":"deco9","from":[4,28,7],"to":[12,29,9],"faces":{"north":{"uv":[0,0,8,1],"texture":"#0"},"east":{"uv":[0,0,2,1],"texture":"#0"},"south":{"uv":[0,0,8,1],"texture":"#0"},"west":{"uv":[0,0,2,1],"texture":"#0"},"up":{"uv":[0,0,8,2],"texture":"#0"},"down":{"uv":[0,0,8,2],"texture":"#0"}}},{"name":"deco10","from":[7,28,4],"to":[9,29,12],"faces":{"north":{"uv":[0,0,2,1],"texture":"#0"},"east":{"uv":[0,0,8,1],"texture":"#0"},"south":{"uv":[0,0,2,1],"texture":"#0"},"west":{"uv":[0,0,8,1],"texture":"#0"},"up":{"uv":[0,0,2,8],"texture":"#0"},"down":{"uv":[0,0,2,8],"texture":"#0"}}}],"display":{"thirdperson_righthand":{"translation":[0,-7.75,0]},"thirdperson_lefthand":{"translation":[0,-7.75,0]},"firstperson_righthand":{"translation":[0,-11,0]},"gui":{"translation":[0.25,-3.75,0],"scale":[0.5,0.5,0.5]},"head":{"translation":[0,-5.5,0]},"fixed":{"translation":[0,-4.5,0],"scale":[0.6,0.6,0.6]}},"groups":[{"name":"model","origin":[8,8,8],"children":[0,1,2,3,4,5,6,7,8,9,10,11]}]}