{"variants":{"facing=north,in_wall=false,open=false,powered=false":{"model":"minecraft:block/acacia_fence_gate","uvlock":true,"y":180},"facing=north,in_wall=false,open=true,powered=false":{"model":"minecraft:block/acacia_fence_gate_open","uvlock":true,"y":180},"facing=north,in_wall=true,open=false,powered=false":{"model":"minecraft:block/acacia_fence_gate_wall","uvlock":true,"y":180},"facing=north,in_wall=true,open=true,powered=false":{"model":"minecraft:block/acacia_fence_gate_wall_open","uvlock":true,"y":180},"facing=south,in_wall=false,open=false,powered=false":{"model":"minecraft:block/acacia_fence_gate","uvlock":true},"facing=south,in_wall=false,open=true,powered=false":{"model":"minecraft:block/acacia_fence_gate_open","uvlock":true},"facing=south,in_wall=true,open=false,powered=false":{"model":"minecraft:block/acacia_fence_gate_wall","uvlock":true},"facing=south,in_wall=true,open=true,powered=false":{"model":"minecraft:block/acacia_fence_gate_wall_open","uvlock":true},"facing=west,in_wall=false,open=false,powered=false":{"model":"minecraft:block/acacia_fence_gate","uvlock":true,"y":90},"facing=west,in_wall=false,open=true,powered=false":{"model":"minecraft:block/acacia_fence_gate_open","uvlock":true,"y":90},"facing=west,in_wall=true,open=false,powered=false":{"model":"minecraft:block/acacia_fence_gate_wall","uvlock":true,"y":90},"facing=west,in_wall=true,open=true,powered=false":{"model":"minecraft:block/acacia_fence_gate_wall_open","uvlock":true,"y":90},"facing=east,in_wall=false,open=false,powered=false":{"model":"minecraft:block/acacia_fence_gate","uvlock":true,"y":270},"facing=east,in_wall=false,open=true,powered=false":{"model":"minecraft:block/acacia_fence_gate_open","uvlock":true,"y":270},"facing=east,in_wall=true,open=false,powered=false":{"model":"minecraft:block/acacia_fence_gate_wall","uvlock":true,"y":270},"facing=east,in_wall=true,open=true,powered=false":{"model":"minecraft:block/acacia_fence_gate_wall_open","uvlock":true,"y":270},"facing=north,in_wall=false,open=false,powered=true":{"model":"","uvlock":true,"y":180},"facing=north,in_wall=false,open=true,powered=true":{"model":"","uvlock":true,"y":180},"facing=north,in_wall=true,open=false,powered=true":{"model":"","uvlock":true,"y":180},"facing=north,in_wall=true,open=true,powered=true":{"model":"","uvlock":true,"y":180},"facing=south,in_wall=false,open=false,powered=true":{"model":"","uvlock":true},"facing=south,in_wall=false,open=true,powered=true":{"model":"","uvlock":true},"facing=south,in_wall=true,open=false,powered=true":{"model":"","uvlock":true},"facing=south,in_wall=true,open=true,powered=true":{"model":"","uvlock":true},"facing=west,in_wall=false,open=false,powered=true":{"model":"","uvlock":true,"y":90},"facing=west,in_wall=false,open=true,powered=true":{"model":"","uvlock":true,"y":90},"facing=west,in_wall=true,open=false,powered=true":{"model":"","uvlock":true,"y":90},"facing=west,in_wall=true,open=true,powered=true":{"model":"","uvlock":true,"y":90},"facing=east,in_wall=false,open=false,powered=true":{"model":"","uvlock":true,"y":270},"facing=east,in_wall=false,open=true,powered=true":{"model":"","uvlock":true,"y":270},"facing=east,in_wall=true,open=false,powered=true":{"model":"","uvlock":true,"y":270},"facing=east,in_wall=true,open=true,powered=true":{"model":"","uvlock":true,"y":270}}}