{"variants":{"facing=north,half=bottom,shape=inner_left":{"model":"","uvlock":true,"y":180},"facing=north,half=bottom,shape=inner_right":{"model":"","uvlock":true,"y":270},"facing=north,half=bottom,shape=outer_left":{"model":"","uvlock":true,"y":180},"facing=north,half=bottom,shape=outer_right":{"model":"","uvlock":true,"y":270},"facing=north,half=bottom,shape=straight":{"model":"","uvlock":true,"y":270},"facing=north,half=top,shape=inner_left":{"model":"","uvlock":true,"x":180,"y":270},"facing=north,half=top,shape=inner_right":{"model":"","uvlock":true,"x":180},"facing=north,half=top,shape=outer_left":{"model":"","uvlock":true,"x":180,"y":270},"facing=north,half=top,shape=outer_right":{"model":"","uvlock":true,"x":180},"facing=north,half=top,shape=straight":{"model":"","uvlock":true,"x":180,"y":270},"facing=south,half=bottom,shape=inner_left":{"model":""},"facing=south,half=bottom,shape=inner_right":{"model":"","uvlock":true,"y":90},"facing=south,half=bottom,shape=outer_left":{"model":""},"facing=south,half=bottom,shape=outer_right":{"model":"","uvlock":true,"y":90},"facing=south,half=bottom,shape=straight":{"model":"","uvlock":true,"y":90},"facing=south,half=top,shape=inner_left":{"model":"","uvlock":true,"x":180,"y":90},"facing=south,half=top,shape=inner_right":{"model":"","uvlock":true,"x":180,"y":180},"facing=south,half=top,shape=outer_left":{"model":"","uvlock":true,"x":180,"y":90},"facing=south,half=top,shape=outer_right":{"model":"","uvlock":true,"x":180,"y":180},"facing=south,half=top,shape=straight":{"model":"","uvlock":true,"x":180,"y":90},"facing=west,half=bottom,shape=inner_left":{"model":"","uvlock":true,"y":90},"facing=west,half=bottom,shape=inner_right":{"model":"","uvlock":true,"y":180},"facing=west,half=bottom,shape=outer_left":{"model":"","uvlock":true,"y":90},"facing=west,half=bottom,shape=outer_right":{"model":"","uvlock":true,"y":180},"facing=west,half=bottom,shape=straight":{"model":"","uvlock":true,"y":180},"facing=west,half=top,shape=inner_left":{"model":"","uvlock":true,"x":180,"y":180},"facing=west,half=top,shape=inner_right":{"model":"","uvlock":true,"x":180,"y":270},"facing=west,half=top,shape=outer_left":{"model":"","uvlock":true,"x":180,"y":180},"facing=west,half=top,shape=outer_right":{"model":"","uvlock":true,"x":180,"y":270},"facing=west,half=top,shape=straight":{"model":"","uvlock":true,"x":180,"y":180},"facing=east,half=bottom,shape=inner_left":{"model":"","uvlock":true,"y":270},"facing=east,half=bottom,shape=inner_right":{"model":""},"facing=east,half=bottom,shape=outer_left":{"model":"","uvlock":true,"y":270},"facing=east,half=bottom,shape=outer_right":{"model":""},"facing=east,half=bottom,shape=straight":{"model":""},"facing=east,half=top,shape=inner_left":{"model":"","uvlock":true,"x":180},"facing=east,half=top,shape=inner_right":{"model":"","uvlock":true,"x":180,"y":90},"facing=east,half=top,shape=outer_left":{"model":"","uvlock":true,"x":180},"facing=east,half=top,shape=outer_right":{"model":"","uvlock":true,"x":180,"y":90},"facing=east,half=top,shape=straight":{"model":"","uvlock":true,"x":180}}}