{"credit":"Made with Blockbench","texture_size":[64,64],"textures":{"1":"hmcmodels:furniture/rustic_kitchen/rustic_kitchen_recipe_book","particle":"rustic_kitchen/rustic_kitchen_recipe_book"},"elements":[{"from":[-1,0.099,1],"to":[17,0.099,14],"rotation":{"angle":0,"axis":"y","origin":[8,0.424,9.225]},"faces":{"north":{"uv":[0,0,4.5,0],"texture":"#1"},"east":{"uv":[0,0,3.25,0],"texture":"#1"},"south":{"uv":[0,0,4.5,0],"texture":"#1"},"west":{"uv":[0,0,3.25,0],"texture":"#1"},"up":{"uv":[4.5,3.25,0,0],"texture":"#1","tintindex":0},"down":{"uv":[4.5,3.25,0,6.5],"texture":"#1","tintindex":0}}},{"from":[0.5,0.199,2],"to":[15.5,1.199,13],"rotation":{"angle":0,"axis":"y","origin":[8,0.424,9.225]},"faces":{"north":{"uv":[4.5,5.5,8.25,5.75],"texture":"#1"},"east":{"uv":[4.5,6,7.25,6.25],"texture":"#1"},"south":{"uv":[4.5,5.75,8.25,6],"texture":"#1"},"west":{"uv":[4.5,6.25,7.25,6.5],"texture":"#1"},"up":{"uv":[8.25,2.75,4.5,0],"texture":"#1"},"down":{"uv":[8.25,2.75,4.5,5.5],"texture":"#1"}}},{"from":[5.5,1.399,3.2],"to":[6.5,1.399,13.2],"rotation":{"angle":0,"axis":"y","origin":[8,0.424,9.225]},"faces":{"north":{"uv":[0,0,0.25,0],"texture":"#1"},"east":{"uv":[0,0,2.5,0],"texture":"#1"},"south":{"uv":[0,0,0.25,0],"texture":"#1"},"west":{"uv":[0,0,2.5,0],"texture":"#1"},"up":{"uv":[0.25,9,0,6.5],"texture":"#1"},"down":{"uv":[0.5,6.5,0.25,9],"texture":"#1"}}},{"from":[5.5,-0.001,13.2],"to":[6.5,1.399,13.2],"rotation":{"angle":0,"axis":"y","origin":[8,0.424,9.225]},"faces":{"north":{"uv":[0.5,6.5,0.75,6.75],"texture":"#1"},"east":{"uv":[0,0,0,0.25],"texture":"#1"},"south":{"uv":[0.75,6.5,1,6.75],"texture":"#1"},"west":{"uv":[0,0,0,0.25],"texture":"#1"},"up":{"uv":[0.25,0,0,0],"texture":"#1"},"down":{"uv":[0.25,0,0,0],"texture":"#1"}}}],"display":{"thirdperson_righthand":{"rotation":[75,45,0],"translation":[0,2.5,0],"scale":[0.375,0.375,0.375]},"thirdperson_lefthand":{"rotation":[75,45,0],"translation":[0,2.5,0],"scale":[0.375,0.375,0.375]},"firstperson_righthand":{"rotation":[0,45,0],"scale":[0.4,0.4,0.4]},"firstperson_lefthand":{"rotation":[0,225,0],"scale":[0.4,0.4,0.4]},"ground":{"translation":[0,3,0],"scale":[0.25,0.25,0.25]},"gui":{"rotation":[30,225,0],"translation":[0,3.5,0],"scale":[0.625,0.625,0.625]},"fixed":{"rotation":[-90,0,0],"translation":[0,0,-16],"scale":[2,2,2]}}}