{"credit":"Made with Blockbench","texture_size":[64,64],"textures":{"2":"hmcmodels:furniture/rustic_kitchen/rustic_kitchen_book_holder_book"},"elements":[{"from":[0,1,3],"to":[16,3,19],"rotation":{"angle":-45,"axis":"x","origin":[8,1,3]},"faces":{"north":{"uv":[0,8,4,8.5],"texture":"#2"},"east":{"uv":[0,8.5,4,9],"texture":"#2"},"south":{"uv":[8.5,0,12.5,0.5],"texture":"#2"},"west":{"uv":[8.5,0.5,12.5,1],"texture":"#2"},"up":{"uv":[4,4,0,0],"texture":"#2"},"down":{"uv":[4,4,0,8],"texture":"#2"}}},{"from":[-1,3.1,5],"to":[17,3.1,18],"rotation":{"angle":-45,"axis":"x","origin":[8,1,3]},"faces":{"north":{"uv":[0,0,4.5,0],"texture":"#2"},"east":{"uv":[0,0,3.25,0],"texture":"#2"},"south":{"uv":[0,0,4.5,0],"texture":"#2"},"west":{"uv":[0,0,3.25,0],"texture":"#2"},"up":{"uv":[8.5,3.25,4,0],"texture":"#2","tintindex":0},"down":{"uv":[8.5,3.25,4,6.5],"texture":"#2","tintindex":0}}},{"from":[0.5,3.1,6],"to":[15.5,4.1,17],"rotation":{"angle":-45,"axis":"x","origin":[8,1,3]},"faces":{"north":{"uv":[1.5,9.5,5.25,9.75],"texture":"#2"},"east":{"uv":[9.5,4,12.25,4.25],"texture":"#2"},"south":{"uv":[9.5,2,13.25,2.25],"texture":"#2"},"west":{"uv":[9.5,4.25,12.25,4.5],"texture":"#2"},"up":{"uv":[7.75,9.25,4,6.5],"texture":"#2"},"down":{"uv":[11.5,6.5,7.75,9.25],"texture":"#2"}}},{"from":[5.5,4.3,7.2],"to":[6.5,4.3,17.2],"rotation":{"angle":-45,"axis":"x","origin":[8,1,3]},"faces":{"north":{"uv":[0,0,0.25,0],"texture":"#2"},"east":{"uv":[0,0,2.5,0],"texture":"#2"},"south":{"uv":[0,0,0.25,0],"texture":"#2"},"west":{"uv":[0,0,2.5,0],"texture":"#2"},"up":{"uv":[6,12,5.75,9.5],"texture":"#2"},"down":{"uv":[6.25,9.5,6,12],"texture":"#2"}}},{"from":[5.5,3.1,17.2],"to":[6.5,4.3,17.2],"rotation":{"angle":-45,"axis":"x","origin":[8,1,3]},"faces":{"north":{"uv":[9.5,9.25,9.75,9.5],"texture":"#2"},"east":{"uv":[0,0,0,0.25],"texture":"#2"},"south":{"uv":[1.5,9.75,1.75,10],"texture":"#2"},"west":{"uv":[0,0,0,0.25],"texture":"#2"},"up":{"uv":[0.25,0,0,0],"texture":"#2"},"down":{"uv":[0.25,0,0,0],"texture":"#2"}}},{"from":[0,3,3],"to":[16,4,5],"rotation":{"angle":-45,"axis":"x","origin":[8,1,3]},"faces":{"north":{"uv":[1.5,9.25,5.5,9.5],"texture":"#2"},"east":{"uv":[8.75,9.5,9.25,9.75],"texture":"#2"},"south":{"uv":[5.5,9.25,9.5,9.5],"texture":"#2"},"west":{"uv":[9.25,9.5,9.75,9.75],"texture":"#2"},"up":{"uv":[12.5,1.5,8.5,1],"texture":"#2"},"down":{"uv":[12.5,1.5,8.5,2],"texture":"#2"}}},{"from":[6,1,8],"to":[10,8,10],"rotation":{"angle":0,"axis":"y","origin":[0,1,3]},"faces":{"north":{"uv":[8.5,2,9.5,3.75],"texture":"#2"},"east":{"uv":[9.5,2.25,10,4],"texture":"#2"},"south":{"uv":[8.5,3.75,9.5,5.5],"texture":"#2"},"west":{"uv":[5.25,9.5,5.75,11.25],"texture":"#2"},"up":{"uv":[10.5,5,9.5,4.5],"texture":"#2"},"down":{"uv":[10.5,5,9.5,5.5],"texture":"#2"}}},{"from":[5,0,7],"to":[11,1,11],"rotation":{"angle":0,"axis":"y","origin":[0,1,3]},"faces":{"north":{"uv":[1.5,9,3,9.25],"texture":"#2"},"east":{"uv":[3,9,4,9.25],"texture":"#2"},"south":{"uv":[6.25,9.5,7.75,9.75],"texture":"#2"},"west":{"uv":[7.75,9.5,8.75,9.75],"texture":"#2"},"up":{"uv":[10,6.5,8.5,5.5],"texture":"#2"},"down":{"uv":[1.5,9,0,10],"texture":"#2"}}}],"display":{"thirdperson_righthand":{"rotation":[75,45,0],"translation":[0,2.5,0],"scale":[0.375,0.375,0.375]},"thirdperson_lefthand":{"rotation":[75,45,0],"translation":[0,2.5,0],"scale":[0.375,0.375,0.375]},"firstperson_righthand":{"rotation":[0,45,0],"scale":[0.4,0.4,0.4]},"firstperson_lefthand":{"rotation":[0,225,0],"scale":[0.4,0.4,0.4]},"ground":{"translation":[0,3,0],"scale":[0.25,0.25,0.25]},"gui":{"rotation":[30,225,0],"scale":[0.625,0.625,0.625]},"fixed":{"rotation":[-90,0,0],"translation":[0,0,-16],"scale":[2,2,2]}}}