{"credit":"Made with Blockbench","texture_size":[64,64],"textures":{"3":"hmcmodels:furniture/rustic_kitchen/rustic_kitchen_keg"},"elements":[{"from":[7,3,-2],"to":[9,5,1],"faces":{"north":{"uv":[8.25,8.75,8.75,9.25],"texture":"#3"},"east":{"uv":[2.75,8.75,3.5,9.25],"texture":"#3"},"south":{"uv":[8.75,8.75,9.25,9.25],"texture":"#3"},"west":{"uv":[7,8.75,7.75,9.25],"texture":"#3"},"up":{"uv":[6,9,5.5,8.25],"texture":"#3"},"down":{"uv":[8.25,8.75,7.75,9.5],"texture":"#3"}}},{"from":[7,1,-2],"to":[9,3,0],"faces":{"north":{"uv":[5.5,9,6,9.5],"texture":"#3"},"east":{"uv":[9.25,1.5,9.75,2],"texture":"#3"},"south":{"uv":[1.75,9.25,2.25,9.75],"texture":"#3"},"west":{"uv":[9.25,2,9.75,2.5],"texture":"#3"},"up":{"uv":[2.75,9.75,2.25,9.25],"texture":"#3"},"down":{"uv":[3.25,9.25,2.75,9.75],"texture":"#3"}}},{"from":[3,2,1],"to":[13,12,15],"faces":{"north":{"uv":[0,5,2.5,7.5],"texture":"#3"},"east":{"uv":[0,0,3.5,2.5],"texture":"#3"},"south":{"uv":[6,0,8.5,2.5],"texture":"#3"},"west":{"uv":[0,2.5,3.5,5],"texture":"#3"},"up":{"uv":[6,3.5,3.5,0],"texture":"#3"},"down":{"uv":[6,3.5,3.5,7],"texture":"#3"}}},{"from":[1,0,2],"to":[15,3,5],"faces":{"north":{"uv":[6,2.5,9.5,3.25],"texture":"#3"},"east":{"uv":[2.5,5,3.25,5.75],"texture":"#3"},"south":{"uv":[6,3.25,9.5,4],"texture":"#3"},"west":{"uv":[2.5,5.75,3.25,6.5],"texture":"#3"},"up":{"uv":[9.5,4.75,6,4],"texture":"#3"},"down":{"uv":[9.5,4.75,6,5.5],"texture":"#3"}}},{"from":[1,0,11],"to":[15,3,14],"faces":{"north":{"uv":[6,5.5,9.5,6.25],"texture":"#3"},"east":{"uv":[8.5,1.5,9.25,2.25],"texture":"#3"},"south":{"uv":[6,6.25,9.5,7],"texture":"#3"},"west":{"uv":[1,8.75,1.75,9.5],"texture":"#3"},"up":{"uv":[6,7.75,2.5,7],"texture":"#3"},"down":{"uv":[9.5,7,6,7.75],"texture":"#3"}}},{"from":[2.8,1.8,4],"to":[2.8,12.2,6],"faces":{"north":{"uv":[0,0,0,2.5],"texture":"#3"},"east":{"uv":[0,7.5,0.5,10],"texture":"#3"},"south":{"uv":[0,0,0,2.5],"texture":"#3"},"west":{"uv":[0.5,7.5,1,10],"texture":"#3"},"up":{"uv":[0,0.5,0,0],"texture":"#3"},"down":{"uv":[0,0,0,0.5],"texture":"#3"}}},{"from":[13.2,1.8,4],"to":[13.2,12.2,6],"rotation":{"angle":0,"axis":"y","origin":[16,0,0]},"faces":{"north":{"uv":[0,0,0,2.5],"texture":"#3"},"east":{"uv":[6,7.75,6.5,10.25],"texture":"#3"},"south":{"uv":[0,0,0,2.5],"texture":"#3"},"west":{"uv":[6.5,7.75,7,10.25],"texture":"#3"},"up":{"uv":[0,0.5,0,0],"texture":"#3"},"down":{"uv":[0,0,0,0.5],"texture":"#3"}}},{"from":[2.8,12.199,4],"to":[13.2,12.199,6],"rotation":{"angle":0,"axis":"y","origin":[8,12.199,5]},"faces":{"north":{"uv":[0,0,2.5,0],"texture":"#3"},"east":{"uv":[0,0,0.5,0],"texture":"#3"},"south":{"uv":[0,0,2.5,0],"texture":"#3"},"west":{"uv":[0,0,0.5,0],"texture":"#3"},"up":{"uv":[3.5,8.25,1,7.75],"texture":"#3"},"down":{"uv":[6,7.75,3.5,8.25],"texture":"#3"}}},{"from":[2.8,1.801,4],"to":[13.2,1.801,6],"rotation":{"angle":0,"axis":"y","origin":[8,3.801,5]},"faces":{"north":{"uv":[0,0,2.5,0],"texture":"#3"},"east":{"uv":[0,0,0.5,0],"texture":"#3"},"south":{"uv":[0,0,2.5,0],"texture":"#3"},"west":{"uv":[0,0,0.5,0],"texture":"#3"},"up":{"uv":[9.5,8.25,7,7.75],"texture":"#3"},"down":{"uv":[3.5,8.25,1,8.75],"texture":"#3"}}},{"from":[2.8,1.801,10],"to":[13.2,1.801,12],"rotation":{"angle":0,"axis":"y","origin":[8,3.801,5]},"faces":{"north":{"uv":[0,0,2.5,0],"texture":"#3"},"east":{"uv":[0,0,0.5,0],"texture":"#3"},"south":{"uv":[0,0,2.5,0],"texture":"#3"},"west":{"uv":[0,0,0.5,0],"texture":"#3"},"up":{"uv":[11,1,8.5,0.5],"texture":"#3"},"down":{"uv":[11,1,8.5,1.5],"texture":"#3"}}},{"from":[2.8,1.8,10],"to":[2.8,12.2,12],"faces":{"north":{"uv":[0,0,0,2.5],"texture":"#3"},"east":{"uv":[4.5,8.25,5,10.75],"texture":"#3"},"south":{"uv":[0,0,0,2.5],"texture":"#3"},"west":{"uv":[5,8.25,5.5,10.75],"texture":"#3"},"up":{"uv":[0,0.5,0,0],"texture":"#3"},"down":{"uv":[0,0,0,0.5],"texture":"#3"}}},{"from":[2.8,12.199,10],"to":[13.2,12.199,12],"rotation":{"angle":0,"axis":"y","origin":[8,12.199,5]},"faces":{"north":{"uv":[0,0,2.5,0],"texture":"#3"},"east":{"uv":[0,0,0.5,0],"texture":"#3"},"south":{"uv":[0,0,2.5,0],"texture":"#3"},"west":{"uv":[0,0,0.5,0],"texture":"#3"},"up":{"uv":[9.5,8.75,7,8.25],"texture":"#3"},"down":{"uv":[11,0,8.5,0.5],"texture":"#3"}}},{"from":[13.2,1.8,10],"to":[13.2,12.2,12],"rotation":{"angle":0,"axis":"y","origin":[16,0,0]},"faces":{"north":{"uv":[0,0,0,2.5],"texture":"#3"},"east":{"uv":[3.5,8.25,4,10.75],"texture":"#3"},"south":{"uv":[0,0,0,2.5],"texture":"#3"},"west":{"uv":[4,8.25,4.5,10.75],"texture":"#3"},"up":{"uv":[0,0.5,0,0],"texture":"#3"},"down":{"uv":[0,0,0,0.5],"texture":"#3"}}},{"from":[8,5,-3],"to":[8,7,1],"rotation":{"angle":0,"axis":"y","origin":[8,6.5,-1]},"faces":{"north":{"uv":[0,0,0,0.5],"texture":"#3"},"east":{"uv":[2.5,6.5,3.5,7],"texture":"#3"},"south":{"uv":[0,0,0,0.5],"texture":"#3"},"west":{"uv":[1.75,8.75,2.75,9.25],"texture":"#3"},"up":{"uv":[0,1,0,0],"texture":"#3"},"down":{"uv":[0,0,0,1],"texture":"#3"}}}],"display":{"thirdperson_righthand":{"rotation":[75,45,0],"translation":[0,2.5,0],"scale":[0.375,0.375,0.375]},"thirdperson_lefthand":{"rotation":[75,45,0],"translation":[0,2.5,0],"scale":[0.375,0.375,0.375]},"firstperson_righthand":{"rotation":[0,45,0],"scale":[0.4,0.4,0.4]},"firstperson_lefthand":{"rotation":[0,225,0],"scale":[0.4,0.4,0.4]},"ground":{"translation":[0,3,0],"scale":[0.25,0.25,0.25]},"gui":{"rotation":[30,225,0],"scale":[0.625,0.625,0.625]},"fixed":{"rotation":[-90,0,0],"translation":[0,0,-16],"scale":[2,2,2]}}}