{"credit":"Made with Blockbench","texture_size":[32,32],"textures":{"2":"hmcmodels:furniture/rustic_kitchen/rustic_kitchen_counter_open_cabinet_left"},"elements":[{"from":[2,2,0.5],"to":[14,13,1.5],"rotation":{"angle":-22.5,"axis":"y","origin":[13.96194,7.5,1.05866]},"faces":{"north":{"uv":[0,0,6,5.5],"texture":"#2"},"east":{"uv":[6,1,6.5,6.5],"texture":"#2"},"south":{"uv":[0,5.5,6,11],"texture":"#2"},"west":{"uv":[6.5,1,7,6.5],"texture":"#2"},"up":{"uv":[12,0.5,6,0],"texture":"#2"},"down":{"uv":[12,0.5,6,1],"texture":"#2"}}},{"from":[4.04822,5,-3.65243],"to":[6.04822,10,-3.65243],"rotation":{"angle":0,"axis":"y","origin":[13.96194,7.5,1.05866]},"faces":{"north":{"uv":[6,6.5,7,9],"texture":"#2"},"east":{"uv":[0,0,0,2.5],"texture":"#2"},"south":{"uv":[7,1,8,3.5],"texture":"#2"},"west":{"uv":[0,0,0,2.5],"texture":"#2"},"up":{"uv":[1,0,0,0],"texture":"#2"},"down":{"uv":[1,0,0,0],"texture":"#2"}}}],"display":{"thirdperson_righthand":{"rotation":[75,45,0],"translation":[0,2.5,0],"scale":[0.375,0.375,0.375]},"thirdperson_lefthand":{"rotation":[75,45,0],"translation":[0,2.5,0],"scale":[0.375,0.375,0.375]},"firstperson_righthand":{"rotation":[0,45,0],"scale":[0.4,0.4,0.4]},"firstperson_lefthand":{"rotation":[0,225,0],"scale":[0.4,0.4,0.4]},"ground":{"translation":[0,3,0],"scale":[0.25,0.25,0.25]},"gui":{"rotation":[30,225,0],"translation":[-3,2,0],"scale":[0.6,0.6,0.6]},"fixed":{"translation":[0,0,16],"scale":[2,2,2]}}}