{"credit":"Made with Blockbench","texture_size":[64,64],"textures":{"6":"hmcmodels:furniture/rustic_kitchen/rustic_kitchen_top_cabinet_shelf","particle":"rustic_kitchen/rustic_kitchen_top_cabinet_shelf"},"elements":[{"from":[0,-2,0],"to":[16,16,16],"rotation":{"angle":0,"axis":"y","origin":[7,-3,9]},"faces":{"north":{"uv":[0,0,4,4.5],"texture":"#6"},"east":{"uv":[4,0,8,4.5],"texture":"#6"},"south":{"uv":[0,4.5,4,9],"texture":"#6"},"west":{"uv":[4,4.5,8,9],"texture":"#6"},"up":{"uv":[12,4,8,0],"texture":"#6"},"down":{"uv":[12,4,8,8],"texture":"#6"}}}],"display":{"thirdperson_righthand":{"rotation":[75,45,0],"translation":[0,2.5,0],"scale":[0.375,0.375,0.375]},"thirdperson_lefthand":{"rotation":[75,45,0],"translation":[0,2.5,0],"scale":[0.375,0.375,0.375]},"firstperson_righthand":{"rotation":[0,45,0],"scale":[0.4,0.4,0.4]},"firstperson_lefthand":{"rotation":[0,225,0],"scale":[0.4,0.4,0.4]},"ground":{"translation":[0,3,0],"scale":[0.25,0.25,0.25]},"gui":{"rotation":[30,225,0],"scale":[0.5,0.5,0.5]},"fixed":{"translation":[0,0,-16],"scale":[2,2,2]}}}