{"credit":"Made with Blockbench","texture_size":[64,64],"textures":{"3":"hmcmodels:furniture/rustic_kitchen/rustic_kitchen_counter_middle"},"elements":[{"from":[0,0,1],"to":[16,14,16],"rotation":{"angle":0,"axis":"y","origin":[8,11,8.25]},"faces":{"north":{"uv":[7.75,3.5,11.75,7],"texture":"#3"},"east":{"uv":[7.75,7,11.5,10.5],"texture":"#3"},"south":{"uv":[7.75,0,11.75,3.5],"texture":"#3"},"west":{"uv":[0,8,3.75,11.5],"texture":"#3"},"up":{"uv":[7.75,4,4,0],"rotation":90,"texture":"#3"},"down":{"uv":[7.75,4,4,8],"rotation":270,"texture":"#3"}}},{"from":[0,14,0],"to":[16,16,16],"rotation":{"angle":0,"axis":"y","origin":[8,11,8.25]},"faces":{"north":{"uv":[3.75,9.5,7.75,10],"texture":"#3"},"east":{"uv":[3.75,8,7.75,8.5],"texture":"#3"},"south":{"uv":[3.75,8.5,7.75,9],"texture":"#3"},"west":{"uv":[3.75,9,7.75,9.5],"texture":"#3"},"up":{"uv":[4,4,0,0],"rotation":90,"texture":"#3"},"down":{"uv":[4,4,0,8],"rotation":270,"texture":"#3"}}}],"display":{"thirdperson_righthand":{"rotation":[75,45,0],"translation":[0,2.5,0],"scale":[0.375,0.375,0.375]},"thirdperson_lefthand":{"rotation":[75,45,0],"translation":[0,2.5,0],"scale":[0.375,0.375,0.375]},"firstperson_righthand":{"rotation":[0,45,0],"scale":[0.4,0.4,0.4]},"firstperson_lefthand":{"rotation":[0,225,0],"scale":[0.4,0.4,0.4]},"ground":{"translation":[0,3,0],"scale":[0.25,0.25,0.25]},"gui":{"rotation":[30,225,0],"scale":[0.6,0.6,0.6]},"fixed":{"rotation":[-90,0,0],"translation":[0,0,-16],"scale":[2,2,2]}}}