{"credit":"Made with Blockbench","textures":{"1":"hmcmodels:furniture/rustic_kitchen/rustic_kitchen_counter_drawer","particle":"rustic_kitchen/rustic_kitchen_counter_drawer"},"elements":[{"from":[2,3,0.5],"to":[14,7,1.5],"faces":{"north":{"uv":[0,0,12,4],"texture":"#1"},"east":{"uv":[8,10,9,14],"texture":"#1"},"south":{"uv":[0,4,12,8],"texture":"#1"},"west":{"uv":[9,10,10,14],"texture":"#1"},"up":{"uv":[12,9,0,8],"texture":"#1"},"down":{"uv":[12,9,0,10],"texture":"#1"}}},{"from":[6,5,0.5],"to":[10,7,0.5],"rotation":{"angle":22.5,"axis":"x","origin":[8,7,0.5]},"faces":{"north":{"uv":[0,10,4,12],"texture":"#1"},"east":{"uv":[0,0,0,2],"texture":"#1"},"south":{"uv":[4,10,8,12],"texture":"#1"},"west":{"uv":[0,0,0,2],"texture":"#1"},"up":{"uv":[4,0,0,0],"texture":"#1"},"down":{"uv":[4,0,0,0],"texture":"#1"}}},{"from":[2,8,0.5],"to":[14,12,1.5],"rotation":{"angle":0,"axis":"y","origin":[0,5,0]},"faces":{"north":{"uv":[0,0,12,4],"texture":"#1"},"east":{"uv":[8,10,9,14],"texture":"#1"},"south":{"uv":[0,4,12,8],"texture":"#1"},"west":{"uv":[9,10,10,14],"texture":"#1"},"up":{"uv":[12,9,0,8],"texture":"#1"},"down":{"uv":[12,9,0,10],"texture":"#1"}}},{"from":[6,10,0.5],"to":[10,12,0.5],"rotation":{"angle":22.5,"axis":"x","origin":[8,12,0.5]},"faces":{"north":{"uv":[0,10,4,12],"texture":"#1"},"east":{"uv":[0,0,0,2],"texture":"#1"},"south":{"uv":[4,10,8,12],"texture":"#1"},"west":{"uv":[0,0,0,2],"texture":"#1"},"up":{"uv":[4,0,0,0],"texture":"#1"},"down":{"uv":[4,0,0,0],"texture":"#1"}}}],"display":{"thirdperson_righthand":{"rotation":[75,45,0],"translation":[0,2.5,0],"scale":[0.375,0.375,0.375]},"thirdperson_lefthand":{"rotation":[75,45,0],"translation":[0,2.5,0],"scale":[0.375,0.375,0.375]},"firstperson_righthand":{"rotation":[0,45,0],"scale":[0.4,0.4,0.4]},"firstperson_lefthand":{"rotation":[0,225,0],"scale":[0.4,0.4,0.4]},"ground":{"translation":[0,3,0],"scale":[0.25,0.25,0.25]},"gui":{"rotation":[30,225,0],"translation":[-2.5,1.75,0],"scale":[0.6,0.6,0.6]},"fixed":{"translation":[0,0,16],"scale":[2,2,2]}}}