{"credit":"Made with Blockbench","texture_size":[64,64],"textures":{"2":"hmcmodels:furniture/rustic_kitchen/rustic_kitchen_end_shelf_left"},"elements":[{"from":[0,0,1],"to":[16,14,16],"rotation":{"angle":0,"axis":"y","origin":[8,11,8.25]},"faces":{"north":{"uv":[4.25,7.5,8.25,11],"texture":"#2"},"east":{"uv":[8.25,0,12,3.5],"texture":"#2"},"south":{"uv":[0,8,4,11.5],"texture":"#2"},"west":{"uv":[8.25,3.5,12,7],"texture":"#2"},"up":{"uv":[8.25,3.75,4.25,0],"texture":"#2"},"down":{"uv":[8.25,3.75,4.25,7.5],"texture":"#2"}}},{"from":[0,14,0],"to":[17,16,16],"rotation":{"angle":0,"axis":"y","origin":[8,11,8.25]},"faces":{"north":{"uv":[12.5,7,8.25,7.5],"texture":"#2"},"east":{"uv":[12.25,8.5,8.25,9],"texture":"#2"},"south":{"uv":[12.5,7.5,8.25,8],"texture":"#2"},"west":{"uv":[12.25,8,8.25,8.5],"texture":"#2"},"up":{"uv":[0,4,4.25,0],"texture":"#2"},"down":{"uv":[0,4,4.25,8],"texture":"#2"}}}],"display":{"thirdperson_righthand":{"rotation":[75,45,0],"translation":[0,2.5,0],"scale":[0.375,0.375,0.375]},"thirdperson_lefthand":{"rotation":[75,45,0],"translation":[0,2.5,0],"scale":[0.375,0.375,0.375]},"firstperson_righthand":{"rotation":[0,45,0],"scale":[0.4,0.4,0.4]},"firstperson_lefthand":{"rotation":[0,225,0],"scale":[0.4,0.4,0.4]},"ground":{"translation":[0,3,0],"scale":[0.25,0.25,0.25]},"gui":{"rotation":[30,225,0],"scale":[0.6,0.6,0.6]},"fixed":{"rotation":[-90,0,0],"translation":[0,0,-16],"scale":[2,2,2]}}}