{"credit":"Made with Blockbench","texture_size":[32,32],"textures":{"1":"hmcmodels:furniture/rustic_kitchen/rustic_kitchen_pot","particle":"rustic_kitchen/rustic_kitchen_pot"},"elements":[{"from":[3,0,3],"to":[13,1,13],"faces":{"north":{"uv":[10,9,15,9.5],"texture":"#1"},"east":{"uv":[10,9.5,15,10],"texture":"#1"},"south":{"uv":[10,10,15,10.5],"texture":"#1"},"west":{"uv":[10,10.5,15,11],"texture":"#1"},"up":{"uv":[5,5,0,0],"texture":"#1"},"down":{"uv":[5,5,0,10],"texture":"#1"}}},{"from":[3,1,3],"to":[4,7,13],"faces":{"north":{"uv":[9,12,9.5,15],"texture":"#1"},"east":{"uv":[5,0,10,3],"texture":"#1"},"south":{"uv":[9.5,12,10,15],"texture":"#1"},"west":{"uv":[5,3,10,6],"texture":"#1"},"up":{"uv":[4.5,15,4,10],"texture":"#1"},"down":{"uv":[5,10,4.5,15],"texture":"#1"}}},{"from":[12,1,3],"to":[13,7,13],"rotation":{"angle":0,"axis":"y","origin":[16,0,0]},"faces":{"north":{"uv":[6,12.5,6.5,15.5],"texture":"#1"},"east":{"uv":[5,6,10,9],"texture":"#1"},"south":{"uv":[6.5,12.5,7,15.5],"texture":"#1"},"west":{"uv":[5,9,10,12],"texture":"#1"},"up":{"uv":[10.5,16,10,11],"texture":"#1"},"down":{"uv":[11,11,10.5,16],"texture":"#1"}}},{"from":[4,1,3],"to":[12,7,4],"faces":{"north":{"uv":[0,10,4,13],"texture":"#1"},"east":{"uv":[5,12.5,5.5,15.5],"texture":"#1"},"south":{"uv":[10,0,14,3],"texture":"#1"},"west":{"uv":[5.5,12.5,6,15.5],"texture":"#1"},"up":{"uv":[15,11.5,11,11],"texture":"#1"},"down":{"uv":[15,11.5,11,12],"texture":"#1"}}},{"from":[4,1,12],"to":[12,7,13],"rotation":{"angle":0,"axis":"y","origin":[0,0,16]},"faces":{"north":{"uv":[10,3,14,6],"texture":"#1"},"east":{"uv":[7,12.5,7.5,15.5],"texture":"#1"},"south":{"uv":[10,6,14,9],"texture":"#1"},"west":{"uv":[7.5,12.5,8,15.5],"texture":"#1"},"up":{"uv":[9,12.5,5,12],"texture":"#1"},"down":{"uv":[15,12,11,12.5],"texture":"#1"}}},{"from":[13,7,6],"to":[14,7,10],"rotation":{"angle":0,"axis":"y","origin":[13,7,8]},"faces":{"north":{"uv":[0,0,0.5,0],"texture":"#1"},"east":{"uv":[0,0,2,0],"texture":"#1"},"south":{"uv":[0,0,0.5,0],"texture":"#1"},"west":{"uv":[0,0,2,0],"texture":"#1"},"up":{"uv":[4,15,3.5,13],"texture":"#1"},"down":{"uv":[11.5,13.5,11,15.5],"texture":"#1"}}},{"from":[14,6.5,5.5],"to":[15,7.5,10.5],"rotation":{"angle":0,"axis":"y","origin":[13,7,8]},"faces":{"north":{"uv":[12.5,13.5,13,14],"texture":"#1"},"east":{"uv":[11,12.5,13.5,13],"texture":"#1"},"south":{"uv":[13.5,12.5,14,13],"texture":"#1"},"west":{"uv":[0,13,2.5,13.5],"texture":"#1"},"up":{"uv":[8.5,15,8,12.5],"texture":"#1"},"down":{"uv":[9,12.5,8.5,15],"texture":"#1"}}},{"from":[1,6.5,5.5],"to":[2,7.5,10.5],"rotation":{"angle":0,"axis":"y","origin":[3,7,8]},"faces":{"north":{"uv":[13,13.5,13.5,14],"texture":"#1"},"east":{"uv":[11,13,13.5,13.5],"texture":"#1"},"south":{"uv":[13.5,13,14,13.5],"texture":"#1"},"west":{"uv":[0,13.5,2.5,14],"texture":"#1"},"up":{"uv":[3,15.5,2.5,13],"texture":"#1"},"down":{"uv":[3.5,13,3,15.5],"texture":"#1"}}},{"from":[2,7,6],"to":[3,7,10],"rotation":{"angle":0,"axis":"y","origin":[3,7,8]},"faces":{"north":{"uv":[0,0,0.5,0],"texture":"#1"},"east":{"uv":[0,0,2,0],"texture":"#1"},"south":{"uv":[0,0,0.5,0],"texture":"#1"},"west":{"uv":[0,0,2,0],"texture":"#1"},"up":{"uv":[12,15.5,11.5,13.5],"texture":"#1"},"down":{"uv":[12.5,13.5,12,15.5],"texture":"#1"}}}],"display":{"thirdperson_righthand":{"rotation":[75,45,0],"translation":[0,2.5,0],"scale":[0.375,0.375,0.375]},"thirdperson_lefthand":{"rotation":[75,45,0],"translation":[0,2.5,0],"scale":[0.375,0.375,0.375]},"firstperson_righthand":{"rotation":[0,45,0],"scale":[0.4,0.4,0.4]},"firstperson_lefthand":{"rotation":[0,225,0],"scale":[0.4,0.4,0.4]},"ground":{"translation":[0,3,0],"scale":[0.25,0.25,0.25]},"gui":{"rotation":[30,225,0],"translation":[0,1.5,0],"scale":[0.625,0.625,0.625]},"fixed":{"rotation":[-90,0,0],"translation":[0,0,-16],"scale":[2,2,2]}}}