{"credit":"Made with Blockbench","texture_size":[64,64],"textures":{"2":"hmcmodels:furniture/rustic_kitchen/rustic_kitchen_pot_stacked"},"elements":[{"from":[3,0,3],"to":[13,1,13],"faces":{"north":{"uv":[5,7.5,7.5,7.75],"texture":"#2"},"east":{"uv":[7.5,7.5,10,7.75],"texture":"#2"},"south":{"uv":[5,7.75,7.5,8],"texture":"#2"},"west":{"uv":[7.5,7.75,10,8],"texture":"#2"},"up":{"uv":[2.5,2.5,0,0],"texture":"#2"},"down":{"uv":[2.5,2.5,0,5],"texture":"#2"}}},{"from":[3,1,3],"to":[4,7,13],"faces":{"north":{"uv":[2,8.5,2.25,10],"texture":"#2"},"east":{"uv":[2.5,4,5,5.5],"texture":"#2"},"south":{"uv":[2.25,8.5,2.5,10],"texture":"#2"},"west":{"uv":[4.5,0,7,1.5],"texture":"#2"},"up":{"uv":[0.25,10.5,0,8],"texture":"#2"},"down":{"uv":[0.5,8,0.25,10.5],"texture":"#2"}}},{"from":[12,1,3],"to":[13,7,13],"rotation":{"angle":0,"axis":"y","origin":[16,0,0]},"faces":{"north":{"uv":[3,8.5,3.25,10],"texture":"#2"},"east":{"uv":[4.5,1.5,7,3],"texture":"#2"},"south":{"uv":[3.25,8.5,3.5,10],"texture":"#2"},"west":{"uv":[0,5,2.5,6.5],"texture":"#2"},"up":{"uv":[0.75,10.5,0.5,8],"texture":"#2"},"down":{"uv":[1,8,0.75,10.5],"texture":"#2"}}},{"from":[4,1,3],"to":[12,7,4],"faces":{"north":{"uv":[5,3,7,4.5],"texture":"#2"},"east":{"uv":[2.5,8.5,2.75,10],"texture":"#2"},"south":{"uv":[5,4.5,7,6],"texture":"#2"},"west":{"uv":[2.75,8.5,3,10],"texture":"#2"},"up":{"uv":[7,8.25,5,8],"texture":"#2"},"down":{"uv":[9,8,7,8.25],"texture":"#2"}}},{"from":[4,1,12],"to":[12,7,13],"rotation":{"angle":0,"axis":"y","origin":[0,0,16]},"faces":{"north":{"uv":[2.5,5.5,4.5,7],"texture":"#2"},"east":{"uv":[8.5,4,8.75,5.5],"texture":"#2"},"south":{"uv":[4.5,6,6.5,7.5],"texture":"#2"},"west":{"uv":[5,8.5,5.25,10],"texture":"#2"},"up":{"uv":[7,8.5,5,8.25],"texture":"#2"},"down":{"uv":[9,8.25,7,8.5],"texture":"#2"}}},{"from":[13,7,6],"to":[14,7,10],"rotation":{"angle":0,"axis":"y","origin":[13,7,8]},"faces":{"north":{"uv":[0,0,0.25,0],"texture":"#2"},"east":{"uv":[0,0,1,0],"texture":"#2"},"south":{"uv":[0,0,0.25,0],"texture":"#2"},"west":{"uv":[0,0,1,0],"texture":"#2"},"up":{"uv":[4.75,4,4.5,3],"texture":"#2"},"down":{"uv":[5,3,4.75,4],"texture":"#2"}}},{"from":[14,6.5,5.5],"to":[15,7.5,10.5],"rotation":{"angle":0,"axis":"y","origin":[13,7,8]},"faces":{"north":{"uv":[4.5,5.5,4.75,5.75],"texture":"#2"},"east":{"uv":[8.75,5.75,10,6],"texture":"#2"},"south":{"uv":[4.75,5.5,5,5.75],"texture":"#2"},"west":{"uv":[6,8.75,7.25,9],"texture":"#2"},"up":{"uv":[9,7.25,8.75,6],"texture":"#2"},"down":{"uv":[8.25,8.75,8,10],"texture":"#2"}}},{"from":[1,6.5,5.5],"to":[2,7.5,10.5],"rotation":{"angle":0,"axis":"y","origin":[3,7,8]},"faces":{"north":{"uv":[4.5,5.75,4.75,6],"texture":"#2"},"east":{"uv":[8.25,8.75,9.5,9],"texture":"#2"},"south":{"uv":[4.75,5.75,5,6],"texture":"#2"},"west":{"uv":[9,0,10.25,0.25],"texture":"#2"},"up":{"uv":[9.25,1.5,9,0.25],"texture":"#2"},"down":{"uv":[9.25,1.5,9,2.75],"texture":"#2"}}},{"from":[2,7,6],"to":[3,7,10],"rotation":{"angle":0,"axis":"y","origin":[3,7,8]},"faces":{"north":{"uv":[0,0,0.25,0],"texture":"#2"},"east":{"uv":[0,0,1,0],"texture":"#2"},"south":{"uv":[0,0,0.25,0],"texture":"#2"},"west":{"uv":[0,0,1,0],"texture":"#2"},"up":{"uv":[3.75,10,3.5,9],"texture":"#2"},"down":{"uv":[4,9,3.75,10],"texture":"#2"}}},{"from":[6.3,6,4],"to":[14.3,7,12],"rotation":{"angle":-22.5,"axis":"z","origin":[8,13.75,8]},"faces":{"north":{"uv":[8.5,3,10.5,3.25],"texture":"#2"},"east":{"uv":[8.5,3.25,10.5,3.5],"texture":"#2"},"south":{"uv":[8.5,3.5,10.5,3.75],"texture":"#2"},"west":{"uv":[8.5,3.75,10.5,4],"texture":"#2"},"up":{"uv":[4.5,2,2.5,0],"texture":"#2"},"down":{"uv":[4.5,2,2.5,4],"texture":"#2"}}},{"from":[6.3,7,4],"to":[7.3,13,12],"rotation":{"angle":-22.5,"axis":"z","origin":[8,13.75,8]},"faces":{"north":{"uv":[8.75,4,9,5.5],"texture":"#2"},"east":{"uv":[7,0,9,1.5],"texture":"#2"},"south":{"uv":[5.75,8.75,6,10.25],"texture":"#2"},"west":{"uv":[7,1.5,9,3],"texture":"#2"},"up":{"uv":[1.75,10,1.5,8],"texture":"#2"},"down":{"uv":[2,8,1.75,10],"texture":"#2"}}},{"from":[7.3,7,4],"to":[13.3,13,5],"rotation":{"angle":-22.5,"axis":"z","origin":[8,13.75,8]},"faces":{"north":{"uv":[7,4.5,8.5,6],"texture":"#2"},"east":{"uv":[7.5,8.5,7.75,10],"texture":"#2"},"south":{"uv":[3.5,7.5,5,9],"texture":"#2"},"west":{"uv":[7.75,8.5,8,10],"texture":"#2"},"up":{"uv":[10,7.5,8.5,7.25],"texture":"#2"},"down":{"uv":[9.5,8.5,8,8.75],"texture":"#2"}}},{"from":[13.3,7,4],"to":[14.3,13,12],"rotation":{"angle":-22.5,"axis":"z","origin":[8,13.75,8]},"faces":{"north":{"uv":[8.5,5.75,8.75,7.25],"texture":"#2"},"east":{"uv":[0,6.5,2,8],"texture":"#2"},"south":{"uv":[7.25,8.5,7.5,10],"texture":"#2"},"west":{"uv":[6.5,6,8.5,7.5],"texture":"#2"},"up":{"uv":[1.25,10,1,8],"texture":"#2"},"down":{"uv":[1.5,8,1.25,10],"texture":"#2"}}},{"from":[7.3,7,11],"to":[13.3,13,12],"rotation":{"angle":-22.5,"axis":"z","origin":[8,13.75,8]},"faces":{"north":{"uv":[2,7,3.5,8.5],"texture":"#2"},"east":{"uv":[5.25,8.5,5.5,10],"texture":"#2"},"south":{"uv":[7,3,8.5,4.5],"texture":"#2"},"west":{"uv":[5.5,8.5,5.75,10],"texture":"#2"},"up":{"uv":[10,5.75,8.5,5.5],"texture":"#2"},"down":{"uv":[7.25,8.5,5.75,8.75],"texture":"#2"}}},{"from":[15.3,12.5,6],"to":[16.3,13.5,10],"rotation":{"angle":-22.5,"axis":"z","origin":[8,13.75,8]},"faces":{"north":{"uv":[2,6.75,2.25,7],"texture":"#2"},"east":{"uv":[9,2.75,10,3],"texture":"#2"},"south":{"uv":[2.25,6.75,2.5,7],"texture":"#2"},"west":{"uv":[9,5,10,5.25],"texture":"#2"},"up":{"uv":[4.5,10,4.25,9],"texture":"#2"},"down":{"uv":[4.75,9,4.5,10],"texture":"#2"}}},{"from":[14.3,13,6.5],"to":[15.3,13,9.5],"rotation":{"angle":-22.5,"axis":"z","origin":[8,13.75,8]},"faces":{"north":{"uv":[0,0,0.25,0],"texture":"#2"},"east":{"uv":[0,0,0.75,0],"texture":"#2"},"south":{"uv":[0,0,0.25,0],"texture":"#2"},"west":{"uv":[0,0,0.75,0],"texture":"#2"},"up":{"uv":[9.25,6.75,9,6],"texture":"#2"},"down":{"uv":[6.5,9,6.25,9.75],"texture":"#2"}}},{"from":[5.3,13,6.5],"to":[6.3,13,9.5],"rotation":{"angle":-22.5,"axis":"z","origin":[8,13.75,8]},"faces":{"north":{"uv":[0,0,0.25,0],"texture":"#2"},"east":{"uv":[0,0,0.75,0],"texture":"#2"},"south":{"uv":[0,0,0.25,0],"texture":"#2"},"west":{"uv":[0,0,0.75,0],"texture":"#2"},"up":{"uv":[5,9.75,4.75,9],"texture":"#2"},"down":{"uv":[6.25,9,6,9.75],"texture":"#2"}}},{"from":[4.3,12.5,6],"to":[5.3,13.5,10],"rotation":{"angle":-22.5,"axis":"z","origin":[8,13.75,8]},"faces":{"north":{"uv":[2,6.5,2.25,6.75],"texture":"#2"},"east":{"uv":[3.5,7,4.5,7.25],"texture":"#2"},"south":{"uv":[2.25,6.5,2.5,6.75],"texture":"#2"},"west":{"uv":[3.5,7.25,4.5,7.5],"texture":"#2"},"up":{"uv":[4.25,10,4,9],"texture":"#2"},"down":{"uv":[9.25,4,9,5],"texture":"#2"}}}],"display":{"thirdperson_righthand":{"rotation":[75,45,0],"translation":[0,2.5,0],"scale":[0.375,0.375,0.375]},"thirdperson_lefthand":{"rotation":[75,45,0],"translation":[0,2.5,0],"scale":[0.375,0.375,0.375]},"firstperson_righthand":{"rotation":[0,45,0],"scale":[0.4,0.4,0.4]},"firstperson_lefthand":{"rotation":[0,225,0],"scale":[0.4,0.4,0.4]},"ground":{"translation":[0,3,0],"scale":[0.25,0.25,0.25]},"gui":{"rotation":[30,225,0],"translation":[0,1.25,0],"scale":[0.625,0.625,0.625]},"fixed":{"rotation":[-90,0,0],"translation":[0,0,-16],"scale":[2,2,2]}}}