{"credit":"Made with Blockbench","texture_size":[32,32],"textures":{"1":"hmcmodels:furniture/rustic_kitchen/rustic_kitchen_top_cabinet_door_left","particle":"rustic_kitchen/rustic_kitchen_top_cabinet_door_left"},"elements":[{"from":[3,0,-0.5],"to":[13,14,0.5],"rotation":{"angle":0,"axis":"y","origin":[12.96194,7,0.05866]},"faces":{"north":{"uv":[5,0,0,7],"texture":"#1"},"east":{"uv":[1,7,0.5,14],"texture":"#1"},"south":{"uv":[10,0,5,7],"texture":"#1"},"west":{"uv":[0.5,7,0,14],"texture":"#1"},"up":{"uv":[1,7.5,6,7],"texture":"#1"},"down":{"uv":[6,7,11,7.5],"texture":"#1"}}},{"from":[3.9721,4.5,-4.26974],"to":[5.9721,9.5,-4.26974],"rotation":{"angle":22.5,"axis":"y","origin":[12.96194,7,0.05866]},"faces":{"north":{"uv":[2,7.5,1,10],"texture":"#1"},"east":{"uv":[0,0,0,2.5],"texture":"#1"},"south":{"uv":[3,7.5,2,10],"texture":"#1"},"west":{"uv":[0,0,0,2.5],"texture":"#1"},"up":{"uv":[0,0,1,0],"texture":"#1"},"down":{"uv":[0,0,1,0],"texture":"#1"}}}],"display":{"thirdperson_righthand":{"rotation":[75,45,0],"translation":[0,2.5,0],"scale":[0.375,0.375,0.375]},"thirdperson_lefthand":{"rotation":[75,45,0],"translation":[0,2.5,0],"scale":[0.375,0.375,0.375]},"firstperson_righthand":{"rotation":[0,45,0],"scale":[0.4,0.4,0.4]},"firstperson_lefthand":{"rotation":[0,225,0],"scale":[0.4,0.4,0.4]},"ground":{"translation":[0,3,0],"scale":[0.25,0.25,0.25]},"gui":{"rotation":[30,225,0],"translation":[-3,2,0],"scale":[0.6,0.6,0.6]},"fixed":{"translation":[0,0,16],"scale":[2,2,2]}}}