{"credit":"Made with Blockbench","texture_size":[32,32],"textures":{"1":"hmcmodels:furniture/rustic_kitchen/rustic_kitchen_pan_closed"},"elements":[{"from":[4,0,1],"to":[12,1,9],"rotation":{"angle":0,"axis":"y","origin":[4.74632,5.19822,4]},"faces":{"north":{"uv":[6,11,10,11.5],"texture":"#1"},"east":{"uv":[10,11,14,11.5],"texture":"#1"},"south":{"uv":[6,11.5,10,12],"texture":"#1"},"west":{"uv":[11.5,6,15.5,6.5],"texture":"#1"},"up":{"uv":[8.5,4,4.5,0],"texture":"#1"},"down":{"uv":[8.5,4,4.5,8],"texture":"#1"}}},{"from":[4,1,1],"to":[5,5,9],"rotation":{"angle":0,"axis":"y","origin":[4.74632,5.19822,4]},"faces":{"north":{"uv":[7,12,7.5,14],"texture":"#1"},"east":{"uv":[8.5,2,12.5,4],"texture":"#1"},"south":{"uv":[7.5,12,8,14],"texture":"#1"},"west":{"uv":[8.5,4,12.5,6],"texture":"#1"},"up":{"uv":[1.5,15,1,11],"texture":"#1"},"down":{"uv":[2,11,1.5,15],"texture":"#1"}}},{"from":[5,1,1],"to":[11,5,2],"rotation":{"angle":0,"axis":"y","origin":[4.74632,5.19822,4]},"faces":{"north":{"uv":[0,9,3,11],"texture":"#1"},"east":{"uv":[6,12,6.5,14],"texture":"#1"},"south":{"uv":[3,10,6,12],"texture":"#1"},"west":{"uv":[6.5,12,7,14],"texture":"#1"},"up":{"uv":[14.5,8,11.5,7.5],"texture":"#1"},"down":{"uv":[14.5,8,11.5,8.5],"texture":"#1"}}},{"from":[11,1,1],"to":[12,5,9],"rotation":{"angle":0,"axis":"y","origin":[4.74632,5.19822,4]},"faces":{"north":{"uv":[5,12,5.5,14],"texture":"#1"},"east":{"uv":[4.5,8,8.5,10],"texture":"#1"},"south":{"uv":[5.5,12,6,14],"texture":"#1"},"west":{"uv":[8.5,0,12.5,2],"texture":"#1"},"up":{"uv":[0.5,15,0,11],"texture":"#1"},"down":{"uv":[1,11,0.5,15],"texture":"#1"}}},{"from":[5,1,8],"to":[11,5,9],"rotation":{"angle":0,"axis":"y","origin":[4.74632,5.19822,4]},"faces":{"north":{"uv":[8.5,6,11.5,8],"texture":"#1"},"east":{"uv":[4,12,4.5,14],"texture":"#1"},"south":{"uv":[8.5,8,11.5,10],"texture":"#1"},"west":{"uv":[4.5,12,5,14],"texture":"#1"},"up":{"uv":[14.5,7,11.5,6.5],"texture":"#1"},"down":{"uv":[14.5,7,11.5,7.5],"texture":"#1"}}},{"from":[7.5,4,10],"to":[8.5,5,16],"faces":{"north":{"uv":[3,9,3.5,9.5],"texture":"#1"},"east":{"uv":[11.5,8.5,14.5,9],"texture":"#1"},"south":{"uv":[3.5,9,4,9.5],"texture":"#1"},"west":{"uv":[11.5,9,14.5,9.5],"texture":"#1"},"up":{"uv":[2.5,14,2,11],"texture":"#1"},"down":{"uv":[3,11,2.5,14],"texture":"#1"}}},{"from":[7.5,4.5,9],"to":[8.5,4.5,10],"faces":{"north":{"uv":[0,0,0.5,0],"texture":"#1"},"east":{"uv":[0,0,0.5,0],"texture":"#1"},"south":{"uv":[0,0,0.5,0],"texture":"#1"},"west":{"uv":[0,0,0.5,0],"texture":"#1"},"up":{"uv":[4.5,9.5,4,9],"texture":"#1"},"down":{"uv":[3.5,9.5,3,10],"texture":"#1"}}},{"from":[8,6,3],"to":[8,7,7],"rotation":{"angle":0,"axis":"y","origin":[8,7,5]},"faces":{"north":{"uv":[0,0,0,0.5],"texture":"#1"},"east":{"uv":[8,12,10,12.5],"texture":"#1"},"south":{"uv":[0,0,0,0.5],"texture":"#1"},"west":{"uv":[10,12,12,12.5],"texture":"#1"},"up":{"uv":[0,2,0,0],"texture":"#1"},"down":{"uv":[0,0,0,2],"texture":"#1"}}},{"from":[7.5,7,2.5],"to":[8.5,8,7.5],"rotation":{"angle":0,"axis":"y","origin":[8,7,5]},"faces":{"north":{"uv":[3.5,9.5,4,10],"texture":"#1"},"east":{"uv":[11.5,9.5,14,10],"texture":"#1"},"south":{"uv":[4,9.5,4.5,10],"texture":"#1"},"west":{"uv":[10,11.5,12.5,12],"texture":"#1"},"up":{"uv":[3.5,14.5,3,12],"texture":"#1"},"down":{"uv":[4,12,3.5,14.5],"texture":"#1"}}},{"from":[3.5,5,0.5],"to":[12.5,6,9.5],"rotation":{"angle":0,"axis":"y","origin":[8.5,8.5,7.5]},"faces":{"north":{"uv":[6,10,10.5,10.5],"texture":"#1"},"east":{"uv":[6,10.5,10.5,11],"texture":"#1"},"south":{"uv":[10.5,10,15,10.5],"texture":"#1"},"west":{"uv":[10.5,10.5,15,11],"texture":"#1"},"up":{"uv":[4.5,4.5,0,0],"texture":"#1"},"down":{"uv":[4.5,4.5,0,9],"texture":"#1"}}}],"display":{"thirdperson_righthand":{"rotation":[75,45,0],"translation":[0,2.5,0],"scale":[0.375,0.375,0.375]},"thirdperson_lefthand":{"rotation":[75,45,0],"translation":[0,2.5,0],"scale":[0.375,0.375,0.375]},"firstperson_righthand":{"rotation":[0,45,0],"scale":[0.4,0.4,0.4]},"firstperson_lefthand":{"rotation":[0,225,0],"scale":[0.4,0.4,0.4]},"ground":{"translation":[0,3,0],"scale":[0.25,0.25,0.25]},"gui":{"rotation":[30,225,0],"translation":[0,1.75,0],"scale":[0.625,0.625,0.625]},"fixed":{"rotation":[-90,0,0],"translation":[0,0,-16],"scale":[2,2,2]}}}