{"credit":"Made with Blockbench","texture_size":[32,32],"textures":{"1":"hmcmodels:furniture/rustic_kitchen/rustic_kitchen_counter_open_top_drawer","particle":"rustic_kitchen/rustic_kitchen_counter_open_top_drawer"},"elements":[{"from":[2,3,0.5],"to":[14,7,1.5],"faces":{"north":{"uv":[0,0,6,2],"texture":"#1"},"east":{"uv":[8,7.5,8.5,9.5],"texture":"#1"},"south":{"uv":[0,2,6,4],"texture":"#1"},"west":{"uv":[0,8.5,0.5,10.5],"texture":"#1"},"up":{"uv":[6,8.5,0,8],"texture":"#1"},"down":{"uv":[14,4,8,4.5],"texture":"#1"}}},{"from":[6,5,0.5],"to":[10,7,0.5],"rotation":{"angle":22.5,"axis":"x","origin":[8,7,0.5]},"faces":{"north":{"uv":[8,4.5,10,5.5],"texture":"#1"},"east":{"uv":[0,0,0,1],"texture":"#1"},"south":{"uv":[8,5.5,10,6.5],"texture":"#1"},"west":{"uv":[0,0,0,1],"texture":"#1"},"up":{"uv":[2,0,0,0],"texture":"#1"},"down":{"uv":[2,0,0,0],"texture":"#1"}}},{"from":[2,8,-2.5],"to":[14,12,1.5],"rotation":{"angle":0,"axis":"y","origin":[0,5,-3]},"faces":{"north":{"uv":[0,4,6,6],"texture":"#1"},"east":{"uv":[6,4,8,6],"texture":"#1"},"south":{"uv":[0,6,6,8],"texture":"#1"},"west":{"uv":[6,6,8,8],"texture":"#1"},"up":{"uv":[12,2,6,0],"texture":"#1"},"down":{"uv":[12,2,6,4],"texture":"#1"}}},{"from":[6,10,-2.5],"to":[10,12,-2.5],"rotation":{"angle":22.5,"axis":"x","origin":[8,12,-2.5]},"faces":{"north":{"uv":[6,8,8,9],"texture":"#1"},"east":{"uv":[0,0,0,1],"texture":"#1"},"south":{"uv":[8,6.5,10,7.5],"texture":"#1"},"west":{"uv":[0,0,0,1],"texture":"#1"},"up":{"uv":[2,0,0,0],"texture":"#1"},"down":{"uv":[2,0,0,0],"texture":"#1"}}}],"display":{"thirdperson_righthand":{"rotation":[75,45,0],"translation":[0,2.5,0],"scale":[0.375,0.375,0.375]},"thirdperson_lefthand":{"rotation":[75,45,0],"translation":[0,2.5,0],"scale":[0.375,0.375,0.375]},"firstperson_righthand":{"rotation":[0,45,0],"scale":[0.4,0.4,0.4]},"firstperson_lefthand":{"rotation":[0,225,0],"scale":[0.4,0.4,0.4]},"ground":{"translation":[0,3,0],"scale":[0.25,0.25,0.25]},"gui":{"rotation":[30,225,0],"translation":[-2.5,1.75,0],"scale":[0.6,0.6,0.6]},"fixed":{"translation":[0,0,16],"scale":[2,2,2]}}}