{"credit":"Made with Blockbench","texture_size":[256,256],"textures":{"3":"hmcmodels:furniture/rustic_kitchen/rustic_kitchen_oven"},"elements":[{"from":[0,-14,1],"to":[3,-5,4],"faces":{"north":{"uv":[4.625,6.6875,4.8125,7.25],"texture":"#3"},"east":{"uv":[4.8125,6.6875,5,7.25],"texture":"#3"},"south":{"uv":[6.9375,3.4375,7.125,4],"texture":"#3"},"west":{"uv":[7.125,3.4375,7.3125,4],"texture":"#3"},"up":{"uv":[8.6875,8.25,8.5,8.0625],"texture":"#3"},"down":{"uv":[2.8125,8.5625,2.625,8.75],"texture":"#3"}}},{"from":[13,-14,1],"to":[16,-5,4],"rotation":{"angle":0,"axis":"y","origin":[16,0,0]},"faces":{"north":{"uv":[4,9.8125,4.1875,10.375],"texture":"#3"},"east":{"uv":[4.1875,9.8125,4.375,10.375],"texture":"#3"},"south":{"uv":[9.875,9.1875,10.0625,9.75],"texture":"#3"},"west":{"uv":[8.125,10,8.3125,10.5625],"texture":"#3"},"up":{"uv":[10.25,10.1875,10.0625,10],"texture":"#3"},"down":{"uv":[6.3125,10.125,6.125,10.3125],"texture":"#3"}}},{"from":[3,-8,1],"to":[13,-5,4],"faces":{"north":{"uv":[9.8125,2.875,10.4375,3.0625],"texture":"#3"},"east":{"uv":[8.6875,8.0625,8.875,8.25],"texture":"#3"},"south":{"uv":[8.125,9.8125,8.75,10],"texture":"#3"},"west":{"uv":[8.75,7.8125,8.9375,8],"texture":"#3"},"up":{"uv":[9.375,10,8.75,9.8125],"texture":"#3"},"down":{"uv":[10,9.8125,9.375,10],"texture":"#3"}}},{"from":[-15,-5,2],"to":[31,-2,16],"faces":{"north":{"uv":[8.875,0,11.75,0.1875],"texture":"#3"},"east":{"uv":[9.8125,2.5,10.6875,2.6875],"texture":"#3"},"south":{"uv":[8.875,0.1875,11.75,0.375],"texture":"#3"},"west":{"uv":[9.8125,2.6875,10.6875,2.875],"texture":"#3"},"up":{"uv":[8.875,3.4375,6,2.5625],"texture":"#3"},"down":{"uv":[2.875,6.6875,0,7.5625],"texture":"#3"}}},{"from":[-15,-14,16],"to":[31,-2,32],"faces":{"north":{"uv":[7.375,4.4375,10.25,5.1875],"texture":"#3"},"east":{"uv":[1.625,8.5625,2.625,9.3125],"texture":"#3"},"south":{"uv":[7.375,5.1875,10.25,5.9375],"texture":"#3"},"west":{"uv":[2.625,8.75,3.625,9.5],"texture":"#3"},"up":{"uv":[2.875,6.6875,0,5.6875],"texture":"#3"},"down":{"uv":[8.875,0,6,1],"texture":"#3"}}},{"from":[-11,16,6],"to":[27,20,32],"faces":{"north":{"uv":[8.8125,6.4375,11.1875,6.6875],"texture":"#3"},"east":{"uv":[9.1875,1.5,10.8125,1.75],"texture":"#3"},"south":{"uv":[8.8125,6.6875,11.1875,6.9375],"texture":"#3"},"west":{"uv":[9.1875,1.75,10.8125,2],"texture":"#3"},"up":{"uv":[7.375,5.625,5,4],"texture":"#3"},"down":{"uv":[7.375,5.625,5,7.25],"texture":"#3"}}},{"from":[-5,22,8],"to":[21,30,32],"faces":{"north":{"uv":[7.75,2,9.375,2.5],"texture":"#3"},"east":{"uv":[3.625,8.75,5.125,9.25],"texture":"#3"},"south":{"uv":[0,8.5625,1.625,9.0625],"texture":"#3"},"west":{"uv":[8.8125,5.9375,10.3125,6.4375],"texture":"#3"},"up":{"uv":[4.5,8.75,2.875,7.25],"texture":"#3"},"down":{"uv":[6.125,7.25,4.5,8.75],"texture":"#3"}}},{"from":[-11,0,29],"to":[27,16,32],"faces":{"north":{"uv":[6.125,7.25,8.5,8.25],"texture":"#3"},"east":{"uv":[1.625,9.8125,1.8125,10.8125],"texture":"#3"},"south":{"uv":[7.375,3.4375,9.75,4.4375],"texture":"#3"},"west":{"uv":[1.8125,9.8125,2,10.8125],"texture":"#3"},"up":{"uv":[11.25,3.25,8.875,3.0625],"texture":"#3"},"down":{"uv":[11.25,3.25,8.875,3.4375],"texture":"#3"}}},{"from":[19,0,6],"to":[27,16,29],"faces":{"north":{"uv":[6.125,9.125,6.625,10.125],"texture":"#3"},"east":{"uv":[7.375,5.9375,8.8125,6.9375],"texture":"#3"},"south":{"uv":[6.625,9.125,7.125,10.125],"texture":"#3"},"west":{"uv":[0,7.5625,1.4375,8.5625],"texture":"#3"},"up":{"uv":[5.625,10.1875,5.125,8.75],"texture":"#3"},"down":{"uv":[6.125,8.75,5.625,10.1875],"texture":"#3"}}},{"from":[-11,0,6],"to":[-3,16,29],"faces":{"north":{"uv":[7.125,9.125,7.625,10.125],"texture":"#3"},"east":{"uv":[1.4375,7.5625,2.875,8.5625],"texture":"#3"},"south":{"uv":[7.625,9.125,8.125,10.125],"texture":"#3"},"west":{"uv":[7.75,1,9.1875,2],"texture":"#3"},"up":{"uv":[9.4375,9.25,8.9375,7.8125],"texture":"#3"},"down":{"uv":[0.5,9.0625,0,10.5],"texture":"#3"}}},{"from":[-3,0,5],"to":[0,16,8],"faces":{"north":{"uv":[3.4375,9.5,3.625,10.5],"texture":"#3"},"east":{"uv":[1.25,9.625,1.4375,10.625],"texture":"#3"},"south":{"uv":[3.1875,9.75,3.375,10.75],"texture":"#3"},"west":{"uv":[1.4375,9.8125,1.625,10.8125],"texture":"#3"},"up":{"uv":[10.25,1.375,10.0625,1.1875],"texture":"#3"},"down":{"uv":[10.25,9.1875,10.0625,9.375],"texture":"#3"}}},{"from":[16,0,5],"to":[19,16,8],"rotation":{"angle":0,"axis":"y","origin":[16,0,0]},"faces":{"north":{"uv":[2,9.8125,2.1875,10.8125],"texture":"#3"},"east":{"uv":[2.1875,9.8125,2.375,10.8125],"texture":"#3"},"south":{"uv":[3.625,9.8125,3.8125,10.8125],"texture":"#3"},"west":{"uv":[3.8125,9.8125,4,10.8125],"texture":"#3"},"up":{"uv":[10.25,9.5625,10.0625,9.375],"texture":"#3"},"down":{"uv":[10.25,9.5625,10.0625,9.75],"texture":"#3"}}},{"from":[0,13,5],"to":[16,16,8],"faces":{"north":{"uv":[9.75,4.1875,10.75,4.375],"texture":"#3"},"east":{"uv":[1.4375,9.0625,1.625,9.25],"texture":"#3"},"south":{"uv":[9.8125,0.375,10.8125,0.5625],"texture":"#3"},"west":{"uv":[2.4375,9.3125,2.625,9.5],"texture":"#3"},"up":{"uv":[10.8125,0.75,9.8125,0.5625],"texture":"#3"},"down":{"uv":[10.8125,0.75,9.8125,0.9375],"texture":"#3"}}},{"from":[-15,-14,2],"to":[0,-5,16],"faces":{"north":{"uv":[6,3.4375,6.9375,4],"texture":"#3"},"east":{"uv":[9.1875,0.9375,10.0625,1.5],"texture":"#3"},"south":{"uv":[8.875,0.375,9.8125,0.9375],"texture":"#3"},"west":{"uv":[3.625,9.25,4.5,9.8125],"texture":"#3"},"up":{"uv":[7.0625,9.125,6.125,8.25],"texture":"#3"},"down":{"uv":[8,8.25,7.0625,9.125],"texture":"#3"}}},{"from":[16,-14,2],"to":[31,-5,16],"faces":{"north":{"uv":[8.875,2.5,9.8125,3.0625],"texture":"#3"},"east":{"uv":[8.125,9.25,9,9.8125],"texture":"#3"},"south":{"uv":[0.5,9.0625,1.4375,9.625],"texture":"#3"},"west":{"uv":[9,9.25,9.875,9.8125],"texture":"#3"},"up":{"uv":[8.9375,9.125,8,8.25],"texture":"#3"},"down":{"uv":[9.4375,6.9375,8.5,7.8125],"texture":"#3"}}},{"from":[-16,-16,0],"to":[32,-14,32],"faces":{"north":{"uv":[9.375,2,12.375,2.125],"texture":"#3"},"east":{"uv":[9.4375,7.1875,11.4375,7.3125],"texture":"#3"},"south":{"uv":[9.375,2.125,12.375,2.25],"texture":"#3"},"west":{"uv":[9.4375,7.3125,11.4375,7.4375],"texture":"#3"},"up":{"uv":[3,2,0,0],"texture":"#3"},"down":{"uv":[3,2,0,4],"texture":"#3"}}},{"from":[-16,-2,0],"to":[32,0,32],"faces":{"north":{"uv":[9.375,2.25,12.375,2.375],"texture":"#3"},"east":{"uv":[9.4375,7.4375,11.4375,7.5625],"texture":"#3"},"south":{"uv":[9.375,2.375,12.375,2.5],"texture":"#3"},"west":{"uv":[9.4375,7.5625,11.4375,7.6875],"texture":"#3"},"up":{"uv":[6,2,3,0],"texture":"#3"},"down":{"uv":[6,2,3,4],"texture":"#3"}}},{"from":[-12,20,5],"to":[28,22,32],"faces":{"north":{"uv":[9.4375,6.9375,11.9375,7.0625],"texture":"#3"},"east":{"uv":[9.75,3.6875,11.4375,3.8125],"texture":"#3"},"south":{"uv":[9.4375,7.0625,11.9375,7.1875],"texture":"#3"},"west":{"uv":[9.75,3.8125,11.4375,3.9375],"texture":"#3"},"up":{"uv":[2.5,5.6875,0,4],"texture":"#3"},"down":{"uv":[5,4,2.5,5.6875],"texture":"#3"}}},{"from":[-6,30,7],"to":[22,32,32],"faces":{"north":{"uv":[9.75,3.4375,11.5,3.5625],"texture":"#3"},"east":{"uv":[9.75,3.9375,11.3125,4.0625],"texture":"#3"},"south":{"uv":[9.75,3.5625,11.5,3.6875],"texture":"#3"},"west":{"uv":[9.75,4.0625,11.3125,4.1875],"texture":"#3"},"up":{"uv":[4.625,7.25,2.875,5.6875],"texture":"#3"},"down":{"uv":[7.75,1,6,2.5625],"texture":"#3"}}},{"from":[11,-14,3],"to":[15,-10,19],"rotation":{"angle":0,"axis":"y","origin":[8,6,8]},"faces":{"north":{"uv":[8.5,7.8125,8.75,8.0625],"texture":"#3"},"east":{"uv":[7.375,6.9375,8.375,7.1875],"texture":"#3"},"south":{"uv":[8.3125,10,8.5625,10.25],"texture":"#3"},"west":{"uv":[1.4375,9.3125,2.4375,9.5625],"texture":"#3"},"up":{"uv":[4.875,6.6875,4.625,5.6875],"texture":"#3"},"down":{"uv":[4.75,9.25,4.5,10.25],"texture":"#3"}}},{"from":[6,-14,2],"to":[10,-10,18],"rotation":{"angle":0,"axis":"y","origin":[8,6,8]},"faces":{"north":{"uv":[8.5625,10,8.8125,10.25],"texture":"#3"},"east":{"uv":[9.4375,7.6875,10.4375,7.9375],"texture":"#3"},"south":{"uv":[8.8125,10,9.0625,10.25],"texture":"#3"},"west":{"uv":[9.4375,7.9375,10.4375,8.1875],"texture":"#3"},"up":{"uv":[5,10.25,4.75,9.25],"texture":"#3"},"down":{"uv":[9.6875,8.1875,9.4375,9.1875],"texture":"#3"}}},{"from":[1,-14,3],"to":[5,-10,19],"rotation":{"angle":0,"axis":"y","origin":[8,6,8]},"faces":{"north":{"uv":[9.0625,10,9.3125,10.25],"texture":"#3"},"east":{"uv":[2.4375,9.5,3.4375,9.75],"texture":"#3"},"south":{"uv":[9.3125,10,9.5625,10.25],"texture":"#3"},"west":{"uv":[1.4375,9.5625,2.4375,9.8125],"texture":"#3"},"up":{"uv":[0.75,10.625,0.5,9.625],"texture":"#3"},"down":{"uv":[1,9.625,0.75,10.625],"texture":"#3"}}},{"from":[3.5,-10,4],"to":[7.5,-6,20],"rotation":{"angle":0,"axis":"y","origin":[8,6,8]},"faces":{"north":{"uv":[9.5625,10,9.8125,10.25],"texture":"#3"},"east":{"uv":[9.6875,8.1875,10.6875,8.4375],"texture":"#3"},"south":{"uv":[10,9.75,10.25,10],"texture":"#3"},"west":{"uv":[9.6875,8.4375,10.6875,8.6875],"texture":"#3"},"up":{"uv":[1.25,10.625,1,9.625],"texture":"#3"},"down":{"uv":[2.6875,9.75,2.4375,10.75],"texture":"#3"}}},{"from":[8.5,-10,3],"to":[12.5,-6,19],"rotation":{"angle":0,"axis":"y","origin":[8,6,8]},"faces":{"north":{"uv":[9.8125,10,10.0625,10.25],"texture":"#3"},"east":{"uv":[9.6875,8.6875,10.6875,8.9375],"texture":"#3"},"south":{"uv":[10.0625,0.9375,10.3125,1.1875],"texture":"#3"},"west":{"uv":[9.6875,8.9375,10.6875,9.1875],"texture":"#3"},"up":{"uv":[2.9375,10.75,2.6875,9.75],"texture":"#3"},"down":{"uv":[3.1875,9.75,2.9375,10.75],"texture":"#3"}}}],"display":{"thirdperson_righthand":{"rotation":[75,45,0],"translation":[0,2.5,0],"scale":[0.375,0.375,0.375]},"thirdperson_lefthand":{"rotation":[75,45,0],"translation":[0,2.5,0],"scale":[0.375,0.375,0.375]},"firstperson_righthand":{"rotation":[0,45,0],"scale":[0.4,0.4,0.4]},"firstperson_lefthand":{"rotation":[0,225,0],"scale":[0.4,0.4,0.4]},"ground":{"translation":[0,3,0],"scale":[0.25,0.25,0.25]},"gui":{"rotation":[30,225,0],"translation":[1.5,0,0],"scale":[0.2,0.2,0.2]},"fixed":{"rotation":[-90,0,0],"translation":[0,0,-48],"scale":[2,2,2]}}}