{"credit":"Made with Blockbench","texture_size":[64,64],"textures":{"2":"hmcmodels:furniture/rustic_kitchen/rustic_kitchen_counter_turn_left"},"elements":[{"from":[0,14,0],"to":[16,16,16],"faces":{"north":{"uv":[4,11,8,11.5],"texture":"#2"},"east":{"uv":[0,11.5,4,12],"texture":"#2"},"south":{"uv":[4,11.5,8,12],"texture":"#2"},"west":{"uv":[11.75,0,15.75,0.5],"texture":"#2"},"up":{"uv":[4,4,0,0],"texture":"#2"},"down":{"uv":[4,4,0,8],"texture":"#2"}}},{"from":[0,0,1],"to":[16,14,16],"faces":{"north":{"uv":[4,7.5,8,11],"texture":"#2"},"east":{"uv":[8,0,11.75,3.5],"texture":"#2"},"south":{"uv":[0,8,4,11.5],"texture":"#2"},"west":{"uv":[8,3.5,11.75,7],"texture":"#2"},"up":{"uv":[8,3.75,4,0],"texture":"#2"},"down":{"uv":[8,3.75,4,7.5],"texture":"#2"}}},{"from":[1,0,0],"to":[16,14,1],"faces":{"north":{"uv":[8,7,11.75,10.5],"texture":"#2"},"east":{"uv":[11.75,1,12,4.5],"texture":"#2"},"south":{"uv":[8,10.5,11.75,14],"texture":"#2"},"west":{"uv":[11.75,4.5,12,8],"texture":"#2"},"up":{"uv":[15.5,0.75,11.75,0.5],"texture":"#2"},"down":{"uv":[15.5,0.75,11.75,1],"texture":"#2"}}}],"display":{"thirdperson_righthand":{"rotation":[75,45,0],"translation":[0,2.5,0],"scale":[0.375,0.375,0.375]},"thirdperson_lefthand":{"rotation":[75,45,0],"translation":[0,2.5,0],"scale":[0.375,0.375,0.375]},"firstperson_righthand":{"rotation":[0,45,0],"scale":[0.4,0.4,0.4]},"firstperson_lefthand":{"rotation":[0,225,0],"scale":[0.4,0.4,0.4]},"ground":{"translation":[0,3,0],"scale":[0.25,0.25,0.25]},"gui":{"rotation":[30,225,0],"scale":[0.6,0.6,0.6]},"fixed":{"rotation":[-90,0,0],"translation":[0,0,-16],"scale":[2,2,2]}}}