{"credit":"Made with Blockbench","texture_size":[32,32],"textures":{"1":"hmcmodels:furniture/rustic_kitchen/rustic_kitchen_top_cabinet_door_right","particle":"rustic_kitchen/rustic_kitchen_top_cabinet_door_right"},"elements":[{"from":[3,0,-0.5],"to":[13,14,0.5],"rotation":{"angle":0,"axis":"y","origin":[3.03806,7,0.05866]},"faces":{"north":{"uv":[0,0,5,7],"texture":"#1"},"east":{"uv":[0,7,0.5,14],"texture":"#1"},"south":{"uv":[5,0,10,7],"texture":"#1"},"west":{"uv":[0.5,7,1,14],"texture":"#1"},"up":{"uv":[6,7.5,1,7],"texture":"#1"},"down":{"uv":[11,7,6,7.5],"texture":"#1"}}},{"from":[10.0279,4.5,-4.26974],"to":[12.0279,9.5,-4.26974],"rotation":{"angle":-22.5,"axis":"y","origin":[3.03806,7,0.05866]},"faces":{"north":{"uv":[1,7.5,2,10],"texture":"#1"},"east":{"uv":[0,0,0,2.5],"texture":"#1"},"south":{"uv":[2,7.5,3,10],"texture":"#1"},"west":{"uv":[0,0,0,2.5],"texture":"#1"},"up":{"uv":[1,0,0,0],"texture":"#1"},"down":{"uv":[1,0,0,0],"texture":"#1"}}}],"display":{"thirdperson_righthand":{"rotation":[75,45,0],"translation":[0,2.5,0],"scale":[0.375,0.375,0.375]},"thirdperson_lefthand":{"rotation":[75,45,0],"translation":[0,2.5,0],"scale":[0.375,0.375,0.375]},"firstperson_righthand":{"rotation":[0,45,0],"scale":[0.4,0.4,0.4]},"firstperson_lefthand":{"rotation":[0,225,0],"scale":[0.4,0.4,0.4]},"ground":{"translation":[0,3,0],"scale":[0.25,0.25,0.25]},"gui":{"rotation":[30,225,0],"translation":[-3,2,0],"scale":[0.6,0.6,0.6]},"fixed":{"translation":[0,0,16],"scale":[2,2,2]}}}