{"credit":"Made with Blockbench","texture_size":[128,128],"textures":{"2":"hmcmodels:furniture/rustic_kitchen/rustic_big_table_midle","particle":"rustic_kitchen/rustic_big_table_midle"},"elements":[{"from":[-14,12,0],"to":[30,14,16],"rotation":{"angle":0,"axis":"y","origin":[0,8,8]},"faces":{"north":{"uv":[6,0.25,11.5,0.5],"texture":"#2"},"east":{"uv":[6,1.25,8,1.5],"texture":"#2"},"south":{"uv":[6,0.5,11.5,0.75],"texture":"#2"},"west":{"uv":[6,1.5,8,1.75],"texture":"#2"},"up":{"uv":[5.5,6,0,4],"texture":"#2"},"down":{"uv":[11,4,5.5,6],"texture":"#2"}}},{"from":[-16,14,0],"to":[32,16,16],"rotation":{"angle":0,"axis":"y","origin":[0,8,8]},"faces":{"north":{"uv":[0,6,6,6.25],"texture":"#2"},"east":{"uv":[6,0.75,8,1],"texture":"#2"},"south":{"uv":[6,0,12,0.25],"texture":"#2"},"west":{"uv":[6,1,8,1.25],"texture":"#2"},"up":{"uv":[6,2,0,0],"texture":"#2"},"down":{"uv":[6,2,0,4],"texture":"#2"}}}],"display":{"thirdperson_righthand":{"rotation":[75,45,0],"translation":[0,2.5,0],"scale":[0.375,0.375,0.375]},"thirdperson_lefthand":{"rotation":[75,45,0],"translation":[0,2.5,0],"scale":[0.375,0.375,0.375]},"firstperson_righthand":{"rotation":[0,45,0],"scale":[0.4,0.4,0.4]},"firstperson_lefthand":{"rotation":[0,225,0],"scale":[0.4,0.4,0.4]},"ground":{"translation":[0,3,0],"scale":[0.25,0.25,0.25]},"gui":{"rotation":[30,225,0],"translation":[0,-1.25,0],"scale":[0.3,0.3,0.3]},"fixed":{"rotation":[-90,0,0],"translation":[0,0,-16],"scale":[2,2,2]}}}