{"credit":"Made with Blockbench","texture_size":[64,64],"textures":{"2":"hmcmodels:furniture/rustic_kitchen/rustic_kitchen_book_holder"},"elements":[{"from":[0,1,3],"to":[16,3,19],"rotation":{"angle":-45,"axis":"x","origin":[8,1,3]},"faces":{"north":{"uv":[4,0,8,0.5],"texture":"#2"},"east":{"uv":[4,0.5,8,1],"texture":"#2"},"south":{"uv":[4,1,8,1.5],"texture":"#2"},"west":{"uv":[4,1.5,8,2],"texture":"#2"},"up":{"uv":[4,4,0,0],"texture":"#2"},"down":{"uv":[4,4,0,8],"texture":"#2"}}},{"from":[0,3,3],"to":[16,4,5],"rotation":{"angle":-45,"axis":"x","origin":[8,1,3]},"faces":{"north":{"uv":[5,5,9,5.25],"texture":"#2"},"east":{"uv":[4,6.5,4.5,6.75],"texture":"#2"},"south":{"uv":[5,5.25,9,5.5],"texture":"#2"},"west":{"uv":[6.5,4,7,4.25],"texture":"#2"},"up":{"uv":[8,2.5,4,2],"texture":"#2"},"down":{"uv":[8,2.5,4,3],"texture":"#2"}}},{"from":[6,1,8],"to":[10,8,10],"rotation":{"angle":0,"axis":"y","origin":[0,1,3]},"faces":{"north":{"uv":[4,3,5,4.75],"texture":"#2"},"east":{"uv":[5,5.5,5.5,7.25],"texture":"#2"},"south":{"uv":[4,4.75,5,6.5],"texture":"#2"},"west":{"uv":[5.5,5.5,6,7.25],"texture":"#2"},"up":{"uv":[7,6,6,5.5],"texture":"#2"},"down":{"uv":[7,6,6,6.5],"texture":"#2"}}},{"from":[5,0,7],"to":[11,1,11],"rotation":{"angle":0,"axis":"y","origin":[0,1,3]},"faces":{"north":{"uv":[6.5,3,8,3.25],"texture":"#2"},"east":{"uv":[6.5,3.5,7.5,3.75],"texture":"#2"},"south":{"uv":[6.5,3.25,8,3.5],"texture":"#2"},"west":{"uv":[6.5,3.75,7.5,4],"texture":"#2"},"up":{"uv":[6.5,4,5,3],"texture":"#2"},"down":{"uv":[6.5,4,5,5],"texture":"#2"}}}],"display":{"thirdperson_righthand":{"rotation":[75,45,0],"translation":[0,2.5,0],"scale":[0.375,0.375,0.375]},"thirdperson_lefthand":{"rotation":[75,45,0],"translation":[0,2.5,0],"scale":[0.375,0.375,0.375]},"firstperson_righthand":{"rotation":[0,45,0],"scale":[0.4,0.4,0.4]},"firstperson_lefthand":{"rotation":[0,225,0],"scale":[0.4,0.4,0.4]},"ground":{"translation":[0,3,0],"scale":[0.25,0.25,0.25]},"gui":{"rotation":[30,225,0],"scale":[0.625,0.625,0.625]},"fixed":{"rotation":[-90,0,0],"translation":[0,0,-16],"scale":[2,2,2]}}}