{"credit":"Made with Blockbench","texture_size":[32,32],"textures":{"1":"hmcmodels:furniture/rustic_kitchen/rustic_kitchen_counter_cabinet_right","particle":"rustic_kitchen/rustic_kitchen_counter_cabinet_right"},"elements":[{"from":[2,2,0.5],"to":[14,13,1.5],"faces":{"north":{"uv":[0,0,6,5.5],"texture":"#1"},"east":{"uv":[6,1,6.5,6.5],"texture":"#1"},"south":{"uv":[0,0,6,5.5],"texture":"#1"},"west":{"uv":[6.5,1,7,6.5],"texture":"#1"},"up":{"uv":[12,0.5,6,0],"texture":"#1"},"down":{"uv":[12,0.5,6,1],"texture":"#1"}}},{"from":[11,5,0.5],"to":[13,10,0.5],"rotation":{"angle":-22.5,"axis":"y","origin":[13,7.5,0.5]},"faces":{"north":{"uv":[6,6.5,7,9],"texture":"#1"},"east":{"uv":[0,0,0,2.5],"texture":"#1"},"south":{"uv":[7,1,8,3.5],"texture":"#1"},"west":{"uv":[0,0,0,2.5],"texture":"#1"},"up":{"uv":[1,0,0,0],"texture":"#1"},"down":{"uv":[1,0,0,0],"texture":"#1"}}}],"display":{"thirdperson_righthand":{"rotation":[75,45,0],"translation":[0,2.5,0],"scale":[0.375,0.375,0.375]},"thirdperson_lefthand":{"rotation":[75,45,0],"translation":[0,2.5,0],"scale":[0.375,0.375,0.375]},"firstperson_righthand":{"rotation":[0,45,0],"scale":[0.4,0.4,0.4]},"firstperson_lefthand":{"rotation":[0,225,0],"scale":[0.4,0.4,0.4]},"ground":{"translation":[0,3,0],"scale":[0.25,0.25,0.25]},"gui":{"rotation":[30,225,0],"translation":[-3,2,0],"scale":[0.6,0.6,0.6]},"fixed":{"translation":[0,0,16],"scale":[2,2,2]}}}