{"credit":"Made with Blockbench","texture_size":[64,64],"textures":{"1":"hmcmodels:furniture/rustic_kitchen/rustic_dinner_chair"},"elements":[{"from":[1,0,13],"to":[3,2,15],"rotation":{"angle":0,"axis":"y","origin":[0,0,16]},"faces":{"north":{"uv":[9,9.5,9.5,10],"texture":"#1"},"east":{"uv":[9.5,9.5,10,10],"texture":"#1"},"south":{"uv":[10,0,10.5,0.5],"texture":"#1"},"west":{"uv":[10,0.5,10.5,1],"texture":"#1"},"up":{"uv":[10.5,1.5,10,1],"texture":"#1"},"down":{"uv":[10.5,1.5,10,2],"texture":"#1"}}},{"from":[1,0,13],"to":[3,2,15],"rotation":{"angle":0,"axis":"y","origin":[0,0,16]},"faces":{"north":{"uv":[8.5,10,9,10.5],"texture":"#1"},"east":{"uv":[9,10,9.5,10.5],"texture":"#1"},"south":{"uv":[9.5,10,10,10.5],"texture":"#1"},"west":{"uv":[10,9.5,10.5,10],"texture":"#1"},"up":{"uv":[10.5,10.5,10,10],"texture":"#1"},"down":{"uv":[10.75,4,10.25,4.5],"texture":"#1"}}},{"from":[1,0,1],"to":[3,2,3],"faces":{"north":{"uv":[10.5,1.5,11,2],"texture":"#1"},"east":{"uv":[10.5,2,11,2.5],"texture":"#1"},"south":{"uv":[10.5,2.5,11,3],"texture":"#1"},"west":{"uv":[3,10.5,3.5,11],"texture":"#1"},"up":{"uv":[11,3.5,10.5,3],"texture":"#1"},"down":{"uv":[4,10.5,3.5,11],"texture":"#1"}}},{"from":[1,0,1],"to":[3,2,3],"faces":{"north":{"uv":[10.25,4.5,10.75,5],"texture":"#1"},"east":{"uv":[10.25,5,10.75,5.5],"texture":"#1"},"south":{"uv":[10.25,5.5,10.75,6],"texture":"#1"},"west":{"uv":[10.5,0,11,0.5],"texture":"#1"},"up":{"uv":[11,1,10.5,0.5],"texture":"#1"},"down":{"uv":[11,1,10.5,1.5],"texture":"#1"}}},{"from":[13,0,1],"to":[15,2,3],"rotation":{"angle":0,"axis":"y","origin":[16,0,0]},"faces":{"north":{"uv":[9.5,0,10,0.5],"texture":"#1"},"east":{"uv":[9.5,0.5,10,1],"texture":"#1"},"south":{"uv":[9.5,1,10,1.5],"texture":"#1"},"west":{"uv":[9.5,1.5,10,2],"texture":"#1"},"up":{"uv":[10,2.5,9.5,2],"texture":"#1"},"down":{"uv":[10,2.5,9.5,3],"texture":"#1"}}},{"from":[13,0,1],"to":[15,2,3],"rotation":{"angle":0,"axis":"y","origin":[16,0,0]},"faces":{"north":{"uv":[9.5,3,10,3.5],"texture":"#1"},"east":{"uv":[3.5,9.5,4,10],"texture":"#1"},"south":{"uv":[9.5,3.5,10,4],"texture":"#1"},"west":{"uv":[4,9.5,4.5,10],"texture":"#1"},"up":{"uv":[10,4.5,9.5,4],"texture":"#1"},"down":{"uv":[5,9.5,4.5,10],"texture":"#1"}}},{"from":[13,0,13],"to":[15,2,15],"rotation":{"angle":0,"axis":"y","origin":[16,0,16]},"faces":{"north":{"uv":[9.5,4.5,10,5],"texture":"#1"},"east":{"uv":[5,9.5,5.5,10],"texture":"#1"},"south":{"uv":[9.5,5,10,5.5],"texture":"#1"},"west":{"uv":[5.5,9.5,6,10],"texture":"#1"},"up":{"uv":[10,6,9.5,5.5],"texture":"#1"},"down":{"uv":[9,9.5,8.5,10],"texture":"#1"}}},{"from":[1,2,1],"to":[15,8,15],"faces":{"north":{"uv":[6,0,9.5,1.5],"texture":"#1"},"east":{"uv":[6,1.5,9.5,3],"texture":"#1"},"south":{"uv":[6,3,9.5,4.5],"texture":"#1"},"west":{"uv":[6,4.5,9.5,6],"texture":"#1"},"up":{"uv":[3.5,3.5,0,0],"texture":"#1"},"down":{"uv":[3.5,3.5,0,7],"texture":"#1"}}},{"from":[1,8,13],"to":[3,32,15],"faces":{"north":{"uv":[6,6,6.5,12],"texture":"#1"},"east":{"uv":[6.5,6,7,12],"texture":"#1"},"south":{"uv":[0,7,0.5,13],"texture":"#1"},"west":{"uv":[0.5,7,1,13],"texture":"#1"},"up":{"uv":[10.5,2.5,10,2],"texture":"#1"},"down":{"uv":[10.5,2.5,10,3],"texture":"#1"}}},{"from":[13,8,13],"to":[15,32,15],"rotation":{"angle":0,"axis":"y","origin":[16,0,0]},"faces":{"north":{"uv":[1,7,1.5,13],"texture":"#1"},"east":{"uv":[1.5,7,2,13],"texture":"#1"},"south":{"uv":[2,7,2.5,13],"texture":"#1"},"west":{"uv":[2.5,7,3,13],"texture":"#1"},"up":{"uv":[10.5,7,10,6.5],"texture":"#1"},"down":{"uv":[7.5,10,7,10.5],"texture":"#1"}}},{"from":[1,12,1],"to":[3,14,13],"faces":{"north":{"uv":[3.5,10,4,10.5],"texture":"#1"},"east":{"uv":[7,6,10,6.5],"texture":"#1"},"south":{"uv":[10,3.5,10.5,4],"texture":"#1"},"west":{"uv":[7,6.5,10,7],"texture":"#1"},"up":{"uv":[3.5,10,3,7],"texture":"#1"},"down":{"uv":[7.5,7,7,10],"texture":"#1"}}},{"from":[1.5,8,1.5],"to":[2.5,12,2.5],"faces":{"north":{"uv":[4,10,4.25,11],"texture":"#1"},"east":{"uv":[10,4,10.25,5],"texture":"#1"},"south":{"uv":[4.25,10,4.5,11],"texture":"#1"},"west":{"uv":[4.5,10,4.75,11],"texture":"#1"},"up":{"uv":[10.75,3.75,10.5,3.5],"texture":"#1"},"down":{"uv":[10.75,3.75,10.5,4],"texture":"#1"}}},{"from":[13,12,1],"to":[15,14,13],"rotation":{"angle":0,"axis":"y","origin":[16,0,0]},"faces":{"north":{"uv":[5.5,10,6,10.5],"texture":"#1"},"east":{"uv":[7.5,7,10.5,7.5],"texture":"#1"},"south":{"uv":[10,6,10.5,6.5],"texture":"#1"},"west":{"uv":[7.5,7.5,10.5,8],"texture":"#1"},"up":{"uv":[8,11,7.5,8],"texture":"#1"},"down":{"uv":[8.5,8,8,11],"texture":"#1"}}},{"from":[13.5,8,1.5],"to":[14.5,12,2.5],"rotation":{"angle":0,"axis":"y","origin":[16,0,0]},"faces":{"north":{"uv":[4.75,10,5,11],"texture":"#1"},"east":{"uv":[5,10,5.25,11],"texture":"#1"},"south":{"uv":[10,5,10.25,6],"texture":"#1"},"west":{"uv":[5.25,10,5.5,11],"texture":"#1"},"up":{"uv":[5.75,10.75,5.5,10.5],"texture":"#1"},"down":{"uv":[6,10.5,5.75,10.75],"texture":"#1"}}},{"from":[3,26,13],"to":[13,28,15],"faces":{"north":{"uv":[8.5,8,11,8.5],"texture":"#1"},"east":{"uv":[3,10,3.5,10.5],"texture":"#1"},"south":{"uv":[8.5,8.5,11,9],"texture":"#1"},"west":{"uv":[10,3,10.5,3.5],"texture":"#1"},"up":{"uv":[6,9.5,3.5,9],"texture":"#1"},"down":{"uv":[11,9,8.5,9.5],"texture":"#1"}}},{"from":[3,8,14],"to":[13,26,14],"faces":{"north":{"uv":[3.5,0,6,4.5],"texture":"#1"},"east":{"uv":[0,0,0,4.5],"texture":"#1"},"south":{"uv":[3.5,4.5,6,9],"texture":"#1"},"west":{"uv":[0,0,0,4.5],"texture":"#1"},"up":{"uv":[2.5,0,0,0],"texture":"#1"},"down":{"uv":[2.5,0,0,0],"texture":"#1"}}}],"display":{"thirdperson_righthand":{"rotation":[75,45,0],"translation":[0,2.5,0],"scale":[0.375,0.375,0.375]},"thirdperson_lefthand":{"rotation":[75,45,0],"translation":[0,2.5,0],"scale":[0.375,0.375,0.375]},"firstperson_righthand":{"rotation":[0,45,0],"scale":[0.4,0.4,0.4]},"firstperson_lefthand":{"rotation":[0,225,0],"scale":[0.4,0.4,0.4]},"ground":{"translation":[0,3,0],"scale":[0.25,0.25,0.25]},"gui":{"rotation":[30,225,0],"translation":[0,-2.75,0],"scale":[0.4,0.4,0.4]},"fixed":{"rotation":[-90,0,0],"translation":[0,0,-16],"scale":[2,2,2]}}}