{"credit":"Made with Blockbench","texture_size":[32,32],"textures":{"1":"hmcmodels:furniture/rustic_kitchen/rustic_kitchen_counter_cabinet_left","particle":"rustic_kitchen/rustic_kitchen_counter_cabinet_left"},"elements":[{"from":[2,2,0.5],"to":[14,13,1.5],"rotation":{"angle":0,"axis":"y","origin":[16,0,0]},"faces":{"north":{"uv":[6,0,0,5.5],"texture":"#1"},"east":{"uv":[7,1,6.5,6.5],"texture":"#1"},"south":{"uv":[6,0,0,5.5],"texture":"#1"},"west":{"uv":[6.5,1,6,6.5],"texture":"#1"},"up":{"uv":[6,0.5,12,0],"texture":"#1"},"down":{"uv":[6,0.5,12,1],"texture":"#1"}}},{"from":[3,5,0.5],"to":[5,10,0.5],"rotation":{"angle":22.5,"axis":"y","origin":[3,7.5,0.5]},"faces":{"north":{"uv":[7,6.5,6,9],"texture":"#1"},"east":{"uv":[0,0,0,2.5],"texture":"#1"},"south":{"uv":[8,1,7,3.5],"texture":"#1"},"west":{"uv":[0,0,0,2.5],"texture":"#1"},"up":{"uv":[0,0,1,0],"texture":"#1"},"down":{"uv":[0,0,1,0],"texture":"#1"}}}],"display":{"thirdperson_righthand":{"rotation":[75,45,0],"translation":[0,2.5,0],"scale":[0.375,0.375,0.375]},"thirdperson_lefthand":{"rotation":[75,45,0],"translation":[0,2.5,0],"scale":[0.375,0.375,0.375]},"firstperson_righthand":{"rotation":[0,45,0],"scale":[0.4,0.4,0.4]},"firstperson_lefthand":{"rotation":[0,225,0],"scale":[0.4,0.4,0.4]},"ground":{"translation":[0,3,0],"scale":[0.25,0.25,0.25]},"gui":{"rotation":[30,225,0],"translation":[-3,2,0],"scale":[0.6,0.6,0.6]},"fixed":{"translation":[0,0,16],"scale":[2,2,2]}}}