{"credit":"Made with Blockbench","texture_size":[32,32],"textures":{"1":"hmcmodels:furniture/rustic_kitchen/rustic_kitchen_pan","particle":"rustic_kitchen/rustic_kitchen_pan"},"elements":[{"from":[4,0,1],"to":[12,1,9],"rotation":{"angle":0,"axis":"y","origin":[4.74632,5.19822,4]},"faces":{"north":{"uv":[7.5,8,11.5,8.5],"texture":"#1"},"east":{"uv":[8.5,4,12.5,4.5],"texture":"#1"},"south":{"uv":[8.5,4.5,12.5,5],"texture":"#1"},"west":{"uv":[8.5,5,12.5,5.5],"texture":"#1"},"up":{"uv":[4,4,0,0],"texture":"#1"},"down":{"uv":[4,4,0,8],"texture":"#1"}}},{"from":[4,1,1],"to":[5,5,9],"rotation":{"angle":0,"axis":"y","origin":[4.74632,5.19822,4]},"faces":{"north":{"uv":[1.5,10,2,12],"texture":"#1"},"east":{"uv":[4,4,8,6],"texture":"#1"},"south":{"uv":[2,10,2.5,12],"texture":"#1"},"west":{"uv":[4,6,8,8],"texture":"#1"},"up":{"uv":[7,12,6.5,8],"texture":"#1"},"down":{"uv":[7.5,8,7,12],"texture":"#1"}}},{"from":[5,1,1],"to":[11,5,2],"rotation":{"angle":0,"axis":"y","origin":[4.74632,5.19822,4]},"faces":{"north":{"uv":[8,2,11,4],"texture":"#1"},"east":{"uv":[0.5,10,1,12],"texture":"#1"},"south":{"uv":[3,8,6,10],"texture":"#1"},"west":{"uv":[1,10,1.5,12],"texture":"#1"},"up":{"uv":[11.5,7,8.5,6.5],"texture":"#1"},"down":{"uv":[11.5,7,8.5,7.5],"texture":"#1"}}},{"from":[11,1,1],"to":[12,5,9],"rotation":{"angle":0,"axis":"y","origin":[4.74632,5.19822,4]},"faces":{"north":{"uv":[9.5,9,10,11],"texture":"#1"},"east":{"uv":[4,0,8,2],"texture":"#1"},"south":{"uv":[0,10,0.5,12],"texture":"#1"},"west":{"uv":[4,2,8,4],"texture":"#1"},"up":{"uv":[8.5,8,8,4],"texture":"#1"},"down":{"uv":[6.5,8,6,12],"texture":"#1"}}},{"from":[5,1,8],"to":[11,5,9],"rotation":{"angle":0,"axis":"y","origin":[4.74632,5.19822,4]},"faces":{"north":{"uv":[0,8,3,10],"texture":"#1"},"east":{"uv":[8.5,9,9,11],"texture":"#1"},"south":{"uv":[8,0,11,2],"texture":"#1"},"west":{"uv":[9,9,9.5,11],"texture":"#1"},"up":{"uv":[11.5,6,8.5,5.5],"texture":"#1"},"down":{"uv":[11.5,6,8.5,6.5],"texture":"#1"}}},{"from":[7.5,4,10],"to":[8.5,5,16],"faces":{"north":{"uv":[2.5,10,3,10.5],"texture":"#1"},"east":{"uv":[7.5,8.5,10.5,9],"texture":"#1"},"south":{"uv":[3,10,3.5,10.5],"texture":"#1"},"west":{"uv":[8.5,7.5,11.5,8],"texture":"#1"},"up":{"uv":[8,12,7.5,9],"texture":"#1"},"down":{"uv":[8.5,9,8,12],"texture":"#1"}}},{"from":[7.5,4.5,9],"to":[8.5,4.5,10],"faces":{"north":{"uv":[0,0,0.5,0],"texture":"#1"},"east":{"uv":[0,0,0.5,0],"texture":"#1"},"south":{"uv":[0,0,0.5,0],"texture":"#1"},"west":{"uv":[0,0,0.5,0],"texture":"#1"},"up":{"uv":[4,10.5,3.5,10],"texture":"#1"},"down":{"uv":[4.5,10,4,10.5],"texture":"#1"}}}],"display":{"thirdperson_righthand":{"rotation":[75,45,0],"translation":[0,2.5,0],"scale":[0.375,0.375,0.375]},"thirdperson_lefthand":{"rotation":[75,45,0],"translation":[0,2.5,0],"scale":[0.375,0.375,0.375]},"firstperson_righthand":{"rotation":[0,45,0],"scale":[0.4,0.4,0.4]},"firstperson_lefthand":{"rotation":[0,225,0],"scale":[0.4,0.4,0.4]},"ground":{"translation":[0,3,0],"scale":[0.25,0.25,0.25]},"gui":{"rotation":[30,225,0],"translation":[0,1.25,0],"scale":[0.625,0.625,0.625]},"fixed":{"rotation":[-90,0,0],"translation":[0,0,-16],"scale":[2,2,2]}}}