{"credit":"Made with Blockbench","texture_size":[64,64],"textures":{"1":"hmcmodels:furniture/rustic_kitchen/rustic_stool","particle":"rustic_kitchen/rustic_stool"},"elements":[{"from":[3,4,3],"to":[13,6,13],"faces":{"north":{"uv":[6,1,8.5,1.5],"texture":"#1"},"east":{"uv":[6,1.5,8.5,2],"texture":"#1"},"south":{"uv":[6,2,8.5,2.5],"texture":"#1"},"west":{"uv":[6,2.5,8.5,3],"texture":"#1"},"up":{"uv":[6,2.5,3.5,0],"texture":"#1"},"down":{"uv":[6,2.5,3.5,5],"texture":"#1"}}},{"from":[1,6,1],"to":[15,8,15],"faces":{"north":{"uv":[3.5,5,7,5.5],"texture":"#1"},"east":{"uv":[3.5,5.5,7,6],"texture":"#1"},"south":{"uv":[6,0,9.5,0.5],"texture":"#1"},"west":{"uv":[6,0.5,9.5,1],"texture":"#1"},"up":{"uv":[3.5,3.5,0,0],"texture":"#1"},"down":{"uv":[3.5,3.5,0,7],"texture":"#1"}}},{"from":[12,0,2],"to":[14,6,4],"rotation":{"angle":0,"axis":"y","origin":[16,0,0]},"faces":{"north":{"uv":[5,6,5.5,7.5],"texture":"#1"},"east":{"uv":[5.5,6,6,7.5],"texture":"#1"},"south":{"uv":[6,6,6.5,7.5],"texture":"#1"},"west":{"uv":[6.5,3,7,4.5],"texture":"#1"},"up":{"uv":[7.5,3.5,7,3],"texture":"#1"},"down":{"uv":[7.5,3.5,7,4],"texture":"#1"}}},{"from":[2,0,2],"to":[4,6,4],"faces":{"north":{"uv":[5.5,6,5,7.5],"texture":"#1"},"east":{"uv":[7,3,6.5,4.5],"texture":"#1"},"south":{"uv":[6.5,6,6,7.5],"texture":"#1"},"west":{"uv":[6,6,5.5,7.5],"texture":"#1"},"up":{"uv":[7,3.5,7.5,3],"texture":"#1"},"down":{"uv":[7,3.5,7.5,4],"texture":"#1"}}},{"from":[2,0,12],"to":[4,6,14],"rotation":{"angle":0,"axis":"y","origin":[0,0,16]},"faces":{"north":{"uv":[6,6,6.5,7.5],"texture":"#1"},"east":{"uv":[6.5,3,7,4.5],"texture":"#1"},"south":{"uv":[5,6,5.5,7.5],"texture":"#1"},"west":{"uv":[5.5,6,6,7.5],"texture":"#1"},"up":{"uv":[7,3,7.5,3.5],"texture":"#1"},"down":{"uv":[7,4,7.5,3.5],"texture":"#1"}}},{"from":[12,0,12],"to":[14,6,14],"rotation":{"angle":0,"axis":"y","origin":[16,0,16]},"faces":{"north":{"uv":[6.5,6,6,7.5],"texture":"#1"},"east":{"uv":[6,6,5.5,7.5],"texture":"#1"},"south":{"uv":[5.5,6,5,7.5],"texture":"#1"},"west":{"uv":[7,3,6.5,4.5],"texture":"#1"},"up":{"uv":[7.5,3,7,3.5],"texture":"#1"},"down":{"uv":[7.5,4,7,3.5],"texture":"#1"}}},{"from":[2,0,12],"to":[4,6,14],"rotation":{"angle":0,"axis":"y","origin":[0,0,16]},"faces":{"north":{"uv":[6.5,6,7,7.5],"texture":"#1"},"east":{"uv":[0,7,0.5,8.5],"texture":"#1"},"south":{"uv":[0.5,7,1,8.5],"texture":"#1"},"west":{"uv":[1,7,1.5,8.5],"texture":"#1"},"up":{"uv":[7.5,4.5,7,4],"texture":"#1"},"down":{"uv":[7.5,4.5,7,5],"texture":"#1"}}}],"display":{"thirdperson_righthand":{"rotation":[75,45,0],"translation":[0,2.5,0],"scale":[0.375,0.375,0.375]},"thirdperson_lefthand":{"rotation":[75,45,0],"translation":[0,2.5,0],"scale":[0.375,0.375,0.375]},"firstperson_righthand":{"rotation":[0,45,0],"scale":[0.4,0.4,0.4]},"firstperson_lefthand":{"rotation":[0,225,0],"scale":[0.4,0.4,0.4]},"ground":{"translation":[0,3,0],"scale":[0.25,0.25,0.25]},"gui":{"rotation":[30,225,0],"scale":[0.625,0.625,0.625]},"fixed":{"rotation":[-90,0,0],"translation":[0,0,-16],"scale":[2,2,2]}}}