{"credit":"Made with Blockbench","texture_size":[32,32],"textures":{"2":"hmcmodels:furniture/rustic_kitchen/rustic_shelf_middle","particle":"rustic_kitchen/rustic_shelf_middle"},"elements":[{"from":[0,-2,0],"to":[16,0,16],"rotation":{"angle":0,"axis":"y","origin":[8,0,8]},"faces":{"north":{"uv":[8,0,16,1],"texture":"#2"},"east":{"uv":[8,1,16,2],"texture":"#2"},"south":{"uv":[8,2,16,3],"texture":"#2"},"west":{"uv":[8,3,16,4],"texture":"#2"},"up":{"uv":[8,8,0,0],"texture":"#2"},"down":{"uv":[8,8,0,16],"texture":"#2"}}}],"display":{"thirdperson_righthand":{"rotation":[75,45,0],"translation":[0,2.5,0],"scale":[0.375,0.375,0.375]},"thirdperson_lefthand":{"rotation":[75,45,0],"translation":[0,2.5,0],"scale":[0.375,0.375,0.375]},"firstperson_righthand":{"rotation":[0,45,0],"scale":[0.4,0.4,0.4]},"firstperson_lefthand":{"rotation":[0,225,0],"scale":[0.4,0.4,0.4]},"ground":{"translation":[0,3,0],"scale":[0.25,0.25,0.25]},"gui":{"rotation":[30,225,0],"translation":[0,3.75,0],"scale":[0.625,0.625,0.625]},"fixed":{"translation":[0,32,-16],"scale":[2,2,2]}}}