{"credit":"Made with Blockbench","texture_size":[128,128],"textures":{"1":"hmcmodels:furniture/rustic_kitchen/rustic_big_table_end"},"elements":[{"from":[-14,12,2],"to":[30,14,16],"rotation":{"angle":0,"axis":"y","origin":[7.5,-8,9.5]},"faces":{"north":{"uv":[6,0.25,11.5,0.5],"texture":"#1"},"east":{"uv":[1.5,6.5,3.25,6.75],"texture":"#1"},"south":{"uv":[6,0.5,11.5,0.75],"texture":"#1"},"west":{"uv":[6.5,1.5,8.25,1.75],"texture":"#1"},"up":{"uv":[5.5,5.75,0,4],"texture":"#1"},"down":{"uv":[11,4,5.5,5.75],"texture":"#1"}}},{"from":[-16,14,0],"to":[32,16,16],"rotation":{"angle":0,"axis":"y","origin":[7.5,-8,9.5]},"faces":{"north":{"uv":[5,5.75,11,6],"texture":"#1"},"east":{"uv":[6,3.75,8,4],"texture":"#1"},"south":{"uv":[6,0,12,0.25],"texture":"#1"},"west":{"uv":[6.5,1.25,8.5,1.5],"texture":"#1"},"up":{"uv":[6,2,0,0],"texture":"#1"},"down":{"uv":[6,2,0,4],"texture":"#1"}}},{"from":[-2,0,6],"to":[18,2,12],"rotation":{"angle":0,"axis":"y","origin":[7.5,-8,9.5]},"faces":{"north":{"uv":[6,0.75,8.5,1],"texture":"#1"},"east":{"uv":[6.5,3.25,7.25,3.5],"texture":"#1"},"south":{"uv":[6,1,8.5,1.25],"texture":"#1"},"west":{"uv":[6.5,3.5,7.25,3.75],"texture":"#1"},"up":{"uv":[2.5,6.5,0,5.75],"texture":"#1"},"down":{"uv":[5,5.75,2.5,6.5],"texture":"#1"}}},{"from":[2,2,7],"to":[6,12,11],"rotation":{"angle":0,"axis":"y","origin":[7.5,-8,9.5]},"faces":{"north":{"uv":[6,1.25,6.5,2.5],"texture":"#1"},"east":{"uv":[6,2.5,6.5,3.75],"texture":"#1"},"south":{"uv":[5,6,5.5,7.25],"texture":"#1"},"west":{"uv":[5.5,6,6,7.25],"texture":"#1"},"up":{"uv":[7,2.25,6.5,1.75],"texture":"#1"},"down":{"uv":[7,2.25,6.5,2.75],"texture":"#1"}}},{"from":[10,2,7],"to":[14,12,11],"rotation":{"angle":0,"axis":"y","origin":[7.5,-8,9.5]},"faces":{"north":{"uv":[6,6,6.5,7.25],"texture":"#1"},"east":{"uv":[0,6.5,0.5,7.75],"texture":"#1"},"south":{"uv":[0.5,6.5,1,7.75],"texture":"#1"},"west":{"uv":[1,6.5,1.5,7.75],"texture":"#1"},"up":{"uv":[7,3.25,6.5,2.75],"texture":"#1"},"down":{"uv":[3.75,6.5,3.25,7],"texture":"#1"}}}],"display":{"thirdperson_righthand":{"rotation":[75,45,0],"translation":[0,2.5,0],"scale":[0.375,0.375,0.375]},"thirdperson_lefthand":{"rotation":[75,45,0],"translation":[0,2.5,0],"scale":[0.375,0.375,0.375]},"firstperson_righthand":{"rotation":[0,45,0],"scale":[0.4,0.4,0.4]},"firstperson_lefthand":{"rotation":[0,225,0],"scale":[0.4,0.4,0.4]},"ground":{"translation":[0,3,0],"scale":[0.25,0.25,0.25]},"gui":{"rotation":[30,225,0],"translation":[0,-1.25,0],"scale":[0.3,0.3,0.3]},"fixed":{"rotation":[-90,0,0],"translation":[0,0,-16],"scale":[2,2,2]}}}