{"credit":"Made with Blockbench","texture_size":[32,32],"textures":{"2":"hmcmodels:furniture/rustic_kitchen/rustic_kitchen_pan_full"},"elements":[{"from":[4,0,1],"to":[12,1,9],"rotation":{"angle":0,"axis":"y","origin":[4.74632,5.19822,4]},"faces":{"north":{"uv":[1,10,5,10.5],"texture":"#2"},"east":{"uv":[5,10,9,10.5],"texture":"#2"},"south":{"uv":[10,8,14,8.5],"texture":"#2"},"west":{"uv":[10,8.5,14,9],"texture":"#2"},"up":{"uv":[4,4,0,0],"texture":"#2"},"down":{"uv":[4,4,0,8],"texture":"#2"}}},{"from":[4,1,1],"to":[5,5,9],"rotation":{"angle":0,"axis":"y","origin":[4.74632,5.19822,4]},"faces":{"north":{"uv":[11,2,11.5,4],"texture":"#2"},"east":{"uv":[7,2,11,4],"texture":"#2"},"south":{"uv":[2.5,11,3,13],"texture":"#2"},"west":{"uv":[7,4,11,6],"texture":"#2"},"up":{"uv":[0.5,14,0,10],"texture":"#2"},"down":{"uv":[1,10,0.5,14],"texture":"#2"}}},{"from":[5,1,1],"to":[11,5,2],"rotation":{"angle":0,"axis":"y","origin":[4.74632,5.19822,4]},"faces":{"north":{"uv":[6,8,9,10],"texture":"#2"},"east":{"uv":[1.5,11,2,13],"texture":"#2"},"south":{"uv":[8,6,11,8],"texture":"#2"},"west":{"uv":[2,11,2.5,13],"texture":"#2"},"up":{"uv":[13,10.5,10,10],"texture":"#2"},"down":{"uv":[4,10.5,1,11],"texture":"#2"}}},{"from":[11,1,1],"to":[12,5,9],"rotation":{"angle":0,"axis":"y","origin":[4.74632,5.19822,4]},"faces":{"north":{"uv":[11,0,11.5,2],"texture":"#2"},"east":{"uv":[4,6,8,8],"texture":"#2"},"south":{"uv":[1,11,1.5,13],"texture":"#2"},"west":{"uv":[7,0,11,2],"texture":"#2"},"up":{"uv":[9.5,12,9,8],"texture":"#2"},"down":{"uv":[10,8,9.5,12],"texture":"#2"}}},{"from":[5,1,8],"to":[11,5,9],"rotation":{"angle":0,"axis":"y","origin":[4.74632,5.19822,4]},"faces":{"north":{"uv":[0,8,3,10],"texture":"#2"},"east":{"uv":[8,10.5,8.5,12.5],"texture":"#2"},"south":{"uv":[3,8,6,10],"texture":"#2"},"west":{"uv":[8.5,10.5,9,12.5],"texture":"#2"},"up":{"uv":[13,9.5,10,9],"texture":"#2"},"down":{"uv":[13,9.5,10,10],"texture":"#2"}}},{"from":[7.5,4,10],"to":[8.5,5,16],"faces":{"north":{"uv":[3,11,3.5,11.5],"texture":"#2"},"east":{"uv":[4,10.5,7,11],"texture":"#2"},"south":{"uv":[3.5,11,4,11.5],"texture":"#2"},"west":{"uv":[10,10.5,13,11],"texture":"#2"},"up":{"uv":[7.5,13.5,7,10.5],"texture":"#2"},"down":{"uv":[8,10.5,7.5,13.5],"texture":"#2"}}},{"from":[7.5,4.5,9],"to":[8.5,4.5,10],"faces":{"north":{"uv":[0,0,0.5,0],"texture":"#2"},"east":{"uv":[0,0,0.5,0],"texture":"#2"},"south":{"uv":[0,0,0.5,0],"texture":"#2"},"west":{"uv":[0,0,0.5,0],"texture":"#2"},"up":{"uv":[4.5,11.5,4,11],"texture":"#2"},"down":{"uv":[11.5,4,11,4.5],"texture":"#2"}}},{"from":[5,4,2],"to":[11,4,8],"faces":{"north":{"uv":[0,0,3,0],"texture":"#2"},"east":{"uv":[0,0,3,0],"texture":"#2"},"south":{"uv":[0,0,3,0],"texture":"#2"},"west":{"uv":[0,0,3,0],"texture":"#2"},"up":{"uv":[7,3,4,0],"texture":"#2","tintindex":0},"down":{"uv":[7,3,4,6],"texture":"#2","tintindex":0}}}],"display":{"thirdperson_righthand":{"rotation":[75,45,0],"translation":[0,2.5,0],"scale":[0.375,0.375,0.375]},"thirdperson_lefthand":{"rotation":[75,45,0],"translation":[0,2.5,0],"scale":[0.375,0.375,0.375]},"firstperson_righthand":{"rotation":[0,45,0],"scale":[0.4,0.4,0.4]},"firstperson_lefthand":{"rotation":[0,225,0],"scale":[0.4,0.4,0.4]},"ground":{"translation":[0,3,0],"scale":[0.25,0.25,0.25]},"gui":{"rotation":[30,225,0],"translation":[0,1.75,0],"scale":[0.625,0.625,0.625]},"fixed":{"rotation":[-90,0,0],"translation":[0,0,-16],"scale":[2,2,2]}}}