{"credit":"Made with Blockbench","texture_size":[64,64],"textures":{"3":"hmcmodels:furniture/rustic_kitchen/rustic_kitchen_pot_closed"},"elements":[{"from":[3,0,3],"to":[13,1,13],"faces":{"north":{"uv":[7.25,5.5,9.75,5.75],"texture":"#3"},"east":{"uv":[7.25,5.75,9.75,6],"texture":"#3"},"south":{"uv":[7.25,6,9.75,6.25],"texture":"#3"},"west":{"uv":[7.25,6.25,9.75,6.5],"texture":"#3"},"up":{"uv":[5.25,2.5,2.75,0],"texture":"#3"},"down":{"uv":[5.25,2.5,2.75,5],"texture":"#3"}}},{"from":[3,1,3],"to":[4,7,13],"faces":{"north":{"uv":[5,6.5,5.25,8],"texture":"#3"},"east":{"uv":[2.75,5,5.25,6.5],"texture":"#3"},"south":{"uv":[7.25,7,7.5,8.5],"texture":"#3"},"west":{"uv":[5.25,0,7.75,1.5],"texture":"#3"},"up":{"uv":[4.25,9,4,6.5],"texture":"#3"},"down":{"uv":[4.5,6.5,4.25,9],"texture":"#3"}}},{"from":[12,1,3],"to":[13,7,13],"rotation":{"angle":0,"axis":"y","origin":[16,0,0]},"faces":{"north":{"uv":[0.5,7.5,0.75,9],"texture":"#3"},"east":{"uv":[5.25,1.5,7.75,3],"texture":"#3"},"south":{"uv":[0.75,7.5,1,9],"texture":"#3"},"west":{"uv":[5.25,3,7.75,4.5],"texture":"#3"},"up":{"uv":[4.75,9,4.5,6.5],"texture":"#3"},"down":{"uv":[5,6.5,4.75,9],"texture":"#3"}}},{"from":[4,1,3],"to":[12,7,4],"faces":{"north":{"uv":[5.25,4.5,7.25,6],"texture":"#3"},"east":{"uv":[0,7.5,0.25,9],"texture":"#3"},"south":{"uv":[0,5.5,2,7],"texture":"#3"},"west":{"uv":[0.25,7.5,0.5,9],"texture":"#3"},"up":{"uv":[2,7.25,0,7],"texture":"#3"},"down":{"uv":[2,7.25,0,7.5],"texture":"#3"}}},{"from":[4,1,12],"to":[12,7,13],"rotation":{"angle":0,"axis":"y","origin":[0,0,16]},"faces":{"north":{"uv":[5.25,6,7.25,7.5],"texture":"#3"},"east":{"uv":[1,7.5,1.25,9],"texture":"#3"},"south":{"uv":[2,6.5,4,8],"texture":"#3"},"west":{"uv":[1.25,7.5,1.5,9],"texture":"#3"},"up":{"uv":[9.25,6.75,7.25,6.5],"texture":"#3"},"down":{"uv":[9.25,6.75,7.25,7],"texture":"#3"}}},{"from":[13,7,6],"to":[14,7,10],"rotation":{"angle":0,"axis":"y","origin":[13,7,8]},"faces":{"north":{"uv":[0,0,0.25,0],"texture":"#3"},"east":{"uv":[0,0,1,0],"texture":"#3"},"south":{"uv":[0,0,0.25,0],"texture":"#3"},"west":{"uv":[0,0,1,0],"texture":"#3"},"up":{"uv":[2.25,6.5,2,5.5],"texture":"#3"},"down":{"uv":[2.5,5.5,2.25,6.5],"texture":"#3"}}},{"from":[14,6.5,5.5],"to":[15,7.5,10.5],"rotation":{"angle":0,"axis":"y","origin":[13,7,8]},"faces":{"north":{"uv":[7.75,1.5,8,1.75],"texture":"#3"},"east":{"uv":[5.25,7.5,6.5,7.75],"texture":"#3"},"south":{"uv":[7.75,1.75,8,2],"texture":"#3"},"west":{"uv":[7.5,7,8.75,7.25],"texture":"#3"},"up":{"uv":[1.75,8.75,1.5,7.5],"texture":"#3"},"down":{"uv":[2,7.5,1.75,8.75],"texture":"#3"}}},{"from":[1,6.5,5.5],"to":[2,7.5,10.5],"rotation":{"angle":0,"axis":"y","origin":[3,7,8]},"faces":{"north":{"uv":[7.75,2,8,2.25],"texture":"#3"},"east":{"uv":[7.5,7.25,8.75,7.5],"texture":"#3"},"south":{"uv":[7.75,2.25,8,2.5],"texture":"#3"},"west":{"uv":[7.5,7.5,8.75,7.75],"texture":"#3"},"up":{"uv":[6.75,8.75,6.5,7.5],"texture":"#3"},"down":{"uv":[7,7.5,6.75,8.75],"texture":"#3"}}},{"from":[2,7,6],"to":[3,7,10],"rotation":{"angle":0,"axis":"y","origin":[3,7,8]},"faces":{"north":{"uv":[0,0,0.25,0],"texture":"#3"},"east":{"uv":[0,0,1,0],"texture":"#3"},"south":{"uv":[0,0,0.25,0],"texture":"#3"},"west":{"uv":[0,0,1,0],"texture":"#3"},"up":{"uv":[2.75,6.5,2.5,5.5],"texture":"#3"},"down":{"uv":[7.25,7.5,7,8.5],"texture":"#3"}}},{"from":[6,8,8],"to":[10,9,8],"rotation":{"angle":0,"axis":"y","origin":[8.5,8.5,7.5]},"faces":{"north":{"uv":[7.75,1,8.75,1.25],"texture":"#3"},"east":{"uv":[0,0,0,0.25],"texture":"#3"},"south":{"uv":[7.75,1.25,8.75,1.5],"texture":"#3"},"west":{"uv":[0,0,0,0.25],"texture":"#3"},"up":{"uv":[1,0,0,0],"texture":"#3"},"down":{"uv":[1,0,0,0],"texture":"#3"}}},{"from":[5.5,9,7.5],"to":[10.5,10,8.5],"rotation":{"angle":0,"axis":"y","origin":[8.5,8.5,7.5]},"faces":{"north":{"uv":[7.75,0,9,0.25],"texture":"#3"},"east":{"uv":[7.75,2.5,8,2.75],"texture":"#3"},"south":{"uv":[7.75,0.25,9,0.5],"texture":"#3"},"west":{"uv":[7.75,2.75,8,3],"texture":"#3"},"up":{"uv":[9,0.75,7.75,0.5],"texture":"#3"},"down":{"uv":[9,0.75,7.75,1],"texture":"#3"}}},{"from":[2.5,7,2.5],"to":[13.5,8,13.5],"rotation":{"angle":0,"axis":"y","origin":[8.5,8.5,7.5]},"faces":{"north":{"uv":[7.25,4.5,10,4.75],"texture":"#3"},"east":{"uv":[7.25,4.75,10,5],"texture":"#3"},"south":{"uv":[7.25,5,10,5.25],"texture":"#3"},"west":{"uv":[7.25,5.25,10,5.5],"texture":"#3"},"up":{"uv":[2.75,2.75,0,0],"texture":"#3"},"down":{"uv":[2.75,2.75,0,5.5],"texture":"#3"}}}],"display":{"thirdperson_righthand":{"rotation":[75,45,0],"translation":[0,2.5,0],"scale":[0.375,0.375,0.375]},"thirdperson_lefthand":{"rotation":[75,45,0],"translation":[0,2.5,0],"scale":[0.375,0.375,0.375]},"firstperson_righthand":{"rotation":[0,45,0],"scale":[0.4,0.4,0.4]},"firstperson_lefthand":{"rotation":[0,225,0],"scale":[0.4,0.4,0.4]},"ground":{"translation":[0,3,0],"scale":[0.25,0.25,0.25]},"gui":{"rotation":[30,225,0],"translation":[0,1.75,0],"scale":[0.625,0.625,0.625]},"fixed":{"rotation":[-90,0,0],"translation":[0,0,-16],"scale":[2,2,2]}}}