{"credit":"Made with Blockbench","texture_size":[64,64],"textures":{"1":"hmcmodels:furniture/rustic_kitchen/rustic_kitchen_panel_wheat","particle":"rustic_kitchen/rustic_kitchen_panel_wheat"},"elements":[{"from":[0,0,0],"to":[16,16,0],"faces":{"north":{"uv":[0,0,4,4],"texture":"#1"},"east":{"uv":[0,0,0,4],"texture":"#1"},"south":{"uv":[0,4,4,8],"texture":"#1"},"west":{"uv":[0,0,0,4],"texture":"#1"},"up":{"uv":[4,0,0,0],"texture":"#1"},"down":{"uv":[4,0,0,0],"texture":"#1"}}},{"from":[0,0,-1],"to":[0,16,0],"faces":{"north":{"uv":[0,0,0,4],"texture":"#1"},"east":{"uv":[4,0,4.25,4],"texture":"#1"},"south":{"uv":[0,0,0,4],"texture":"#1"},"west":{"uv":[4,4,4.25,8],"texture":"#1"},"up":{"uv":[0,0.25,0,0],"texture":"#1"},"down":{"uv":[0,0,0,0.25],"texture":"#1"}}},{"from":[0,0,-1],"to":[16,0,0],"faces":{"north":{"uv":[0,0,4,0],"texture":"#1"},"east":{"uv":[0,0,0.25,0],"texture":"#1"},"south":{"uv":[0,0,4,0],"texture":"#1"},"west":{"uv":[0,0,0.25,0],"texture":"#1"},"up":{"uv":[8.25,0.25,4.25,0],"texture":"#1"},"down":{"uv":[8.25,0.25,4.25,0.5],"texture":"#1"}}},{"from":[0,0,-1],"to":[16,1,-1],"faces":{"north":{"uv":[4.25,0.5,8.25,0.75],"texture":"#1"},"east":{"uv":[0,0,0,0.25],"texture":"#1"},"south":{"uv":[4.25,0.75,8.25,1],"texture":"#1"},"west":{"uv":[0,0,0,0.25],"texture":"#1"},"up":{"uv":[4,0,0,0],"texture":"#1"},"down":{"uv":[4,0,0,0],"texture":"#1"}}},{"from":[0,1,-1],"to":[1,16,-1],"faces":{"north":{"uv":[4.75,1.5,5,5.25],"texture":"#1"},"east":{"uv":[0,0,0,3.75],"texture":"#1"},"south":{"uv":[5,1.5,5.25,5.25],"texture":"#1"},"west":{"uv":[0,0,0,3.75],"texture":"#1"},"up":{"uv":[0.25,0,0,0],"texture":"#1"},"down":{"uv":[0.25,0,0,0],"texture":"#1"}}},{"from":[16,0,-1],"to":[16,16,0],"rotation":{"angle":0,"axis":"y","origin":[16,0,0]},"faces":{"north":{"uv":[0,0,0,4],"texture":"#1"},"east":{"uv":[4.25,1.5,4.5,5.5],"texture":"#1"},"south":{"uv":[0,0,0,4],"texture":"#1"},"west":{"uv":[4.5,1.5,4.75,5.5],"texture":"#1"},"up":{"uv":[0,0.25,0,0],"texture":"#1"},"down":{"uv":[0,0,0,0.25],"texture":"#1"}}},{"from":[15,1,-1],"to":[16,16,-1],"rotation":{"angle":0,"axis":"y","origin":[16,0,0]},"faces":{"north":{"uv":[5.25,1.5,5.5,5.25],"texture":"#1"},"east":{"uv":[0,0,0,3.75],"texture":"#1"},"south":{"uv":[4.75,5.25,5,9],"texture":"#1"},"west":{"uv":[0,0,0,3.75],"texture":"#1"},"up":{"uv":[0.25,0,0,0],"texture":"#1"},"down":{"uv":[0.25,0,0,0],"texture":"#1"}}},{"from":[0,16,-1],"to":[16,16,0],"faces":{"north":{"uv":[0,0,4,0],"texture":"#1"},"east":{"uv":[0,0,0.25,0],"texture":"#1"},"south":{"uv":[0,0,4,0],"texture":"#1"},"west":{"uv":[0,0,0.25,0],"texture":"#1"},"up":{"uv":[8.25,1.25,4.25,1],"texture":"#1"},"down":{"uv":[8.25,1.25,4.25,1.5],"texture":"#1"}}},{"from":[1,15,-1],"to":[15,16,-1],"faces":{"north":{"uv":[5,5.25,8.5,5.5],"texture":"#1"},"east":{"uv":[0,0,0,0.25],"texture":"#1"},"south":{"uv":[5.5,1.5,9,1.75],"texture":"#1"},"west":{"uv":[0,0,0,0.25],"texture":"#1"},"up":{"uv":[3.5,0,0,0],"texture":"#1"},"down":{"uv":[3.5,0,0,0],"texture":"#1"}}}],"display":{"thirdperson_righthand":{"rotation":[75,45,0],"translation":[0,2.5,0],"scale":[0.375,0.375,0.375]},"thirdperson_lefthand":{"rotation":[75,45,0],"translation":[0,2.5,0],"scale":[0.375,0.375,0.375]},"firstperson_righthand":{"rotation":[0,45,0],"scale":[0.4,0.4,0.4]},"firstperson_lefthand":{"rotation":[0,225,0],"scale":[0.4,0.4,0.4]},"ground":{"translation":[0,3,0],"scale":[0.25,0.25,0.25]},"gui":{"rotation":[30,225,0],"translation":[-3.5,2,0],"scale":[0.625,0.625,0.625]},"fixed":{"translation":[0,0,15.75],"scale":[2,2,2]}}}