{"providers":[{"type":"bitmap","file":"happyhud:font/default-layout/air/outline.png","height":60,"ascent":-120500,"chars":["\ue000"]},{"type":"bitmap","file":"happyhud:font/default-layout/air/fill/1.png","height":4,"ascent":-121500,"chars":["\ue001"]},{"type":"bitmap","file":"happyhud:font/default-layout/air/fill/2.png","height":9,"ascent":-122500,"chars":["\ue002"]},{"type":"bitmap","file":"happyhud:font/default-layout/air/fill/3.png","height":13,"ascent":-123500,"chars":["\ue003"]},{"type":"bitmap","file":"happyhud:font/default-layout/air/fill/4.png","height":18,"ascent":-124500,"chars":["\ue004"]},{"type":"bitmap","file":"happyhud:font/default-layout/air/fill/5.png","height":23,"ascent":-125500,"chars":["\ue005"]},{"type":"bitmap","file":"happyhud:font/default-layout/air/fill/6.png","height":27,"ascent":-126500,"chars":["\ue006"]},{"type":"bitmap","file":"happyhud:font/default-layout/air/fill/7.png","height":32,"ascent":-127500,"chars":["\ue007"]},{"type":"bitmap","file":"happyhud:font/default-layout/air/fill/8.png","height":36,"ascent":-128500,"chars":["\ue008"]},{"type":"bitmap","file":"happyhud:font/default-layout/air/fill/9.png","height":41,"ascent":-129500,"chars":["\ue009"]},{"type":"bitmap","file":"happyhud:font/default-layout/air/fill/10.png","height":46,"ascent":-130500,"chars":["\ue00a"]},{"type":"bitmap","file":"happyhud:font/default-layout/air/fill/11.png","height":50,"ascent":-131500,"chars":["\ue00b"]},{"type":"bitmap","file":"happyhud:font/default-layout/air/fill/12.png","height":55,"ascent":-132500,"chars":["\ue00c"]},{"type":"bitmap","file":"happyhud:font/default-layout/air/fill/13.png","height":60,"ascent":-133500,"chars":["\ue00d"]},{"type":"bitmap","file":"happyhud:font/default-layout/air/icon.png","height":85,"ascent":-134500,"chars":["\ue00e"]},{"type":"bitmap","file":"happyhud:font/default-layout/armor/outline.png","height":60,"ascent":-135500,"chars":["\ue00f"]},{"type":"bitmap","file":"happyhud:font/default-layout/armor/fill/1.png","height":4,"ascent":-136500,"chars":["\ue010"]},{"type":"bitmap","file":"happyhud:font/default-layout/armor/fill/2.png","height":9,"ascent":-137500,"chars":["\ue011"]},{"type":"bitmap","file":"happyhud:font/default-layout/armor/fill/3.png","height":13,"ascent":-138500,"chars":["\ue012"]},{"type":"bitmap","file":"happyhud:font/default-layout/armor/fill/4.png","height":18,"ascent":-139500,"chars":["\ue013"]},{"type":"bitmap","file":"happyhud:font/default-layout/armor/fill/5.png","height":23,"ascent":-140500,"chars":["\ue014"]},{"type":"bitmap","file":"happyhud:font/default-layout/armor/fill/6.png","height":27,"ascent":-141500,"chars":["\ue015"]},{"type":"bitmap","file":"happyhud:font/default-layout/armor/fill/7.png","height":32,"ascent":-142500,"chars":["\ue016"]},{"type":"bitmap","file":"happyhud:font/default-layout/armor/fill/8.png","height":36,"ascent":-143500,"chars":["\ue017"]},{"type":"bitmap","file":"happyhud:font/default-layout/armor/fill/9.png","height":41,"ascent":-144500,"chars":["\ue018"]},{"type":"bitmap","file":"happyhud:font/default-layout/armor/fill/10.png","height":46,"ascent":-145500,"chars":["\ue019"]},{"type":"bitmap","file":"happyhud:font/default-layout/armor/fill/11.png","height":50,"ascent":-146500,"chars":["\ue01a"]},{"type":"bitmap","file":"happyhud:font/default-layout/armor/fill/12.png","height":55,"ascent":-147500,"chars":["\ue01b"]},{"type":"bitmap","file":"happyhud:font/default-layout/armor/fill/13.png","height":60,"ascent":-148500,"chars":["\ue01c"]},{"type":"bitmap","file":"happyhud:font/default-layout/armor/icon.png","height":85,"ascent":-149500,"chars":["\ue01d"]},{"type":"bitmap","file":"happyhud:font/default-layout/health/outline.png","height":5,"ascent":-150500,"chars":["\ue01e"]},{"type":"bitmap","file":"happyhud:font/default-layout/health/fill/1.png","height":5,"ascent":-151500,"chars":["\ue01f"]},{"type":"bitmap","file":"happyhud:font/default-layout/health/fill/2.png","height":5,"ascent":-151500,"chars":["\ue020"]},{"type":"bitmap","file":"happyhud:font/default-layout/health/fill/3.png","height":5,"ascent":-151500,"chars":["\ue021"]},{"type":"bitmap","file":"happyhud:font/default-layout/health/fill/4.png","height":5,"ascent":-151500,"chars":["\ue022"]},{"type":"bitmap","file":"happyhud:font/default-layout/health/fill/5.png","height":5,"ascent":-151500,"chars":["\ue023"]},{"type":"bitmap","file":"happyhud:font/default-layout/health/fill/6.png","height":5,"ascent":-151500,"chars":["\ue024"]},{"type":"bitmap","file":"happyhud:font/default-layout/health/fill/7.png","height":5,"ascent":-151500,"chars":["\ue025"]},{"type":"bitmap","file":"happyhud:font/default-layout/health/fill/8.png","height":5,"ascent":-151500,"chars":["\ue026"]},{"type":"bitmap","file":"happyhud:font/default-layout/health/fill/9.png","height":5,"ascent":-151500,"chars":["\ue027"]},{"type":"bitmap","file":"happyhud:font/default-layout/health/fill/10.png","height":5,"ascent":-151500,"chars":["\ue028"]},{"type":"bitmap","file":"happyhud:font/default-layout/health/fill/11.png","height":5,"ascent":-151500,"chars":["\ue029"]},{"type":"bitmap","file":"happyhud:font/default-layout/health/fill/12.png","height":5,"ascent":-151500,"chars":["\ue02a"]},{"type":"bitmap","file":"happyhud:font/default-layout/health/fill/13.png","height":5,"ascent":-151500,"chars":["\ue02b"]},{"type":"bitmap","file":"happyhud:font/default-layout/health/icon.png","height":10,"ascent":-152500,"chars":["\ue02c"]},{"type":"bitmap","file":"happyhud:font/default-layout/exp/outline.png","height":5,"ascent":-153500,"chars":["\ue02d"]},{"type":"bitmap","file":"happyhud:font/default-layout/exp/icon.png","height":21,"ascent":-154500,"chars":["\ue02e"]},{"type":"bitmap","file":"happyhud:font/default-layout/exp/fill/1.png","height":5,"ascent":-155500,"chars":["\ue02f"]},{"type":"bitmap","file":"happyhud:font/default-layout/exp/fill/2.png","height":5,"ascent":-155500,"chars":["\ue030"]},{"type":"bitmap","file":"happyhud:font/default-layout/exp/fill/3.png","height":5,"ascent":-155500,"chars":["\ue031"]},{"type":"bitmap","file":"happyhud:font/default-layout/exp/fill/4.png","height":5,"ascent":-155500,"chars":["\ue032"]},{"type":"bitmap","file":"happyhud:font/default-layout/exp/fill/5.png","height":5,"ascent":-155500,"chars":["\ue033"]},{"type":"bitmap","file":"happyhud:font/default-layout/exp/fill/6.png","height":5,"ascent":-155500,"chars":["\ue034"]},{"type":"bitmap","file":"happyhud:font/default-layout/exp/fill/7.png","height":5,"ascent":-155500,"chars":["\ue035"]},{"type":"bitmap","file":"happyhud:font/default-layout/exp/fill/8.png","height":5,"ascent":-155500,"chars":["\ue036"]},{"type":"bitmap","file":"happyhud:font/default-layout/exp/fill/9.png","height":5,"ascent":-155500,"chars":["\ue037"]},{"type":"bitmap","file":"happyhud:font/default-layout/exp/fill/10.png","height":5,"ascent":-155500,"chars":["\ue038"]},{"type":"bitmap","file":"happyhud:font/default-layout/exp/fill/11.png","height":5,"ascent":-155500,"chars":["\ue039"]},{"type":"bitmap","file":"happyhud:font/default-layout/exp/fill/12.png","height":5,"ascent":-155500,"chars":["\ue03a"]},{"type":"bitmap","file":"happyhud:font/default-layout/exp/fill/13.png","height":5,"ascent":-155500,"chars":["\ue03b"]},{"type":"bitmap","file":"happyhud:font/default-layout/exp/fill/14.png","height":5,"ascent":-155500,"chars":["\ue03c"]},{"type":"bitmap","file":"happyhud:font/default-layout/exp/fill/15.png","height":5,"ascent":-155500,"chars":["\ue03d"]},{"type":"bitmap","file":"happyhud:font/default-layout/exp/fill/16.png","height":5,"ascent":-155500,"chars":["\ue03e"]},{"type":"bitmap","file":"happyhud:font/default-layout/exp/fill/17.png","height":5,"ascent":-155500,"chars":["\ue03f"]},{"type":"bitmap","file":"happyhud:font/default-layout/exp/fill/18.png","height":5,"ascent":-155500,"chars":["\ue040"]},{"type":"bitmap","file":"happyhud:font/default-layout/exp/fill/19.png","height":5,"ascent":-155500,"chars":["\ue041"]},{"type":"bitmap","file":"happyhud:font/default-layout/exp/fill/20.png","height":5,"ascent":-155500,"chars":["\ue042"]},{"type":"bitmap","file":"happyhud:font/default-layout/exp/fill/21.png","height":5,"ascent":-155500,"chars":["\ue043"]},{"type":"bitmap","file":"happyhud:font/default-layout/exp/fill/22.png","height":5,"ascent":-155500,"chars":["\ue044"]},{"type":"bitmap","file":"happyhud:font/default-layout/exp/fill/23.png","height":5,"ascent":-155500,"chars":["\ue045"]},{"type":"bitmap","file":"happyhud:font/default-layout/exp/fill/24.png","height":5,"ascent":-155500,"chars":["\ue046"]},{"type":"bitmap","file":"happyhud:font/default-layout/exp/fill/25.png","height":5,"ascent":-155500,"chars":["\ue047"]},{"type":"bitmap","file":"happyhud:font/default-layout/exp/fill/26.png","height":5,"ascent":-155500,"chars":["\ue048"]},{"type":"bitmap","file":"happyhud:font/default-layout/food/outline.png","height":5,"ascent":-158500,"chars":["\ue049"]},{"type":"bitmap","file":"happyhud:font/default-layout/food/fill/1.png","height":5,"ascent":-159500,"chars":["\ue04a"]},{"type":"bitmap","file":"happyhud:font/default-layout/food/fill/2.png","height":5,"ascent":-160500,"chars":["\ue04b"]},{"type":"bitmap","file":"happyhud:font/default-layout/food/fill/3.png","height":5,"ascent":-161500,"chars":["\ue04c"]},{"type":"bitmap","file":"happyhud:font/default-layout/food/fill/4.png","height":5,"ascent":-162500,"chars":["\ue04d"]},{"type":"bitmap","file":"happyhud:font/default-layout/food/fill/5.png","height":5,"ascent":-163500,"chars":["\ue04e"]},{"type":"bitmap","file":"happyhud:font/default-layout/food/fill/6.png","height":5,"ascent":-164500,"chars":["\ue04f"]},{"type":"bitmap","file":"happyhud:font/default-layout/food/fill/7.png","height":5,"ascent":-165500,"chars":["\ue050"]},{"type":"bitmap","file":"happyhud:font/default-layout/food/fill/8.png","height":5,"ascent":-166500,"chars":["\ue051"]},{"type":"bitmap","file":"happyhud:font/default-layout/food/fill/9.png","height":5,"ascent":-167500,"chars":["\ue052"]},{"type":"bitmap","file":"happyhud:font/default-layout/food/fill/10.png","height":5,"ascent":-168500,"chars":["\ue053"]},{"type":"bitmap","file":"happyhud:font/default-layout/food/fill/11.png","height":5,"ascent":-169500,"chars":["\ue054"]},{"type":"bitmap","file":"happyhud:font/default-layout/food/fill/12.png","height":5,"ascent":-170500,"chars":["\ue055"]},{"type":"bitmap","file":"happyhud:font/default-layout/food/fill/13.png","height":5,"ascent":-171500,"chars":["\ue056"]},{"type":"bitmap","file":"happyhud:font/default-layout/food/fill/14.png","height":5,"ascent":-172500,"chars":["\ue057"]},{"type":"bitmap","file":"happyhud:font/default-layout/food/fill/15.png","height":5,"ascent":-173500,"chars":["\ue058"]},{"type":"bitmap","file":"happyhud:font/default-layout/food/fill/16.png","height":5,"ascent":-174500,"chars":["\ue059"]},{"type":"bitmap","file":"happyhud:font/default-layout/food/fill/17.png","height":5,"ascent":-175500,"chars":["\ue05a"]},{"type":"bitmap","file":"happyhud:font/default-layout/food/fill/18.png","height":5,"ascent":-176500,"chars":["\ue05b"]},{"type":"bitmap","file":"happyhud:font/default-layout/food/fill/19.png","height":5,"ascent":-177500,"chars":["\ue05c"]},{"type":"bitmap","file":"happyhud:font/default-layout/food/fill/20.png","height":5,"ascent":-178500,"chars":["\ue05d"]},{"type":"bitmap","file":"happyhud:font/default-layout/food/icon.png","height":10,"ascent":-179500,"chars":["\ue05e"]}]}