{"credit":"Made with Blockbench","textures":{"0":"mineinabyss:tools/diamond_tools_mia","particle":"mineinabyss:tools/diamond_tools_mia"},"elements":[{"from":[7.50404,1,6.89219],"to":[8.50404,2.25,8.89219],"rotation":{"angle":0,"axis":"y","origin":[8,11.89508,7.31524]},"faces":{"north":{"uv":[0,0,1,1.25],"texture":"#0"},"east":{"uv":[3,1.5,5,2.75],"rotation":180,"texture":"#0"},"south":{"uv":[5.5,4,6.5,5.25],"texture":"#0"},"west":{"uv":[3,2,5,3.25],"texture":"#0"},"up":{"uv":[0,0,1,2],"texture":"#0"},"down":{"uv":[5.5,9.5,6.5,11.5],"texture":"#0"}}},{"from":[7.47704,2.64594,7.10552],"to":[8.53104,5.72494,8.85952],"rotation":{"angle":0,"axis":"y","origin":[8.025,11.86802,7.25557]},"faces":{"north":{"uv":[7.5,0,9.5,5],"rotation":180,"texture":"#0"},"east":{"uv":[8,0,10,5],"texture":"#0"},"south":{"uv":[8,0,10,5],"texture":"#0"},"west":{"uv":[7.5,0,10,5],"texture":"#0"},"up":{"uv":[8,1.5,9.5,3],"texture":"#0"},"down":{"uv":[8.5,2,9.625,3.75],"texture":"#0"}}},{"from":[7.50404,2.25,7.29219],"to":[8.50404,5.75,8.79219],"rotation":{"angle":0,"axis":"y","origin":[8,11.89508,7.31524]},"faces":{"north":{"uv":[0,0,1,3.5],"texture":"#0"},"east":{"uv":[3,3.5,4.5,7],"rotation":180,"texture":"#0"},"south":{"uv":[5,5,6,8.5],"texture":"#0"},"west":{"uv":[2.5,0,4,3.5],"texture":"#0"},"up":{"uv":[0,0,1,1.5],"texture":"#0"},"down":{"uv":[0,0,1,1.5],"texture":"#0"}}},{"from":[7.498,7.948,6.49019],"to":[8.502,9.802,7.84419],"rotation":{"angle":0,"axis":"y","origin":[7.99596,11.89508,7.31524]},"faces":{"north":{"uv":[4,0,5,1.85],"texture":"#0"},"east":{"uv":[3.5,2,4.85,3.85],"rotation":180,"texture":"#0"},"south":{"uv":[5,6,6,7.85],"texture":"#0"},"west":{"uv":[2.5,7,3.85,8.85],"texture":"#0"},"up":{"uv":[0,0,1,1.35],"texture":"#0"},"down":{"uv":[0,0,1,1.35],"texture":"#0"}}},{"from":[7.498,13.44426,7.65937],"to":[8.502,14.67326,9.41337],"rotation":{"angle":0,"axis":"y","origin":[7.99596,11.89508,7.31524]},"faces":{"north":{"uv":[4,0,5,1.225],"texture":"#0"},"east":{"uv":[3,0,4.75,1.225],"rotation":180,"texture":"#0"},"south":{"uv":[4.5,3.5,5.5,4.725],"texture":"#0"},"west":{"uv":[2.5,2.5,4.25,3.725],"texture":"#0"},"up":{"uv":[0,0,1,1.75],"texture":"#0"},"down":{"uv":[0,0,1,1.75],"texture":"#0"}}},{"from":[7.5,14.67126,8.28637],"to":[8.5,16.67126,9.41137],"rotation":{"angle":0,"axis":"y","origin":[7.99596,11.92008,7.31524]},"faces":{"north":{"uv":[4.5,2,5.5,4],"texture":"#0"},"east":{"uv":[3.5,0,4.625,2],"rotation":90,"texture":"#0"},"south":{"uv":[5.5,3,6.5,5],"texture":"#0"},"west":{"uv":[3,0,4.125,2],"texture":"#0"},"up":{"uv":[0,0,1,1.125],"texture":"#0"},"down":{"uv":[0,0,1,1.125],"texture":"#0"}}},{"from":[7.50404,16.11216,5.8218],"to":[8.50404,17.63716,7.4218],"rotation":{"angle":22.5,"axis":"x","origin":[8,11.89508,7.31524]},"faces":{"north":{"uv":[0,0,1,1.525],"texture":"#0"},"east":{"uv":[0,0,1.6,1.525],"texture":"#0"},"south":{"uv":[5,3,6,4.525],"texture":"#0"},"west":{"uv":[0,0,1.6,1.525],"texture":"#0"},"up":{"uv":[0,0,1,1.6],"texture":"#0"},"down":{"uv":[0,0,1,1.6],"texture":"#0"}}},{"from":[7.248,16.35623,5.27151],"to":[8.752,17.48523,8.97551],"rotation":{"angle":22.5,"axis":"x","origin":[7.99596,11.89508,7.31524]},"faces":{"north":{"uv":[14,0,15.5,1.125],"rotation":180,"texture":"#0"},"east":{"uv":[14,0,15.5,1],"rotation":180,"texture":"#0"},"south":{"uv":[14,0,15.5,1.125],"texture":"#0"},"west":{"uv":[14,0,15.625,0.7],"rotation":180,"texture":"#0"},"up":{"uv":[14,0,15.5,3.7],"texture":"#0"},"down":{"uv":[14,0,15.5,3.7],"rotation":180,"texture":"#0"}}},{"from":[7.40404,12.41028,6.96843],"to":[8.57904,13.21028,8.74343],"rotation":{"angle":22.5,"axis":"x","origin":[8,11.89508,7.31524]},"faces":{"north":{"uv":[8,13.5,9.175,14.3],"rotation":180,"texture":"#0"},"east":{"uv":[8.5,12,9.3,13.775],"rotation":90,"texture":"#0"},"south":{"uv":[8.5,13.5,9.675,14.3],"texture":"#0"},"west":{"uv":[8,12,8.8,13.775],"rotation":270,"texture":"#0"},"up":{"uv":[7.5,10.5,8.675,12.275],"texture":"#0"},"down":{"uv":[8,13,10.175,14.275],"rotation":90,"texture":"#0"}}},{"from":[7.40404,9.03528,6.96843],"to":[8.57904,9.41028,9.09343],"rotation":{"angle":22.5,"axis":"x","origin":[8,11.89508,7.31524]},"faces":{"north":{"uv":[8.5,13,9.675,13.375],"rotation":180,"texture":"#0"},"east":{"uv":[9,11.5,9.375,13.625],"rotation":90,"texture":"#0"},"south":{"uv":[8.5,13.5,9.675,13.875],"texture":"#0"},"west":{"uv":[8,12,8.375,14.125],"rotation":270,"texture":"#0"},"up":{"uv":[7.5,8.5,8.675,10.625],"texture":"#0"},"down":{"uv":[8,13,9.675,14.125],"rotation":90,"texture":"#0"}}},{"from":[7.85404,12.66028,8.74343],"to":[8.12904,12.88528,9.74343],"rotation":{"angle":22.5,"axis":"x","origin":[8,11.89508,7.31524]},"faces":{"north":{"uv":[8.5,14,8.775,14.225],"rotation":180,"texture":"#0"},"east":{"uv":[9,12.5,9.225,13.5],"rotation":90,"texture":"#0"},"south":{"uv":[9.5,13.5,9.775,13.725],"texture":"#0"},"west":{"uv":[9,13,9.225,14],"rotation":270,"texture":"#0"},"up":{"uv":[9,10.5,9.275,11.5],"texture":"#0"},"down":{"uv":[9,13,9.275,14],"rotation":180,"texture":"#0"}}},{"from":[7.80404,12.61013,9.44332],"to":[8.17904,12.78513,9.61832],"rotation":{"angle":22.5,"axis":"x","origin":[8,11.89508,7.31524]},"faces":{"north":{"uv":[8.5,14,8.775,14.225],"rotation":180,"texture":"#0"},"east":{"uv":[9,11,9.225,12],"rotation":90,"texture":"#0"},"south":{"uv":[9.5,13.5,9.775,13.725],"texture":"#0"},"west":{"uv":[9,11.5,9.725,12],"rotation":270,"texture":"#0"},"up":{"uv":[9,10.5,9.275,11.5],"texture":"#0"},"down":{"uv":[9,13,9.275,14],"rotation":180,"texture":"#0"}}},{"from":[7.85404,12.66028,6.24343],"to":[8.12904,12.88528,7.19343],"rotation":{"angle":22.5,"axis":"x","origin":[8,11.89508,7.31524]},"faces":{"north":{"uv":[9.5,10.5,9.775,10.725],"rotation":180,"texture":"#0"},"east":{"uv":[8,13,8.225,13.95],"rotation":90,"texture":"#0"},"south":{"uv":[7.5,11.5,7.775,11.725],"texture":"#0"},"west":{"uv":[8,13,8.225,13.95],"rotation":270,"texture":"#0"},"up":{"uv":[8.5,13,8.775,13.95],"texture":"#0"},"down":{"uv":[8,13,8.275,13.95],"rotation":180,"texture":"#0"}}},{"from":[7.85404,8.93111,5.9368],"to":[8.12904,9.18111,7.6868],"rotation":{"angle":22.5,"axis":"x","origin":[8,11.89508,7.31524]},"faces":{"north":{"uv":[9.5,10.5,9.775,10.725],"rotation":180,"texture":"#0"},"east":{"uv":[8,11,8.225,11.95],"rotation":90,"texture":"#0"},"south":{"uv":[7.5,11.5,7.775,11.725],"texture":"#0"},"west":{"uv":[8,11,8.225,11.95],"rotation":270,"texture":"#0"},"up":{"uv":[8.5,10,8.775,10.95],"texture":"#0"},"down":{"uv":[8,13,8.275,13.95],"rotation":180,"texture":"#0"}}},{"from":[7.85404,12.99507,5.92895],"to":[8.12904,13.22007,6.70395],"rotation":{"angle":0,"axis":"x","origin":[8,11.89508,7.31524]},"faces":{"north":{"uv":[9.5,10.5,9.775,10.725],"rotation":180,"texture":"#0"},"east":{"uv":[8,12.5,8.225,13.45],"rotation":90,"texture":"#0"},"south":{"uv":[7.5,11.5,7.775,11.725],"texture":"#0"},"west":{"uv":[8,12.5,8.225,13.45],"rotation":270,"texture":"#0"},"up":{"uv":[8.5,13,8.775,13.95],"texture":"#0"},"down":{"uv":[8,13,8.275,13.95],"rotation":180,"texture":"#0"}}},{"from":[7.85404,10.6887,5.52742],"to":[8.12904,12.5887,5.75242],"rotation":{"angle":22.5,"axis":"x","origin":[8,11.89508,7.31524]},"faces":{"north":{"uv":[9.5,10.5,9.775,10.725],"rotation":180,"texture":"#0"},"east":{"uv":[8,11,8.225,11.95],"rotation":180,"texture":"#0"},"south":{"uv":[3.5,15.5,3.775,15.725],"rotation":180,"texture":"#0"},"west":{"uv":[8,11,8.225,11.95],"rotation":180,"texture":"#0"},"up":{"uv":[8.5,10,8.775,10.95],"texture":"#0"},"down":{"uv":[8,13,8.275,13.95],"texture":"#0"}}},{"from":[7.85404,9.43791,4.52584],"to":[8.12904,10.81291,4.75084],"rotation":{"angle":0,"axis":"x","origin":[8,11.89508,7.31524]},"faces":{"north":{"uv":[9.5,10.5,9.775,10.725],"rotation":180,"texture":"#0"},"east":{"uv":[8,11,8.225,11.95],"rotation":180,"texture":"#0"},"south":{"uv":[4,15.5,4.275,15.725],"rotation":180,"texture":"#0"},"west":{"uv":[8,11,8.225,11.95],"rotation":180,"texture":"#0"},"up":{"uv":[8.5,10,8.775,10.95],"texture":"#0"},"down":{"uv":[8,13,8.275,13.95],"texture":"#0"}}},{"from":[7.85404,11.45501,3.60536],"to":[8.12904,12.13001,4.28036],"rotation":{"angle":-45,"axis":"x","origin":[8,11.89508,7.31524]},"faces":{"north":{"uv":[8.5,14,8.775,14.225],"rotation":180,"texture":"#0"},"east":{"uv":[8,11,8.225,11.95],"rotation":180,"texture":"#0"},"south":{"uv":[7.5,11.5,7.775,11.725],"rotation":180,"texture":"#0"},"west":{"uv":[8,11,8.225,11.95],"rotation":180,"texture":"#0"},"up":{"uv":[8.5,13,8.775,13.95],"texture":"#0"},"down":{"uv":[8,13,8.275,13.95],"texture":"#0"}}},{"from":[7.85404,9.15747,6.10805],"to":[8.12904,10.18247,6.33305],"rotation":{"angle":45,"axis":"x","origin":[8,11.89508,7.31524]},"faces":{"north":{"uv":[9.5,10.5,9.775,10.725],"rotation":180,"texture":"#0"},"east":{"uv":[8,11,8.225,11.95],"rotation":180,"texture":"#0"},"south":{"uv":[4,15.5,4.275,15.725],"rotation":180,"texture":"#0"},"west":{"uv":[8,11,8.225,11.95],"rotation":180,"texture":"#0"},"up":{"uv":[8.5,10,8.775,10.95],"texture":"#0"},"down":{"uv":[8,13,8.275,13.95],"texture":"#0"}}},{"from":[7.85404,13.30627,8.71576],"to":[8.12904,13.53127,9.26576],"rotation":{"angle":45,"axis":"x","origin":[8,11.89508,7.31524]},"faces":{"north":{"uv":[8.5,14,8.775,14.225],"rotation":180,"texture":"#0"},"east":{"uv":[9,12.5,9.225,13.5],"rotation":90,"texture":"#0"},"south":{"uv":[9.5,13.5,9.775,13.725],"texture":"#0"},"west":{"uv":[9,13,9.225,14],"rotation":270,"texture":"#0"},"up":{"uv":[9,10.5,9.275,11.5],"texture":"#0"},"down":{"uv":[9,13,9.275,14],"rotation":180,"texture":"#0"}}},{"from":[7.348,15.85232,3.89643],"to":[8.652,17.28132,6.62543],"rotation":{"angle":0,"axis":"x","origin":[7.97096,11.89092,7.31201]},"faces":{"north":{"uv":[2.5,15,3.5,16],"rotation":180,"texture":"#0"},"east":{"uv":[11.5,0,13.425,2.725],"rotation":180,"texture":"#0"},"south":{"uv":[14,0,15.325,1.425],"texture":"#0"},"west":{"uv":[11.5,0,13.425,2.725],"texture":"#0"},"up":{"uv":[0,0,1.325,2.725],"texture":"#0"},"down":{"uv":[14,0,15.325,2.725],"rotation":180,"texture":"#0"}}},{"from":[7.346,15.56299,2.09545],"to":[8.654,17.47099,5.52845],"rotation":{"angle":22.5,"axis":"x","origin":[7.99596,11.89508,7.31524]},"faces":{"north":{"uv":[2.5,15,3.5,16],"rotation":180,"texture":"#0"},"east":{"uv":[11.5,0,13.9,3.425],"rotation":180,"texture":"#0"},"south":{"uv":[14,0,15.3,1.9],"texture":"#0"},"west":{"uv":[11.5,0,13.9,3.425],"texture":"#0"},"up":{"uv":[11.5,0,13.8,0.925],"rotation":90,"texture":"#0"},"down":{"uv":[14.5,0,15.8,3.425],"rotation":180,"texture":"#0"}}},{"from":[7.25,15.71419,7.19242],"to":[8.75,16.83919,9.74242],"rotation":{"angle":0,"axis":"x","origin":[7.97096,11.89508,7.31524]},"faces":{"north":{"uv":[14,0,15.5,1.125],"rotation":180,"texture":"#0"},"east":{"uv":[14,0,15.5,1],"texture":"#0"},"south":{"uv":[14,0,15.5,1.125],"texture":"#0"},"west":{"uv":[14,0,15.625,1.05],"rotation":180,"texture":"#0"},"up":{"uv":[0,0,1.5,2.55],"texture":"#0"},"down":{"uv":[14,0,15.5,2.55],"rotation":180,"texture":"#0"}}},{"from":[7.47904,15.47407,8.16798],"to":[8.52904,16.59907,9.49298],"rotation":{"angle":-22.5,"axis":"x","origin":[8,11.89508,7.31524]},"faces":{"north":{"uv":[14,0,15.325,1.125],"rotation":180,"texture":"#0"},"east":{"uv":[13,0,14,1],"rotation":90,"texture":"#0"},"south":{"uv":[0,0,1.325,1.125],"texture":"#0"},"west":{"uv":[8.5,13,9.625,13.825],"rotation":270,"texture":"#0"},"up":{"uv":[0,0,1.325,1.325],"texture":"#0"},"down":{"uv":[14,0,15.325,1.325],"rotation":180,"texture":"#0"}}},{"from":[7.354,15.26293,8.30838],"to":[8.646,16.37993,10.72538],"rotation":{"angle":-45,"axis":"x","origin":[7.89596,11.89508,7.31524]},"faces":{"north":{"uv":[14,0,15.325,1.125],"rotation":180,"texture":"#0"},"east":{"uv":[12.5,1,13.5,2],"rotation":90,"texture":"#0"},"south":{"uv":[0,0,1.325,1.125],"texture":"#0"},"west":{"uv":[13,0,14.125,2.425],"rotation":270,"texture":"#0"},"up":{"uv":[0,0,1.325,2.425],"texture":"#0"},"down":{"uv":[14,0,15.325,2.425],"rotation":180,"texture":"#0"}}},{"from":[7.352,13.44972,3.43443],"to":[8.648,15.42072,4.55543],"rotation":{"angle":22.5,"axis":"x","origin":[7.92096,11.88783,7.3074]},"faces":{"north":{"uv":[0,0,1.325,1.975],"rotation":180,"texture":"#0"},"east":{"uv":[11.5,0,13.625,1.975],"rotation":270,"texture":"#0"},"south":{"uv":[14,0,15.325,1.975],"rotation":180,"texture":"#0"},"west":{"uv":[11.5,0,13.625,1.975],"rotation":270,"texture":"#0"},"up":{"uv":[0,0,1.325,1.125],"texture":"#0"},"down":{"uv":[2.5,15,3.5,16],"texture":"#0"}}},{"from":[7.35,15.73194,5.673],"to":[8.65,16.85694,7.648],"rotation":{"angle":-22.5,"axis":"x","origin":[7.94596,11.88892,7.31001]},"faces":{"north":{"uv":[2.5,15,3.5,16],"rotation":180,"texture":"#0"},"east":{"uv":[11.5,0,13.125,1.975],"rotation":180,"texture":"#0"},"south":{"uv":[14,0,15.325,1.125],"texture":"#0"},"west":{"uv":[11.5,0,13.125,1.975],"texture":"#0"},"up":{"uv":[0,0,1.325,1.975],"texture":"#0"},"down":{"uv":[14,0,15.325,1.975],"rotation":180,"texture":"#0"}}},{"from":[7.275,16.56744,6.7088],"to":[8.725,17.69244,7.5338],"rotation":{"angle":45,"axis":"x","origin":[7.99596,11.89508,7.31524]},"faces":{"north":{"uv":[0,0,1.5,1.125],"rotation":180,"texture":"#0"},"east":{"uv":[13.5,0,14.625,0.825],"texture":"#0"},"south":{"uv":[13,0,14,1.125],"rotation":270,"texture":"#0"},"west":{"uv":[13.5,1.5,14.5,2.5],"rotation":180,"texture":"#0"},"up":{"uv":[13.5,0,14.5,0.825],"rotation":270,"texture":"#0"},"down":{"uv":[14,0,15.5,0.825],"rotation":180,"texture":"#0"}}},{"from":[7.5,13.24524,9.1783],"to":[8.5,13.79524,9.6783],"rotation":{"angle":-45,"axis":"x","origin":[7.97096,11.89508,7.31524]},"faces":{"north":{"uv":[4,1,5,1.55],"texture":"#0"},"east":{"uv":[0,0,0.5,0.55],"texture":"#0"},"south":{"uv":[0,0,1,0.55],"texture":"#0"},"west":{"uv":[0,0,0.5,0.55],"texture":"#0"},"up":{"uv":[0,0,1,0.5],"texture":"#0"},"down":{"uv":[0,0,1,0.5],"texture":"#0"}}},{"from":[7.52904,13.58111,10.39806],"to":[8.47904,14.23111,10.89806],"rotation":{"angle":-45,"axis":"x","origin":[8,11.89508,7.31524]},"faces":{"north":{"uv":[5,3.5,6,4.05],"texture":"#0"},"east":{"uv":[0,0,0.5,0.55],"texture":"#0"},"south":{"uv":[0,0,1,0.55],"texture":"#0"},"west":{"uv":[0,0,0.5,0.55],"texture":"#0"},"up":{"uv":[0,0,1,0.5],"texture":"#0"},"down":{"uv":[0,0,1,0.5],"texture":"#0"}}},{"from":[7.5,5.65256,4.82814],"to":[8.5,9.15256,6.32814],"rotation":{"angle":-22.5,"axis":"x","origin":[7.97096,11.89508,7.31524]},"faces":{"north":{"uv":[2,2.5,3,6],"texture":"#0"},"east":{"uv":[0,0,1.5,3.5],"texture":"#0"},"south":{"uv":[0,0,1,3.5],"texture":"#0"},"west":{"uv":[0,0,1.5,3.5],"texture":"#0"},"up":{"uv":[0,0,1,1.5],"texture":"#0"},"down":{"uv":[0,0,1,1.5],"texture":"#0"}}},{"from":[7.47904,5.60256,4.77814],"to":[8.52904,8.30256,6.37814],"rotation":{"angle":-22.5,"axis":"x","origin":[8,11.89508,7.31524]},"faces":{"north":{"uv":[7.5,2,9.5,6.5],"rotation":180,"texture":"#0"},"east":{"uv":[8,0,10,4.5],"texture":"#0"},"south":{"uv":[8,0,9.5,4.5],"texture":"#0"},"west":{"uv":[7.5,0,10,4.5],"texture":"#0"},"up":{"uv":[8,1,9.1,2.6],"texture":"#0"},"down":{"uv":[8,1,9.1,2.6],"texture":"#0"}}},{"from":[7.5,9.05534,7.05821],"to":[8.5,14.13034,8.65821],"rotation":{"angle":22.5,"axis":"x","origin":[7.97096,11.89508,7.31524]},"faces":{"north":{"uv":[1.5,1,2.5,6.075],"texture":"#0"},"east":{"uv":[3,1.5,4.6,6.575],"rotation":180,"texture":"#0"},"south":{"uv":[5,2.5,6,7.575],"texture":"#0"},"west":{"uv":[2.5,4,4.1,9.075],"texture":"#0"},"up":{"uv":[0,0,1,1.6],"texture":"#0"},"down":{"uv":[0,0,1,1.6],"texture":"#0"}}},{"from":[7.52904,1.66744,10.09376],"to":[8.47904,2.91744,11.09376],"rotation":{"angle":22.5,"axis":"x","origin":[8,11.89508,7.31524]},"faces":{"north":{"uv":[4.5,0,5.5,1.25],"texture":"#0"},"east":{"uv":[0,0,1,1.25],"texture":"#0"},"south":{"uv":[0,0,1,1.25],"texture":"#0"},"west":{"uv":[0,0,1,1.25],"texture":"#0"},"up":{"uv":[0,0,1,1],"texture":"#0"},"down":{"uv":[5,7.5,6,8.5],"texture":"#0"}}}],"display":{"thirdperson_righthand":{"translation":[0,0.75,2.5]},"thirdperson_lefthand":{"translation":[0,0.75,2.5]},"firstperson_righthand":{"rotation":[3,0,0],"translation":[1.5,-0.75,-0.5]},"firstperson_lefthand":{"rotation":[3,0,0],"translation":[1.5,-0.75,-0.5]},"ground":{"rotation":[72,125,0]},"gui":{"rotation":[13,-129,41],"translation":[-1.5,-1.25,0]},"head":{"rotation":[-116,-16,47],"translation":[11,17.25,2],"scale":[2,2,2]},"fixed":{"rotation":[0,90,0],"translation":[0,-1.75,-2]}}}