{"credit":"Made with Blockbench","textures":{"2":"mineinabyss:tools/iron_tools","particle":"mineinabyss:tools/iron_tools"},"elements":[{"from":[8,0.75,7],"to":[9.5,4.75,9],"rotation":{"angle":0,"axis":"y","origin":[16,11.25,15]},"faces":{"north":{"uv":[14,9,15.5,13],"texture":"#2"},"east":{"uv":[6,0,8,4],"rotation":180,"texture":"#2"},"south":{"uv":[14,12,15.5,16],"texture":"#2"},"west":{"uv":[6,0,8,4],"rotation":180,"texture":"#2"},"up":{"uv":[14.5,6,16,8],"texture":"#2"},"down":{"uv":[14,1,15.5,3],"texture":"#2"}}},{"from":[8,11.75,7],"to":[9.5,14.5,9],"rotation":{"angle":0,"axis":"y","origin":[16,19.75,15]},"faces":{"north":{"uv":[12,0.5,13.5,3.25],"texture":"#2"},"east":{"uv":[11,9.5,13,12.25],"rotation":180,"texture":"#2"},"south":{"uv":[12.5,0.5,14,3.25],"texture":"#2"},"west":{"uv":[11,9.5,13,12.25],"texture":"#2"},"up":{"uv":[3.5,0,5,2],"texture":"#2"},"down":{"uv":[14.5,0,16,2],"texture":"#2"}}},{"from":[8.274,12.499,4.099],"to":[9.226,14.351,6.001],"rotation":{"angle":0,"axis":"y","origin":[16,20.275,13.5]},"faces":{"north":{"uv":[0,0,0.95,1.85],"texture":"#2"},"east":{"uv":[5,14.5,6.9,15.85],"texture":"#2"},"south":{"uv":[12.5,0,13.45,1.85],"texture":"#2"},"west":{"uv":[5.5,14.5,6.9,15.85],"texture":"#2"},"up":{"uv":[0,0,0.95,1.9],"texture":"#2"},"down":{"uv":[15,0,15.95,1.9],"texture":"#2"}}},{"from":[8.275,12.5,6.5],"to":[9.225,14.35,8.5],"rotation":{"angle":0,"axis":"y","origin":[16,20.275,16]},"faces":{"north":{"uv":[12,0,13,2],"texture":"#2"},"east":{"uv":[4,14,6,16],"texture":"#2"},"south":{"uv":[12,0.5,12.95,2.35],"texture":"#2"},"west":{"uv":[4,14,6,16],"texture":"#2"},"up":{"uv":[14.5,11,15.45,13],"texture":"#2"},"down":{"uv":[15,0,15.95,2],"texture":"#2"}}},{"from":[8.275,12.875,6],"to":[9.225,14.35,6.5],"rotation":{"angle":0,"axis":"y","origin":[16,20.275,15.5]},"faces":{"north":{"uv":[0,0,0.95,1.475],"texture":"#2"},"east":{"uv":[5.5,14,6,15.6],"texture":"#2"},"south":{"uv":[0,0,0.95,1.475],"texture":"#2"},"west":{"uv":[4,14,4.5,15.6],"texture":"#2"},"up":{"uv":[14,7,14.95,7.5],"texture":"#2"},"down":{"uv":[15,0,15.95,0.5],"texture":"#2"}}},{"from":[8.27499,10.69999,4.52499],"to":[9.22501,12.00001,4.90001],"rotation":{"angle":0,"axis":"y","origin":[16,17.5,13.5]},"faces":{"north":{"uv":[9.5,1.5,10.45,2.8],"texture":"#2"},"east":{"uv":[4.5,15.5,4.6,15.6],"texture":"#2"},"south":{"uv":[14,0,14.95,1.3],"texture":"#2"},"west":{"uv":[4.5,15.5,4.6,15.6],"texture":"#2"},"up":{"uv":[0,0,0.95,0.375],"texture":"#2"},"down":{"uv":[0,0,0.95,0.375],"texture":"#2"}}},{"from":[8.275,11.55,4.175],"to":[9.225,12,4.525],"rotation":{"angle":0,"axis":"y","origin":[16,17.5,13.025]},"faces":{"north":{"uv":[7,0.5,7.95,0.95],"texture":"#2"},"east":{"uv":[4.5,15.5,4.6,15.6],"texture":"#2"},"south":{"uv":[6.5,0.5,7.45,0.95],"texture":"#2"},"west":{"uv":[4.5,15.5,4.6,15.6],"texture":"#2"},"up":{"uv":[7,1,7.95,1.35],"texture":"#2"},"down":{"uv":[7,1,7.95,1.35],"texture":"#2"}}},{"from":[8.265,4.44164,5.45606],"to":[9.235,4.76164,5.80106],"rotation":{"angle":45,"axis":"x","origin":[16,10.62664,14.99106]},"faces":{"north":{"uv":[16,7,16,9.175],"texture":"#2"},"east":{"uv":[5,15.5,5.5,16],"texture":"#2"},"south":{"uv":[14.5,9,15.45,11.175],"texture":"#2"},"west":{"uv":[5,15.5,5.5,16],"texture":"#2"},"up":{"uv":[14.5,7.5,15.45,7.925],"texture":"#2"},"down":{"uv":[14,6.5,14.95,6.925],"texture":"#2"}}},{"from":[8.275,12.27664,3.86606],"to":[9.225,14.45164,4.29106],"rotation":{"angle":0,"axis":"y","origin":[16,19.95164,13.36606]},"faces":{"north":{"uv":[15.5,7,16,9],"texture":"#2"},"east":{"uv":[5,15.5,5.5,16],"texture":"#2"},"south":{"uv":[14.5,9,15.45,11.175],"texture":"#2"},"west":{"uv":[5,15.5,5.5,16],"texture":"#2"},"up":{"uv":[14.5,7.5,15.45,7.925],"texture":"#2"},"down":{"uv":[14,6.5,14.95,6.925],"texture":"#2"}}},{"from":[8.265,13.30847,1.02816],"to":[9.235,15.50347,1.39816],"rotation":{"angle":-22.5,"axis":"x","origin":[16,20.99347,10.53816]},"faces":{"north":{"uv":[15.5,7,16,9],"texture":"#2"},"east":{"uv":[4.5,15.5,4.6,15.6],"texture":"#2"},"south":{"uv":[13.5,2,14.45,2.675],"rotation":90,"texture":"#2"},"west":{"uv":[4.5,15.5,4.6,15.6],"texture":"#2"},"up":{"uv":[15.5,7,16,9],"texture":"#2"},"down":{"uv":[15,1,15.95,1.35],"texture":"#2"}}},{"from":[8.273,10.25466,5.95364],"to":[9.227,11.15866,8.43264],"rotation":{"angle":22.5,"axis":"x","origin":[16,17.60666,15.45564]},"faces":{"north":{"uv":[15.5,6.5,15.95,7.9],"texture":"#2"},"east":{"uv":[5.5,14,7.975,14.9],"texture":"#2"},"south":{"uv":[4,14.5,4.95,15.4],"texture":"#2"},"west":{"uv":[6,14,8.475,14.9],"texture":"#2"},"up":{"uv":[14.5,7.5,15.45,9.975],"texture":"#2"},"down":{"uv":[14.5,6.5,15.45,8.975],"texture":"#2"}}},{"from":[8.272,10.25366,5.95264],"to":[9.228,11.18466,6.20864],"rotation":{"angle":22.5,"axis":"x","origin":[16,17.60666,15.45564]},"faces":{"north":{"uv":[15.5,6.5,15.95,7.9],"texture":"#2"},"east":{"uv":[4.5,15.5,5,16],"texture":"#2"},"south":{"uv":[4,14.5,4.95,15.4],"texture":"#2"},"west":{"uv":[4.5,15.5,5,16],"texture":"#2"},"up":{"uv":[4.55,15.5,4.5,15.975],"texture":"#2"},"down":{"uv":[14.5,6.5,15.45,8.975],"texture":"#2"}}},{"from":[8.2749,7.83156,6.05554],"to":[9.2251,8.60676,7.05574],"rotation":{"angle":22.5,"axis":"x","origin":[16,15.18166,15.58064]},"faces":{"north":{"uv":[0,0,0.95,0.775],"texture":"#2"},"east":{"uv":[4.5,15.5,4.6,15.6],"texture":"#2"},"south":{"uv":[15,0,15.95,0.775],"texture":"#2"},"west":{"uv":[4.5,15.5,4.6,15.6],"texture":"#2"},"up":{"uv":[0,0,0.95,1],"texture":"#2"},"down":{"uv":[0,0,0.95,1],"texture":"#2"}}},{"from":[8.27499,15.20452,1.35597],"to":[9.22501,15.90454,2.33099],"rotation":{"angle":-22.5,"axis":"x","origin":[16,22.55453,10.85598]},"faces":{"north":{"uv":[14,6.5,14.95,7.2],"texture":"#2"},"east":{"uv":[4.5,15.5,4.5,15.6],"texture":"#2"},"south":{"uv":[14,7,14.95,7.7],"texture":"#2"},"west":{"uv":[4.5,15.5,4.6,15.6],"texture":"#2"},"up":{"uv":[14.5,7.5,15.45,8.475],"texture":"#2"},"down":{"uv":[15,0,15.95,0.975],"texture":"#2"}}},{"from":[8.2749,16.12943,5.35588],"to":[9.2251,16.82963,6.83108],"rotation":{"angle":-22.5,"axis":"x","origin":[16,23.47953,14.85598]},"faces":{"north":{"uv":[0,0,0.95,0.7],"texture":"#2"},"east":{"uv":[6,14.5,7.475,15.2],"texture":"#2"},"south":{"uv":[6.5,0.5,7.45,1.2],"texture":"#2"},"west":{"uv":[6,14.5,7.475,15.2],"texture":"#2"},"up":{"uv":[14,6.5,14.95,7.975],"texture":"#2"},"down":{"uv":[12.5,0,13.45,1.475],"texture":"#2"}}},{"from":[8.27499,9.34073,10.71353],"to":[9.22501,10.04075,12.18855],"rotation":{"angle":22.5,"axis":"x","origin":[16,16.69074,20.21354]},"faces":{"north":{"uv":[7,0.5,7.95,1.2],"texture":"#2"},"east":{"uv":[6.5,0.5,7.975,1.2],"texture":"#2"},"south":{"uv":[6.5,0.5,7.45,1.2],"texture":"#2"},"west":{"uv":[6.5,0.5,7.975,1.2],"texture":"#2"},"up":{"uv":[9.5,0.5,10.45,1.975],"texture":"#2"},"down":{"uv":[12.5,0.5,13.45,1.975],"texture":"#2"}}},{"from":[7.75,13.25,6.75],"to":[9.75,14,9.25],"rotation":{"angle":0,"axis":"y","origin":[16,21.25,15]},"faces":{"north":{"uv":[7,14.5,9,15.5],"rotation":180,"texture":"#2"},"east":{"uv":[4,14.5,6.5,15.5],"rotation":180,"texture":"#2"},"south":{"uv":[4.5,14.5,6.5,15.5],"rotation":180,"texture":"#2"},"west":{"uv":[4,14.5,6,15.5],"rotation":180,"texture":"#2"},"up":{"uv":[3,1,5,3],"rotation":90,"texture":"#2"},"down":{"uv":[14,0,16,2.5],"texture":"#2"}}},{"from":[8.125,4.75,7.2],"to":[9.35,11.75,8.825],"rotation":{"angle":0,"axis":"y","origin":[16,18.25,15]},"faces":{"north":{"uv":[0.5,0,1.5,7],"texture":"#2"},"east":{"uv":[0,0,2,7],"texture":"#2"},"south":{"uv":[0.5,0,1.5,7],"texture":"#2"},"west":{"uv":[0,0,2,7],"texture":"#2"},"up":{"uv":[0,0,1.225,1.625],"texture":"#2"},"down":{"uv":[0,0,1.225,1.625],"texture":"#2"}}},{"from":[8.125,13.75,7.2],"to":[9.35,15,8.825],"rotation":{"angle":0,"axis":"y","origin":[16,21.5,15]},"faces":{"north":{"uv":[0.5,1,1,1.5],"texture":"#2"},"east":{"uv":[0.5,0.5,1.5,1.5],"texture":"#2"},"south":{"uv":[0.5,1,1,1.5],"texture":"#2"},"west":{"uv":[0.5,0.5,1.5,1.5],"texture":"#2"},"up":{"uv":[0.5,0.5,1.5,1.5],"texture":"#2"},"down":{"uv":[0,0,1.225,1.625],"texture":"#2"}}}],"display":{"thirdperson_righthand":{"translation":[-0.5,0.5,1.25]},"thirdperson_lefthand":{"translation":[0.5,0,1.5]},"firstperson_righthand":{"rotation":[7,0,0],"translation":[0.25,0.75,0]},"firstperson_lefthand":{"rotation":[7,0,0],"translation":[1,0.75,0]},"ground":{"rotation":[60,89,0]},"gui":{"rotation":[74,54,-103]},"head":{"rotation":[112,157,14],"translation":[0,14,-11.75],"scale":[1.5,1.5,1.5]},"fixed":{"rotation":[0,90,0],"translation":[0.25,-0.5,0],"scale":[1.1,1.1,1.1]}}}