{"credit":"Made with Blockbench","textures":{"0":"mineinabyss:tools/netherite_tools","1":"mineinabyss:tools/wood_tools","particle":"mineinabyss:tools/netherite_tools"},"elements":[{"from":[8.001,14.001,4.001],"to":[8.999,15.999,7.999],"rotation":{"angle":0,"axis":"y","origin":[16,23,15]},"faces":{"north":{"uv":[0,8,5,11.5],"texture":"#0"},"east":{"uv":[0,6,5,9.5],"texture":"#0"},"south":{"uv":[0,8,5,11.5],"texture":"#0"},"west":{"uv":[0,8,5,11.5],"texture":"#0"},"up":{"uv":[3.5,5,5,6],"texture":"#0"},"down":{"uv":[0,8,5,11.5],"texture":"#0"}}},{"from":[7.825,1.925,9.8],"to":[7.95,5.175,10.225],"rotation":{"angle":45,"axis":"x","origin":[0.925,11.25,17.675]},"faces":{"north":{"uv":[7.5,13,12.425,13.5],"rotation":270,"texture":"#0"},"east":{"uv":[7.5,12.5,12.425,13.25],"rotation":270,"texture":"#0"},"south":{"uv":[9,11,13.925,11.5],"rotation":270,"texture":"#0"},"west":{"uv":[7.5,12.5,12.425,13.25],"rotation":270,"texture":"#0"},"up":{"uv":[7.5,12.5,12.425,13.25],"rotation":270,"texture":"#0"},"down":{"uv":[7.5,13,12.425,13.5],"rotation":270,"texture":"#0"}}},{"from":[7.825,0.275,10.725],"to":[7.95,5.175,11.35],"rotation":{"angle":45,"axis":"x","origin":[0.925,11.25,18.6]},"faces":{"north":{"uv":[7.5,12.5,12.5,12.9],"rotation":270,"texture":"#0"},"east":{"uv":[7.5,12,13.125,12.9],"rotation":270,"texture":"#0"},"south":{"uv":[7.5,13,13.125,13.4],"rotation":270,"texture":"#0"},"west":{"uv":[7.5,12,13.125,12.9],"rotation":270,"texture":"#0"},"up":{"uv":[7.5,12,13.125,12.9],"rotation":270,"texture":"#0"},"down":{"uv":[7.5,13,13.125,13.3],"rotation":270,"texture":"#0"}}},{"from":[7.626,14.32694,2.32816],"to":[7.999,16.59994,3.62616],"rotation":{"angle":-22.5,"axis":"x","origin":[0.975,23.25094,10.57716]},"faces":{"north":{"uv":[10,0,10.375,2.275],"texture":"#0"},"east":{"uv":[9,0,10.3,2.275],"texture":"#0"},"south":{"uv":[9,0,9.375,2.275],"texture":"#0"},"west":{"uv":[9.5,11.5,11.3,13.5],"rotation":90,"texture":"#0"},"up":{"uv":[0.375,0,0.75,1.3],"texture":"#0"},"down":{"uv":[0.375,0,0.75,1.3],"texture":"#0"}}},{"from":[9.001,14.32694,2.32816],"to":[9.374,16.59994,3.62616],"rotation":{"angle":-22.5,"axis":"x","origin":[16.025,23.25094,10.57716]},"faces":{"north":{"uv":[9,0,10.3,2.275],"texture":"#0"},"east":{"uv":[13,11.5,14.3,13.5],"rotation":270,"texture":"#0"},"south":{"uv":[9,0,10.3,2.275],"texture":"#0"},"west":{"uv":[9,0,10.3,2.275],"texture":"#0"},"up":{"uv":[9,0,10.3,2.275],"texture":"#0"},"down":{"uv":[9,0,10.3,2.275],"texture":"#0"}}},{"from":[7.626,16.77774,2.9454],"to":[7.999,18.47574,4.2434],"rotation":{"angle":-22.5,"axis":"x","origin":[0.975,25.70174,11.1944]},"faces":{"north":{"uv":[9.5,0,10.8,1.7],"texture":"#0"},"east":{"uv":[9.5,0,10.8,1.7],"texture":"#0"},"south":{"uv":[13.5,11.5,14.8,12.5],"texture":"#0"},"west":{"uv":[8.5,11.5,9.8,13.5],"rotation":90,"texture":"#0"},"up":{"uv":[11.5,11.5,12.8,13.2],"rotation":180,"texture":"#0"},"down":{"uv":[9.5,0,10.8,1.7],"texture":"#0"}}},{"from":[8,16.77674,2.9444],"to":[9,18.47674,4.2444],"rotation":{"angle":-22.5,"axis":"x","origin":[0.975,25.70174,11.1944]},"faces":{"north":{"uv":[15,11.5,16,12.5],"texture":"#0"},"east":{"uv":[15,11.5,16,12.5],"texture":"#0"},"south":{"uv":[15,11.5,16,12.5],"texture":"#0"},"west":{"uv":[15,11.5,16,12.5],"texture":"#0"},"up":{"uv":[15,11.5,16,12.5],"texture":"#0"},"down":{"uv":[15,11.5,16,12.5],"texture":"#0"}}},{"from":[9.001,16.77774,2.9454],"to":[9.374,18.47574,4.2434],"rotation":{"angle":-22.5,"axis":"x","origin":[16.025,25.70174,11.1944]},"faces":{"north":{"uv":[9,0,10.3,1.7],"texture":"#0"},"east":{"uv":[14,11.5,15.3,13.5],"rotation":270,"texture":"#0"},"south":{"uv":[13.5,11.5,14.8,12.5],"texture":"#0"},"west":{"uv":[9,0,10.3,1.7],"texture":"#0"},"up":{"uv":[13,11.5,14.3,12.5],"texture":"#0"},"down":{"uv":[9,0,10.3,1.7],"texture":"#0"}}},{"from":[7.625,13.76503,10.03394],"to":[8,14.76503,11.80894],"rotation":{"angle":22.5,"axis":"x","origin":[0.975,22.01503,3.38394]},"faces":{"north":{"uv":[0.375,0,0.75,1],"rotation":180,"texture":"#0"},"east":{"uv":[9,0,10,1.775],"rotation":90,"texture":"#0"},"south":{"uv":[0.375,0,0.75,1],"texture":"#0"},"west":{"uv":[7.5,11.5,8.5,13.5],"texture":"#0"},"up":{"uv":[9.5,2,9.875,3.775],"texture":"#0"},"down":{"uv":[9,0.5,9.375,2.275],"rotation":180,"texture":"#0"}}},{"from":[9,13.76503,10.03394],"to":[9.375,14.76503,11.80894],"rotation":{"angle":22.5,"axis":"x","origin":[16.025,22.01503,3.38394]},"faces":{"north":{"uv":[11,0,12,1.775],"rotation":270,"texture":"#0"},"east":{"uv":[14.5,11.5,15.5,13.5],"texture":"#0"},"south":{"uv":[11,0,12,1.775],"rotation":270,"texture":"#0"},"west":{"uv":[11,0,12,1.775],"rotation":270,"texture":"#0"},"up":{"uv":[11,0,12,1.775],"rotation":270,"texture":"#0"},"down":{"uv":[11,0,12,1.775],"rotation":270,"texture":"#0"}}},{"from":[7.624,17.91403,12.33294],"to":[8.001,18.91603,12.73494],"rotation":{"angle":22.5,"axis":"x","origin":[0.975,26.16503,4.30894]},"faces":{"north":{"uv":[13.5,12,14.5,12.4],"rotation":270,"texture":"#0"},"east":{"uv":[8.5,0,9.5,0.4],"rotation":270,"texture":"#0"},"south":{"uv":[8.5,0,9.5,0.4],"rotation":270,"texture":"#0"},"west":{"uv":[7.5,12,8.5,13],"rotation":270,"texture":"#0"},"up":{"uv":[13.5,11.5,14.5,11.9],"rotation":270,"texture":"#0"},"down":{"uv":[8.5,0,9.5,0.4],"rotation":270,"texture":"#0"}}},{"from":[8.999,17.91403,12.33294],"to":[9.376,18.91603,12.73494],"rotation":{"angle":22.5,"axis":"x","origin":[16.025,26.16503,4.30894]},"faces":{"north":{"uv":[13.5,11.5,14.5,11.9],"rotation":270,"texture":"#0"},"east":{"uv":[11.5,12,12.5,13],"rotation":90,"texture":"#0"},"south":{"uv":[9.5,0,10.5,0.4],"rotation":270,"texture":"#0"},"west":{"uv":[9.5,0,10.5,0.4],"rotation":270,"texture":"#0"},"up":{"uv":[12.5,11.5,13.5,11.9],"rotation":270,"texture":"#0"},"down":{"uv":[9.5,0,10.5,0.4],"rotation":270,"texture":"#0"}}},{"from":[8,18.41503,12.33394],"to":[9,18.91503,12.73394],"rotation":{"angle":22.5,"axis":"x","origin":[16.025,26.16503,4.30894]},"faces":{"north":{"uv":[15,11.5,16,11.675],"texture":"#0"},"east":{"uv":[15,11.5,16,11.675],"texture":"#0"},"south":{"uv":[15,11.5,16,11.675],"texture":"#0"},"west":{"uv":[15,11.5,16,11.675],"texture":"#0"},"up":{"uv":[15,11.5,16,11.675],"texture":"#0"},"down":{"uv":[15,11.5,16,11.675],"texture":"#0"}}},{"from":[7.625,7.87783,11.47484],"to":[8,8.25283,12.39984],"rotation":{"angle":45,"axis":"x","origin":[0.975,16.30283,19.64984]},"faces":{"north":{"uv":[12.5,11.5,13.425,11.875],"texture":"#0"},"east":{"uv":[8.5,0,9.425,0.375],"texture":"#0"},"south":{"uv":[8.5,0,9.425,0.375],"texture":"#0"},"west":{"uv":[12.5,12,13.425,13],"texture":"#0"},"up":{"uv":[13,11.5,13.925,11.875],"texture":"#0"},"down":{"uv":[8.5,0,9.425,0.375],"texture":"#0"}}},{"from":[8,7.87783,11.47484],"to":[9,8.25283,11.64984],"rotation":{"angle":45,"axis":"x","origin":[0.975,16.30283,19.64984]},"faces":{"north":{"uv":[15,11.5,16,11.675],"texture":"#0"},"east":{"uv":[15,11.5,16,11.675],"texture":"#0"},"south":{"uv":[15,11.5,16,11.675],"texture":"#0"},"west":{"uv":[15,11.5,16,11.675],"texture":"#0"},"up":{"uv":[15,11.5,16,11.675],"texture":"#0"},"down":{"uv":[15,11.5,16,11.675],"texture":"#0"}}},{"from":[9,7.87783,11.47484],"to":[9.375,8.25283,12.39984],"rotation":{"angle":45,"axis":"x","origin":[16.025,16.30283,19.64984]},"faces":{"north":{"uv":[13,12,13.925,12.375],"texture":"#0"},"east":{"uv":[14.5,12,15.425,13],"texture":"#0"},"south":{"uv":[10.5,0,11.425,0.375],"texture":"#0"},"west":{"uv":[10.5,0,11.425,0.375],"texture":"#0"},"up":{"uv":[13,12,13.925,12.375],"texture":"#0"},"down":{"uv":[10.5,0,11.425,0.375],"texture":"#0"}}},{"from":[7.626,15.82883,8.27584],"to":[7.999,16.27683,8.94884],"rotation":{"angle":0,"axis":"x","origin":[0.975,8.10283,16.62484]},"faces":{"north":{"uv":[13,11.5,13.375,12.175],"rotation":180,"texture":"#0"},"east":{"uv":[13,11.5,13.375,12.175],"rotation":180,"texture":"#0"},"south":{"uv":[13,11.5,13.375,12.175],"rotation":180,"texture":"#0"},"west":{"uv":[13,11.5,13.375,12.175],"rotation":180,"texture":"#0"},"up":{"uv":[13,11.5,13.375,12.175],"rotation":180,"texture":"#0"},"down":{"uv":[13,11.5,13.375,12.175],"rotation":180,"texture":"#0"}}},{"from":[8,15.82783,8.27484],"to":[9,16.27783,8.94984],"rotation":{"angle":0,"axis":"x","origin":[0.975,8.10283,16.62484]},"faces":{"north":{"uv":[15,11.5,16,11.675],"rotation":180,"texture":"#0"},"east":{"uv":[15,11.5,16,11.675],"rotation":180,"texture":"#0"},"south":{"uv":[15,11.5,16,11.675],"rotation":180,"texture":"#0"},"west":{"uv":[15,11.5,16,11.675],"rotation":180,"texture":"#0"},"up":{"uv":[15,11.5,16,11.675],"rotation":180,"texture":"#0"},"down":{"uv":[15,11.5,16,11.675],"rotation":180,"texture":"#0"}}},{"from":[9.001,15.82883,8.27584],"to":[9.374,16.27683,8.94884],"rotation":{"angle":0,"axis":"x","origin":[16.025,8.10283,16.62484]},"faces":{"north":{"uv":[13,11.5,13.45,12.175],"rotation":90,"texture":"#0"},"east":{"uv":[13,11.5,13.45,12.175],"rotation":90,"texture":"#0"},"south":{"uv":[13,11.5,13.45,12.175],"rotation":90,"texture":"#0"},"west":{"uv":[13,11.5,13.45,12.175],"rotation":90,"texture":"#0"},"up":{"uv":[13,11.5,13.45,12.175],"rotation":90,"texture":"#0"},"down":{"uv":[13,11.5,13.45,12.175],"rotation":90,"texture":"#0"}}},{"from":[7.625,16.21582,10.65118],"to":[8,17.31582,12.42618],"rotation":{"angle":22.5,"axis":"x","origin":[0.975,24.46582,4.00118]},"faces":{"north":{"uv":[8.5,0,9.6,1.775],"rotation":270,"texture":"#0"},"east":{"uv":[8.5,0,9.6,1.775],"rotation":270,"texture":"#0"},"south":{"uv":[8.5,0,9.6,1.775],"rotation":270,"texture":"#0"},"west":{"uv":[8,11.5,10.6,13.5],"texture":"#0"},"up":{"uv":[8.5,0,9.6,1.775],"rotation":270,"texture":"#0"},"down":{"uv":[8.5,0,9.6,1.775],"rotation":270,"texture":"#0"}}},{"from":[9,16.21582,10.65118],"to":[9.375,17.31582,12.42618],"rotation":{"angle":22.5,"axis":"x","origin":[16.025,24.46582,4.00118]},"faces":{"north":{"uv":[12.5,8,13.6,9.775],"rotation":270,"texture":"#0"},"east":{"uv":[14.5,11.5,15.6,13.5],"texture":"#0"},"south":{"uv":[12.5,8,13.6,9.775],"rotation":270,"texture":"#0"},"west":{"uv":[12.5,8,13.6,9.775],"rotation":270,"texture":"#0"},"up":{"uv":[12.5,8,13.6,9.775],"rotation":270,"texture":"#0"},"down":{"uv":[12.5,8,13.6,9.775],"rotation":270,"texture":"#0"}}},{"from":[7.626,11.16991,8.01149],"to":[7.999,12.09291,8.70949],"rotation":{"angle":0,"axis":"x","origin":[0.975,19.41891,1.36049]},"faces":{"north":{"uv":[0.375,0,0.75,0.925],"rotation":180,"texture":"#0"},"east":{"uv":[8.5,0,9.425,0.7],"rotation":90,"texture":"#0"},"south":{"uv":[0.375,0,0.75,0.925],"texture":"#0"},"west":{"uv":[7.5,11.5,8.425,13.5],"texture":"#0"},"up":{"uv":[9.5,0.5,9.875,1.2],"texture":"#0"},"down":{"uv":[9.5,1,9.875,1.7],"rotation":180,"texture":"#0"}}},{"from":[9.001,11.16991,8.01149],"to":[9.374,12.09291,8.70949],"rotation":{"angle":0,"axis":"x","origin":[16.025,19.41891,1.36049]},"faces":{"north":{"uv":[10.5,0,11.425,0.7],"rotation":270,"texture":"#0"},"east":{"uv":[15,11.5,15.925,13.5],"texture":"#0"},"south":{"uv":[10.5,0,11.425,0.7],"rotation":270,"texture":"#0"},"west":{"uv":[10.5,0,11.425,0.7],"rotation":270,"texture":"#0"},"up":{"uv":[10.5,0,11.425,0.7],"rotation":270,"texture":"#0"},"down":{"uv":[10.5,0,11.425,0.7],"rotation":270,"texture":"#0"}}},{"from":[7.625,4.05028,4.8246],"to":[8,4.80028,7.3746],"rotation":{"angle":-45,"axis":"x","origin":[0.975,12.30028,-1.8254]},"faces":{"north":{"uv":[9,0,9.375,0.75],"rotation":180,"texture":"#0"},"east":{"uv":[9.5,0,10.25,2.55],"rotation":90,"texture":"#0"},"south":{"uv":[12.5,0,12.875,0.75],"texture":"#0"},"west":{"uv":[8,11.5,12.25,13.5],"texture":"#0"},"up":{"uv":[8.5,0,8.875,2.55],"texture":"#0"},"down":{"uv":[9,0,9.375,2.55],"rotation":180,"texture":"#0"}}},{"from":[9,4.05028,4.8246],"to":[9.375,4.80028,7.3746],"rotation":{"angle":-45,"axis":"x","origin":[16.025,12.30028,-1.8254]},"faces":{"north":{"uv":[9,1,9.75,3.55],"rotation":270,"texture":"#0"},"east":{"uv":[14.5,11.5,15.25,13.5],"texture":"#0"},"south":{"uv":[9,1,9.75,3.55],"rotation":270,"texture":"#0"},"west":{"uv":[9,1,9.75,3.55],"rotation":270,"texture":"#0"},"up":{"uv":[9,1,9.75,3.55],"rotation":270,"texture":"#0"},"down":{"uv":[9,1,9.75,3.55],"rotation":270,"texture":"#0"}}},{"from":[7.626,5.79497,5.03573],"to":[7.999,6.64297,6.58373],"rotation":{"angle":-45,"axis":"x","origin":[0.975,14.04397,-2.61527]},"faces":{"north":{"uv":[9,0,9.85,1.55],"rotation":270,"texture":"#0"},"east":{"uv":[9,0,9.85,1.55],"rotation":270,"texture":"#0"},"south":{"uv":[9,0,9.85,1.55],"rotation":270,"texture":"#0"},"west":{"uv":[10.5,11.5,11.35,13.5],"texture":"#0"},"up":{"uv":[9,0,9.85,1.55],"rotation":270,"texture":"#0"},"down":{"uv":[9,0,9.85,1.55],"rotation":270,"texture":"#0"}}},{"from":[9.001,5.79497,5.03573],"to":[9.374,6.64297,6.58373],"rotation":{"angle":-45,"axis":"x","origin":[16.025,14.04397,-2.61527]},"faces":{"north":{"uv":[9,0,9.85,2],"rotation":270,"texture":"#0"},"east":{"uv":[15,11.5,15.85,13.5],"texture":"#0"},"south":{"uv":[9,0,9.85,2],"rotation":270,"texture":"#0"},"west":{"uv":[9,0,9.85,2],"rotation":270,"texture":"#0"},"up":{"uv":[9,0,9.85,2],"rotation":270,"texture":"#0"},"down":{"uv":[9,0,9.85,2],"rotation":270,"texture":"#0"}}},{"from":[7.626,16.76387,7.18177],"to":[7.999,20.01187,7.95477],"rotation":{"angle":22.5,"axis":"x","origin":[0.975,8.43787,-0.29423]},"faces":{"north":{"uv":[9,0,9.775,3.25],"rotation":180,"texture":"#0"},"east":{"uv":[9,0,9.775,3.25],"rotation":180,"texture":"#0"},"south":{"uv":[9,0,9.775,3.25],"rotation":180,"texture":"#0"},"west":{"uv":[10,11.5,10.775,13.5],"rotation":270,"texture":"#0"},"up":{"uv":[15,11.5,15.775,13.5],"texture":"#0"},"down":{"uv":[9,0,9.775,3.25],"rotation":180,"texture":"#0"}}},{"from":[7.625,15.34622,10.69133],"to":[8,16.27122,11.04133],"rotation":{"angle":0,"axis":"x","origin":[0.975,4.59622,2.61633]},"faces":{"north":{"uv":[11,5.5,11.35,6.425],"rotation":180,"texture":"#0"},"east":{"uv":[11,5.5,11.35,6.425],"rotation":180,"texture":"#0"},"south":{"uv":[11,5.5,11.35,6.425],"rotation":180,"texture":"#0"},"west":{"uv":[12,11.5,12.35,12.425],"rotation":180,"texture":"#0"},"up":{"uv":[14.5,11.5,14.85,12.425],"rotation":180,"texture":"#0"},"down":{"uv":[11,5.5,11.35,6.425],"rotation":180,"texture":"#0"}}},{"from":[9,15.34622,10.69133],"to":[9.375,16.27122,11.04133],"rotation":{"angle":0,"axis":"x","origin":[2.35,4.59622,2.61633]},"faces":{"north":{"uv":[14,11.5,14.35,12.425],"rotation":180,"texture":"#0"},"east":{"uv":[13.5,11.5,13.85,12.425],"rotation":180,"texture":"#0"},"south":{"uv":[9,5,9.35,5.925],"rotation":180,"texture":"#0"},"west":{"uv":[9,5,9.35,5.925],"rotation":180,"texture":"#0"},"up":{"uv":[13.5,11.5,13.85,12.425],"rotation":180,"texture":"#0"},"down":{"uv":[9,5,9.35,5.925],"rotation":180,"texture":"#0"}}},{"from":[8,15.59622,10.69133],"to":[9,16.27122,11.04133],"rotation":{"angle":0,"axis":"x","origin":[2.35,4.59622,2.61633]},"faces":{"north":{"uv":[15,12,16,12.35],"texture":"#0"},"east":{"uv":[15,12,16,12.35],"texture":"#0"},"south":{"uv":[15,12,16,12.35],"texture":"#0"},"west":{"uv":[15,12,16,12.35],"texture":"#0"},"up":{"uv":[15,12,16,12.35],"texture":"#0"},"down":{"uv":[15,12,16,12.35],"texture":"#0"}}},{"from":[9.001,16.76387,7.18177],"to":[9.374,20.01187,7.95477],"rotation":{"angle":22.5,"axis":"x","origin":[16.025,8.43787,-0.29423]},"faces":{"north":{"uv":[9.5,0,10.275,3.25],"rotation":180,"texture":"#0"},"east":{"uv":[14.5,11.5,15.275,13.5],"rotation":90,"texture":"#0"},"south":{"uv":[9.5,0,10.275,3.25],"rotation":180,"texture":"#0"},"west":{"uv":[9.5,0,10.275,3.25],"rotation":180,"texture":"#0"},"up":{"uv":[15,11.5,15.775,13.5],"texture":"#0"},"down":{"uv":[9.5,0,10.275,3.25],"rotation":180,"texture":"#0"}}},{"from":[8,19.76287,7.18077],"to":[9,20.01287,7.95577],"rotation":{"angle":22.5,"axis":"x","origin":[16.025,8.43787,-0.29423]},"faces":{"north":{"uv":[9.5,11.5,10.5,13.5],"texture":"#0"},"east":{"uv":[9.5,11.5,10.5,13.5],"texture":"#0"},"south":{"uv":[9.5,11.5,10.5,13.5],"texture":"#0"},"west":{"uv":[9.5,11.5,10.5,13.5],"texture":"#0"},"up":{"uv":[9.5,11.5,10.5,13.5],"texture":"#0"},"down":{"uv":[9.5,11.5,10.5,13.5],"texture":"#0"}}},{"from":[7.625,18.63787,5.73077],"to":[8,20.26287,6.50577],"rotation":{"angle":22.5,"axis":"x","origin":[0.975,8.58787,-1.74423]},"faces":{"north":{"uv":[15,11.5,15.775,12.5],"rotation":180,"texture":"#0"},"east":{"uv":[9.5,0,10.275,1.625],"rotation":180,"texture":"#0"},"south":{"uv":[9.5,0,10.275,1.625],"rotation":180,"texture":"#0"},"west":{"uv":[10,11.5,10.775,13.5],"rotation":270,"texture":"#0"},"up":{"uv":[13,11.5,13.775,13.5],"texture":"#0"},"down":{"uv":[9.5,0,10.275,1.625],"rotation":180,"texture":"#0"}}},{"from":[9,18.63787,5.73077],"to":[9.375,20.26287,6.50577],"rotation":{"angle":22.5,"axis":"x","origin":[16.025,8.58787,-1.74423]},"faces":{"north":{"uv":[14,11.5,14.775,12.5],"rotation":180,"texture":"#0"},"east":{"uv":[15,11.5,15.775,13.5],"rotation":90,"texture":"#0"},"south":{"uv":[8.5,0,9.275,1.625],"rotation":180,"texture":"#0"},"west":{"uv":[8.5,0,9.275,1.625],"rotation":180,"texture":"#0"},"up":{"uv":[14,11.5,14.775,12.5],"rotation":180,"texture":"#0"},"down":{"uv":[8.5,0,9.275,1.625],"rotation":180,"texture":"#0"}}},{"from":[8,19.63787,5.73077],"to":[9,20.26287,6.50577],"rotation":{"angle":22.5,"axis":"x","origin":[16.025,8.58787,-1.74423]},"faces":{"north":{"uv":[13,11.5,14,12.275],"texture":"#0"},"east":{"uv":[10.5,7,11.5,7.775],"texture":"#0"},"south":{"uv":[10.5,7,11.5,7.775],"texture":"#0"},"west":{"uv":[10.5,7,11.5,7.775],"texture":"#0"},"up":{"uv":[9,11.5,10,13.5],"texture":"#0"},"down":{"uv":[10.5,7,11.5,7.775],"texture":"#0"}}},{"from":[7.625,13.95,5.5],"to":[8,16.225,6.875],"rotation":{"angle":0,"axis":"x","origin":[0.975,22.875,13.75]},"faces":{"north":{"uv":[9,0,9.375,2.275],"texture":"#0"},"east":{"uv":[10.5,0,11.875,2.275],"texture":"#0"},"south":{"uv":[10,0.5,10.375,2.775],"texture":"#0"},"west":{"uv":[8.5,11.5,9.875,13.275],"rotation":90,"texture":"#0"},"up":{"uv":[9,11.5,9.375,13.5],"rotation":180,"texture":"#0"},"down":{"uv":[11,0,11.375,1.375],"texture":"#0"}}},{"from":[8,15.7,5.5],"to":[9,16.225,6.875],"rotation":{"angle":0,"axis":"x","origin":[0.975,22.875,13.75]},"faces":{"north":{"uv":[13,11.5,14,12.5],"texture":"#0"},"east":{"uv":[13,11.5,14,12.5],"texture":"#0"},"south":{"uv":[13,11.5,14,12.5],"texture":"#0"},"west":{"uv":[13,11.5,14,12.5],"texture":"#0"},"up":{"uv":[8,11.5,9,13.5],"rotation":180,"texture":"#0"},"down":{"uv":[13,11.5,14,12.5],"texture":"#0"}}},{"from":[9,13.95,5.5],"to":[9.375,16.225,6.875],"rotation":{"angle":0,"axis":"x","origin":[16.025,22.875,13.75]},"faces":{"north":{"uv":[8.5,0,9.875,2.275],"texture":"#0"},"east":{"uv":[14.5,11.5,15.875,13.5],"rotation":270,"texture":"#0"},"south":{"uv":[8.5,0,9.875,2.275],"texture":"#0"},"west":{"uv":[8.5,0,9.875,2.275],"texture":"#0"},"up":{"uv":[9,11.5,10.375,13.5],"rotation":180,"texture":"#0"},"down":{"uv":[8.5,0,9.875,2.275],"texture":"#0"}}},{"from":[7.675,13.9,5.825],"to":[7.95,16.075,10.85],"rotation":{"angle":0,"axis":"x","origin":[0.925,22.725,14.075]},"faces":{"north":{"uv":[8.5,4,16,8.675],"texture":"#0"},"east":{"uv":[8.5,4,16,8.675],"texture":"#0"},"south":{"uv":[8.5,4,16,8.675],"texture":"#0"},"west":{"uv":[8.5,4,16,8.675],"texture":"#0"},"up":{"uv":[8.5,4,16,8.675],"texture":"#0"},"down":{"uv":[8.5,4,16,8.675],"texture":"#0"}}},{"from":[7.674,15.899,5.824],"to":[9.326,16.076,10.851],"rotation":{"angle":0,"axis":"x","origin":[0.925,22.725,14.075]},"faces":{"north":{"uv":[9,0,14.025,0.175],"texture":"#0"},"east":{"uv":[9,0,14.025,0.175],"texture":"#0"},"south":{"uv":[9,0,14.025,0.175],"texture":"#0"},"west":{"uv":[9,0,14.025,0.175],"texture":"#0"},"up":{"uv":[8.5,0,16,7.675],"texture":"#0"},"down":{"uv":[9,0,14.025,0.175],"texture":"#0"}}},{"from":[9.05,13.9,5.825],"to":[9.325,16.075,10.85],"rotation":{"angle":0,"axis":"x","origin":[16.075,22.725,14.075]},"faces":{"north":{"uv":[8.5,0,15.525,4.675],"texture":"#0"},"east":{"uv":[8.5,0,15.525,4.675],"texture":"#0"},"south":{"uv":[8.5,0,15.525,4.675],"texture":"#0"},"west":{"uv":[8.5,0,15.525,4.675],"texture":"#0"},"up":{"uv":[8.5,0,15.525,4.675],"texture":"#0"},"down":{"uv":[8.5,0,15.525,4.675],"texture":"#0"}}},{"from":[7.675,11.9,6.775],"to":[7.95,13.9,9.4],"rotation":{"angle":0,"axis":"x","origin":[0.925,22.725,14.075]},"faces":{"north":{"uv":[9,4,13.125,7.5],"texture":"#0"},"east":{"uv":[9,4,13.125,7.5],"texture":"#0"},"south":{"uv":[9,4,13.125,7.5],"texture":"#0"},"west":{"uv":[9,4,13.125,7.5],"texture":"#0"},"up":{"uv":[9,4,13.125,7.5],"texture":"#0"},"down":{"uv":[9,4,13.125,7.5],"texture":"#0"}}},{"from":[9.05,11.9,6.775],"to":[9.325,13.9,9.4],"rotation":{"angle":0,"axis":"x","origin":[16.075,22.725,14.075]},"faces":{"north":{"uv":[8.5,0,15.625,5.5],"texture":"#0"},"east":{"uv":[8.5,0,15.625,5.5],"texture":"#0"},"south":{"uv":[8.5,0,15.625,5.5],"texture":"#0"},"west":{"uv":[8.5,0,15.625,5.5],"texture":"#0"},"up":{"uv":[8.5,0,15.625,5.5],"texture":"#0"},"down":{"uv":[8.5,0,15.625,5.5],"texture":"#0"}}},{"from":[7.675,12.825,9.4],"to":[7.95,13.9,10.2],"rotation":{"angle":0,"axis":"x","origin":[0.925,22.725,14.075]},"faces":{"north":{"uv":[10.5,1.5,14.8,4.575],"texture":"#0"},"east":{"uv":[10.5,1.5,14.8,4.575],"texture":"#0"},"south":{"uv":[10.5,1.5,14.8,4.575],"texture":"#0"},"west":{"uv":[10.5,1.5,14.8,4.575],"texture":"#0"},"up":{"uv":[10.5,1.5,14.8,4.575],"texture":"#0"},"down":{"uv":[10.5,1.5,14.8,4.575],"texture":"#0"}}},{"from":[9.05,12.825,9.4],"to":[9.325,13.9,10.2],"rotation":{"angle":0,"axis":"x","origin":[16.075,22.725,14.075]},"faces":{"north":{"uv":[10.5,1,14.3,5.075],"texture":"#0"},"east":{"uv":[10.5,1,14.3,5.075],"texture":"#0"},"south":{"uv":[10.5,1,14.3,5.075],"texture":"#0"},"west":{"uv":[10.5,1,14.3,5.075],"texture":"#0"},"up":{"uv":[10.5,1,14.3,5.075],"texture":"#0"},"down":{"uv":[10.5,1,14.3,5.075],"texture":"#0"}}},{"from":[8,15.25,8],"to":[9,16,12.75],"rotation":{"angle":0,"axis":"y","origin":[16,23,19]},"faces":{"north":{"uv":[2,1,3,7.25],"texture":"#0"},"east":{"uv":[2,1,3,7.25],"rotation":90,"texture":"#0"},"south":{"uv":[2,1,3,7.25],"texture":"#0"},"west":{"uv":[2,1,3,7.25],"rotation":90,"texture":"#0"},"up":{"uv":[2,1,3,7.25],"texture":"#0"},"down":{"uv":[7.5,2.5,8.5,8.75],"texture":"#0"}}},{"from":[8.001,12.26929,14.94104],"to":[8.999,12.94229,15.23904],"rotation":{"angle":22.5,"axis":"x","origin":[16,20.01829,21.49004]},"faces":{"north":{"uv":[0,0,1,0.675],"texture":"#0"},"east":{"uv":[0,0,0.3,0.675],"texture":"#0"},"south":{"uv":[7.5,8.5,8.5,9.5],"texture":"#0"},"west":{"uv":[0,0,0.3,0.675],"texture":"#0"},"up":{"uv":[0,0,1,0.3],"texture":"#0"},"down":{"uv":[0,0,1,0.3],"texture":"#0"}}},{"from":[8.25,14.75,8],"to":[8.75,15,12],"rotation":{"angle":0,"axis":"y","origin":[16,22,19]},"faces":{"north":{"uv":[1.5,1.5,2.5,7.5],"texture":"#0"},"east":{"uv":[1.5,1.5,2.5,9.5],"rotation":90,"texture":"#0"},"south":{"uv":[1.5,1.5,2.5,7.5],"texture":"#0"},"west":{"uv":[1.5,1.5,2.5,9],"rotation":90,"texture":"#0"},"up":{"uv":[1.5,1.5,2.5,7.5],"texture":"#0"},"down":{"uv":[7.5,2.5,8.5,8.5],"texture":"#0"}}},{"from":[8.251,11.52034,14.14261],"to":[8.749,11.74334,14.24061],"rotation":{"angle":22.5,"axis":"x","origin":[16,18.76934,21.24161]},"faces":{"north":{"uv":[0,0,0.5,0.225],"texture":"#0"},"east":{"uv":[0,0,0.1,0.225],"texture":"#0"},"south":{"uv":[8,8.5,8.5,8.725],"texture":"#0"},"west":{"uv":[0,0,0.1,0.225],"texture":"#0"},"up":{"uv":[0,0,0.5,0.1],"texture":"#0"},"down":{"uv":[0,0,0.5,0.1],"texture":"#0"}}},{"from":[8,14.39594,-1.21163],"to":[9,18.14594,0.78837],"rotation":{"angle":-22.5,"axis":"x","origin":[16,25.14594,7.78837]},"faces":{"north":{"uv":[0,6.5,1,10.5],"texture":"#0"},"east":{"uv":[0,5.5,2.5,10.5],"texture":"#0"},"south":{"uv":[0,5.5,2.5,10.5],"texture":"#0"},"west":{"uv":[0,5.5,2.5,10.5],"texture":"#0"},"up":{"uv":[3.5,5,5,6],"rotation":90,"texture":"#0"},"down":{"uv":[7.5,5.5,8.5,10.5],"texture":"#0"}}},{"from":[8,13.14594,-1.21163],"to":[9,14.39594,-0.71163],"rotation":{"angle":-22.5,"axis":"x","origin":[16,25.14594,7.78837]},"faces":{"north":{"uv":[1.5,5.5,4,7.25],"texture":"#0"},"east":{"uv":[2,3.5,3,5.25],"texture":"#0"},"south":{"uv":[2,3.5,3,5.25],"texture":"#0"},"west":{"uv":[2,3.5,3,5.25],"texture":"#0"},"up":{"uv":[2,3.5,3,5.25],"texture":"#0"},"down":{"uv":[7.5,8.5,8.5,9.75],"texture":"#0"}}},{"from":[8,13.14594,-0.71163],"to":[9,13.52094,-0.21163],"rotation":{"angle":-22.5,"axis":"x","origin":[16,25.14594,7.78837]},"faces":{"north":{"uv":[0,0,1,0.375],"texture":"#0"},"east":{"uv":[0,0,0.5,0.375],"texture":"#0"},"south":{"uv":[7.5,9.5,8.5,9.875],"texture":"#0"},"west":{"uv":[0,0,0.5,0.375],"texture":"#0"},"up":{"uv":[7.5,7.5,8.5,8],"texture":"#0"},"down":{"uv":[7.5,9,8.5,9.5],"texture":"#0"}}},{"from":[8.25,13.14594,-1.46163],"to":[8.75,18.14594,-1.21163],"rotation":{"angle":-22.5,"axis":"x","origin":[16,25.14594,7.78837]},"faces":{"north":{"uv":[6.5,6,6.75,11],"texture":"#0"},"east":{"uv":[6.5,6,6.75,11],"texture":"#0"},"south":{"uv":[6.5,6,6.75,11],"texture":"#0"},"west":{"uv":[6.5,6,6.75,11],"texture":"#0"},"up":{"uv":[6.5,10.5,7.25,11],"texture":"#0"},"down":{"uv":[6.5,7.5,7.25,8],"texture":"#0"}}},{"from":[8.001,10.80758,4.0286],"to":[8.999,12.30558,4.5266],"rotation":{"angle":0,"axis":"x","origin":[16,22.80658,13.0276]},"faces":{"north":{"uv":[0,0,1,1.5],"texture":"#0"},"east":{"uv":[0,0,0.5,1.5],"texture":"#0"},"south":{"uv":[7.5,9,8.5,10.5],"texture":"#0"},"west":{"uv":[0,0,0.5,1.5],"texture":"#0"},"up":{"uv":[0,0,1,0.5],"texture":"#0"},"down":{"uv":[0,0,1,0.5],"texture":"#0"}}},{"from":[8,14.39594,0.78837],"to":[9,16.14594,3.68837],"rotation":{"angle":-22.5,"axis":"x","origin":[16,25.14594,7.78837]},"faces":{"north":{"uv":[0.5,4,3.9,6.25],"texture":"#0"},"east":{"uv":[0.5,4,3.9,6.25],"texture":"#0"},"south":{"uv":[0.5,4,3.9,6.25],"texture":"#0"},"west":{"uv":[0,7,3.4,9.25],"texture":"#0"},"up":{"uv":[0.5,4,3.9,6.25],"texture":"#0"},"down":{"uv":[7.5,5.5,8.4,7.75],"texture":"#0"}}},{"from":[8,16.84094,10.97609],"to":[9,19.24094,12.97609],"rotation":{"angle":22.5,"axis":"x","origin":[16,24.09094,1.97609]},"faces":{"north":{"uv":[7.5,6,8.5,8.4],"texture":"#0"},"east":{"uv":[7.5,6,8.5,8.4],"texture":"#0"},"south":{"uv":[7.5,6,8.5,8.4],"texture":"#0"},"west":{"uv":[7.5,6,8.5,8.4],"texture":"#0"},"up":{"uv":[7.5,6,8.5,8.4],"texture":"#0"},"down":{"uv":[7.5,6,8.5,8.4],"texture":"#0"}}},{"from":[8,7.91594,7.72609],"to":[9,14.74094,9.22609],"rotation":{"angle":0,"axis":"x","origin":[16,19.84094,-1.27391]},"faces":{"north":{"uv":[3,0,5,13],"rotation":180,"texture":"#1"},"east":{"uv":[0,0,3,13],"rotation":180,"texture":"#1"},"south":{"uv":[3,0,5,13],"rotation":180,"texture":"#1"},"west":{"uv":[0,0,3,13],"rotation":180,"texture":"#1"},"up":{"uv":[0,0,3,13],"rotation":180,"texture":"#1"},"down":{"uv":[0,0,3,13],"rotation":180,"texture":"#1"}}},{"from":[8,-1.45906,7.72609],"to":[9,5.76594,9.22609],"rotation":{"angle":0,"axis":"x","origin":[16,10.86594,-1.27391]},"faces":{"north":{"uv":[4,1,6,14],"rotation":180,"texture":"#1"},"east":{"uv":[0,0,3,13],"rotation":180,"texture":"#1"},"south":{"uv":[3,0,5,13],"rotation":180,"texture":"#1"},"west":{"uv":[0,0,3,13],"rotation":180,"texture":"#1"},"up":{"uv":[0,0,3,13],"rotation":180,"texture":"#1"},"down":{"uv":[0,0,3,13],"rotation":180,"texture":"#1"}}},{"from":[8.001,1.5969,10.47804],"to":[8.999,2.5199,11.97604],"rotation":{"angle":22.5,"axis":"x","origin":[16,7.6209,1.47704]},"faces":{"north":{"uv":[3,2,5,4],"rotation":270,"texture":"#1"},"east":{"uv":[0,0,2,2],"rotation":270,"texture":"#1"},"south":{"uv":[0,0,2,2],"rotation":270,"texture":"#1"},"west":{"uv":[0,0,2,2],"rotation":270,"texture":"#1"},"up":{"uv":[0,0,2,2],"rotation":270,"texture":"#1"},"down":{"uv":[3,1,5,3],"rotation":270,"texture":"#1"}}},{"from":[8.001,0.0969,10.47804],"to":[8.999,0.9949,11.97604],"rotation":{"angle":22.5,"axis":"x","origin":[16,7.6209,1.47704]},"faces":{"north":{"uv":[3,6,5,8],"rotation":270,"texture":"#1"},"east":{"uv":[0,2,2,4],"rotation":270,"texture":"#1"},"south":{"uv":[4,2,6,4],"rotation":270,"texture":"#1"},"west":{"uv":[0,1,2,3],"rotation":270,"texture":"#1"},"up":{"uv":[4,2,6,4],"rotation":270,"texture":"#1"},"down":{"uv":[4,2,6,4],"rotation":270,"texture":"#1"}}},{"from":[8.001,0.9969,11.20304],"to":[8.999,1.5949,11.97604],"rotation":{"angle":22.5,"axis":"x","origin":[16,7.6209,1.47704]},"faces":{"north":{"uv":[3,2,4,3],"rotation":180,"texture":"#1"},"east":{"uv":[0,0,0.6,0.725],"rotation":90,"texture":"#1"},"south":{"uv":[0,0,1,0.6],"texture":"#1"},"west":{"uv":[0,0,0.6,0.725],"rotation":270,"texture":"#1"},"up":{"uv":[0,0,1,0.725],"texture":"#1"},"down":{"uv":[0,0,1,0.725],"rotation":180,"texture":"#1"}}},{"from":[7.999,-1.27004,3.7061],"to":[9.001,-0.11804,4.9081],"rotation":{"angle":-22.5,"axis":"x","origin":[16,9.23096,11.2321]},"faces":{"north":{"uv":[0,0,2,2],"texture":"#1"},"east":{"uv":[0,0,2,2],"texture":"#1"},"south":{"uv":[3,2,5,4],"texture":"#1"},"west":{"uv":[0,0,2,2],"texture":"#1"},"up":{"uv":[0,0,2,2],"texture":"#1"},"down":{"uv":[4,3,6,5],"texture":"#1"}}},{"from":[8,-2.95906,8.20109],"to":[9,-1.45906,9.22609],"rotation":{"angle":0,"axis":"x","origin":[16,7.89094,15.72609]},"faces":{"north":{"uv":[0,0,2,3],"texture":"#1"},"east":{"uv":[0,0,2,3],"texture":"#1"},"south":{"uv":[4,4,6,7],"texture":"#1"},"west":{"uv":[0,0,2,3],"texture":"#1"},"up":{"uv":[0,0,2,3],"texture":"#1"},"down":{"uv":[0,0,2,3],"texture":"#1"}}},{"from":[7.996,6.23694,7.72209],"to":[9.004,7.91994,9.23009],"rotation":{"angle":0,"axis":"x","origin":[16,19.84094,-1.27391]},"faces":{"north":{"uv":[0,6.5,3.175,10],"rotation":270,"texture":"#0"},"east":{"uv":[0,4.5,4.675,10],"rotation":270,"texture":"#0"},"south":{"uv":[0,7,3.175,10],"rotation":270,"texture":"#0"},"west":{"uv":[0,4.5,4.675,10],"rotation":270,"texture":"#0"},"up":{"uv":[0,4.5,4.675,10],"rotation":270,"texture":"#0"},"down":{"uv":[0,4.5,4.675,10],"rotation":270,"texture":"#0"}}},{"from":[7.997,11.18794,7.72309],"to":[9.003,13.49394,9.22909],"rotation":{"angle":0,"axis":"x","origin":[16,24.79094,-1.27391]},"faces":{"north":{"uv":[3,4,5.5,8.15],"texture":"#0"},"east":{"uv":[3,4,5.5,8.15],"texture":"#0"},"south":{"uv":[7.5,7,8.5,11.15],"texture":"#0"},"west":{"uv":[3,4,5.5,8.15],"texture":"#0"},"up":{"uv":[3,4,5.5,8.15],"texture":"#0"},"down":{"uv":[3,4,5.5,8.15],"texture":"#0"}}},{"from":[7.95,5.74094,7.65109],"to":[9.05,6.24094,9.30109],"rotation":{"angle":0,"axis":"x","origin":[16,19.84094,-1.27391]},"faces":{"north":{"uv":[0,5,0.5,6.65],"rotation":270,"texture":"#0"},"east":{"uv":[0,4,0.5,5.65],"rotation":270,"texture":"#0"},"south":{"uv":[1,2.5,1.5,4.15],"rotation":270,"texture":"#0"},"west":{"uv":[0,4,0.5,5.65],"rotation":270,"texture":"#0"},"up":{"uv":[0,4,0.5,5.65],"rotation":270,"texture":"#0"},"down":{"uv":[1.5,12,2,13.65],"rotation":270,"texture":"#0"}}},{"from":[7.926,10.69194,7.65209],"to":[9.074,11.18994,9.30009],"rotation":{"angle":0,"axis":"x","origin":[16,24.79094,-1.27391]},"faces":{"north":{"uv":[1.5,9,3.5,10],"texture":"#0"},"east":{"uv":[0.5,7.5,3.5,8.5],"texture":"#0"},"south":{"uv":[0,9,2,10],"texture":"#0"},"west":{"uv":[0.5,5.5,3.5,6.5],"texture":"#0"},"up":{"uv":[0,9,2,10],"texture":"#0"},"down":{"uv":[0,9,2,10],"texture":"#0"}}},{"from":[7.95,-0.90906,7.65109],"to":[9.05,3.31594,9.30109],"rotation":{"angle":0,"axis":"x","origin":[16,13.19094,-1.27391]},"faces":{"north":{"uv":[0,14,7,16],"rotation":270,"texture":"#0"},"east":{"uv":[8,14,15,16],"rotation":270,"texture":"#0"},"south":{"uv":[0,14,7,16],"rotation":270,"texture":"#0"},"west":{"uv":[8,14,15,16],"rotation":270,"texture":"#0"},"up":{"uv":[8,14,15,16],"rotation":270,"texture":"#0"},"down":{"uv":[8,14,15,16],"rotation":270,"texture":"#0"}}},{"from":[7.875,-0.65906,7.57609],"to":[9.125,0.06594,9.37609],"rotation":{"angle":0,"axis":"x","origin":[16,13.19094,-1.27391]},"faces":{"north":{"uv":[9.5,12,10.05,13.3],"texture":"#0"},"east":{"uv":[9.5,12,10.05,13.3],"texture":"#0"},"south":{"uv":[9.5,12,10.05,13.3],"texture":"#0"},"west":{"uv":[9.5,12,10.05,13.3],"texture":"#0"},"up":{"uv":[9.5,12,10.05,13.3],"texture":"#0"},"down":{"uv":[9.5,12,10.05,13.3],"texture":"#0"}}},{"from":[7.875,0.69094,7.57609],"to":[9.125,1.41594,9.37609],"rotation":{"angle":0,"axis":"x","origin":[16,14.54094,-1.27391]},"faces":{"north":{"uv":[9.5,12,10.05,13.3],"texture":"#0"},"east":{"uv":[9.5,12,10.05,13.3],"texture":"#0"},"south":{"uv":[9.5,12,10.05,13.3],"texture":"#0"},"west":{"uv":[9.5,12,10.05,13.3],"texture":"#0"},"up":{"uv":[9.5,12,10.05,13.3],"texture":"#0"},"down":{"uv":[9.5,12,10.05,13.3],"texture":"#0"}}},{"from":[7.9,-4.30906,3.02609],"to":[9.1,-4.00906,4.82609],"rotation":{"angle":-22.5,"axis":"x","origin":[16,9.54094,-5.82391]},"faces":{"north":{"uv":[10,12.5,10.55,13.3],"texture":"#0"},"east":{"uv":[10,12.5,10.55,13.3],"texture":"#0"},"south":{"uv":[10,12.5,10.55,13.3],"texture":"#0"},"west":{"uv":[10,12.5,10.55,13.3],"texture":"#0"},"up":{"uv":[10,12.5,10.55,13.3],"texture":"#0"},"down":{"uv":[10,12.5,10.55,13.3],"texture":"#0"}}},{"from":[7.9,-12.30906,-1.24891],"to":[8,-11.90906,1.25109],"rotation":{"angle":-45,"axis":"x","origin":[16,1.64094,-9.49891]},"faces":{"north":{"uv":[10.5,11,10.9,13.5],"rotation":270,"texture":"#0"},"east":{"uv":[10.5,11,10.9,13.5],"rotation":270,"texture":"#0"},"south":{"uv":[10.5,11,10.9,13.5],"rotation":270,"texture":"#0"},"west":{"uv":[10.5,11,10.9,13.5],"rotation":270,"texture":"#0"},"up":{"uv":[10.5,11,10.9,13.5],"rotation":270,"texture":"#0"},"down":{"uv":[10.5,11,10.9,13.5],"rotation":270,"texture":"#0"}}},{"from":[8.025,-11.40906,-0.79891],"to":[8.125,-11.00906,1.25109],"rotation":{"angle":-45,"axis":"x","origin":[16.125,2.54094,-9.49891]},"faces":{"north":{"uv":[11,11.5,11.4,13.55],"rotation":270,"texture":"#0"},"east":{"uv":[11,11.5,11.4,13.55],"rotation":270,"texture":"#0"},"south":{"uv":[11,11.5,11.4,13.55],"rotation":270,"texture":"#0"},"west":{"uv":[11,11.5,11.4,13.55],"rotation":270,"texture":"#0"},"up":{"uv":[11,11.5,11.4,13.55],"rotation":270,"texture":"#0"},"down":{"uv":[11,11.5,11.4,13.55],"rotation":270,"texture":"#0"}}},{"from":[7.875,2.46594,7.57609],"to":[9.125,3.01594,9.37609],"rotation":{"angle":0,"axis":"x","origin":[16,16.31594,-1.27391]},"faces":{"north":{"uv":[9,12,9.55,13.3],"texture":"#0"},"east":{"uv":[9,12,9.55,13.3],"texture":"#0"},"south":{"uv":[9,12,9.55,13.3],"texture":"#0"},"west":{"uv":[9,12,9.55,13.3],"texture":"#0"},"up":{"uv":[9,12,9.55,13.3],"texture":"#0"},"down":{"uv":[9,12,9.55,13.3],"texture":"#0"}}},{"from":[7.875,1.56594,7.57609],"to":[9.125,2.06594,9.37609],"rotation":{"angle":0,"axis":"x","origin":[16,15.41594,-1.27391]},"faces":{"north":{"uv":[9.5,12,10.05,13.3],"texture":"#0"},"east":{"uv":[9.5,12,10.05,13.3],"texture":"#0"},"south":{"uv":[9.5,12,10.05,13.3],"texture":"#0"},"west":{"uv":[9.5,12,10.05,13.3],"texture":"#0"},"up":{"uv":[9.5,12,10.05,13.3],"texture":"#0"},"down":{"uv":[9.5,12,10.05,13.3],"texture":"#0"}}},{"from":[7.925,5.89094,13.47609],"to":[9.1,6.39094,15.37609],"rotation":{"angle":22.5,"axis":"x","origin":[16,19.74094,4.72609]},"faces":{"north":{"uv":[8,11.5,8.5,12.9],"texture":"#0"},"east":{"uv":[8,11.5,8.5,12.9],"texture":"#0"},"south":{"uv":[8,11.5,8.5,12.9],"texture":"#0"},"west":{"uv":[8,11.5,8.5,12.9],"texture":"#0"},"up":{"uv":[8,11.5,8.5,12.9],"texture":"#0"},"down":{"uv":[8,11.5,8.5,12.9],"texture":"#0"}}},{"from":[8.001,12.09194,10.47709],"to":[8.999,13.48994,11.97509],"rotation":{"angle":22.5,"axis":"x","origin":[16,18.59094,1.47609]},"faces":{"north":{"uv":[3,0,4,1.4],"rotation":180,"texture":"#1"},"east":{"uv":[0,2,1.4,3.5],"rotation":90,"texture":"#1"},"south":{"uv":[0,0,1,1.4],"texture":"#1"},"west":{"uv":[0,3,1.4,4.5],"rotation":270,"texture":"#1"},"up":{"uv":[0,0,1,1.5],"texture":"#1"},"down":{"uv":[0,0,1,1.5],"rotation":180,"texture":"#1"}}},{"from":[8.001,3.14194,6.37709],"to":[8.999,4.53994,7.87509],"rotation":{"angle":-22.5,"axis":"x","origin":[16,9.64094,-2.62391]},"faces":{"north":{"uv":[0,0,1,1.4],"rotation":180,"texture":"#1"},"east":{"uv":[0,0,1.4,1.5],"rotation":90,"texture":"#1"},"south":{"uv":[4,2,5,3.4],"texture":"#1"},"west":{"uv":[0,0,1.4,1.5],"rotation":270,"texture":"#1"},"up":{"uv":[0,0,1,1.5],"texture":"#1"},"down":{"uv":[0,0,1,1.5],"rotation":180,"texture":"#1"}}},{"from":[7.997,8.63794,3.37309],"to":[9.003,10.66894,4.02909],"rotation":{"angle":-22.5,"axis":"x","origin":[16,19.66594,9.87609]},"faces":{"north":{"uv":[0,6,3.5,11.525],"texture":"#0"},"east":{"uv":[0,6,3.5,11.525],"texture":"#0"},"south":{"uv":[0,6,3.5,11.525],"texture":"#0"},"west":{"uv":[0,6,2,9.525],"rotation":180,"texture":"#0"},"up":{"uv":[0,6,3.5,11.525],"texture":"#0"},"down":{"uv":[0,6,3.5,11.525],"texture":"#0"}}},{"from":[7.9,13.46594,14.15109],"to":[9.1,14.21594,17.25109],"rotation":{"angle":45,"axis":"x","origin":[16,19.96594,5.37609]},"faces":{"north":{"uv":[0,7.5,1,9.5],"rotation":270,"texture":"#0"},"east":{"uv":[0,4.5,1,9.5],"rotation":270,"texture":"#0"},"south":{"uv":[2,7.5,3,9],"rotation":270,"texture":"#0"},"west":{"uv":[0,4.5,1,9.5],"rotation":270,"texture":"#0"},"up":{"uv":[4.5,4,5.5,5.5],"rotation":270,"texture":"#0"},"down":{"uv":[0,12,1,13.5],"rotation":270,"texture":"#0"}}}],"display":{"thirdperson_righthand":{"translation":[-0.25,2,0.75],"scale":[0.93,0.81,1]},"thirdperson_lefthand":{"translation":[0.75,2.25,1.25],"scale":[0.93,0.81,1]},"firstperson_righthand":{"rotation":[10,0,0],"translation":[-2,1.25,-0.75],"scale":[1,0.9,0.97]},"firstperson_lefthand":{"rotation":[10,0,0],"translation":[-2,1.25,-0.75],"scale":[1,0.9,0.97]},"ground":{"rotation":[67,86,0],"translation":[0,-0.75,0],"scale":[0.6,0.6,0.6]},"gui":{"rotation":[57,-137,57],"scale":[0.7,0.7,0.7]},"head":{"rotation":[103,160,41],"translation":[-2.5,16.5,-5],"scale":[1.4,1.4,1.4]},"fixed":{"rotation":[0,90,0],"translation":[0,1.25,-0.25]}}}