{"credit":"Made with Blockbench","texture_size":[32,32],"textures":{"1":"hmcmodels:furniture/sculk_furniture/sculk_vase_2"},"elements":[{"from":[5,0,5],"to":[11,11,11],"faces":{"north":{"uv":[0,0,3,5.5],"texture":"#1"},"east":{"uv":[3,0,6,5.5],"texture":"#1"},"south":{"uv":[0,5.5,3,11],"texture":"#1"},"west":{"uv":[3,5.5,6,11],"texture":"#1"},"up":{"uv":[3,14,0,11],"texture":"#1"},"down":{"uv":[6,11,3,14],"texture":"#1"}}},{"from":[7,11,7],"to":[9,15,9],"faces":{"north":{"uv":[9,11,10,13],"texture":"#1"},"east":{"uv":[10,11,11,13],"texture":"#1"},"south":{"uv":[11,11,12,13],"texture":"#1"},"west":{"uv":[12,0,13,2],"texture":"#1"},"up":{"uv":[13,3,12,2],"texture":"#1"},"down":{"uv":[13,3,12,4],"texture":"#1"}}},{"from":[1,4,8],"to":[7,15,8],"faces":{"north":{"uv":[6,0,9,5.5],"texture":"#1"},"east":{"uv":[0,0,0,5.5],"texture":"#1"},"south":{"uv":[6,5.5,9,11],"texture":"#1"},"west":{"uv":[0,0,0,5.5],"texture":"#1"},"up":{"uv":[3,0,0,0],"texture":"#1"},"down":{"uv":[3,0,0,0],"texture":"#1"}}},{"from":[9,4,8],"to":[15,15,8],"rotation":{"angle":0,"axis":"y","origin":[16,0,0]},"faces":{"north":{"uv":[9,0,12,5.5],"texture":"#1"},"east":{"uv":[0,0,0,5.5],"texture":"#1"},"south":{"uv":[9,5.5,12,11],"texture":"#1"},"west":{"uv":[0,0,0,5.5],"texture":"#1"},"up":{"uv":[3,0,0,0],"texture":"#1"},"down":{"uv":[3,0,0,0],"texture":"#1"}}},{"from":[6.5,15,6.5],"to":[9.5,16,9.5],"faces":{"north":{"uv":[12,4,13.5,4.5],"texture":"#1"},"east":{"uv":[12,4.5,13.5,5],"texture":"#1"},"south":{"uv":[12,5,13.5,5.5],"texture":"#1"},"west":{"uv":[12,5.5,13.5,6],"texture":"#1"},"up":{"uv":[7.5,12.5,6,11],"texture":"#1"},"down":{"uv":[9,11,7.5,12.5],"texture":"#1"}}}],"display":{"thirdperson_righthand":{"rotation":[75,45,0],"translation":[0,2.5,0],"scale":[0.375,0.375,0.375]},"thirdperson_lefthand":{"rotation":[75,45,0],"translation":[0,2.5,0],"scale":[0.375,0.375,0.375]},"firstperson_righthand":{"rotation":[0,45,0],"scale":[0.4,0.4,0.4]},"firstperson_lefthand":{"rotation":[0,225,0],"scale":[0.4,0.4,0.4]},"ground":{"translation":[0,3,0],"scale":[0.25,0.25,0.25]},"gui":{"rotation":[30,225,0],"scale":[0.625,0.625,0.625]},"fixed":{"rotation":[-90,0,0],"translation":[0,0,-15.5],"scale":[2,2,2]}}}