{"credit":"Made with Blockbench","texture_size":[32,32],"textures":{"3":"hmcmodels:furniture/sculk_furniture/sculk_stool"},"elements":[{"from":[3,0,11],"to":[5,6,13],"faces":{"north":{"uv":[6,4,7,7],"texture":"#3"},"east":{"uv":[7,4,8,7],"texture":"#3"},"south":{"uv":[6,7,7,10],"texture":"#3"},"west":{"uv":[7,7,8,10],"texture":"#3"},"up":{"uv":[13,3,12,2],"texture":"#3"},"down":{"uv":[4,12,3,13],"texture":"#3"}}},{"from":[11,0,11],"to":[13,6,13],"rotation":{"angle":0,"axis":"y","origin":[16,0,0]},"faces":{"north":{"uv":[8,4,9,7],"texture":"#3"},"east":{"uv":[8,7,9,10],"texture":"#3"},"south":{"uv":[9,4,10,7],"texture":"#3"},"west":{"uv":[9,7,10,10],"texture":"#3"},"up":{"uv":[13,4,12,3],"texture":"#3"},"down":{"uv":[5,12,4,13],"texture":"#3"}}},{"from":[3,0,3],"to":[5,6,5],"rotation":{"angle":0,"axis":"y","origin":[0,0,16]},"faces":{"north":{"uv":[8,10,9,13],"texture":"#3"},"east":{"uv":[9,10,10,13],"texture":"#3"},"south":{"uv":[10,10,11,13],"texture":"#3"},"west":{"uv":[11,4,12,7],"texture":"#3"},"up":{"uv":[13,6,12,5],"texture":"#3"},"down":{"uv":[13,6,12,7],"texture":"#3"}}},{"from":[11,0,3],"to":[13,6,5],"rotation":{"angle":0,"axis":"y","origin":[16,0,16]},"faces":{"north":{"uv":[10,4,11,7],"texture":"#3"},"east":{"uv":[6,10,7,13],"texture":"#3"},"south":{"uv":[7,10,8,13],"texture":"#3"},"west":{"uv":[10,7,11,10],"texture":"#3"},"up":{"uv":[13,5,12,4],"texture":"#3"},"down":{"uv":[6,12,5,13],"texture":"#3"}}},{"from":[2,6,2],"to":[14,8,14],"faces":{"north":{"uv":[6,0,12,1],"texture":"#3"},"east":{"uv":[6,1,12,2],"texture":"#3"},"south":{"uv":[6,2,12,3],"texture":"#3"},"west":{"uv":[6,3,12,4],"texture":"#3"},"up":{"uv":[6,6,0,0],"texture":"#3"},"down":{"uv":[6,6,0,12],"texture":"#3"}}},{"from":[5,4,4],"to":[11,6,4],"rotation":{"angle":0,"axis":"y","origin":[8,5,8]},"faces":{"north":{"uv":[11,7,14,8],"texture":"#3"},"east":{"uv":[0,0,0,1],"texture":"#3"},"south":{"uv":[11,8,14,9],"texture":"#3"},"west":{"uv":[0,0,0,1],"texture":"#3"},"up":{"uv":[3,0,0,0],"texture":"#3"},"down":{"uv":[3,0,0,0],"texture":"#3"}}},{"from":[5,4,12],"to":[11,6,12],"rotation":{"angle":0,"axis":"y","origin":[8,5,8]},"faces":{"north":{"uv":[11,9,14,10],"texture":"#3"},"east":{"uv":[0,0,0,1],"texture":"#3"},"south":{"uv":[11,10,14,11],"texture":"#3"},"west":{"uv":[0,0,0,1],"texture":"#3"},"up":{"uv":[3,0,0,0],"texture":"#3"},"down":{"uv":[3,0,0,0],"texture":"#3"}}},{"from":[4,4,5],"to":[4,6,11],"rotation":{"angle":0,"axis":"y","origin":[8,5,8]},"faces":{"north":{"uv":[0,0,0,1],"texture":"#3"},"east":{"uv":[12,0,15,1],"texture":"#3"},"south":{"uv":[0,0,0,1],"texture":"#3"},"west":{"uv":[12,1,15,2],"texture":"#3"},"up":{"uv":[0,3,0,0],"texture":"#3"},"down":{"uv":[0,0,0,3],"texture":"#3"}}},{"from":[12,4,5],"to":[12,6,11],"rotation":{"angle":0,"axis":"y","origin":[8,5,8]},"faces":{"north":{"uv":[0,0,0,1],"texture":"#3"},"east":{"uv":[11,11,14,12],"texture":"#3"},"south":{"uv":[0,0,0,1],"texture":"#3"},"west":{"uv":[0,12,3,13],"texture":"#3"},"up":{"uv":[0,3,0,0],"texture":"#3"},"down":{"uv":[0,0,0,3],"texture":"#3"}}}],"display":{"thirdperson_righthand":{"rotation":[75,45,0],"translation":[0,2.5,0],"scale":[0.375,0.375,0.375]},"thirdperson_lefthand":{"rotation":[75,45,0],"translation":[0,2.5,0],"scale":[0.375,0.375,0.375]},"firstperson_righthand":{"rotation":[0,45,0],"scale":[0.4,0.4,0.4]},"firstperson_lefthand":{"rotation":[0,225,0],"scale":[0.4,0.4,0.4]},"ground":{"translation":[0,3,0],"scale":[0.25,0.25,0.25]},"gui":{"rotation":[30,225,0],"translation":[0,-0.75,0],"scale":[0.5,0.5,0.5]},"fixed":{"rotation":[-90,0,0],"translation":[0,0,-15.5],"scale":[2,2,2]}}}