{"credit":"Made with Blockbench","texture_size":[64,64],"textures":{"1":"hmcmodels:furniture/sculk_furniture/sculk_chair"},"elements":[{"from":[2,0,12],"to":[4,6,14],"faces":{"north":{"uv":[2,6,2.5,7.5],"texture":"#1"},"east":{"uv":[6,2,6.5,3.5],"texture":"#1"},"south":{"uv":[2.5,6,3,7.5],"texture":"#1"},"west":{"uv":[3,6,3.5,7.5],"texture":"#1"},"up":{"uv":[7.5,5.5,7,5],"texture":"#1"},"down":{"uv":[7.5,5.5,7,6],"texture":"#1"}}},{"from":[2,8,12],"to":[4,20,14],"faces":{"north":{"uv":[5,2,5.5,5],"texture":"#1"},"east":{"uv":[5,5,5.5,8],"texture":"#1"},"south":{"uv":[5.5,2,6,5],"texture":"#1"},"west":{"uv":[5.5,5,6,8],"texture":"#1"},"up":{"uv":[7.5,6.5,7,6],"texture":"#1"},"down":{"uv":[7.5,6.5,7,7],"texture":"#1"}}},{"from":[12,8,12],"to":[14,20,14],"rotation":{"angle":0,"axis":"y","origin":[16,0,0]},"faces":{"north":{"uv":[0,6,0.5,9],"texture":"#1"},"east":{"uv":[0.5,6,1,9],"texture":"#1"},"south":{"uv":[1,6,1.5,9],"texture":"#1"},"west":{"uv":[1.5,6,2,9],"texture":"#1"},"up":{"uv":[8,2.5,7.5,2],"texture":"#1"},"down":{"uv":[3,7.5,2.5,8],"texture":"#1"}}},{"from":[12,0,12],"to":[14,6,14],"rotation":{"angle":0,"axis":"y","origin":[16,0,0]},"faces":{"north":{"uv":[3.5,6,4,7.5],"texture":"#1"},"east":{"uv":[6,3.5,6.5,5],"texture":"#1"},"south":{"uv":[4,6,4.5,7.5],"texture":"#1"},"west":{"uv":[4.5,6,5,7.5],"texture":"#1"},"up":{"uv":[7.5,7.5,7,7],"texture":"#1"},"down":{"uv":[2.5,7.5,2,8],"texture":"#1"}}},{"from":[2,0,2],"to":[4,6,4],"rotation":{"angle":0,"axis":"y","origin":[0,0,16]},"faces":{"north":{"uv":[6,6.5,6.5,8],"texture":"#1"},"east":{"uv":[6.5,6.5,7,8],"texture":"#1"},"south":{"uv":[7,2,7.5,3.5],"texture":"#1"},"west":{"uv":[7,3.5,7.5,5],"texture":"#1"},"up":{"uv":[8,3.5,7.5,3],"texture":"#1"},"down":{"uv":[4,7.5,3.5,8],"texture":"#1"}}},{"from":[12,0,2],"to":[14,6,4],"rotation":{"angle":0,"axis":"y","origin":[16,0,16]},"faces":{"north":{"uv":[6,5,6.5,6.5],"texture":"#1"},"east":{"uv":[6.5,2,7,3.5],"texture":"#1"},"south":{"uv":[6.5,3.5,7,5],"texture":"#1"},"west":{"uv":[6.5,5,7,6.5],"texture":"#1"},"up":{"uv":[8,3,7.5,2.5],"texture":"#1"},"down":{"uv":[3.5,7.5,3,8],"texture":"#1"}}},{"from":[4,8,13],"to":[12,20,13],"faces":{"north":{"uv":[3,0,5,3],"texture":"#1"},"east":{"uv":[0,0,0,3],"texture":"#1"},"south":{"uv":[3,3,5,6],"texture":"#1"},"west":{"uv":[0,0,0,3],"texture":"#1"},"up":{"uv":[2,0,0,0],"texture":"#1"},"down":{"uv":[2,0,0,0],"texture":"#1"}}},{"from":[2,6,2],"to":[14,8,14],"faces":{"north":{"uv":[5,0,8,0.5],"texture":"#1"},"east":{"uv":[5,0.5,8,1],"texture":"#1"},"south":{"uv":[5,1,8,1.5],"texture":"#1"},"west":{"uv":[5,1.5,8,2],"texture":"#1"},"up":{"uv":[3,3,0,0],"texture":"#1"},"down":{"uv":[3,3,0,6],"texture":"#1"}}}],"display":{"thirdperson_righthand":{"rotation":[75,45,0],"translation":[0,2.5,0],"scale":[0.375,0.375,0.375]},"thirdperson_lefthand":{"rotation":[75,45,0],"translation":[0,2.5,0],"scale":[0.375,0.375,0.375]},"firstperson_righthand":{"rotation":[0,45,0],"scale":[0.4,0.4,0.4]},"firstperson_lefthand":{"rotation":[0,225,0],"scale":[0.4,0.4,0.4]},"ground":{"translation":[0,3,0],"scale":[0.25,0.25,0.25]},"gui":{"rotation":[30,225,0],"translation":[0,-0.75,0],"scale":[0.5,0.5,0.5]},"fixed":{"rotation":[-90,0,0],"translation":[0,0,-15.5],"scale":[2,2,2]}}}