{"credit":"Made with Blockbench","texture_size":[32,32],"textures":{"1":"hmcmodels:furniture/sculk_furniture/sculk_deco_2"},"elements":[{"from":[15,-2,9],"to":[15,4,11],"rotation":{"angle":22.5,"axis":"x","origin":[8,4,8]},"faces":{"north":{"uv":[0,0,0,3],"rotation":180,"texture":"#1"},"east":{"uv":[3,2,4,5],"rotation":180,"texture":"#1"},"south":{"uv":[0,0,0,3],"rotation":180,"texture":"#1"},"west":{"uv":[2,2,3,5],"rotation":180,"texture":"#1"},"up":{"uv":[0,0,0,1],"rotation":180,"texture":"#1"},"down":{"uv":[0,1,0,0],"rotation":180,"texture":"#1"}}},{"from":[9,-2,9],"to":[15,-2,11],"rotation":{"angle":22.5,"axis":"x","origin":[8,4,8]},"faces":{"north":{"uv":[0,0,3,0],"rotation":180,"texture":"#1"},"east":{"uv":[0,0,1,0],"rotation":180,"texture":"#1"},"south":{"uv":[0,0,3,0],"rotation":180,"texture":"#1"},"west":{"uv":[0,0,1,0],"rotation":180,"texture":"#1"},"up":{"uv":[7,3,4,4],"rotation":180,"texture":"#1"},"down":{"uv":[7,3,4,2],"rotation":180,"texture":"#1"}}},{"from":[15,-2,6],"to":[15,4,8],"rotation":{"angle":22.5,"axis":"x","origin":[8,4,8]},"faces":{"north":{"uv":[0,0,0,3],"rotation":180,"texture":"#1"},"east":{"uv":[2,6,3,9],"rotation":180,"texture":"#1"},"south":{"uv":[0,0,0,3],"rotation":180,"texture":"#1"},"west":{"uv":[5,5,6,8],"rotation":180,"texture":"#1"},"up":{"uv":[0,0,0,1],"rotation":180,"texture":"#1"},"down":{"uv":[0,1,0,0],"rotation":180,"texture":"#1"}}},{"from":[9,-2,6],"to":[15,-2,8],"rotation":{"angle":22.5,"axis":"x","origin":[8,4,8]},"faces":{"north":{"uv":[0,0,3,0],"rotation":180,"texture":"#1"},"east":{"uv":[0,0,1,0],"rotation":180,"texture":"#1"},"south":{"uv":[0,0,3,0],"rotation":180,"texture":"#1"},"west":{"uv":[0,0,1,0],"rotation":180,"texture":"#1"},"up":{"uv":[5,5,2,6],"rotation":180,"texture":"#1"},"down":{"uv":[7,5,4,4],"rotation":180,"texture":"#1"}}},{"from":[15,-2,3],"to":[15,4,5],"rotation":{"angle":22.5,"axis":"x","origin":[8,4,8]},"faces":{"north":{"uv":[0,0,0,3],"rotation":180,"texture":"#1"},"east":{"uv":[4,6,5,9],"rotation":180,"texture":"#1"},"south":{"uv":[0,0,0,3],"rotation":180,"texture":"#1"},"west":{"uv":[3,6,4,9],"rotation":180,"texture":"#1"},"up":{"uv":[0,0,0,1],"rotation":180,"texture":"#1"},"down":{"uv":[0,1,0,0],"rotation":180,"texture":"#1"}}},{"from":[9,-2,3],"to":[15,-2,5],"rotation":{"angle":22.5,"axis":"x","origin":[8,4,8]},"faces":{"north":{"uv":[0,0,3,0],"rotation":180,"texture":"#1"},"east":{"uv":[0,0,1,0],"rotation":180,"texture":"#1"},"south":{"uv":[0,0,3,0],"rotation":180,"texture":"#1"},"west":{"uv":[0,0,1,0],"rotation":180,"texture":"#1"},"up":{"uv":[9,6,6,7],"rotation":180,"texture":"#1"},"down":{"uv":[9,6,6,5],"rotation":180,"texture":"#1"}}},{"from":[1,-2,9],"to":[1,4,11],"rotation":{"angle":22.5,"axis":"x","origin":[8,4,8]},"faces":{"north":{"uv":[0,0,0,3],"rotation":180,"texture":"#1"},"east":{"uv":[8,9,9,12],"rotation":180,"texture":"#1"},"south":{"uv":[0,0,0,3],"rotation":180,"texture":"#1"},"west":{"uv":[7,9,8,12],"rotation":180,"texture":"#1"},"up":{"uv":[0,0,0,1],"rotation":180,"texture":"#1"},"down":{"uv":[0,1,0,0],"rotation":180,"texture":"#1"}}},{"from":[1,-2,9],"to":[7,-2,11],"rotation":{"angle":22.5,"axis":"x","origin":[8,4,8]},"faces":{"north":{"uv":[0,0,3,0],"rotation":180,"texture":"#1"},"east":{"uv":[0,0,1,0],"rotation":180,"texture":"#1"},"south":{"uv":[0,0,3,0],"rotation":180,"texture":"#1"},"west":{"uv":[0,0,1,0],"rotation":180,"texture":"#1"},"up":{"uv":[5,9,2,10],"rotation":180,"texture":"#1"},"down":{"uv":[12,2,9,1],"rotation":180,"texture":"#1"}}},{"from":[1,-2,6],"to":[7,-2,8],"rotation":{"angle":22.5,"axis":"x","origin":[8,4,8]},"faces":{"north":{"uv":[0,0,3,0],"rotation":180,"texture":"#1"},"east":{"uv":[0,0,1,0],"rotation":180,"texture":"#1"},"south":{"uv":[0,0,3,0],"rotation":180,"texture":"#1"},"west":{"uv":[0,0,1,0],"rotation":180,"texture":"#1"},"up":{"uv":[10,8,7,9],"rotation":180,"texture":"#1"},"down":{"uv":[11,5,8,4],"rotation":180,"texture":"#1"}}},{"from":[1,-2,6],"to":[1,4,8],"rotation":{"angle":22.5,"axis":"x","origin":[8,4,8]},"faces":{"north":{"uv":[0,0,0,3],"rotation":180,"texture":"#1"},"east":{"uv":[5,8,6,11],"rotation":180,"texture":"#1"},"south":{"uv":[0,0,0,3],"rotation":180,"texture":"#1"},"west":{"uv":[8,1,9,4],"rotation":180,"texture":"#1"},"up":{"uv":[0,0,0,1],"rotation":180,"texture":"#1"},"down":{"uv":[0,1,0,0],"rotation":180,"texture":"#1"}}},{"from":[1,-2,3],"to":[7,-2,5],"rotation":{"angle":22.5,"axis":"x","origin":[8,4,8]},"faces":{"north":{"uv":[0,0,3,0],"rotation":180,"texture":"#1"},"east":{"uv":[0,0,1,0],"rotation":180,"texture":"#1"},"south":{"uv":[0,0,3,0],"rotation":180,"texture":"#1"},"west":{"uv":[0,0,1,0],"rotation":180,"texture":"#1"},"up":{"uv":[11,0,8,1],"rotation":180,"texture":"#1"},"down":{"uv":[10,8,7,7],"rotation":180,"texture":"#1"}}},{"from":[9,4,6],"to":[15,4,8],"rotation":{"angle":22.5,"axis":"x","origin":[8,4,8]},"faces":{"north":{"uv":[0,0,3,0],"rotation":180,"texture":"#1"},"east":{"uv":[0,0,1,0],"rotation":180,"texture":"#1"},"south":{"uv":[0,0,3,0],"rotation":180,"texture":"#1"},"west":{"uv":[0,0,1,0],"rotation":180,"texture":"#1"},"up":{"uv":[6,11,3,12],"rotation":180,"texture":"#1"},"down":{"uv":[6,12,3,11],"rotation":180,"texture":"#1"}}},{"from":[9,4,3],"to":[15,4,5],"rotation":{"angle":22.5,"axis":"x","origin":[8,4,8]},"faces":{"north":{"uv":[0,0,3,0],"rotation":180,"texture":"#1"},"east":{"uv":[0,0,1,0],"rotation":180,"texture":"#1"},"south":{"uv":[0,0,3,0],"rotation":180,"texture":"#1"},"west":{"uv":[0,0,1,0],"rotation":180,"texture":"#1"},"up":{"uv":[3,11,0,12],"rotation":180,"texture":"#1"},"down":{"uv":[3,12,0,11],"rotation":180,"texture":"#1"}}},{"from":[9,4,9],"to":[15,4,11],"rotation":{"angle":22.5,"axis":"x","origin":[8,4,8]},"faces":{"north":{"uv":[0,0,3,0],"rotation":180,"texture":"#1"},"east":{"uv":[0,0,1,0],"rotation":180,"texture":"#1"},"south":{"uv":[0,0,3,0],"rotation":180,"texture":"#1"},"west":{"uv":[0,0,1,0],"rotation":180,"texture":"#1"},"up":{"uv":[13,8,10,9],"rotation":180,"texture":"#1"},"down":{"uv":[13,9,10,8],"rotation":180,"texture":"#1"}}},{"from":[1,4,9],"to":[7,4,11],"rotation":{"angle":22.5,"axis":"x","origin":[8,4,8]},"faces":{"north":{"uv":[0,0,3,0],"rotation":180,"texture":"#1"},"east":{"uv":[0,0,1,0],"rotation":180,"texture":"#1"},"south":{"uv":[0,0,3,0],"rotation":180,"texture":"#1"},"west":{"uv":[0,0,1,0],"rotation":180,"texture":"#1"},"up":{"uv":[3,10,0,11],"rotation":180,"texture":"#1"},"down":{"uv":[3,11,0,10],"rotation":180,"texture":"#1"}}},{"from":[1,4,6],"to":[7,4,8],"rotation":{"angle":22.5,"axis":"x","origin":[8,4,8]},"faces":{"north":{"uv":[0,0,3,0],"rotation":180,"texture":"#1"},"east":{"uv":[0,0,1,0],"rotation":180,"texture":"#1"},"south":{"uv":[0,0,3,0],"rotation":180,"texture":"#1"},"west":{"uv":[0,0,1,0],"rotation":180,"texture":"#1"},"up":{"uv":[12,6,9,7],"rotation":180,"texture":"#1"},"down":{"uv":[12,7,9,6],"rotation":180,"texture":"#1"}}},{"from":[1,4,3],"to":[7,4,5],"rotation":{"angle":22.5,"axis":"x","origin":[8,4,8]},"faces":{"north":{"uv":[0,0,3,0],"rotation":180,"texture":"#1"},"east":{"uv":[0,0,1,0],"rotation":180,"texture":"#1"},"south":{"uv":[0,0,3,0],"rotation":180,"texture":"#1"},"west":{"uv":[0,0,1,0],"rotation":180,"texture":"#1"},"up":{"uv":[12,3,9,4],"rotation":180,"texture":"#1"},"down":{"uv":[12,4,9,3],"rotation":180,"texture":"#1"}}},{"from":[1,-2,3],"to":[1,4,5],"rotation":{"angle":22.5,"axis":"x","origin":[8,4,8]},"faces":{"north":{"uv":[0,0,0,3],"rotation":180,"texture":"#1"},"east":{"uv":[6,7,7,10],"rotation":180,"texture":"#1"},"south":{"uv":[0,0,0,3],"rotation":180,"texture":"#1"},"west":{"uv":[7,2,8,5],"rotation":180,"texture":"#1"},"up":{"uv":[0,0,0,1],"rotation":180,"texture":"#1"},"down":{"uv":[0,1,0,0],"rotation":180,"texture":"#1"}}},{"from":[7,3,1],"to":[9,5,17],"rotation":{"angle":22.5,"axis":"x","origin":[8,4,8]},"faces":{"north":{"uv":[3,10,4,11],"rotation":180,"texture":"#1"},"east":{"uv":[0,1,8,2],"rotation":180,"texture":"#1"},"south":{"uv":[4,10,5,11],"rotation":180,"texture":"#1"},"west":{"uv":[8,1,0,0],"rotation":180,"texture":"#1"},"up":{"uv":[0,2,1,10],"rotation":180,"texture":"#1"},"down":{"uv":[1,10,0,2],"rotation":180,"texture":"#1"}}}],"display":{"thirdperson_righthand":{"rotation":[75,45,0],"translation":[0,2.5,0],"scale":[0.375,0.375,0.375]},"thirdperson_lefthand":{"rotation":[75,45,0],"translation":[0,2.5,0],"scale":[0.375,0.375,0.375]},"firstperson_righthand":{"rotation":[0,45,0],"scale":[0.4,0.4,0.4]},"firstperson_lefthand":{"rotation":[0,225,0],"scale":[0.4,0.4,0.4]},"ground":{"translation":[0,3,0],"scale":[0.25,0.25,0.25]},"gui":{"rotation":[30,225,0],"translation":[-0.5,2.5,0],"scale":[0.625,0.625,0.625]},"fixed":{"rotation":[-90,0,0],"translation":[0,0,-15.5],"scale":[2,2,2]}}}