{"credit":"Made with Blockbench","texture_size":[64,64],"textures":{"3":"hmcmodels:furniture/sculk_furniture/sculk_table"},"elements":[{"from":[1,0,13],"to":[3,14,15],"faces":{"north":{"uv":[6.5,3.5,7,7],"texture":"#3"},"east":{"uv":[4,6.5,4.5,10],"texture":"#3"},"south":{"uv":[4.5,6.5,5,10],"texture":"#3"},"west":{"uv":[5,6.5,5.5,10],"texture":"#3"},"up":{"uv":[8.5,0.5,8,0],"texture":"#3"},"down":{"uv":[8.5,0.5,8,1],"texture":"#3"}}},{"from":[1,0,1],"to":[3,14,3],"rotation":{"angle":0,"axis":"y","origin":[0,0,16]},"faces":{"north":{"uv":[5.5,6.5,6,10],"texture":"#3"},"east":{"uv":[6,6.5,6.5,10],"texture":"#3"},"south":{"uv":[7,3.5,7.5,7],"texture":"#3"},"west":{"uv":[6.5,7,7,10.5],"texture":"#3"},"up":{"uv":[8.5,1.5,8,1],"texture":"#3"},"down":{"uv":[8.5,1.5,8,2],"texture":"#3"}}},{"from":[13,0,1],"to":[15,14,3],"rotation":{"angle":0,"axis":"y","origin":[16,0,16]},"faces":{"north":{"uv":[0.5,8,1,11.5],"texture":"#3"},"east":{"uv":[1,8,1.5,11.5],"texture":"#3"},"south":{"uv":[1.5,8,2,11.5],"texture":"#3"},"west":{"uv":[2,8,2.5,11.5],"texture":"#3"},"up":{"uv":[4,8.5,3.5,8],"texture":"#3"},"down":{"uv":[8.5,3.5,8,4],"texture":"#3"}}},{"from":[13,0,13],"to":[15,14,15],"rotation":{"angle":0,"axis":"y","origin":[16,0,0]},"faces":{"north":{"uv":[7,7,7.5,10.5],"texture":"#3"},"east":{"uv":[7.5,3.5,8,7],"texture":"#3"},"south":{"uv":[7.5,7,8,10.5],"texture":"#3"},"west":{"uv":[0,8,0.5,11.5],"texture":"#3"},"up":{"uv":[3,8.5,2.5,8],"texture":"#3"},"down":{"uv":[3.5,8,3,8.5],"texture":"#3"}}},{"from":[0,14,0],"to":[16,16,16],"faces":{"north":{"uv":[4,0,8,0.5],"texture":"#3"},"east":{"uv":[4,0.5,8,1],"texture":"#3"},"south":{"uv":[4,1,8,1.5],"texture":"#3"},"west":{"uv":[4,1.5,8,2],"texture":"#3"},"up":{"uv":[4,4,0,0],"texture":"#3"},"down":{"uv":[4,4,0,8],"texture":"#3"}}},{"from":[2,11,3],"to":[2,14,13],"faces":{"north":{"uv":[0,0,0,0.75],"texture":"#3"},"east":{"uv":[4,2,6.5,2.75],"texture":"#3"},"south":{"uv":[0,0,0,0.75],"texture":"#3"},"west":{"uv":[4,2.75,6.5,3.5],"texture":"#3"},"up":{"uv":[0,2.5,0,0],"texture":"#3"},"down":{"uv":[0,0,0,2.5],"texture":"#3"}}},{"from":[14,11,3],"to":[14,14,13],"rotation":{"angle":0,"axis":"y","origin":[16,0,0]},"faces":{"north":{"uv":[0,0,0,0.75],"texture":"#3"},"east":{"uv":[4,3.5,6.5,4.25],"texture":"#3"},"south":{"uv":[0,0,0,0.75],"texture":"#3"},"west":{"uv":[4,4.25,6.5,5],"texture":"#3"},"up":{"uv":[0,2.5,0,0],"texture":"#3"},"down":{"uv":[0,0,0,2.5],"texture":"#3"}}},{"from":[3,11,2],"to":[13,14,2],"rotation":{"angle":0,"axis":"y","origin":[8,12.5,8]},"faces":{"north":{"uv":[6.5,2,9,2.75],"texture":"#3"},"east":{"uv":[0,0,0,0.75],"texture":"#3"},"south":{"uv":[6.5,2.75,9,3.5],"texture":"#3"},"west":{"uv":[0,0,0,0.75],"texture":"#3"},"up":{"uv":[2.5,0,0,0],"texture":"#3"},"down":{"uv":[2.5,0,0,0],"texture":"#3"}}},{"from":[3,11,14],"to":[13,14,14],"rotation":{"angle":0,"axis":"y","origin":[8,12.5,8]},"faces":{"north":{"uv":[4,5,6.5,5.75],"texture":"#3"},"east":{"uv":[0,0,0,0.75],"texture":"#3"},"south":{"uv":[4,5.75,6.5,6.5],"texture":"#3"},"west":{"uv":[0,0,0,0.75],"texture":"#3"},"up":{"uv":[2.5,0,0,0],"texture":"#3"},"down":{"uv":[2.5,0,0,0],"texture":"#3"}}}],"display":{"thirdperson_righthand":{"rotation":[75,45,0],"translation":[0,2.5,0],"scale":[0.375,0.375,0.375]},"thirdperson_lefthand":{"rotation":[75,45,0],"translation":[0,2.5,0],"scale":[0.375,0.375,0.375]},"firstperson_righthand":{"rotation":[0,45,0],"scale":[0.4,0.4,0.4]},"firstperson_lefthand":{"rotation":[0,225,0],"scale":[0.4,0.4,0.4]},"ground":{"translation":[0,3,0],"scale":[0.25,0.25,0.25]},"gui":{"rotation":[30,225,0],"scale":[0.625,0.625,0.625]},"fixed":{"rotation":[-90,0,0],"translation":[0,0,-15.5],"scale":[2,2,2]}}}