{"credit":"Made with Blockbench","texture_size":[64,64],"textures":{"0":"mineinabyss:cosmetics/atlantis_axe","particle":"mineinabyss:cosmetics/atlantis_axe"},"elements":[{"from":[7,-10.5,7.5],"to":[8,19.5,9],"faces":{"north":{"uv":[1.5,2.5,1.75,10],"texture":"#0"},"east":{"uv":[0,0,0.5,7.5],"texture":"#0"},"south":{"uv":[2,2.5,2.25,10],"texture":"#0"},"west":{"uv":[0.75,0,1.25,7.5],"texture":"#0"},"up":{"uv":[9.25,3.5,9,3],"texture":"#0"},"down":{"uv":[9.5,6.25,9.25,6.75],"texture":"#0"}}},{"from":[6.75,-13,7.25],"to":[8.25,-10,9.25],"rotation":{"angle":22.5,"axis":"x","origin":[7.5,-10,9]},"faces":{"north":{"uv":[6.5,2,7,2.75],"texture":"#0"},"east":{"uv":[6.5,4.5,7,5.25],"texture":"#0"},"south":{"uv":[6.5,5.5,7,6.25],"texture":"#0"},"west":{"uv":[6.5,6.5,7,7.25],"texture":"#0"},"up":{"uv":[5,8.5,4.5,8],"texture":"#0"},"down":{"uv":[8.5,4.75,8,5.25],"texture":"#0"}}},{"from":[7,-13,7.5],"to":[8,-10.5,9],"rotation":{"angle":-22.5,"axis":"x","origin":[7.5,-10.5,9]},"faces":{"north":{"uv":[8.5,7.25,8.75,8],"texture":"#0"},"east":{"uv":[7,0,7.5,0.75],"texture":"#0"},"south":{"uv":[8.5,8.25,8.75,9],"texture":"#0"},"west":{"uv":[7,1,7.5,1.75],"texture":"#0"},"up":{"uv":[8.5,9.75,8.25,9.25],"texture":"#0"},"down":{"uv":[9,9.25,8.75,9.75],"texture":"#0"}}},{"from":[6.75,13.5,6.5],"to":[8.25,17,10],"rotation":{"angle":45,"axis":"x","origin":[7.5,15.25,8.25]},"faces":{"north":{"uv":[5,4.75,5.5,5.75],"texture":"#0"},"east":{"uv":[3.75,0,4.75,1],"texture":"#0"},"south":{"uv":[2.5,5.25,3,6.25],"texture":"#0"},"west":{"uv":[3.75,1.25,4.75,2.25],"texture":"#0"},"up":{"uv":[3.75,6.25,3.25,5.25],"texture":"#0"},"down":{"uv":[6.25,4.75,5.75,5.75],"texture":"#0"}}},{"from":[6.5,14,7],"to":[8.5,16.5,9.5],"rotation":{"angle":45,"axis":"x","origin":[7.5,15.25,8.25]},"faces":{"north":{"uv":[7.25,2,7.75,2.75],"texture":"#0"},"east":{"uv":[5,0.75,5.75,1.5],"texture":"#0"},"south":{"uv":[7.25,3,7.75,3.75],"texture":"#0"},"west":{"uv":[5,1.75,5.75,2.5],"texture":"#0"},"up":{"uv":[7.75,4.75,7.25,4],"texture":"#0"},"down":{"uv":[7.75,5,7.25,5.75],"texture":"#0"}}},{"from":[7.1,15,2.5],"to":[7.9,17,7.5],"rotation":{"angle":0,"axis":"y","origin":[7.5,17,7.5]},"faces":{"north":{"uv":[9.25,9.25,9.5,9.75],"texture":"#0"},"east":{"uv":[2.5,4.5,3.75,5],"texture":"#0"},"south":{"uv":[0,9.5,0.25,10],"texture":"#0"},"west":{"uv":[5,0,6.25,0.5],"texture":"#0"},"up":{"uv":[8.25,3,8,1.75],"texture":"#0"},"down":{"uv":[8.25,3.25,8,4.5],"texture":"#0"}}},{"from":[7.208,15,2.5],"to":[7.802,17,5.5],"rotation":{"angle":22.5,"axis":"x","origin":[7.505,17,5.5]},"faces":{"north":{"uv":[0.5,9.5,0.75,10],"texture":"#0"},"east":{"uv":[7.25,6,8,6.5],"texture":"#0"},"south":{"uv":[1,9.5,1.25,10],"texture":"#0"},"west":{"uv":[7.25,6.75,8,7.25],"texture":"#0"},"up":{"uv":[9,0.75,8.75,0],"texture":"#0"},"down":{"uv":[9,4.25,8.75,5],"texture":"#0"}}},{"from":[7.2,12.30029,1.96299],"to":[7.8,16.30029,2.86299],"rotation":{"angle":0,"axis":"y","origin":[7.5,16.30029,1.96299]},"faces":{"north":{"uv":[5.25,8,5.5,9],"texture":"#0"},"east":{"uv":[5.75,8,6,9],"texture":"#0"},"south":{"uv":[8,7.5,8.25,8.5],"texture":"#0"},"west":{"uv":[8.25,0,8.5,1],"texture":"#0"},"up":{"uv":[4.75,10,4.5,9.75],"texture":"#0"},"down":{"uv":[10,4.5,9.75,4.75],"texture":"#0"}}},{"from":[7.21592,13.05029,2.21299],"to":[7.80398,15.30029,2.96299],"rotation":{"angle":22.5,"axis":"x","origin":[7.50995,13.30029,2.96299]},"faces":{"north":{"uv":[9.5,1,9.75,1.5],"texture":"#0"},"east":{"uv":[9.5,1.75,9.75,2.25],"texture":"#0"},"south":{"uv":[9.5,2.5,9.75,3],"texture":"#0"},"west":{"uv":[9.5,3.25,9.75,3.75],"texture":"#0"},"up":{"uv":[10,5.25,9.75,5],"texture":"#0"},"down":{"uv":[10,5.5,9.75,5.75],"texture":"#0"}}},{"from":[7.22376,14.22417,2.84568],"to":[7.80594,15.47417,3.34568],"rotation":{"angle":45,"axis":"x","origin":[7.51485,14.22417,3.34568]},"faces":{"north":{"uv":[6,9.75,6.25,10],"texture":"#0"},"east":{"uv":[9.75,6,10,6.25],"texture":"#0"},"south":{"uv":[9.75,6.5,10,6.75],"texture":"#0"},"west":{"uv":[7.75,9.75,8,10],"texture":"#0"},"up":{"uv":[10,9.5,9.75,9.25],"texture":"#0"},"down":{"uv":[10,9.75,9.75,10],"texture":"#0"}}},{"from":[7.2,11.65029,1.96299],"to":[7.8,12.30029,2.66299],"rotation":{"angle":-45,"axis":"x","origin":[7.5,12.30029,1.96299]},"faces":{"north":{"uv":[10,0.75,10.25,1],"texture":"#0"},"east":{"uv":[10,1.25,10.25,1.5],"texture":"#0"},"south":{"uv":[10,1.75,10.25,2],"texture":"#0"},"west":{"uv":[10,2.25,10.25,2.5],"texture":"#0"},"up":{"uv":[10.25,3,10,2.75],"texture":"#0"},"down":{"uv":[10.25,3.25,10,3.5],"texture":"#0"}}},{"from":[7.208,12.33565,2.66759],"to":[7.802,13.58565,2.91759],"rotation":{"angle":0,"axis":"y","origin":[7.505,12.33565,2.91759]},"faces":{"north":{"uv":[10,7,10.25,7.25],"texture":"#0"},"east":{"uv":[10,7.5,10.25,7.75],"texture":"#0"},"south":{"uv":[10,8,10.25,8.25],"texture":"#0"},"west":{"uv":[8.25,10,8.5,10.25],"texture":"#0"},"up":{"uv":[10.25,8.75,10,8.5],"texture":"#0"},"down":{"uv":[9,10,8.75,10.25],"texture":"#0"}}},{"from":[7.2,16.5,7.25],"to":[7.8,17.5,7.5],"rotation":{"angle":45,"axis":"x","origin":[7.5,17,7.5]},"faces":{"north":{"uv":[9.25,10,9.5,10.25],"texture":"#0"},"east":{"uv":[0,10.25,0.25,10.5],"texture":"#0"},"south":{"uv":[10.25,0,10.5,0.25],"texture":"#0"},"west":{"uv":[0.5,10.25,0.75,10.5],"texture":"#0"},"up":{"uv":[1.25,10.5,1,10.25],"texture":"#0"},"down":{"uv":[1.75,10.25,1.5,10.5],"texture":"#0"}}},{"from":[7.4,19.5,7.5],"to":[7.6,22.75,8],"faces":{"north":{"uv":[4.5,8.75,4.75,9.5],"texture":"#0"},"east":{"uv":[8.75,5.25,9,6],"texture":"#0"},"south":{"uv":[7.75,8.75,8,9.5],"texture":"#0"},"west":{"uv":[9,1,9.25,1.75],"texture":"#0"},"up":{"uv":[2.25,10.5,2,10.25],"texture":"#0"},"down":{"uv":[10.5,3.75,10.25,4],"texture":"#0"}}},{"from":[6.8,9.5,6.65],"to":[8.2,12.25,9.2],"rotation":{"angle":-22.5,"axis":"x","origin":[7.5,12.5,7.5]},"faces":{"north":{"uv":[9,2,9.25,2.75],"texture":"#0"},"east":{"uv":[5,2.75,5.75,3.5],"texture":"#0"},"south":{"uv":[9,7.25,9.25,8],"texture":"#0"},"west":{"uv":[5,3.75,5.75,4.5],"texture":"#0"},"up":{"uv":[9.25,9,9,8.25],"texture":"#0"},"down":{"uv":[9.5,0,9.25,0.75],"texture":"#0"}}},{"from":[6.9,7.5,7.5],"to":[8.1,10.5,9.5],"rotation":{"angle":22.5,"axis":"x","origin":[7.5,10.5,9]},"faces":{"north":{"uv":[9.25,4.25,9.5,5],"texture":"#0"},"east":{"uv":[6.5,7.5,7,8.25],"texture":"#0"},"south":{"uv":[5,9.25,5.25,10],"texture":"#0"},"west":{"uv":[7.25,7.5,7.75,8.25],"texture":"#0"},"up":{"uv":[4.25,10,4,9.5],"texture":"#0"},"down":{"uv":[7,9.5,6.75,10],"texture":"#0"}}},{"from":[7.1,7.25,7.75],"to":[7.9,9.5,9],"rotation":{"angle":-22.5,"axis":"x","origin":[7.5,9.5,9]},"faces":{"north":{"uv":[9.5,7,9.75,7.5],"texture":"#0"},"east":{"uv":[7.25,9.5,7.5,10],"texture":"#0"},"south":{"uv":[9.5,7.75,9.75,8.25],"texture":"#0"},"west":{"uv":[9.5,8.5,9.75,9],"texture":"#0"},"up":{"uv":[4.25,10.5,4,10.25],"texture":"#0"},"down":{"uv":[10.5,4.25,10.25,4.5],"texture":"#0"}}},{"from":[7.1,18.85,8.15],"to":[7.9,19.5,9],"rotation":{"angle":22.5,"axis":"x","origin":[7.5,19.5,9]},"faces":{"north":{"uv":[4.5,10.25,4.75,10.5],"texture":"#0"},"east":{"uv":[10.25,4.75,10.5,5],"texture":"#0"},"south":{"uv":[5,10.25,5.25,10.5],"texture":"#0"},"west":{"uv":[10.25,5.25,10.5,5.5],"texture":"#0"},"up":{"uv":[5.75,10.5,5.5,10.25],"texture":"#0"},"down":{"uv":[10.5,5.75,10.25,6],"texture":"#0"}}},{"from":[7.2,18.64567,7.91903],"to":[7.8,19.59567,8.76903],"rotation":{"angle":45,"axis":"x","origin":[7.5,19.59567,8.76903]},"faces":{"north":{"uv":[6,10.25,6.25,10.5],"texture":"#0"},"east":{"uv":[10.25,6.25,10.5,6.5],"texture":"#0"},"south":{"uv":[6.5,10.25,6.75,10.5],"texture":"#0"},"west":{"uv":[7,10.25,7.25,10.5],"texture":"#0"},"up":{"uv":[7.75,10.5,7.5,10.25],"texture":"#0"},"down":{"uv":[10.5,9,10.25,9.25],"texture":"#0"}}},{"from":[7.3,19.94922,8.01548],"to":[7.7,21.19922,8.41548],"rotation":{"angle":-22.5,"axis":"x","origin":[7.5,19.94922,8.41548]},"faces":{"north":{"uv":[10.25,9.5,10.5,9.75],"texture":"#0"},"east":{"uv":[9.75,10.25,10,10.5],"texture":"#0"},"south":{"uv":[10.25,10,10.5,10.25],"texture":"#0"},"west":{"uv":[10.5,0.5,10.75,0.75],"texture":"#0"},"up":{"uv":[10.75,1.25,10.5,1],"texture":"#0"},"down":{"uv":[10.75,1.5,10.5,1.75],"texture":"#0"}}},{"from":[7.4,22.5,7.5],"to":[7.6,22.75,7.9],"rotation":{"angle":-22.5,"axis":"x","origin":[7.5,22.75,7.5]},"faces":{"north":{"uv":[10.5,2,10.75,2.25],"texture":"#0"},"east":{"uv":[2.5,10.5,2.75,10.75],"texture":"#0"},"south":{"uv":[10.5,2.5,10.75,2.75],"texture":"#0"},"west":{"uv":[3,10.5,3.25,10.75],"texture":"#0"},"up":{"uv":[10.75,3.25,10.5,3],"texture":"#0"},"down":{"uv":[3.75,10.5,3.5,10.75],"texture":"#0"}}},{"from":[7.1,14,9],"to":[7.9,18,16.5],"rotation":{"angle":0,"axis":"y","origin":[7.5,17,7.5]},"faces":{"north":{"uv":[4,8.25,4.25,9.25],"texture":"#0"},"east":{"uv":[1.5,0,3.5,1],"texture":"#0"},"south":{"uv":[8.25,5.5,8.5,6.5],"texture":"#0"},"west":{"uv":[1.5,1.25,3.5,2.25],"texture":"#0"},"up":{"uv":[6.25,2.75,6,0.75],"texture":"#0"},"down":{"uv":[4.25,6,4,8],"texture":"#0"}}},{"from":[7.2,18,10.4],"to":[7.8,20.5,16.5],"rotation":{"angle":-22.5,"axis":"x","origin":[7.5,18,16.5]},"faces":{"north":{"uv":[9.25,5.25,9.5,6],"texture":"#0"},"east":{"uv":[2.5,2.5,4,3.25],"texture":"#0"},"south":{"uv":[5.5,9.25,5.75,10],"texture":"#0"},"west":{"uv":[2.5,3.5,4,4.25],"texture":"#0"},"up":{"uv":[0.25,9.25,0,7.75],"texture":"#0"},"down":{"uv":[8,0,7.75,1.5],"texture":"#0"}}},{"from":[7.3,20.3097,11.54329],"to":[7.7,21.8097,15.54329],"rotation":{"angle":-45,"axis":"x","origin":[7.5,20.3097,15.54329]},"faces":{"north":{"uv":[9.75,0,10,0.5],"texture":"#0"},"east":{"uv":[6,3,7,3.5],"texture":"#0"},"south":{"uv":[2.5,9.75,2.75,10.25],"texture":"#0"},"west":{"uv":[6,3.75,7,4.25],"texture":"#0"},"up":{"uv":[8.75,2.25,8.5,1.25],"texture":"#0"},"down":{"uv":[2.75,8.5,2.5,9.5],"texture":"#0"}}},{"from":[7.4,20.12036,13.98263],"to":[7.6,21.37036,14.48263],"rotation":{"angle":22.5,"axis":"x","origin":[7.5,21.37036,14.48263]},"faces":{"north":{"uv":[10.5,6.75,10.75,7],"texture":"#0"},"east":{"uv":[10.5,7.25,10.75,7.5],"texture":"#0"},"south":{"uv":[10.5,7.75,10.75,8],"texture":"#0"},"west":{"uv":[8,10.5,8.25,10.75],"texture":"#0"},"up":{"uv":[10.75,8.5,10.5,8.25],"texture":"#0"},"down":{"uv":[8.75,10.5,8.5,10.75],"texture":"#0"}}},{"from":[7.1,7,15.5],"to":[7.9,14,16.5],"rotation":{"angle":0,"axis":"y","origin":[7.5,17,7.5]},"faces":{"north":{"uv":[4.5,6,4.75,7.75],"texture":"#0"},"east":{"uv":[5,6,5.25,7.75],"texture":"#0"},"south":{"uv":[5.5,6,5.75,7.75],"texture":"#0"},"west":{"uv":[6,6,6.25,7.75],"texture":"#0"},"up":{"uv":[9.25,10.75,9,10.5],"texture":"#0"},"down":{"uv":[10.5,10.5,10.25,10.75],"texture":"#0"}}},{"from":[7.12185,8,15.5],"to":[7.89809,14.5,16.55],"rotation":{"angle":-22.5,"axis":"x","origin":[7.41294,8,15.5]},"faces":{"north":{"uv":[6.5,0,6.75,1.75],"texture":"#0"},"east":{"uv":[2.5,6.5,2.75,8.25],"texture":"#0"},"south":{"uv":[3,6.5,3.25,8.25],"texture":"#0"},"west":{"uv":[3.5,6.5,3.75,8.25],"texture":"#0"},"up":{"uv":[0.25,11,0,10.75],"texture":"#0"},"down":{"uv":[11,0,10.75,0.25],"texture":"#0"}}},{"from":[7.13059,9.84776,14.73463],"to":[7.89906,15.84776,16.48463],"rotation":{"angle":-45,"axis":"x","origin":[7.32271,9.84776,14.73463]},"faces":{"north":{"uv":[0.5,7.75,0.75,9.25],"texture":"#0"},"east":{"uv":[4.25,2.5,4.75,4],"texture":"#0"},"south":{"uv":[1,7.75,1.25,9.25],"texture":"#0"},"west":{"uv":[4.25,4.25,4.75,5.75],"texture":"#0"},"up":{"uv":[3.25,10.25,3,9.75],"texture":"#0"},"down":{"uv":[3.75,9.75,3.5,10.25],"texture":"#0"}}},{"from":[7.11303,10.40703,13.98263],"to":[7.89711,14.00703,14.98263],"rotation":{"angle":-22.5,"axis":"x","origin":[7.40706,14.40703,13.98263]},"faces":{"north":{"uv":[8.5,2.5,8.75,3.5],"texture":"#0"},"east":{"uv":[3,8.5,3.25,9.5],"texture":"#0"},"south":{"uv":[3.5,8.5,3.75,9.5],"texture":"#0"},"west":{"uv":[6.25,8.5,6.5,9.5],"texture":"#0"},"up":{"uv":[0.75,11,0.5,10.75],"texture":"#0"},"down":{"uv":[1.25,10.75,1,11],"texture":"#0"}}},{"from":[7.11303,13.17017,15.05958],"to":[7.89711,14.12017,15.30958],"rotation":{"angle":-22.5,"axis":"x","origin":[7.40706,14.42017,15.05958]},"faces":{"north":{"uv":[1.5,10.75,1.75,11],"texture":"#0"},"east":{"uv":[2,10.75,2.25,11],"texture":"#0"},"south":{"uv":[10.75,3.5,11,3.75],"texture":"#0"},"west":{"uv":[4,10.75,4.25,11],"texture":"#0"},"up":{"uv":[11,4.25,10.75,4],"texture":"#0"},"down":{"uv":[4.75,10.75,4.5,11],"texture":"#0"}}},{"from":[7.13923,12.32263,8.80976],"to":[7.90002,13.32263,12.25976],"rotation":{"angle":22.5,"axis":"x","origin":[7.32943,12.32263,12.25976]},"faces":{"north":{"uv":[8.75,6.25,9,6.5],"texture":"#0"},"east":{"uv":[8.25,6.75,9,7],"texture":"#0"},"south":{"uv":[9.75,4,10,4.25],"texture":"#0"},"west":{"uv":[8.5,3.75,9.25,4],"texture":"#0"},"up":{"uv":[7,9.25,6.75,8.5],"texture":"#0"},"down":{"uv":[7.5,8.5,7.25,9.25],"texture":"#0"}}}],"display":{"thirdperson_righthand":{"rotation":[0,-180,0],"translation":[-1,9,1.75]},"thirdperson_lefthand":{"rotation":[0,-180,0],"translation":[-0.25,9,1.75]},"firstperson_righthand":{"rotation":[-45,175,8],"translation":[3.25,2.75,-2.25]},"firstperson_lefthand":{"rotation":[-45,175,8],"translation":[3.25,2.75,-2.25]},"ground":{"rotation":[70,45,0],"translation":[0,6.5,0]},"gui":{"rotation":[0,90,0],"translation":[0,1.25,0],"scale":[0.4,0.4,0.4]},"fixed":{"rotation":[0,-90,0],"translation":[0,1.75,0],"scale":[0.5,0.5,0.5]}}}