{"credit":"Made with Blockbench","texture_size":[32,32],"textures":{"0":"characters/bondrewd/bondrewd_head","9":"characters/bondrewd/accessories_1","particle":"characters/bondrewd/bondrewd_head"},"elements":[{"from":[7.2481,5.31409,4.11543],"to":[8.7519,6.81788,5.61922],"rotation":{"angle":-22.5,"axis":"x","origin":[8,8.37079,8.15403]},"faces":{"north":{"uv":[14,9.5,15.5,11],"texture":"#0"},"east":{"uv":[3,8.5,3.5,9],"texture":"#0"},"south":{"uv":[8.5,3,9,3.5],"texture":"#0"},"west":{"uv":[3.5,8.5,4,9],"texture":"#0"},"up":{"uv":[9,4,8.5,3.5],"texture":"#0"},"down":{"uv":[4.5,8.5,4,9],"texture":"#0"}}},{"from":[7.2481,5.39059,5.01712],"to":[8.7519,9.90196,6.52091],"rotation":{"angle":0,"axis":"y","origin":[8,8.37079,8.15403]},"faces":{"north":{"uv":[14,5.5,15.5,9.5],"texture":"#0"},"east":{"uv":[5.5,7,6,8.5],"texture":"#0"},"south":{"uv":[6,7,6.5,8.5],"texture":"#0"},"west":{"uv":[6.5,7,7,8.5],"texture":"#0"},"up":{"uv":[8,8.5,7.5,8],"texture":"#0"},"down":{"uv":[8.5,7.5,8,8],"texture":"#0"}}},{"from":[7.2481,8.58497,4.66995],"to":[8.7519,10.08876,6.17374],"rotation":{"angle":22.5,"axis":"x","origin":[8,8.37079,8.15403]},"faces":{"north":{"uv":[14,4,15.5,5.5],"texture":"#0"},"east":{"uv":[1.5,8.5,2,9],"texture":"#0"},"south":{"uv":[8.5,1.5,9,2],"texture":"#0"},"west":{"uv":[2,8.5,2.5,9],"texture":"#0"},"up":{"uv":[9,2.5,8.5,2],"texture":"#0"},"down":{"uv":[3,8.5,2.5,9],"texture":"#0"}}},{"from":[7.2481,10.54539,6.9052],"to":[8.7519,12.04919,8.40899],"rotation":{"angle":-22.5,"axis":"x","origin":[8,8.37079,8.15403]},"faces":{"north":{"uv":[13,6.5,13.5,7],"texture":"#0"},"east":{"uv":[0,8.5,0.5,9],"texture":"#0"},"south":{"uv":[8.5,0,9,0.5],"texture":"#0"},"west":{"uv":[0.5,8.5,1,9],"texture":"#0"},"up":{"uv":[14,3,15.5,4.5],"rotation":180,"texture":"#0"},"down":{"uv":[1.5,8.5,1,9],"texture":"#0"}}},{"from":[5.74431,8.72884,5.01728],"to":[10.25569,10.23263,6.52107],"rotation":{"angle":22.5,"axis":"x","origin":[8,8.37079,8.15403]},"faces":{"north":{"uv":[7,1,8.5,1.5],"texture":"#0"},"east":{"uv":[8,6,8.5,6.5],"texture":"#0"},"south":{"uv":[3.5,7,5,7.5],"texture":"#0"},"west":{"uv":[8,6.5,8.5,7],"texture":"#0"},"up":{"uv":[8.5,4,7,3.5],"texture":"#0"},"down":{"uv":[8.5,4,7,4.5],"texture":"#0"}}},{"from":[5.74431,10.40153,7.25253],"to":[10.25569,11.90532,8.75632],"rotation":{"angle":-22.5,"axis":"x","origin":[8,8.37079,8.15403]},"faces":{"north":{"uv":[6.5,6.5,8,7],"texture":"#0"},"east":{"uv":[8,5,8.5,5.5],"texture":"#0"},"south":{"uv":[0,7,1.5,7.5],"texture":"#0"},"west":{"uv":[8,5.5,8.5,6],"texture":"#0"},"up":{"uv":[8.5,0.5,7,0],"texture":"#0"},"down":{"uv":[8.5,0.5,7,1],"texture":"#0"}}},{"from":[6.74431,11.90532,8.75632],"to":[9.25569,11.90532,10.75632],"rotation":{"angle":-22.5,"axis":"x","origin":[8,8.37079,8.15403]},"faces":{"north":{"uv":[6.5,6.5,8,7],"texture":"#9"},"east":{"uv":[8,5,8.5,5.5],"texture":"#9"},"south":{"uv":[0,7,1.5,7.5],"texture":"#9"},"west":{"uv":[8,5.5,8.5,6],"texture":"#9"},"up":{"uv":[10,5,6,2],"texture":"#9"},"down":{"uv":[8.5,0.5,7,1],"texture":"#9"}}},{"from":[5.74431,9.90196,7.64876],"to":[10.25569,11.40575,10.65634],"rotation":{"angle":0,"axis":"y","origin":[8,8.37079,8.15403]},"faces":{"north":{"uv":[5.5,5,7,5.5],"texture":"#0"},"east":{"uv":[7,4.5,8,5],"texture":"#0"},"south":{"uv":[6,3,7.5,3.5],"texture":"#0"},"west":{"uv":[7,5,8,5.5],"texture":"#0"},"up":{"uv":[6.5,6.5,5,5.5],"texture":"#0"},"down":{"uv":[1.5,6,0,7],"texture":"#0"}}},{"from":[4.99242,5.01464,6.52091],"to":[11.00758,11.02981,12.53608],"rotation":{"angle":0,"axis":"y","origin":[8,8.37079,8.15403]},"faces":{"north":{"uv":[0,0,2,2],"texture":"#0"},"east":{"uv":[0,2,2,4],"texture":"#0"},"south":{"uv":[2,0,4,2],"texture":"#0"},"west":{"uv":[2,2,4,4],"texture":"#0"},"up":{"uv":[2,6,0,4],"texture":"#0"},"down":{"uv":[6,0,4,2],"texture":"#0"}}},{"from":[6.80787,5.76653,4.65233],"to":[8.31167,10.27791,6.15613],"rotation":{"angle":45,"axis":"y","origin":[8,8.37079,8.15403]},"faces":{"north":{"uv":[6.5,0,6,1.5],"texture":"#0"},"east":{"uv":[7,0,6.5,1.5],"texture":"#0"},"south":{"uv":[6.5,1.5,6,3],"texture":"#0"},"west":{"uv":[2,6,1.5,7.5],"texture":"#0"},"up":{"uv":[3,8,3.5,7.5],"texture":"#0"},"down":{"uv":[7.5,3,8,3.5],"texture":"#0"}}},{"from":[7.12688,4.63869,5.39667],"to":[8.63067,6.14248,6.90047],"rotation":{"angle":45,"axis":"y","origin":[8,8.37079,8.15403]},"faces":{"north":{"uv":[4,7.5,3.5,8],"texture":"#0"},"east":{"uv":[7.5,7.5,7,8],"texture":"#0"},"south":{"uv":[5,7.5,4.5,8],"texture":"#0"},"west":{"uv":[4.5,7.5,4,8],"texture":"#0"},"up":{"uv":[7.5,8,8,7.5],"texture":"#0"},"down":{"uv":[0,8,0.5,8.5],"texture":"#0"}}},{"from":[6.49621,5.17022,4.46276],"to":[9.50379,6.67401,5.96655],"rotation":{"angle":-22.5,"axis":"x","origin":[8,8.37079,8.15403]},"faces":{"north":{"uv":[7,7,8,7.5],"texture":"#0"},"east":{"uv":[7,8,7.5,8.5],"texture":"#0"},"south":{"uv":[0,7.5,1,8],"texture":"#0"},"west":{"uv":[8,7,8.5,7.5],"texture":"#0"},"up":{"uv":[2,8,1,7.5],"texture":"#0"},"down":{"uv":[3,7.5,2,8],"texture":"#0"}}},{"from":[5.74431,5.39059,5.39307],"to":[10.25569,9.90196,11.40824],"rotation":{"angle":0,"axis":"y","origin":[8,8.37079,8.15403]},"faces":{"north":{"uv":[3.5,5.5,5,7],"texture":"#0"},"east":{"uv":[2,4,4,5.5],"texture":"#0"},"south":{"uv":[5.5,3.5,7,5],"texture":"#0"},"west":{"uv":[4,2,6,3.5],"texture":"#0"},"up":{"uv":[5.5,5.5,4,3.5],"texture":"#0"},"down":{"uv":[3.5,5.5,2,7.5],"texture":"#0"}}},{"from":[5.36789,5.7774,9.45331],"to":[6.87168,7.2812,10.9571],"rotation":{"angle":-45,"axis":"z","origin":[8,8.37079,8.15403]},"faces":{"north":{"uv":[3,8,2.5,8.5],"texture":"#0"},"east":{"uv":[8.5,3,8,3.5],"texture":"#0"},"south":{"uv":[3.5,8,3,8.5],"texture":"#0"},"west":{"uv":[8.5,2.5,8,3],"texture":"#0"},"up":{"uv":[3.5,8.5,4,8],"texture":"#0"},"down":{"uv":[4,8,4.5,8.5],"texture":"#0"}}},{"from":[5.10206,5.51157,8.32546],"to":[6.60585,7.01536,9.82926],"rotation":{"angle":-45,"axis":"z","origin":[8,8.37079,8.15403]},"faces":{"north":{"uv":[16,13.5,13.5,16],"rotation":270,"texture":"#0"},"east":{"uv":[8.5,1.5,8,2],"texture":"#0"},"south":{"uv":[2,8,1.5,8.5],"texture":"#0"},"west":{"uv":[1.5,8,1,8.5],"texture":"#0"},"up":{"uv":[2,8.5,2.5,8],"texture":"#0"},"down":{"uv":[8,2,8.5,2.5],"texture":"#0"}}},{"from":[5.74431,8.39817,12.53608],"to":[10.25569,9.90196,14.03987],"rotation":{"angle":0,"axis":"y","origin":[8,8.37079,8.15403]},"faces":{"north":{"uv":[6.5,1.5,8,2],"texture":"#0"},"east":{"uv":[4.5,8,5,8.5],"texture":"#0"},"south":{"uv":[6.5,2,8,2.5],"texture":"#0"},"west":{"uv":[8,4.5,8.5,5],"texture":"#0"},"up":{"uv":[8,3,6.5,2.5],"texture":"#0"},"down":{"uv":[6.5,6.5,5,7],"texture":"#0"}}},{"from":[5.74431,7.64627,12.53608],"to":[10.25569,7.64627,14.03987],"rotation":{"angle":0,"axis":"y","origin":[8,8.37079,8.15403]},"faces":{"north":{"uv":[0,0,1.5,0],"texture":"#9"},"east":{"uv":[0,0,0.5,0],"texture":"#9"},"south":{"uv":[0,0,1.5,0],"texture":"#9"},"west":{"uv":[0,0,0.5,0],"texture":"#9"},"up":{"uv":[11,14,6,11],"texture":"#9"},"down":{"uv":[8,6,6.5,6.5],"texture":"#9"}}},{"from":[9.39415,5.51157,8.32546],"to":[10.89794,7.01536,9.82926],"rotation":{"angle":45,"axis":"z","origin":[8,8.37079,8.15403]},"faces":{"north":{"uv":[13.5,13.5,16,16],"rotation":90,"texture":"#0"},"east":{"uv":[1,8,1.5,8.5],"texture":"#0"},"south":{"uv":[1.5,8,2,8.5],"texture":"#0"},"west":{"uv":[8,1.5,8.5,2],"texture":"#0"},"up":{"uv":[2.5,8.5,2,8],"texture":"#0"},"down":{"uv":[8.5,2,8,2.5],"texture":"#0"}}},{"from":[9.12832,5.7774,9.45331],"to":[10.63211,7.2812,10.9571],"rotation":{"angle":45,"axis":"z","origin":[8,8.37079,8.15403]},"faces":{"north":{"uv":[2.5,8,3,8.5],"texture":"#0"},"east":{"uv":[8,2.5,8.5,3],"texture":"#0"},"south":{"uv":[3,8,3.5,8.5],"texture":"#0"},"west":{"uv":[8,3,8.5,3.5],"texture":"#0"},"up":{"uv":[4,8.5,3.5,8],"texture":"#0"},"down":{"uv":[4.5,8,4,8.5],"texture":"#0"}}},{"from":[7.68833,5.76653,4.65233],"to":[9.19213,10.27791,6.15613],"rotation":{"angle":-45,"axis":"y","origin":[8,8.37079,8.15403]},"faces":{"north":{"uv":[6,0,6.5,1.5],"texture":"#0"},"east":{"uv":[1.5,6,2,7.5],"texture":"#0"},"south":{"uv":[6,1.5,6.5,3],"texture":"#0"},"west":{"uv":[6.5,0,7,1.5],"texture":"#0"},"up":{"uv":[3.5,8,3,7.5],"texture":"#0"},"down":{"uv":[8,3,7.5,3.5],"texture":"#0"}}},{"from":[7.36933,4.63869,5.39667],"to":[8.87312,6.14248,6.90047],"rotation":{"angle":-45,"axis":"y","origin":[8,8.37079,8.15403]},"faces":{"north":{"uv":[3.5,7.5,4,8],"texture":"#0"},"east":{"uv":[4,7.5,4.5,8],"texture":"#0"},"south":{"uv":[4.5,7.5,5,8],"texture":"#0"},"west":{"uv":[7,7.5,7.5,8],"texture":"#0"},"up":{"uv":[8,8,7.5,7.5],"texture":"#0"},"down":{"uv":[0.5,8,0,8.5],"texture":"#0"}}}],"display":{"thirdperson_righthand":{"rotation":[0,30,0],"translation":[-0.5,0.5,-0.5],"scale":[0.5,0.5,0.5]},"thirdperson_lefthand":{"rotation":[0,30,0],"translation":[-0.5,0.5,-0.5],"scale":[0.5,0.5,0.5]},"firstperson_righthand":{"rotation":[0,115,0],"translation":[0,2.75,0],"scale":[0.6,0.6,0.6]},"firstperson_lefthand":{"rotation":[0,115,0],"translation":[0,2.75,0],"scale":[0.6,0.6,0.6]},"gui":{"rotation":[35,-135,0],"translation":[1.25,-0.75,0],"scale":[1.2,1.2,1.2]},"head":{"translation":[0,0,-4],"scale":[2.4,2.3,2.3]},"fixed":{"rotation":[-35,0,0],"translation":[0,0,-2.5]}},"groups":[{"name":"main","origin":[7.97,23.98956,1.57615],"color":0,"children":[0,1,2,3,4,5,6,7,8,9,10,11,12,13,14,15,16,17,18,19,20]}]}