{"credit":"Made with Blockbench","textures":{"0":"mineinabyss:cosmetics/faputa/mainfaputa","2":"mineinabyss:cosmetics/faputa/left_ear","3":"mineinabyss:cosmetics/faputa/texture","4":"mineinabyss:cosmetics/faputa/texture1","5":"mineinabyss:cosmetics/faputa/right_fang","6":"mineinabyss:cosmetics/faputa/right_little_fang","7":"mineinabyss:cosmetics/faputa/left_fang","8":"mineinabyss:cosmetics/faputa/left_little_fang","9":"mineinabyss:cosmetics/faputa/middle_fang","10":"mineinabyss:cosmetics/faputa/middle_little_fang","11":"mineinabyss:cosmetics/faputa/upper_left_flip","12":"mineinabyss:cosmetics/faputa/upper_right_flip","13":"mineinabyss:cosmetics/faputa/upper_left_ear","14":"mineinabyss:cosmetics/faputa/upper_left_1_ear","15":"mineinabyss:cosmetics/faputa/upper_left_2_ear","16":"mineinabyss:cosmetics/faputa/side_upper_left_ear_front","17":"mineinabyss:cosmetics/faputa/side_upper_left_ear_back","18":"mineinabyss:cosmetics/faputa/upper_right_ear","19":"mineinabyss:cosmetics/faputa/upper_right_1_ear","20":"mineinabyss:cosmetics/faputa/upper_right_2_ear","21":"mineinabyss:cosmetics/faputa/side_upper_right_ear_front","22":"mineinabyss:cosmetics/faputa/side_upper_right_ear_back","particle":"mineinabyss:cosmetics/faputa/right_fang"},"elements":[{"name":"head","from":[5.3,7.7,5.3],"to":[10.7,13.1,10.7],"rotation":{"angle":0,"axis":"y","origin":[8,8,8]},"faces":{"north":{"uv":[4,4,8,8],"texture":"#0","tintindex":0},"east":{"uv":[12,4,8,8],"texture":"#0","tintindex":0},"south":{"uv":[12,4,16,8],"texture":"#0","tintindex":0},"west":{"uv":[8,4,12,8],"texture":"#0","tintindex":0},"up":{"uv":[12,8,16,4],"texture":"#0","tintindex":0},"down":{"uv":[0,0,0,0],"texture":"#0","tintindex":0}}},{"name":"upper_left_flip","from":[2.75,11.0625,7.0625],"to":[3.25,11.3125,8.8125],"rotation":{"angle":22.5,"axis":"z","origin":[2.5,11.375,7.5]},"faces":{"north":{"uv":[1,2,2,3],"texture":"#11"},"east":{"uv":[0,0,2,1],"texture":"#11"},"south":{"uv":[2,2,3,3],"texture":"#11"},"west":{"uv":[0,1,2,2],"texture":"#11"},"up":{"uv":[1,4,0,2],"texture":"#11"},"down":{"uv":[3,0,2,2],"texture":"#11"}}},{"name":"upper_right_flip","from":[12.5,11.1875,7.125],"to":[13.25,11.4375,8.875],"rotation":{"angle":-22.5,"axis":"z","origin":[13.25,11.375,7.875]},"faces":{"north":{"uv":[1,2,2,3],"texture":"#12"},"east":{"uv":[0,0,2,1],"texture":"#12"},"south":{"uv":[2,2,3,3],"texture":"#12"},"west":{"uv":[0,1,2,2],"texture":"#12"},"up":{"uv":[1,4,0,2],"texture":"#12"},"down":{"uv":[3,0,2,2],"texture":"#12"}}},{"name":"upper_left_ear","from":[3,12,6.75],"to":[5.5,12.5,9.25],"rotation":{"angle":22.5,"axis":"z","origin":[5,12.25,8]},"faces":{"north":{"uv":[3,0,6,1],"texture":"#13"},"east":{"uv":[3,1,6,2],"texture":"#13"},"south":{"uv":[3,2,6,3],"texture":"#13"},"west":{"uv":[3,3,6,4],"texture":"#13"},"up":{"uv":[3,3,0,0],"texture":"#13"},"down":{"uv":[3,3,0,6],"texture":"#13"}}},{"name":"upper_left_ear","from":[3.75,12.5,7],"to":[5.5,12.75,9],"rotation":{"angle":22.5,"axis":"z","origin":[5,12.25,8]},"faces":{"north":{"uv":[2,0,4,1],"texture":"#14"},"east":{"uv":[2,1,4,2],"texture":"#14"},"south":{"uv":[2,2,4,3],"texture":"#14"},"west":{"uv":[2,3,4,4],"texture":"#14"},"up":{"uv":[2,2,0,0],"texture":"#14"},"down":{"uv":[2,2,0,4],"texture":"#14"}}},{"name":"upper_left_ear","from":[3.875,12.75,7.25],"to":[5.5,12.875,8.75],"rotation":{"angle":22.5,"axis":"z","origin":[5,12.25,8]},"faces":{"north":{"uv":[2,0,4,1],"texture":"#15"},"east":{"uv":[2,1,4,2],"texture":"#15"},"south":{"uv":[2,2,4,3],"texture":"#15"},"west":{"uv":[2,3,4,4],"texture":"#15"},"up":{"uv":[2,2,0,0],"texture":"#15"},"down":{"uv":[2,2,0,4],"texture":"#15"}}},{"name":"side_upper_left_ear_front","from":[3.25,11.1875,6.5],"to":[5.5,12.25,6.75],"rotation":{"angle":22.5,"axis":"z","origin":[4.5,12,6.5]},"faces":{"north":{"uv":[0,0,2,1],"texture":"#16"},"east":{"uv":[2,1,3,2],"texture":"#16"},"south":{"uv":[0,1,2,2],"texture":"#16"},"west":{"uv":[2,2,3,3],"texture":"#16"},"up":{"uv":[2,3,0,2],"texture":"#16"},"down":{"uv":[4,0,2,1],"texture":"#16"}}},{"name":"side_upper_left_ear_back","from":[3.25,11.1875,9.25],"to":[5.5,12.25,9.5],"rotation":{"angle":22.5,"axis":"z","origin":[4.5,12,6.5]},"faces":{"north":{"uv":[0,0,2,1],"texture":"#17"},"east":{"uv":[2,1,3,2],"texture":"#17"},"south":{"uv":[0,1,2,2],"texture":"#17"},"west":{"uv":[2,2,3,3],"texture":"#17"},"up":{"uv":[2,3,0,2],"texture":"#17"},"down":{"uv":[4,0,2,1],"texture":"#17"}}},{"name":"upper_right_ear","from":[10.5,12,6.75],"to":[13,12.5,9.25],"rotation":{"angle":-22.5,"axis":"z","origin":[11,12.25,8]},"faces":{"north":{"uv":[3,0,6,1],"texture":"#18"},"east":{"uv":[3,1,6,2],"texture":"#18"},"south":{"uv":[3,2,6,3],"texture":"#18"},"west":{"uv":[3,3,6,4],"texture":"#18"},"up":{"uv":[3,3,0,0],"texture":"#18"},"down":{"uv":[3,3,0,6],"texture":"#18"}}},{"name":"upper_right_ear","from":[10.5,12.5,7],"to":[12.25,12.75,9],"rotation":{"angle":-22.5,"axis":"z","origin":[11,12.25,8]},"faces":{"north":{"uv":[2,0,4,1],"texture":"#19"},"east":{"uv":[2,1,4,2],"texture":"#19"},"south":{"uv":[2,2,4,3],"texture":"#19"},"west":{"uv":[2,3,4,4],"texture":"#19"},"up":{"uv":[2,2,0,0],"texture":"#19"},"down":{"uv":[2,2,0,4],"texture":"#19"}}},{"name":"upper_right_ear","from":[10.5,12.75,7.25],"to":[12.125,12.875,8.75],"rotation":{"angle":-22.5,"axis":"z","origin":[11,12.25,8]},"faces":{"north":{"uv":[1,2,2,3],"texture":"#20"},"east":{"uv":[0,0,2,1],"texture":"#20"},"south":{"uv":[2,2,3,3],"texture":"#20"},"west":{"uv":[0,1,2,2],"texture":"#20"},"up":{"uv":[1,4,0,2],"texture":"#20"},"down":{"uv":[3,0,2,2],"texture":"#20"}}},{"name":"side_upper_right_ear_front","from":[10.4375,10.9375,6.5],"to":[12.6875,12,6.75],"rotation":{"angle":-22.5,"axis":"z","origin":[12.0625,11.71875,6.625]},"faces":{"north":{"uv":[0,0,2,1],"texture":"#21"},"east":{"uv":[2,1,3,2],"texture":"#21"},"south":{"uv":[0,1,2,2],"texture":"#21"},"west":{"uv":[2,2,3,3],"texture":"#21"},"up":{"uv":[2,3,0,2],"texture":"#21"},"down":{"uv":[4,0,2,1],"texture":"#21"}}},{"name":"side_upper_right_ear_back","from":[10.4375,10.9375,9.25],"to":[12.6875,12,9.5],"rotation":{"angle":-22.5,"axis":"z","origin":[12.0625,11.71875,6.625]},"faces":{"north":{"uv":[0,0,2,1],"texture":"#22"},"east":{"uv":[2,1,3,2],"texture":"#22"},"south":{"uv":[0,1,2,2],"texture":"#22"},"west":{"uv":[2,2,3,3],"texture":"#22"},"up":{"uv":[2,3,0,2],"texture":"#22"},"down":{"uv":[4,0,2,1],"texture":"#22"}}},{"name":"main_left_ear","from":[2,9.2,6.8],"to":[5.6,11.6,9.2],"rotation":{"angle":22.5,"axis":"z","origin":[5.6,11.6,8]},"faces":{"north":{"uv":[0.5,4,2.5,7],"rotation":90,"texture":"#0","tintindex":0},"east":{"uv":[0,0,0,0],"rotation":90,"texture":"#0","tintindex":0},"south":{"uv":[0,4,2,7],"rotation":90,"texture":"#0","tintindex":0},"west":{"uv":[0,5,2,7],"texture":"#0","tintindex":0},"up":{"uv":[0,4,2,7],"rotation":90,"texture":"#0","tintindex":0},"down":{"uv":[2,4,4,7],"rotation":90,"texture":"#0","tintindex":0}}},{"name":"main_right_ear","from":[10.4,9.2,6.8],"to":[14,11.6,9.2],"rotation":{"angle":-22.5,"axis":"z","origin":[10.4,11.6,8]},"faces":{"north":{"uv":[0,4,2,7],"rotation":90,"texture":"#0","tintindex":0},"east":{"uv":[0,5,2,7],"texture":"#0","tintindex":0},"south":{"uv":[0,4,2,7],"rotation":90,"texture":"#0","tintindex":0},"west":{"uv":[0,0,0,0],"rotation":90,"texture":"#0","tintindex":0},"up":{"uv":[0,4,2,7],"rotation":90,"texture":"#0","tintindex":0},"down":{"uv":[2,4,4,7],"rotation":90,"texture":"#0","tintindex":0}}},{"name":"right_ear","from":[12.5,8.25,7],"to":[14,9.5,9],"rotation":{"angle":45,"axis":"z","origin":[13.5,9,8]},"faces":{"north":{"uv":[0,4,3,8],"rotation":270,"texture":"#2"},"east":{"uv":[3,0,6,4],"rotation":90,"texture":"#2"},"south":{"uv":[0,0,3,4],"rotation":90,"texture":"#2"},"west":{"uv":[3,4,6,8],"rotation":90,"texture":"#2"},"up":{"uv":[4,12,0,8],"texture":"#2"},"down":{"uv":[8,8,4,12],"rotation":90,"texture":"#2"}}},{"name":"tiny_right_ear","from":[12.75,7.75,7.25],"to":[13.5,8.5,8.75],"rotation":{"angle":45,"axis":"z","origin":[13.5,9,8]},"faces":{"north":{"uv":[2,0,3,2],"texture":"#3"},"east":{"uv":[0,0,2,2],"texture":"#3"},"south":{"uv":[2,2,3,4],"texture":"#3"},"west":{"uv":[0,2,2,4],"texture":"#3"},"up":{"uv":[4,2,3,0],"texture":"#3"},"down":{"uv":[4,0,2,4],"texture":"#3"}}},{"name":"tiny_right_ear","from":[13,7.5,7.5],"to":[13.25,8.5,8.5],"rotation":{"angle":45,"axis":"z","origin":[13.5,9,8]},"faces":{"north":{"uv":[2,0,3,2],"texture":"#3"},"east":{"uv":[0,0,2,2],"texture":"#3"},"south":{"uv":[2,2,3,4],"texture":"#3"},"west":{"uv":[0,2,2,4],"texture":"#3"},"up":{"uv":[4,2,3,0],"texture":"#3"},"down":{"uv":[4,0,2,4],"texture":"#3"}}},{"name":"left_ear","from":[2,8.25,7],"to":[3.25,9.75,9],"rotation":{"angle":45,"axis":"z","origin":[2.62823,9,8]},"faces":{"north":{"uv":[0,0,3,4],"texture":"#2"},"east":{"uv":[0,8,4,12],"texture":"#2"},"south":{"uv":[0,4,3,8],"texture":"#2"},"west":{"uv":[4,8,8,12],"texture":"#2"},"up":{"uv":[6,4,3,0],"texture":"#2"},"down":{"uv":[6,4,3,8],"texture":"#2"}}},{"name":"tiny_left_ear","from":[1.50323,8.41161,7.5],"to":[2.25323,9.16161,8.5],"rotation":{"angle":45,"axis":"z","origin":[2.62823,8.91161,8]},"faces":{"north":{"uv":[0,0,1,1],"texture":"#4"},"east":{"uv":[0,1,1,2],"texture":"#4"},"south":{"uv":[1,0,2,1],"texture":"#4"},"west":{"uv":[1,1,2,2],"texture":"#4"},"up":{"uv":[1,3,0,2],"texture":"#4"},"down":{"uv":[3,0,2,1],"texture":"#4"}}},{"name":"tinyier_left_ear","from":[1.25323,8.66161,7.6875],"to":[2.25323,8.91161,8.3125],"rotation":{"angle":45,"axis":"z","origin":[2.62823,8.91161,8]},"faces":{"north":{"uv":[0,0,1,1],"texture":"#4"},"east":{"uv":[0,1,1,2],"texture":"#4"},"south":{"uv":[1,0,2,1],"texture":"#4"},"west":{"uv":[1,1,2,2],"texture":"#4"},"up":{"uv":[1,3,0,2],"texture":"#4"},"down":{"uv":[3,0,2,1],"texture":"#4"}}},{"name":"right_fang","from":[9.5625,11.3125,5.0625],"to":[10.5,12.875,5.5],"faces":{"north":{"uv":[0,0,1,2],"texture":"#5"},"east":{"uv":[1,0,2,2],"texture":"#5"},"south":{"uv":[0,2,1,4],"texture":"#5"},"west":{"uv":[2,0,3,2],"texture":"#5"},"up":{"uv":[2,3,1,2],"texture":"#5"},"down":{"uv":[3,2,2,3],"texture":"#5"}}},{"name":"right_little_fang","from":[9.8125,11.5625,4.9375],"to":[10.25,12.625,5.25],"faces":{"north":{"uv":[0,0,1,1],"texture":"#6"},"east":{"uv":[0,1,1,2],"texture":"#6"},"south":{"uv":[1,0,2,1],"texture":"#6"},"west":{"uv":[1,1,2,2],"texture":"#6"},"up":{"uv":[1,3,0,2],"texture":"#6"},"down":{"uv":[3,0,2,1],"texture":"#6"}}},{"name":"left_fang","from":[5.5625,11.3125,5.0625],"to":[6.5,12.875,5.5],"faces":{"north":{"uv":[0,0,1,2],"texture":"#7"},"east":{"uv":[1,0,2,2],"texture":"#7"},"south":{"uv":[0,2,1,4],"texture":"#7"},"west":{"uv":[2,0,3,2],"texture":"#7"},"up":{"uv":[2,3,1,2],"texture":"#7"},"down":{"uv":[3,2,2,3],"texture":"#7"}}},{"name":"left_little_fang","from":[5.8125,11.5625,4.9375],"to":[6.25,12.625,5.25],"faces":{"north":{"uv":[0,0,1,1],"texture":"#8"},"east":{"uv":[0,1,1,2],"texture":"#8"},"south":{"uv":[1,0,2,1],"texture":"#8"},"west":{"uv":[1,1,2,2],"texture":"#8"},"up":{"uv":[1,3,0,2],"texture":"#8"},"down":{"uv":[3,0,2,1],"texture":"#8"}}},{"name":"middle_fang","from":[7.5625,10.5625,5.0625],"to":[8.5,12.125,5.5],"faces":{"north":{"uv":[0,0,1,2],"texture":"#9"},"east":{"uv":[1,0,2,2],"texture":"#9"},"south":{"uv":[0,2,1,4],"texture":"#9"},"west":{"uv":[2,0,3,2],"texture":"#9"},"up":{"uv":[2,3,1,2],"texture":"#9"},"down":{"uv":[3,2,2,3],"texture":"#9"}}},{"name":"middle_little_fang","from":[7.8125,10.8125,4.9375],"to":[8.25,11.875,5.25],"faces":{"north":{"uv":[0,0,1,1],"texture":"#10"},"east":{"uv":[0,1,1,2],"texture":"#10"},"south":{"uv":[1,0,2,1],"texture":"#10"},"west":{"uv":[1,1,2,2],"texture":"#10"},"up":{"uv":[1,3,0,2],"texture":"#10"},"down":{"uv":[3,0,2,1],"texture":"#10"}}}],"display":{"thirdperson_righthand":{"rotation":[0,-180,0]},"thirdperson_lefthand":{"rotation":[0,-180,0]},"firstperson_righthand":{"rotation":[0,140,0]},"firstperson_lefthand":{"rotation":[0,140,0]},"gui":{"rotation":[7,-162,0],"translation":[0,-2.5,0],"scale":[1.2,1.2,1.2]},"head":{"translation":[0,-6.4,0],"scale":[2.7,2.92,2.9]},"fixed":{"translation":[0,-2.75,-2],"scale":[1.5,1.5,1.5]}}}