{"credit":"Made with Blockbench","textures":{"0":"mineinabyss:item/relics/3_branched_sword","particle":"mineinabyss:item/relics/3_branched_sword"},"elements":[{"from":[7.36,-0.64,8],"to":[7.68,17.92,9.28],"rotation":{"angle":0,"axis":"y","origin":[12.48,22.4,13.12]},"faces":{"north":{"uv":[13,0,13.5,16],"texture":"#0"},"east":{"uv":[13,0,16,16],"texture":"#0"},"south":{"uv":[12.5,0,13,13],"texture":"#0"},"west":{"uv":[13,0,16,16],"texture":"#0"},"up":{"uv":[13,0,16,16],"texture":"#0"},"down":{"uv":[13,0,16,16],"texture":"#0"}}},{"from":[7.4634,-0.4756,7.897],"to":[7.58445,17.95341,9.26021],"rotation":{"angle":0,"axis":"y","origin":[13.08373,22.98714,13.57483]},"faces":{"north":{"uv":[13,0,13.5,0.5],"texture":"#0"},"east":{"uv":[13,0,13.5,0.5],"texture":"#0"},"south":{"uv":[13,0,13.5,0.5],"texture":"#0"},"west":{"uv":[13,0,13.5,0.5],"texture":"#0"},"up":{"uv":[13,0,13.5,0.5],"texture":"#0"},"down":{"uv":[13,0,13.5,0.5],"texture":"#0"}}},{"from":[7.2,-5.12,8],"to":[7.84,-0.64,9.28],"rotation":{"angle":0,"axis":"y","origin":[12.48,22.4,13.12]},"faces":{"north":{"uv":[0,8.5,1,16],"texture":"#0"},"east":{"uv":[0,8.5,3,16],"texture":"#0"},"south":{"uv":[0,8.5,1,16],"texture":"#0"},"west":{"uv":[0,8.5,3,16],"texture":"#0"},"up":{"uv":[0,8.5,3,16],"texture":"#0"},"down":{"uv":[0,8.5,3,16],"texture":"#0"}}},{"from":[7.136,-0.64,7.84],"to":[7.904,0.16,9.44],"rotation":{"angle":0,"axis":"y","origin":[12.48,22.4,13.12]},"faces":{"north":{"uv":[3,12.5,4.5,14],"texture":"#0"},"east":{"uv":[3,12.5,6,14],"rotation":180,"texture":"#0"},"south":{"uv":[4.5,12.5,6,14],"texture":"#0"},"west":{"uv":[3,12.5,6,14],"texture":"#0"},"up":{"uv":[3,11,4.5,12.5],"texture":"#0"},"down":{"uv":[4.5,12.5,6,14],"texture":"#0"}}},{"from":[7.186,-1.19,7.965],"to":[7.854,-0.59,9.315],"rotation":{"angle":0,"axis":"y","origin":[12.48,21.65,13.12]},"faces":{"north":{"uv":[3,14,6,15.5],"texture":"#0"},"east":{"uv":[3,14,6,15.5],"texture":"#0"},"south":{"uv":[3,14,6,15.5],"texture":"#0"},"west":{"uv":[3,14,6,15.5],"texture":"#0"},"up":{"uv":[3,14,6,16],"texture":"#0"},"down":{"uv":[3,14,6,16],"texture":"#0"}}},{"from":[7.184,-3.442,8.563],"to":[7.856,-2.588,8.717],"rotation":{"angle":0,"axis":"y","origin":[12.48,19.65,13.12]},"faces":{"north":{"uv":[3,12.5,3.5,13.25],"texture":"#0"},"east":{"uv":[3,12.5,3.5,13.25],"texture":"#0"},"south":{"uv":[3,12.5,3.5,13.25],"texture":"#0"},"west":{"uv":[3,12.5,3.5,13.25],"texture":"#0"},"up":{"uv":[3,12.5,3.5,13.25],"texture":"#0"},"down":{"uv":[3,12.5,3.5,13.25],"texture":"#0"}}},{"from":[7.186,-3.065,8.415],"to":[7.854,-2.915,8.865],"rotation":{"angle":0,"axis":"y","origin":[12.48,19.65,13.12]},"faces":{"north":{"uv":[3,12.5,3.5,13.25],"texture":"#0"},"east":{"uv":[3,12.5,3.5,13.25],"texture":"#0"},"south":{"uv":[3,12.5,3.5,13.25],"texture":"#0"},"west":{"uv":[3,12.5,3.5,13.25],"texture":"#0"},"up":{"uv":[3,12.5,3.5,13.25],"texture":"#0"},"down":{"uv":[3,12.5,3.5,13.25],"texture":"#0"}}},{"from":[7.186,-5.165,7.965],"to":[7.854,-4.565,9.315],"rotation":{"angle":0,"axis":"y","origin":[12.48,17.675,13.12]},"faces":{"north":{"uv":[3,14.5,6,16],"texture":"#0"},"east":{"uv":[3,14.5,6,16],"texture":"#0"},"south":{"uv":[3,14.5,6,16],"texture":"#0"},"west":{"uv":[3,14.5,6,16],"texture":"#0"},"up":{"uv":[3,14.5,6,16],"texture":"#0"},"down":{"uv":[3,14.5,6,16],"texture":"#0"}}},{"from":[6.72,-7.52,7.36],"to":[8.32,-5.6,9.92],"rotation":{"angle":0,"axis":"y","origin":[12.48,22.4,13.12]},"faces":{"north":{"uv":[0,0,2.5,3],"texture":"#0"},"east":{"uv":[0,0,4,3],"texture":"#0"},"south":{"uv":[0,3.5,2.5,6.5],"texture":"#0"},"west":{"uv":[0,4,2.5,6.25],"texture":"#0"},"up":{"uv":[0,0,2.5,4],"texture":"#0"},"down":{"uv":[0,4,3,6.5],"texture":"#0"}}},{"from":[6.4,-7.2,7.84],"to":[8.64,-5.92,9.44],"rotation":{"angle":0,"axis":"y","origin":[12.48,22.4,13.12]},"faces":{"north":{"uv":[0,0,3.5,2],"texture":"#0"},"east":{"uv":[0,0,2.5,2],"texture":"#0"},"south":{"uv":[0,0,3.5,2],"texture":"#0"},"west":{"uv":[0,4.5,2.5,6.25],"texture":"#0"},"up":{"uv":[0,0,3.5,2.5],"texture":"#0"},"down":{"uv":[0,4,3.5,6.5],"texture":"#0"}}},{"from":[6.88,-5.92,7.84],"to":[8.16,-5.12,9.44],"rotation":{"angle":0,"axis":"y","origin":[12.48,22.4,13.12]},"faces":{"north":{"uv":[0,0,2,1.25],"texture":"#0"},"east":{"uv":[0,0,2.5,1.25],"texture":"#0"},"south":{"uv":[0,3.5,2.5,6.5],"texture":"#0"},"west":{"uv":[0,5,2.5,6.25],"texture":"#0"},"up":{"uv":[0,0,2,2.5],"texture":"#0"},"down":{"uv":[0,0,2,2.5],"texture":"#0"}}},{"from":[7.04,-8,7.68],"to":[8,-7.52,9.6],"rotation":{"angle":0,"axis":"y","origin":[12.48,22.4,13.12]},"faces":{"north":{"uv":[0,0,1.5,0.75],"texture":"#0"},"east":{"uv":[0,0,2,0.75],"texture":"#0"},"south":{"uv":[0,3.5,2.5,6.5],"texture":"#0"},"west":{"uv":[1,4.5,2.5,5.75],"texture":"#0"},"up":{"uv":[0,0,1.5,3],"texture":"#0"},"down":{"uv":[1,4,2.5,5.5],"texture":"#0"}}},{"from":[7.36,-8.48,8.16],"to":[8.16,-8,9.92],"rotation":{"angle":0,"axis":"y","origin":[12.48,22.4,13.28]},"faces":{"north":{"uv":[0,0,1.25,0.75],"texture":"#0"},"east":{"uv":[1.5,0,2.75,0.75],"texture":"#0"},"south":{"uv":[0,3.5,2.5,6.5],"texture":"#0"},"west":{"uv":[0.5,4,2,5.25],"texture":"#0"},"up":{"uv":[0,0,1.25,2.75],"texture":"#0"},"down":{"uv":[0.5,4,2,5.5],"texture":"#0"}}},{"from":[7.68,-8.96,9.12],"to":[8.48,-8.48,10.72],"rotation":{"angle":0,"axis":"y","origin":[12.8,21.92,14.08]},"faces":{"north":{"uv":[0,0,1.25,0.75],"texture":"#0"},"east":{"uv":[0,1,2.5,1.75],"texture":"#0"},"south":{"uv":[0,3.5,2.5,6.5],"texture":"#0"},"west":{"uv":[1,4.5,2.5,5.25],"texture":"#0"},"up":{"uv":[0,0,1.25,2.5],"texture":"#0"},"down":{"uv":[1.5,4,3,5.5],"texture":"#0"}}},{"from":[7.36,-9.44,10.4],"to":[8.16,-8.96,11.04],"rotation":{"angle":0,"axis":"y","origin":[12.48,21.44,14.4]},"faces":{"north":{"uv":[0,0,1.25,0.75],"texture":"#0"},"east":{"uv":[0,0,1,0.75],"texture":"#0"},"south":{"uv":[0,3.5,2.5,6.5],"texture":"#0"},"west":{"uv":[0,4.5,1.5,5.75],"texture":"#0"},"up":{"uv":[0,0,1.25,1],"texture":"#0"},"down":{"uv":[0,5,1.5,6.5],"texture":"#0"}}},{"from":[7.36,1.14,6.4],"to":[7.68,9.46,7.36],"rotation":{"angle":0,"axis":"y","origin":[12.48,22.26,11.2]},"faces":{"north":{"uv":[13,0,13.5,13],"texture":"#0"},"east":{"uv":[13,0,16,13],"texture":"#0"},"south":{"uv":[12.5,0,13,13],"texture":"#0"},"west":{"uv":[13,0,16,13],"texture":"#0"},"up":{"uv":[13,0,16,13],"texture":"#0"},"down":{"uv":[13,0,16,13],"texture":"#0"}}},{"from":[7.4634,1.6244,6.29924],"to":[7.58445,9.47276,7.3279],"rotation":{"angle":0,"axis":"y","origin":[13.08373,23.85484,11.69252]},"faces":{"north":{"uv":[13,0,13.5,0.5],"texture":"#0"},"east":{"uv":[13,0,13.5,0.5],"texture":"#0"},"south":{"uv":[13,0,13.5,0.5],"texture":"#0"},"west":{"uv":[13,0,13.5,0.5],"texture":"#0"},"up":{"uv":[13,0,13.5,0.5],"texture":"#0"},"down":{"uv":[13,0,13.5,0.5],"texture":"#0"}}},{"from":[7.36,1.14,7.36],"to":[7.68,2.1,8],"rotation":{"angle":0,"axis":"y","origin":[12.48,22.26,11.2]},"faces":{"north":{"uv":[14.5,0,16,2.5],"texture":"#0"},"east":{"uv":[14.5,0,16,2.5],"texture":"#0"},"south":{"uv":[14.5,0,16,2.5],"texture":"#0"},"west":{"uv":[14.5,0,16,2.5],"texture":"#0"},"up":{"uv":[14.5,0,16,2.5],"texture":"#0"},"down":{"uv":[14.5,0,16,2.5],"texture":"#0"}}},{"from":[7.362,-1.69025,14.00069],"to":[7.678,-0.73425,14.23669],"rotation":{"angle":22.5,"axis":"x","origin":[12.48,19.42775,17.43869]},"faces":{"north":{"uv":[13,0,14,1.5],"texture":"#0"},"east":{"uv":[13,0,14,1.5],"texture":"#0"},"south":{"uv":[13,0,14,1.5],"texture":"#0"},"west":{"uv":[13,0,14,1.5],"texture":"#0"},"up":{"uv":[13,0,14,1.5],"texture":"#0"},"down":{"uv":[13,0,14,1.5],"texture":"#0"}}},{"from":[7.4654,-2.00591,14.83913],"to":[7.58245,-0.93126,15.10479],"rotation":{"angle":22.5,"axis":"x","origin":[13.08373,21.72252,18.70231]},"faces":{"north":{"uv":[13,0,13.5,0.5],"texture":"#0"},"east":{"uv":[13,0,13.5,0.5],"texture":"#0"},"south":{"uv":[13,0,13.5,0.5],"texture":"#0"},"west":{"uv":[13,0,13.5,0.5],"texture":"#0"},"up":{"uv":[13,0,13.5,0.5],"texture":"#0"},"down":{"uv":[13,0,13.5,0.5],"texture":"#0"}}},{"from":[7.362,6.11077,2.53787],"to":[7.678,7.06677,2.77387],"rotation":{"angle":-22.5,"axis":"x","origin":[12.48,27.22877,5.97587]},"faces":{"north":{"uv":[15,0,16,1.5],"texture":"#0"},"east":{"uv":[15,0,16,1.5],"texture":"#0"},"south":{"uv":[15,0,16,1.5],"texture":"#0"},"west":{"uv":[15,0,16,1.5],"texture":"#0"},"up":{"uv":[15,0,16,1.5],"texture":"#0"},"down":{"uv":[15,0,16,1.5],"texture":"#0"}}},{"from":[7.36,6.4,9.28],"to":[7.68,7.36,9.92],"rotation":{"angle":0,"axis":"y","origin":[12.48,27.52,13.12]},"faces":{"north":{"uv":[14,0,15.5,2],"rotation":180,"texture":"#0"},"east":{"uv":[14,0,15.5,2],"rotation":180,"texture":"#0"},"south":{"uv":[14,0,15.5,2],"rotation":180,"texture":"#0"},"west":{"uv":[14,0,15.5,2],"rotation":180,"texture":"#0"},"up":{"uv":[14,0,15.5,2],"rotation":180,"texture":"#0"},"down":{"uv":[14,0,15.5,2],"rotation":180,"texture":"#0"}}},{"from":[7.362,11.64483,17.71197],"to":[7.678,12.35083,18.34797],"rotation":{"angle":22.5,"axis":"x","origin":[12.48,32.76283,21.54997]},"faces":{"north":{"uv":[13,0,14,1.5],"texture":"#0"},"east":{"uv":[13,0,14,1.5],"texture":"#0"},"south":{"uv":[13,0,14,1.5],"texture":"#0"},"west":{"uv":[13,0,14,1.5],"texture":"#0"},"up":{"uv":[13,0,14,1.5],"texture":"#0"},"down":{"uv":[13,0,14,1.5],"texture":"#0"}}},{"from":[7.4654,11.27739,18.63412],"to":[7.58245,12.07114,19.34923],"rotation":{"angle":22.5,"axis":"x","origin":[13.08373,35.00582,22.94675]},"faces":{"north":{"uv":[13,0,13.5,0.5],"texture":"#0"},"east":{"uv":[13,0,13.5,0.5],"texture":"#0"},"south":{"uv":[13,0,13.5,0.5],"texture":"#0"},"west":{"uv":[13,0,13.5,0.5],"texture":"#0"},"up":{"uv":[13,0,13.5,0.5],"texture":"#0"},"down":{"uv":[13,0,13.5,0.5],"texture":"#0"}}},{"from":[7.362,14.2294,17.34997],"to":[7.667,15.0774,18.11397],"rotation":{"angle":22.5,"axis":"x","origin":[13.504,39.5714,21.95597]},"faces":{"north":{"uv":[13,0,14,1.5],"texture":"#0"},"east":{"uv":[13,0,14,1.5],"texture":"#0"},"south":{"uv":[13,0,14,1.5],"texture":"#0"},"west":{"uv":[13,0,14,1.5],"texture":"#0"},"up":{"uv":[13,0,14,1.5],"texture":"#0"},"down":{"uv":[13,0,14,1.5],"texture":"#0"}}},{"from":[7.4654,13.8064,18.40237],"to":[7.57009,14.75971,19.1863],"rotation":{"angle":22.5,"axis":"x","origin":[14.23429,42.28092,23.50292]},"faces":{"north":{"uv":[13,0,13.5,0.5],"texture":"#0"},"east":{"uv":[13,0,13.5,0.5],"texture":"#0"},"south":{"uv":[13,0,13.5,0.5],"texture":"#0"},"west":{"uv":[13,0,13.5,0.5],"texture":"#0"},"up":{"uv":[13,0,13.5,0.5],"texture":"#0"},"down":{"uv":[13,0,13.5,0.5],"texture":"#0"}}},{"from":[7.362,6.38483,14.19197],"to":[7.678,7.09083,14.82797],"rotation":{"angle":22.5,"axis":"x","origin":[12.48,27.50283,18.02997]},"faces":{"north":{"uv":[13,0,14,1.5],"texture":"#0"},"east":{"uv":[13,0,14,1.5],"texture":"#0"},"south":{"uv":[13,0,14,1.5],"texture":"#0"},"west":{"uv":[13,0,14,1.5],"texture":"#0"},"up":{"uv":[13,0,14,1.5],"texture":"#0"},"down":{"uv":[13,0,14,1.5],"texture":"#0"}}},{"from":[7.4654,6.01725,15.05405],"to":[7.58245,6.81101,15.76916],"rotation":{"angle":22.5,"axis":"x","origin":[13.08373,29.74568,19.36668]},"faces":{"north":{"uv":[13,0,13.5,0.5],"texture":"#0"},"east":{"uv":[13,0,13.5,0.5],"texture":"#0"},"south":{"uv":[13,0,13.5,0.5],"texture":"#0"},"west":{"uv":[13,0,13.5,0.5],"texture":"#0"},"up":{"uv":[13,0,13.5,0.5],"texture":"#0"},"down":{"uv":[13,0,13.5,0.5],"texture":"#0"}}},{"from":[7.363,6.47776,24.00409],"to":[7.677,6.80676,24.63809],"rotation":{"angle":45,"axis":"x","origin":[12.48,27.59476,27.84109]},"faces":{"north":{"uv":[13,0,14,1.5],"texture":"#0"},"east":{"uv":[13,0,14,1.5],"texture":"#0"},"south":{"uv":[13,0,14,1.5],"texture":"#0"},"west":{"uv":[13,0,14,1.5],"texture":"#0"},"up":{"uv":[13,0,14,1.5],"texture":"#0"},"down":{"uv":[13,0,14,1.5],"texture":"#0"}}},{"from":[7.4664,5.47154,25.70383],"to":[7.58145,5.84195,26.06693],"rotation":{"angle":45,"axis":"x","origin":[13.08373,29.19897,30.01545]},"faces":{"north":{"uv":[13,0,13.5,0.5],"texture":"#0"},"east":{"uv":[13,0,13.5,0.5],"texture":"#0"},"south":{"uv":[13,0,13.5,0.5],"texture":"#0"},"west":{"uv":[13,0,13.5,0.5],"texture":"#0"},"up":{"uv":[13,0,13.5,0.5],"texture":"#0"},"down":{"uv":[13,0,13.5,0.5],"texture":"#0"}}},{"from":[7.363,8.02871,24.90031],"to":[7.666,8.42471,25.66231],"rotation":{"angle":45,"axis":"x","origin":[13.504,33.36971,29.50531]},"faces":{"north":{"uv":[13,0,14,1.5],"texture":"#0"},"east":{"uv":[13,0,14,1.5],"texture":"#0"},"south":{"uv":[13,0,14,1.5],"texture":"#0"},"west":{"uv":[13,0,14,1.5],"texture":"#0"},"up":{"uv":[13,0,14,1.5],"texture":"#0"},"down":{"uv":[13,0,14,1.5],"texture":"#0"}}},{"from":[7.4664,6.83919,26.88582],"to":[7.56909,7.28488,27.66774],"rotation":{"angle":45,"axis":"x","origin":[14.23429,35.31271,31.98536]},"faces":{"north":{"uv":[13,0,13.5,0.5],"texture":"#0"},"east":{"uv":[13,0,13.5,0.5],"texture":"#0"},"south":{"uv":[13,0,13.5,0.5],"texture":"#0"},"west":{"uv":[13,0,13.5,0.5],"texture":"#0"},"up":{"uv":[13,0,13.5,0.5],"texture":"#0"},"down":{"uv":[13,0,13.5,0.5],"texture":"#0"}}},{"from":[7.363,1.21776,20.48409],"to":[7.677,1.54676,21.11809],"rotation":{"angle":45,"axis":"x","origin":[12.48,22.33476,24.32109]},"faces":{"north":{"uv":[13,0,14,1.5],"texture":"#0"},"east":{"uv":[13,0,14,1.5],"texture":"#0"},"south":{"uv":[13,0,14,1.5],"texture":"#0"},"west":{"uv":[13,0,14,1.5],"texture":"#0"},"up":{"uv":[13,0,14,1.5],"texture":"#0"},"down":{"uv":[13,0,14,1.5],"texture":"#0"}}},{"from":[7.4664,0.2114,22.12375],"to":[7.58145,0.58181,22.63686],"rotation":{"angle":45,"axis":"x","origin":[13.08373,23.93884,26.43538]},"faces":{"north":{"uv":[13,0,13.5,0.5],"texture":"#0"},"east":{"uv":[13,0,13.5,0.5],"texture":"#0"},"south":{"uv":[13,0,13.5,0.5],"texture":"#0"},"west":{"uv":[13,0,13.5,0.5],"texture":"#0"},"up":{"uv":[13,0,13.5,0.5],"texture":"#0"},"down":{"uv":[13,0,13.5,0.5],"texture":"#0"}}},{"from":[7.362,23.39941,10.29243],"to":[7.678,23.98541,10.52343],"rotation":{"angle":-22.5,"axis":"x","origin":[12.48,20.14741,31.41043]},"faces":{"north":{"uv":[13,0,14,1.5],"rotation":90,"texture":"#0"},"east":{"uv":[13,0,14,1.5],"rotation":90,"texture":"#0"},"south":{"uv":[13,0,14,1.5],"rotation":90,"texture":"#0"},"west":{"uv":[13,0,14,1.5],"rotation":90,"texture":"#0"},"up":{"uv":[13,0,14,1.5],"rotation":90,"texture":"#0"},"down":{"uv":[13,0,14,1.5],"rotation":90,"texture":"#0"}}},{"from":[7.4654,24.48483,10.29752],"to":[7.58245,25.14376,10.43257],"rotation":{"angle":-22.5,"axis":"x","origin":[13.08373,20.83113,34.02595]},"faces":{"north":{"uv":[13,0,13.5,0.5],"rotation":90,"texture":"#0"},"east":{"uv":[13,0,13.5,0.5],"rotation":90,"texture":"#0"},"south":{"uv":[13,0,13.5,0.5],"rotation":90,"texture":"#0"},"west":{"uv":[13,0,13.5,0.5],"rotation":90,"texture":"#0"},"up":{"uv":[13,0,13.5,0.5],"rotation":90,"texture":"#0"},"down":{"uv":[13,0,13.5,0.5],"rotation":90,"texture":"#0"}}},{"from":[7.362,28.33489,8.44651],"to":[7.667,29.03889,8.87451],"rotation":{"angle":-22.5,"axis":"x","origin":[13.504,24.43289,33.78851]},"faces":{"north":{"uv":[13,0,14,1.5],"rotation":90,"texture":"#0"},"east":{"uv":[13,0,14,1.5],"rotation":90,"texture":"#0"},"south":{"uv":[13,0,14,1.5],"rotation":90,"texture":"#0"},"west":{"uv":[13,0,14,1.5],"rotation":90,"texture":"#0"},"up":{"uv":[13,0,14,1.5],"rotation":90,"texture":"#0"},"down":{"uv":[13,0,14,1.5],"rotation":90,"texture":"#0"}}},{"from":[7.4654,29.65534,8.32345],"to":[7.57009,30.37185,8.80485],"rotation":{"angle":-22.5,"axis":"x","origin":[14.23429,25.2713,36.79797]},"faces":{"north":{"uv":[13,0,13.5,0.5],"rotation":90,"texture":"#0"},"east":{"uv":[13,0,13.5,0.5],"rotation":90,"texture":"#0"},"south":{"uv":[13,0,13.5,0.5],"rotation":90,"texture":"#0"},"west":{"uv":[13,0,13.5,0.5],"rotation":90,"texture":"#0"},"up":{"uv":[13,0,13.5,0.5],"rotation":90,"texture":"#0"},"down":{"uv":[13,0,13.5,0.5],"rotation":90,"texture":"#0"}}},{"from":[7.362,18.13941,6.77243],"to":[7.678,18.72541,7.00343],"rotation":{"angle":-22.5,"axis":"x","origin":[12.48,14.88741,27.89043]},"faces":{"north":{"uv":[13,0,14,1.5],"rotation":90,"texture":"#0"},"east":{"uv":[13,0,14,1.5],"rotation":90,"texture":"#0"},"south":{"uv":[13,0,14,1.5],"rotation":90,"texture":"#0"},"west":{"uv":[13,0,14,1.5],"rotation":90,"texture":"#0"},"up":{"uv":[13,0,14,1.5],"rotation":90,"texture":"#0"},"down":{"uv":[13,0,14,1.5],"rotation":90,"texture":"#0"}}},{"from":[7.4654,19.2247,6.71745],"to":[7.58245,19.88362,6.9025],"rotation":{"angle":-22.5,"axis":"x","origin":[13.08373,15.571,30.44588]},"faces":{"north":{"uv":[13,0,13.5,0.5],"rotation":90,"texture":"#0"},"east":{"uv":[13,0,13.5,0.5],"rotation":90,"texture":"#0"},"south":{"uv":[13,0,13.5,0.5],"rotation":90,"texture":"#0"},"west":{"uv":[13,0,13.5,0.5],"rotation":90,"texture":"#0"},"up":{"uv":[13,0,13.5,0.5],"rotation":90,"texture":"#0"},"down":{"uv":[13,0,13.5,0.5],"rotation":90,"texture":"#0"}}},{"from":[7.36,6.4,9.92],"to":[7.68,14.72,10.88],"rotation":{"angle":0,"axis":"y","origin":[12.48,27.52,14.72]},"faces":{"north":{"uv":[13,0,13.5,13],"texture":"#0"},"east":{"uv":[13,0,16,13],"texture":"#0"},"south":{"uv":[12.5,0,13,13],"texture":"#0"},"west":{"uv":[13,0,16,13],"texture":"#0"},"up":{"uv":[13,0,16,13],"texture":"#0"},"down":{"uv":[13,0,16,13],"texture":"#0"}}},{"from":[7.4634,6.63454,9.87931],"to":[7.58445,14.73289,10.80797],"rotation":{"angle":0,"axis":"y","origin":[13.08373,29.11497,15.27259]},"faces":{"north":{"uv":[13,0,13.5,0.5],"texture":"#0"},"east":{"uv":[13,0,13.5,0.5],"texture":"#0"},"south":{"uv":[13,0,13.5,0.5],"texture":"#0"},"west":{"uv":[13,0,13.5,0.5],"texture":"#0"},"up":{"uv":[13,0,13.5,0.5],"texture":"#0"},"down":{"uv":[13,0,13.5,0.5],"texture":"#0"}}},{"from":[7.36,14.72,10.595],"to":[7.68,15.17,10.88],"rotation":{"angle":0,"axis":"y","origin":[12.48,27.52,14.72]},"faces":{"north":{"uv":[15,0,16,1],"texture":"#0"},"east":{"uv":[15,0,16,1],"texture":"#0"},"south":{"uv":[15,0,16,1],"texture":"#0"},"west":{"uv":[15,0,16,1],"texture":"#0"},"up":{"uv":[15,0,16,1],"texture":"#0"},"down":{"uv":[15,0,16,1],"texture":"#0"}}},{"from":[7.4634,14.73289,10.63774],"to":[7.58445,15.23851,10.80797],"rotation":{"angle":0,"axis":"y","origin":[13.08373,29.11497,15.27259]},"faces":{"north":{"uv":[13,0,13.5,0.5],"texture":"#0"},"east":{"uv":[13,0,13.5,0.5],"texture":"#0"},"south":{"uv":[13,0,13.5,0.5],"texture":"#0"},"west":{"uv":[13,0,13.5,0.5],"texture":"#0"},"up":{"uv":[13,0,13.5,0.5],"texture":"#0"},"down":{"uv":[13,0,13.5,0.5],"texture":"#0"}}},{"from":[7.36,17.92,8.81],"to":[7.669,18.51,9.277],"rotation":{"angle":0,"axis":"y","origin":[13.504,33.28,13.76]},"faces":{"north":{"uv":[15,0,16,1],"texture":"#0"},"east":{"uv":[15,0,16,1],"texture":"#0"},"south":{"uv":[15,0,16,1],"texture":"#0"},"west":{"uv":[15,0,16,1],"texture":"#0"},"up":{"uv":[15,0,16,1],"texture":"#0"},"down":{"uv":[15,0,16,1],"texture":"#0"}}},{"from":[7.4634,17.95341,8.73212],"to":[7.57209,18.61634,9.25684],"rotation":{"angle":0,"axis":"y","origin":[14.23429,35.21191,14.29394]},"faces":{"north":{"uv":[13,0,13.5,0.5],"texture":"#0"},"east":{"uv":[13,0,13.5,0.5],"texture":"#0"},"south":{"uv":[13,0,13.5,0.5],"texture":"#0"},"west":{"uv":[13,0,13.5,0.5],"texture":"#0"},"up":{"uv":[13,0,13.5,0.5],"texture":"#0"},"down":{"uv":[13,0,13.5,0.5],"texture":"#0"}}},{"from":[7.36,9.46,7.075],"to":[7.68,9.91,7.36],"rotation":{"angle":0,"axis":"y","origin":[12.48,22.26,11.2]},"faces":{"north":{"uv":[15,0,16,1],"texture":"#0"},"east":{"uv":[15,0,16,1],"texture":"#0"},"south":{"uv":[15,0,16,1],"texture":"#0"},"west":{"uv":[15,0,16,1],"texture":"#0"},"up":{"uv":[15,0,16,1],"texture":"#0"},"down":{"uv":[15,0,16,1],"texture":"#0"}}}],"display":{"thirdperson_righthand":{"translation":[1,8.75,0.75]},"thirdperson_lefthand":{"translation":[-0.5,9.25,0.5]},"firstperson_righthand":{"rotation":[-24,0,0],"translation":[3.25,9,-5]},"firstperson_lefthand":{"rotation":[-24,0,0],"translation":[5,9,-5.75]},"ground":{"rotation":[69,64,0],"translation":[0,3.75,4],"scale":[0.8,0.8,0.8]},"gui":{"rotation":[51,43,-50],"translation":[1.25,1.5,0],"scale":[0.6,0.6,0.6]},"head":{"rotation":[111,1,-34],"translation":[2.25,-25.5,13.5],"scale":[2,2,2]},"fixed":{"rotation":[0,90,0],"translation":[-0.5,5.5,-2.5]}}}