{"credit":"Made with Blockbench","textures":{"0":"mineinabyss:item/relics/boob_stone","particle":"mineinabyss:item/relics/boob_stone"},"elements":[{"name":"body","from":[5.5,1,5.5],"to":[10.5,5,10.5],"faces":{"north":{"uv":[2.5,10,5,12],"texture":"#0"},"east":{"uv":[0,10,2.5,12],"texture":"#0"},"south":{"uv":[7.5,10,10,12],"texture":"#0"},"west":{"uv":[5,10,7.5,12],"texture":"#0"},"up":{"uv":[2.5,7.5,5,10],"texture":"#0"},"down":{"uv":[5,7.5,7.5,10],"texture":"#0"}}},{"name":"base","from":[6,0,6],"to":[10,6,10],"faces":{"north":{"uv":[2,2,4,5],"texture":"#0"},"east":{"uv":[0,2,2,5],"texture":"#0"},"south":{"uv":[6,2,8,5],"texture":"#0"},"west":{"uv":[4,2,6,5],"texture":"#0"},"up":{"uv":[2,0,4,2],"texture":"#0"},"down":{"uv":[4,0,6,2],"texture":"#0"}}},{"name":"top","from":[6.7,6,6.7],"to":[9.2,7,9.2],"faces":{"north":{"uv":[0,7,2,7.5],"texture":"#0"},"east":{"uv":[0,7,2,7.5],"texture":"#0"},"south":{"uv":[6,7,8,7.5],"texture":"#0"},"west":{"uv":[4,7,6,7.5],"texture":"#0"},"up":{"uv":[2,5,4,7],"texture":"#0"},"down":{"uv":[4,5,6,7],"texture":"#0"}}}],"display":{"thirdperson_righthand":{"translation":[0,3.25,-2.25]},"thirdperson_lefthand":{"translation":[0,3.25,-2.25]},"firstperson_righthand":{"translation":[0,7,0]},"firstperson_lefthand":{"translation":[0,7,0]},"ground":{"translation":[0,8.5,0],"scale":[1.5,1.5,1.5]},"gui":{"translation":[0,6.75,0],"scale":[1.5,1.5,1.5]},"head":{"translation":[0,14.5,-1]},"fixed":{"translation":[0,7,0],"scale":[1.5,1.5,1.5]}},"groups":[{"name":"model","origin":[8,8,8],"children":[0,1,2]}]}