{"credit":"Made with Blockbench","textures":{"1":"mineinabyss:relics/grim_ripper","particle":"mineinabyss:relics/grim_ripper"},"elements":[{"from":[8.048,11.298,7.998],"to":[8.502,13.302,10.002],"rotation":{"angle":0,"axis":"y","origin":[23.85,21.3,24]},"faces":{"north":{"uv":[8.5,2,8.75,5],"rotation":180,"texture":"#1"},"east":{"uv":[5.75,0,8.75,3],"rotation":90,"texture":"#1"},"south":{"uv":[4.5,0,4.75,5.25],"rotation":180,"texture":"#1"},"west":{"uv":[5.75,2.75,8.75,5.75],"rotation":180,"texture":"#1"},"up":{"uv":[5.75,2,8.75,5],"rotation":180,"texture":"#1"},"down":{"uv":[5.75,2,8.75,5],"rotation":180,"texture":"#1"}}},{"from":[8.054,6.854,7.504],"to":[8.496,14.721,7.996],"rotation":{"angle":0,"axis":"y","origin":[23.85,22.85,23.5]},"faces":{"north":{"uv":[7.25,1.25,7.75,5.25],"texture":"#1"},"east":{"uv":[7.5,2,7.75,6],"texture":"#1"},"south":{"uv":[0,0,0.325,4],"texture":"#1"},"west":{"uv":[8,0,8.75,8.5],"texture":"#1"},"up":{"uv":[8.25,7.5,8.575,7.75],"texture":"#1"},"down":{"uv":[8,6.75,8.325,7],"texture":"#1"}}},{"from":[8.05,1.05,10.15],"to":[8.5,4.35,11.25],"rotation":{"angle":22.5,"axis":"x","origin":[23.85,13.1,26.15]},"faces":{"north":{"uv":[7.5,2,8,7],"rotation":180,"texture":"#1"},"east":{"uv":[7.5,0,9,5],"texture":"#1"},"south":{"uv":[4.75,2.25,5,7.25],"rotation":180,"texture":"#1"},"west":{"uv":[6.25,0,8.25,5],"rotation":180,"texture":"#1"},"up":{"uv":[6.25,0,8.25,5],"rotation":180,"texture":"#1"},"down":{"uv":[6.25,0,8.25,5],"rotation":180,"texture":"#1"}}},{"from":[8.052,3.84189,10.72509],"to":[8.498,4.98789,12.72109],"rotation":{"angle":22.5,"axis":"x","origin":[23.85,14.98989,27.22309]},"faces":{"north":{"uv":[5.25,3.25,8.25,6.25],"rotation":180,"texture":"#1"},"east":{"uv":[7.5,5.25,9,6.75],"rotation":180,"texture":"#1"},"south":{"uv":[4.5,3.25,4.75,6.25],"rotation":180,"texture":"#1"},"west":{"uv":[5.25,3.25,8.25,6.25],"rotation":180,"texture":"#1"},"up":{"uv":[5.25,3.25,8.25,6.25],"rotation":180,"texture":"#1"},"down":{"uv":[4.5,6,7.5,6.25],"rotation":90,"texture":"#1"}}},{"from":[8.051,15.24089,3.22409],"to":[8.499,15.88889,3.94709],"rotation":{"angle":-22.5,"axis":"x","origin":[23.85,26.38989,19.02309]},"faces":{"north":{"uv":[6.5,0,7.5,1],"texture":"#1"},"east":{"uv":[6.5,0,7.5,1],"texture":"#1"},"south":{"uv":[6.5,0,7.5,1],"texture":"#1"},"west":{"uv":[6.25,2.5,7.25,3.5],"texture":"#1"},"up":{"uv":[6.5,0,7.5,1],"texture":"#1"},"down":{"uv":[4.5,0,4.75,1],"texture":"#1"}}},{"from":[8.053,13.84289,2.57609],"to":[8.497,14.43689,3.32009],"rotation":{"angle":-22.5,"axis":"x","origin":[23.85,24.98989,18.37309]},"faces":{"north":{"uv":[6.25,0.25,7.25,1.25],"texture":"#1"},"east":{"uv":[6.25,0.25,7.25,1.25],"texture":"#1"},"south":{"uv":[6.25,0.25,7.25,1.25],"texture":"#1"},"west":{"uv":[6.25,0.25,7.25,1.25],"texture":"#1"},"up":{"uv":[6.25,0.25,7.25,1.25],"texture":"#1"},"down":{"uv":[6.25,0.25,7.25,1.25],"texture":"#1"}}},{"from":[8.051,16.30644,-4.70566],"to":[8.499,16.90444,-3.55766],"rotation":{"angle":-45,"axis":"x","origin":[23.85,27.45544,11.49334]},"faces":{"north":{"uv":[6.5,1.5,7.5,2.5],"texture":"#1"},"east":{"uv":[7.75,1.5,8.75,2.5],"texture":"#1"},"south":{"uv":[6.5,1.5,7.5,2.5],"texture":"#1"},"west":{"uv":[5.25,2.25,6.25,3.25],"texture":"#1"},"up":{"uv":[6.5,1.5,7.5,2.5],"texture":"#1"},"down":{"uv":[6.5,1.5,7.5,2.5],"texture":"#1"}}},{"from":[8.052,10.65744,14.54534],"to":[8.498,12.00344,15.14134],"rotation":{"angle":22.5,"axis":"x","origin":[23.85,26.85544,3.99334]},"faces":{"north":{"uv":[6.5,0.25,8.5,1.25],"rotation":90,"texture":"#1"},"east":{"uv":[6.5,0.25,8.5,1.25],"rotation":90,"texture":"#1"},"south":{"uv":[6.5,0.25,8.5,1.25],"rotation":90,"texture":"#1"},"west":{"uv":[5.25,2.25,7.25,3.25],"rotation":90,"texture":"#1"},"up":{"uv":[6.5,0.25,8.5,1.25],"rotation":90,"texture":"#1"},"down":{"uv":[6.5,0.25,8.5,1.25],"rotation":90,"texture":"#1"}}},{"from":[8.049,7.08919,6.75559],"to":[8.501,8.09119,8.25759],"rotation":{"angle":0,"axis":"x","origin":[23.85,18.09019,22.75659]},"faces":{"north":{"uv":[7.5,0.75,8,2.75],"rotation":180,"texture":"#1"},"east":{"uv":[7.75,0.5,9,2.5],"rotation":180,"texture":"#1"},"south":{"uv":[6.5,0,8.5,2],"rotation":180,"texture":"#1"},"west":{"uv":[6.5,0,8.5,2],"rotation":180,"texture":"#1"},"up":{"uv":[6.5,0,8.5,2],"rotation":180,"texture":"#1"},"down":{"uv":[6.5,0,8.5,2],"rotation":180,"texture":"#1"}}},{"from":[8.05,11.95192,1.71183],"to":[8.5,12.45192,2.46183],"rotation":{"angle":-22.5,"axis":"x","origin":[23.85,22.45192,17.71183]},"faces":{"north":{"uv":[7.5,3.25,8,4.25],"texture":"#1"},"east":{"uv":[7.5,3.25,8.5,4.25],"texture":"#1"},"south":{"uv":[7.5,3.25,8.5,4.25],"texture":"#1"},"west":{"uv":[7.5,3.25,8.5,4.25],"texture":"#1"},"up":{"uv":[7.5,3.25,8.5,4.25],"texture":"#1"},"down":{"uv":[7.5,3.25,8.5,4.25],"texture":"#1"}}},{"from":[8.151,11.05292,1.76283],"to":[8.449,12.45092,2.56083],"rotation":{"angle":-22.5,"axis":"x","origin":[23.85,22.45192,17.71183]},"faces":{"north":{"uv":[0.25,5.5,0.75,7],"texture":"#1"},"east":{"uv":[0.25,5.5,1.75,7],"texture":"#1"},"south":{"uv":[0.25,5.5,1.75,7],"texture":"#1"},"west":{"uv":[0.25,5.5,1.75,7],"texture":"#1"},"up":{"uv":[0.25,5.5,1.75,7],"texture":"#1"},"down":{"uv":[0.25,5.5,1.75,7],"texture":"#1"}}},{"from":[8.05,10.20192,2.01183],"to":[8.9,11.30192,3.11183],"rotation":{"angle":-22.5,"axis":"x","origin":[23.85,21.25192,18.01183]},"faces":{"north":{"uv":[7,4.25,9,6.25],"texture":"#1"},"east":{"uv":[7,4.25,9,6.25],"texture":"#1"},"south":{"uv":[7,4.25,9,6.25],"texture":"#1"},"west":{"uv":[7,4.25,9,6.25],"texture":"#1"},"up":{"uv":[7,4.25,9,6.25],"texture":"#1"},"down":{"uv":[7,4.25,9,6.25],"texture":"#1"}}},{"from":[8.3,12.75192,-5.58817],"to":[8.7,13.50192,-4.83817],"rotation":{"angle":-45,"axis":"x","origin":[24,23.80192,10.41183]},"faces":{"north":{"uv":[8,6,8.75,8],"texture":"#1"},"east":{"uv":[7,6,9,8],"texture":"#1"},"south":{"uv":[7,6,9,8],"texture":"#1"},"west":{"uv":[7,6,9,8],"texture":"#1"},"up":{"uv":[7.75,6,8.5,8],"texture":"#1"},"down":{"uv":[7,6,9,8],"texture":"#1"}}},{"from":[8.25,12.90192,-5.43817],"to":[8.3,13.35192,-5.28817],"rotation":{"angle":-45,"axis":"x","origin":[24,23.80192,10.41183]},"faces":{"north":{"uv":[9,6.25,9.075,6.475],"texture":"#1"},"east":{"uv":[6.25,2.75,6.325,2.975],"texture":"#1"},"south":{"uv":[6.25,2.75,6.325,2.975],"texture":"#1"},"west":{"uv":[6.25,2.75,6.325,2.975],"texture":"#1"},"up":{"uv":[6.25,2.75,6.325,2.975],"texture":"#1"},"down":{"uv":[9.25,6.75,9.325,6.975],"texture":"#1"}}},{"from":[8.7,12.90192,-5.43817],"to":[8.75,13.35192,-5.28817],"rotation":{"angle":-45,"axis":"x","origin":[24.45,23.80192,10.41183]},"faces":{"north":{"uv":[9.25,7.25,9.325,7.475],"texture":"#1"},"east":{"uv":[6.25,2.75,6.325,2.975],"texture":"#1"},"south":{"uv":[6.25,2.75,6.325,2.975],"texture":"#1"},"west":{"uv":[6.25,2.75,6.325,2.975],"texture":"#1"},"up":{"uv":[6.25,2.75,6.325,2.975],"texture":"#1"},"down":{"uv":[9.25,6.75,9.325,6.975],"texture":"#1"}}},{"from":[8.25,12.90192,-5.13817],"to":[8.3,13.35192,-4.98817],"rotation":{"angle":-45,"axis":"x","origin":[24,23.80192,10.41183]},"faces":{"north":{"uv":[9.25,6.75,9.325,6.975],"texture":"#1"},"east":{"uv":[6.25,2.75,6.325,2.975],"texture":"#1"},"south":{"uv":[6.25,2.75,6.325,2.975],"texture":"#1"},"west":{"uv":[6.25,2.75,6.325,2.975],"texture":"#1"},"up":{"uv":[6.25,2.75,6.325,2.975],"texture":"#1"},"down":{"uv":[9.25,6.75,9.325,6.975],"texture":"#1"}}},{"from":[8.7,12.90192,-5.13817],"to":[8.75,13.35192,-4.98817],"rotation":{"angle":-45,"axis":"x","origin":[24.45,23.80192,10.41183]},"faces":{"north":{"uv":[9.25,6.5,9.325,6.725],"texture":"#1"},"east":{"uv":[6.25,2.75,6.325,2.975],"texture":"#1"},"south":{"uv":[6.25,2.75,6.325,2.975],"texture":"#1"},"west":{"uv":[6.25,2.75,6.325,2.975],"texture":"#1"},"up":{"uv":[6.25,2.75,6.325,2.975],"texture":"#1"},"down":{"uv":[9,6.5,9.075,6.725],"texture":"#1"}}},{"from":[8.25,13.20192,-5.28817],"to":[8.3,13.35192,-5.13817],"rotation":{"angle":-45,"axis":"x","origin":[24,23.80192,10.41183]},"faces":{"north":{"uv":[6.25,2.75,6.325,2.975],"texture":"#1"},"east":{"uv":[6.25,2.75,6.325,2.975],"texture":"#1"},"south":{"uv":[6.25,2.75,6.325,2.975],"texture":"#1"},"west":{"uv":[6.25,2.75,6.325,2.975],"texture":"#1"},"up":{"uv":[6.25,2.75,6.325,2.975],"texture":"#1"},"down":{"uv":[9,6.75,9.075,6.975],"texture":"#1"}}},{"from":[8.7,13.20192,-5.28817],"to":[8.75,13.35192,-5.13817],"rotation":{"angle":-45,"axis":"x","origin":[24.45,23.80192,10.41183]},"faces":{"north":{"uv":[6.25,2.75,6.325,2.975],"texture":"#1"},"east":{"uv":[6.25,2.75,6.325,2.975],"texture":"#1"},"south":{"uv":[6.25,2.75,6.325,2.975],"texture":"#1"},"west":{"uv":[6.25,2.75,6.325,2.975],"texture":"#1"},"up":{"uv":[6.25,2.75,6.325,2.975],"texture":"#1"},"down":{"uv":[9,7,9.075,7.225],"texture":"#1"}}},{"from":[8.25,12.90192,-5.28817],"to":[8.3,13.05192,-5.13817],"rotation":{"angle":-45,"axis":"x","origin":[24,23.80192,10.41183]},"faces":{"north":{"uv":[6.25,2.75,6.325,2.975],"texture":"#1"},"east":{"uv":[6.25,2.75,6.325,2.975],"texture":"#1"},"south":{"uv":[6.25,2.75,6.325,2.975],"texture":"#1"},"west":{"uv":[6.25,2.75,6.325,2.975],"texture":"#1"},"up":{"uv":[6.25,2.75,6.325,2.975],"texture":"#1"},"down":{"uv":[9.25,6.5,9.325,6.725],"texture":"#1"}}},{"from":[8.7,12.90192,-5.28817],"to":[8.75,13.05192,-5.13817],"rotation":{"angle":-45,"axis":"x","origin":[24.45,23.80192,10.41183]},"faces":{"north":{"uv":[6.25,2.75,6.325,2.975],"texture":"#1"},"east":{"uv":[6.25,2.75,6.325,2.975],"texture":"#1"},"south":{"uv":[6.25,2.75,6.325,2.975],"texture":"#1"},"west":{"uv":[6.25,2.75,6.325,2.975],"texture":"#1"},"up":{"uv":[6.25,2.75,6.325,2.975],"texture":"#1"},"down":{"uv":[9.25,6.5,9.325,6.725],"texture":"#1"}}},{"from":[7.95,10.35192,2.76183],"to":[8.05,11.15192,2.96183],"rotation":{"angle":-22.5,"axis":"x","origin":[24.1,21.25192,18.01183]},"faces":{"north":{"uv":[9.25,7.25,9.35,7.65],"texture":"#1"},"east":{"uv":[6,2,6.1,2.4],"texture":"#1"},"south":{"uv":[6,2,6.1,2.4],"texture":"#1"},"west":{"uv":[6,2,6.1,2.4],"texture":"#1"},"up":{"uv":[6,2,6.1,2.4],"texture":"#1"},"down":{"uv":[9,6.75,9.1,7.15],"texture":"#1"}}},{"from":[8.875,10.35192,2.76183],"to":[8.975,11.15192,2.96183],"rotation":{"angle":-22.5,"axis":"x","origin":[25.025,21.25192,18.01183]},"faces":{"north":{"uv":[9.25,6.5,9.35,6.9],"texture":"#1"},"east":{"uv":[5.75,2.75,5.85,3.15],"texture":"#1"},"south":{"uv":[5.75,2.75,5.85,3.15],"texture":"#1"},"west":{"uv":[5.75,2.75,5.85,3.15],"texture":"#1"},"up":{"uv":[5.75,2.75,5.85,3.15],"texture":"#1"},"down":{"uv":[9,7.5,9.1,7.9],"texture":"#1"}}},{"from":[7.95,10.35192,2.16183],"to":[8.05,11.15192,2.36183],"rotation":{"angle":-22.5,"axis":"x","origin":[24.1,21.25192,18.01183]},"faces":{"north":{"uv":[9.25,6.75,9.35,7.15],"texture":"#1"},"east":{"uv":[5,0.5,5.1,0.9],"texture":"#1"},"south":{"uv":[5,0.5,5.1,0.9],"texture":"#1"},"west":{"uv":[5,0.5,5.1,0.9],"texture":"#1"},"up":{"uv":[5,0.5,5.1,0.9],"texture":"#1"},"down":{"uv":[9.25,7,9.35,7.4],"texture":"#1"}}},{"from":[8.875,10.35192,2.16183],"to":[8.975,11.15192,2.36183],"rotation":{"angle":-22.5,"axis":"x","origin":[25.025,21.25192,18.01183]},"faces":{"north":{"uv":[9,7.25,9.1,7.65],"texture":"#1"},"east":{"uv":[5.75,2.75,5.85,3.15],"texture":"#1"},"south":{"uv":[5.75,2.75,5.85,3.15],"texture":"#1"},"west":{"uv":[5.75,2.75,5.85,3.15],"texture":"#1"},"up":{"uv":[5.75,2.75,5.85,3.15],"texture":"#1"},"down":{"uv":[9.25,6,9.35,6.4],"texture":"#1"}}},{"from":[7.95,10.35192,2.36183],"to":[8.05,10.55192,2.76183],"rotation":{"angle":-22.5,"axis":"x","origin":[24.1,21.25192,18.01183]},"faces":{"north":{"uv":[5.75,2.75,5.95,2.85],"texture":"#1"},"east":{"uv":[5.75,2.75,5.95,2.85],"texture":"#1"},"south":{"uv":[5.75,2.75,5.95,2.85],"texture":"#1"},"west":{"uv":[5.75,2.75,5.95,2.85],"texture":"#1"},"up":{"uv":[5.75,2.75,5.95,2.85],"texture":"#1"},"down":{"uv":[9,7.25,9.2,7.35],"texture":"#1"}}},{"from":[8.875,10.35192,2.36183],"to":[8.975,10.55192,2.76183],"rotation":{"angle":-22.5,"axis":"x","origin":[25.025,21.25192,18.01183]},"faces":{"north":{"uv":[5.75,2.75,5.85,3.15],"texture":"#1"},"east":{"uv":[5.75,2.75,5.85,3.15],"texture":"#1"},"south":{"uv":[5.75,2.75,5.85,3.15],"texture":"#1"},"west":{"uv":[5.75,2.75,5.85,3.15],"texture":"#1"},"up":{"uv":[5.75,2.75,5.85,3.15],"texture":"#1"},"down":{"uv":[9.25,6.25,9.35,6.65],"texture":"#1"}}},{"from":[7.95,10.95192,2.36183],"to":[8.05,11.15192,2.76183],"rotation":{"angle":-22.5,"axis":"x","origin":[24.1,21.25192,18.01183]},"faces":{"north":{"uv":[5.75,1,5.95,1.1],"texture":"#1"},"east":{"uv":[5.75,1,5.95,1.1],"texture":"#1"},"south":{"uv":[5.75,1,5.95,1.1],"texture":"#1"},"west":{"uv":[5.75,1,5.95,1.1],"texture":"#1"},"up":{"uv":[5.75,1,5.95,1.1],"texture":"#1"},"down":{"uv":[9.25,6.25,9.45,6.35],"texture":"#1"}}},{"from":[8.875,10.95192,2.36183],"to":[8.975,11.15192,2.76183],"rotation":{"angle":-22.5,"axis":"x","origin":[25.025,21.25192,18.01183]},"faces":{"north":{"uv":[5.75,2.75,5.85,3.15],"texture":"#1"},"east":{"uv":[5.75,2.75,5.85,3.15],"texture":"#1"},"south":{"uv":[5.75,2.75,5.85,3.15],"texture":"#1"},"west":{"uv":[5.75,2.75,5.85,3.15],"texture":"#1"},"up":{"uv":[5.75,2.75,5.85,3.15],"texture":"#1"},"down":{"uv":[9.25,7,9.35,7.4],"texture":"#1"}}},{"from":[8.15,5.80192,7.16183],"to":[8.45,6.80192,8.11183],"rotation":{"angle":0,"axis":"x","origin":[23.85,16.80192,23.11183]},"faces":{"north":{"uv":[0,5.5,0.5,7],"texture":"#1"},"east":{"uv":[0,5.5,1.5,7],"texture":"#1"},"south":{"uv":[0,5.5,1.5,7],"texture":"#1"},"west":{"uv":[0,5.5,1.5,7],"texture":"#1"},"up":{"uv":[0,5.5,1.5,7],"texture":"#1"},"down":{"uv":[0,5.5,1.5,7],"texture":"#1"}}},{"from":[8.15,4.80192,7.31183],"to":[8.6,5.30192,8.26183],"rotation":{"angle":0,"axis":"x","origin":[23.85,15.30192,23.26183]},"faces":{"north":{"uv":[0,5.5,1,6.5],"texture":"#1"},"east":{"uv":[0,5.5,1,6.5],"texture":"#1"},"south":{"uv":[0,5.5,1,6.5],"texture":"#1"},"west":{"uv":[0,5.5,1,6.5],"texture":"#1"},"up":{"uv":[0,5.5,1,6.5],"texture":"#1"},"down":{"uv":[0,5.5,1,6.5],"texture":"#1"}}},{"from":[8.36,-9.13808,9.42183],"to":[8.64,-8.10808,10.25183],"rotation":{"angle":45,"axis":"x","origin":[24,1.35192,25.51183]},"faces":{"north":{"uv":[0.5,6,0.925,6.525],"texture":"#1"},"east":{"uv":[0.5,6,0.925,6.525],"texture":"#1"},"south":{"uv":[0.5,6,0.925,6.525],"texture":"#1"},"west":{"uv":[0.5,6,0.925,6.525],"texture":"#1"},"up":{"uv":[0.5,6,0.925,6.525],"texture":"#1"},"down":{"uv":[0.5,6,0.925,6.525],"texture":"#1"}}},{"from":[8.1,-2.14808,9.81183],"to":[8.65,-1.79808,10.21183],"rotation":{"angle":22.5,"axis":"x","origin":[23.85,8.20192,25.61183]},"faces":{"north":{"uv":[3.75,11.75,4.75,12.75],"texture":"#1"},"east":{"uv":[3.75,11.75,4.75,12.75],"texture":"#1"},"south":{"uv":[3.75,11.75,4.75,12.75],"texture":"#1"},"west":{"uv":[3.75,11.75,4.75,12.75],"texture":"#1"},"up":{"uv":[3.75,11.75,4.75,12.75],"texture":"#1"},"down":{"uv":[3.75,11.75,4.75,12.75],"texture":"#1"}}},{"from":[8.151,8.45064,12.31331],"to":[8.599,9.84864,12.81131],"rotation":{"angle":-22.5,"axis":"x","origin":[23.85,-5.95036,22.66231]},"faces":{"north":{"uv":[3.25,11.25,5.25,12.25],"rotation":90,"texture":"#1"},"east":{"uv":[6.5,12,8.5,13],"rotation":90,"texture":"#1"},"south":{"uv":[6.5,12,8.5,13],"rotation":90,"texture":"#1"},"west":{"uv":[6.5,12,8.5,13],"rotation":90,"texture":"#1"},"up":{"uv":[6.5,12,8.5,13],"rotation":90,"texture":"#1"},"down":{"uv":[6.5,12,8.5,13],"rotation":90,"texture":"#1"}}},{"from":[8.15,2.84964,7.36231],"to":[8.6,4.59964,7.96231],"rotation":{"angle":0,"axis":"x","origin":[23.85,-11.55036,17.71231]},"faces":{"north":{"uv":[3,11.25,5,12.25],"rotation":90,"texture":"#1"},"east":{"uv":[6,11.25,8,12.25],"rotation":90,"texture":"#1"},"south":{"uv":[6,11.25,8,12.25],"rotation":90,"texture":"#1"},"west":{"uv":[6,11.25,8,12.25],"rotation":90,"texture":"#1"},"up":{"uv":[6,11.25,8,12.25],"rotation":90,"texture":"#1"},"down":{"uv":[6,11.25,8,12.25],"rotation":90,"texture":"#1"}}},{"from":[8.151,0.45064,-6.41169],"to":[8.599,1.14864,-5.88869],"rotation":{"angle":45,"axis":"x","origin":[23.85,-15.00036,3.81231]},"faces":{"north":{"uv":[7,11.25,8,12.25],"rotation":90,"texture":"#1"},"east":{"uv":[7,11.25,8,12.25],"rotation":90,"texture":"#1"},"south":{"uv":[3.25,11.5,4.25,12.5],"rotation":90,"texture":"#1"},"west":{"uv":[7,11.25,8,12.25],"rotation":90,"texture":"#1"},"up":{"uv":[3.75,10.75,4.75,11.75],"rotation":90,"texture":"#1"},"down":{"uv":[7,11.25,8,12.25],"rotation":90,"texture":"#1"}}},{"from":[8.149,3.47364,7.98631],"to":[8.601,3.90064,8.13831],"rotation":{"angle":0,"axis":"x","origin":[23.85,-6.25036,-8.01269]},"faces":{"north":{"uv":[6.75,11.5,7.75,12.5],"rotation":180,"texture":"#1"},"east":{"uv":[6.75,11.5,7.75,12.5],"rotation":180,"texture":"#1"},"south":{"uv":[3.25,11.75,4.25,12.75],"rotation":180,"texture":"#1"},"west":{"uv":[6.75,11.5,7.75,12.5],"rotation":180,"texture":"#1"},"up":{"uv":[6.75,11.5,7.75,12.5],"rotation":180,"texture":"#1"},"down":{"uv":[6.75,11.5,7.75,12.5],"rotation":180,"texture":"#1"}}},{"from":[8.05,-3.05036,0.36231],"to":[8.65,0.34964,1.06231],"rotation":{"angle":22.5,"axis":"x","origin":[23.85,-15.80036,10.81231]},"faces":{"north":{"uv":[11,1.75,12,5.75],"rotation":180,"texture":"#1"},"east":{"uv":[11,1.75,12,5.75],"rotation":180,"texture":"#1"},"south":{"uv":[11,1.75,12,5.75],"rotation":180,"texture":"#1"},"west":{"uv":[11,1.75,12,5.75],"rotation":180,"texture":"#1"},"up":{"uv":[11,1.75,12,5.75],"rotation":180,"texture":"#1"},"down":{"uv":[11,1.75,12,5.75],"rotation":180,"texture":"#1"}}},{"from":[8.15,-3.25036,0.41231],"to":[8.6,-3.05036,1.01231],"rotation":{"angle":22.5,"axis":"x","origin":[23.85,-15.80036,10.81231]},"faces":{"north":{"uv":[4,11.75,5,12.75],"rotation":90,"texture":"#1"},"east":{"uv":[6.5,11.75,7.5,12.75],"rotation":90,"texture":"#1"},"south":{"uv":[3.75,11.75,4.75,12.75],"rotation":90,"texture":"#1"},"west":{"uv":[6.5,11.75,7.5,12.75],"rotation":90,"texture":"#1"},"up":{"uv":[6.5,11.75,7.5,12.75],"rotation":90,"texture":"#1"},"down":{"uv":[3.25,11.5,4.25,12.5],"rotation":90,"texture":"#1"}}},{"from":[8.148,0.86003,1.23326],"to":[8.602,2.06403,1.68726],"rotation":{"angle":22.5,"axis":"x","origin":[23.85,-13.73797,11.68526]},"faces":{"north":{"uv":[6.25,11.5,8.25,12.5],"rotation":90,"texture":"#1"},"east":{"uv":[6.25,11.5,8.25,12.5],"rotation":90,"texture":"#1"},"south":{"uv":[3,11.5,5,12.5],"rotation":90,"texture":"#1"},"west":{"uv":[6.25,11.5,8.25,12.5],"rotation":90,"texture":"#1"},"up":{"uv":[6.25,11.5,8.25,12.5],"rotation":90,"texture":"#1"},"down":{"uv":[6.25,11.5,8.25,12.5],"rotation":90,"texture":"#1"}}},{"from":[8.35,1.16203,-7.26474],"to":[8.65,2.31203,-6.71474],"rotation":{"angle":45,"axis":"x","origin":[24,-13.48797,3.18526]},"faces":{"north":{"uv":[4.25,10.5,5.25,11],"rotation":90,"texture":"#1"},"east":{"uv":[7.25,12,8.25,12.5],"rotation":90,"texture":"#1"},"south":{"uv":[4,11,5,11.5],"rotation":90,"texture":"#1"},"west":{"uv":[7.25,12,8.25,12.5],"rotation":90,"texture":"#1"},"up":{"uv":[7.25,12,8.25,12.5],"rotation":90,"texture":"#1"},"down":{"uv":[7.25,12,8.25,12.5],"rotation":90,"texture":"#1"}}},{"from":[8.31,1.97203,-7.25474],"to":[8.69,2.30203,-6.62474],"rotation":{"angle":45,"axis":"x","origin":[24,-13.48797,3.18526]},"faces":{"north":{"uv":[6.25,11.25,7.25,13.25],"rotation":90,"texture":"#1"},"east":{"uv":[6.25,11.25,7.25,13.25],"rotation":90,"texture":"#1"},"south":{"uv":[6.25,11.25,7.25,13.25],"rotation":90,"texture":"#1"},"west":{"uv":[6.25,11.25,7.25,13.25],"rotation":90,"texture":"#1"},"up":{"uv":[6.25,11.25,7.25,13.25],"rotation":90,"texture":"#1"},"down":{"uv":[6.25,11.25,7.25,13.25],"rotation":90,"texture":"#1"}}},{"from":[8.25,0.66203,-7.36474],"to":[8.75,1.76203,-6.76474],"rotation":{"angle":45,"axis":"x","origin":[24,-13.48797,3.18526]},"faces":{"north":{"uv":[3.25,12,5.25,13],"rotation":90,"texture":"#1"},"east":{"uv":[6.25,12.25,8.25,13.25],"rotation":90,"texture":"#1"},"south":{"uv":[3.25,12.25,5.25,13.25],"rotation":90,"texture":"#1"},"west":{"uv":[6.25,11.75,8.25,12.75],"rotation":90,"texture":"#1"},"up":{"uv":[6.25,12.25,8.25,13.25],"rotation":90,"texture":"#1"},"down":{"uv":[6.25,12.25,8.25,13.25],"rotation":90,"texture":"#1"}}},{"from":[8.15,1.31203,-7.21474],"to":[8.85,1.61203,-6.91474],"rotation":{"angle":45,"axis":"x","origin":[24,-13.48797,3.18526]},"faces":{"north":{"uv":[4.25,11.75,4.4,11.9],"rotation":90,"texture":"#1"},"east":{"uv":[4.25,11.75,4.4,11.9],"rotation":90,"texture":"#1"},"south":{"uv":[4.25,11.75,4.4,11.9],"rotation":90,"texture":"#1"},"west":{"uv":[4.25,11.75,4.4,11.9],"rotation":90,"texture":"#1"},"up":{"uv":[4.25,11.75,4.4,11.9],"rotation":90,"texture":"#1"},"down":{"uv":[4.25,11.75,4.4,11.9],"rotation":90,"texture":"#1"}}},{"from":[8.2,0.91203,-7.01474],"to":[8.8,1.01203,-6.91474],"rotation":{"angle":45,"axis":"x","origin":[24,-13.48797,3.18526]},"faces":{"north":{"uv":[3.5,11.75,3.55,11.8],"rotation":90,"texture":"#1"},"east":{"uv":[3.5,11.75,3.55,11.8],"rotation":90,"texture":"#1"},"south":{"uv":[3.5,11.75,3.55,11.8],"rotation":90,"texture":"#1"},"west":{"uv":[3.5,11.75,3.55,11.8],"rotation":90,"texture":"#1"},"up":{"uv":[3.5,11.75,3.55,11.8],"rotation":90,"texture":"#1"},"down":{"uv":[3.5,11.75,3.55,11.8],"rotation":90,"texture":"#1"}}},{"from":[8.251,-1.83697,10.08626],"to":[8.749,-1.28897,10.83426],"rotation":{"angle":-22.5,"axis":"x","origin":[24,-11.78797,-4.36474]},"faces":{"north":{"uv":[6.5,12.25,7.5,12.525],"rotation":180,"texture":"#1"},"east":{"uv":[6.5,12.25,7.5,12.525],"rotation":180,"texture":"#1"},"south":{"uv":[6.5,12.25,7.5,12.525],"rotation":180,"texture":"#1"},"west":{"uv":[6.5,12.25,7.5,12.525],"rotation":180,"texture":"#1"},"up":{"uv":[3.75,11.75,4.75,12.025],"rotation":180,"texture":"#1"},"down":{"uv":[3.75,11,4.75,11.275],"rotation":180,"texture":"#1"}}},{"from":[8.25,-0.73797,-1.91474],"to":[8.75,0.56203,-1.36474],"rotation":{"angle":22.5,"axis":"x","origin":[24,-15.73797,8.58526]},"faces":{"north":{"uv":[4.25,10.75,5.25,12.75],"texture":"#1"},"east":{"uv":[6.5,11.25,7.5,13.25],"texture":"#1"},"south":{"uv":[4.25,11.5,5.25,13.5],"texture":"#1"},"west":{"uv":[6.5,11.25,7.5,13.25],"texture":"#1"},"up":{"uv":[6.5,11.25,7.5,13.25],"texture":"#1"},"down":{"uv":[6.5,11.25,7.5,13.25],"texture":"#1"}}},{"from":[8.251,-3.55142,8.88237],"to":[8.749,-3.00342,10.18037],"rotation":{"angle":-22.5,"axis":"x","origin":[24,-13.50242,-6.11863]},"faces":{"north":{"uv":[6.25,10.75,7.25,12.75],"rotation":180,"texture":"#1"},"east":{"uv":[6.25,10.75,7.25,12.75],"rotation":180,"texture":"#1"},"south":{"uv":[6.25,10.75,7.25,12.75],"rotation":180,"texture":"#1"},"west":{"uv":[6.25,10.75,7.25,12.75],"rotation":180,"texture":"#1"},"up":{"uv":[4.25,11.25,5.25,13.25],"rotation":180,"texture":"#1"},"down":{"uv":[4.25,10.5,5.25,12.5],"rotation":180,"texture":"#1"}}},{"from":[8.248,-1.55442,-3.12063],"to":[8.752,-0.85042,-2.56663],"rotation":{"angle":22.5,"axis":"x","origin":[24,-17.15242,7.38137]},"faces":{"north":{"uv":[7.5,12.25,8.5,13.25],"rotation":90,"texture":"#1"},"east":{"uv":[7.5,12.25,8.5,13.25],"rotation":90,"texture":"#1"},"south":{"uv":[4.25,11,5.25,12],"rotation":90,"texture":"#1"},"west":{"uv":[7.5,12.25,8.5,13.25],"rotation":90,"texture":"#1"},"up":{"uv":[7.5,12.25,8.5,13.25],"rotation":90,"texture":"#1"},"down":{"uv":[7.5,12.25,8.5,13.25],"rotation":90,"texture":"#1"}}},{"from":[8.249,1.44658,3.43037],"to":[8.751,1.99858,4.28237],"rotation":{"angle":0,"axis":"x","origin":[24,11.94758,19.73137]},"faces":{"north":{"uv":[6.5,11.25,7.5,12.25],"texture":"#1"},"east":{"uv":[6.5,11.25,7.5,12.25],"texture":"#1"},"south":{"uv":[6.5,11.25,7.5,12.25],"texture":"#1"},"west":{"uv":[6.5,11.25,7.5,12.25],"texture":"#1"},"up":{"uv":[3.5,11.25,4.5,12.25],"texture":"#1"},"down":{"uv":[6.5,11.25,7.5,12.25],"texture":"#1"}}},{"from":[8.201,1.44858,3.38237],"to":[8.799,2.04658,3.78037],"rotation":{"angle":0,"axis":"x","origin":[24,11.94758,19.73137]},"faces":{"north":{"uv":[11,3.5,12,4.5],"texture":"#1"},"east":{"uv":[11,3.5,12,4.5],"rotation":90,"texture":"#1"},"south":{"uv":[11,3.5,12,4.5],"texture":"#1"},"west":{"uv":[11,3.5,12,4.5],"rotation":270,"texture":"#1"},"up":{"uv":[11,3.5,12,4.5],"texture":"#1"},"down":{"uv":[11,3.5,12,4.5],"texture":"#1"}}},{"from":[8.25,-12.84255,5.69293],"to":[8.75,-12.44255,6.99293],"rotation":{"angle":45,"axis":"x","origin":[24,-2.49255,21.99293]},"faces":{"north":{"uv":[6.75,12,7.75,13],"texture":"#1"},"east":{"uv":[6.75,12,7.75,13],"texture":"#1"},"south":{"uv":[4.25,12.5,5.25,13.5],"texture":"#1"},"west":{"uv":[6.75,12,7.75,13],"texture":"#1"},"up":{"uv":[3.75,11.25,4.75,12.25],"texture":"#1"},"down":{"uv":[4,12,5,13],"texture":"#1"}}},{"from":[8.2,-12.89255,5.59293],"to":[8.8,-12.44255,6.44293],"rotation":{"angle":45,"axis":"x","origin":[24,-2.49255,21.99293]},"faces":{"north":{"uv":[11,2.25,12,3.25],"texture":"#1"},"east":{"uv":[11,2.25,12,3.25],"texture":"#1"},"south":{"uv":[11,2.25,12,3.25],"texture":"#1"},"west":{"uv":[11,2.25,12,3.25],"texture":"#1"},"up":{"uv":[11,2.25,12,3.25],"texture":"#1"},"down":{"uv":[11,2.75,12,3],"texture":"#1"}}},{"from":[8.248,2.89054,4.96514],"to":[8.752,3.44454,5.51914],"rotation":{"angle":0,"axis":"x","origin":[24,-12.85746,15.46714]},"faces":{"north":{"uv":[4.5,10,5.5,11],"rotation":90,"texture":"#1"},"east":{"uv":[6,12.25,7,13.25],"rotation":90,"texture":"#1"},"south":{"uv":[6,12.25,7,13.25],"rotation":90,"texture":"#1"},"west":{"uv":[6,12.25,7,13.25],"rotation":90,"texture":"#1"},"up":{"uv":[6,12.25,7,13.25],"rotation":90,"texture":"#1"},"down":{"uv":[6,12.25,7,13.25],"rotation":90,"texture":"#1"}}},{"from":[8.15,0.06203,-7.41474],"to":[8.85,0.66203,-6.71474],"rotation":{"angle":45,"axis":"x","origin":[24,-13.48797,3.18526]},"faces":{"north":{"uv":[11,1.75,12,2.75],"rotation":180,"texture":"#1"},"east":{"uv":[11,1.75,12,2.75],"rotation":180,"texture":"#1"},"south":{"uv":[11,1.75,12,2.75],"rotation":180,"texture":"#1"},"west":{"uv":[11,1.75,12,2.75],"rotation":180,"texture":"#1"},"up":{"uv":[11,1.75,12,2.75],"rotation":180,"texture":"#1"},"down":{"uv":[11,1.75,12,2.75],"rotation":180,"texture":"#1"}}},{"from":[8.1,9.79164,2.95984],"to":[8.65,10.14164,3.35984],"rotation":{"angle":-22.5,"axis":"x","origin":[23.85,20.14164,18.75984]},"faces":{"north":{"uv":[3.75,12.75,4.75,13.75],"texture":"#1"},"east":{"uv":[3.75,12.75,4.75,13.75],"texture":"#1"},"south":{"uv":[3.75,12.75,4.75,13.75],"texture":"#1"},"west":{"uv":[3.75,12.75,4.75,13.75],"texture":"#1"},"up":{"uv":[3.75,12.75,4.75,13.75],"texture":"#1"},"down":{"uv":[3.75,12.75,4.75,13.75],"texture":"#1"}}},{"from":[8.099,4.53209,7.42231],"to":[8.651,4.88409,8.12431],"rotation":{"angle":0,"axis":"x","origin":[23.85,14.88309,23.22331]},"faces":{"north":{"uv":[3.75,11.5,4.75,12.5],"texture":"#1"},"east":{"uv":[3.75,11.5,4.75,12.5],"texture":"#1"},"south":{"uv":[3.75,11.5,4.75,12.5],"texture":"#1"},"west":{"uv":[3.75,11.5,4.75,12.5],"texture":"#1"},"up":{"uv":[3.75,11.5,4.75,12.5],"texture":"#1"},"down":{"uv":[3.75,11.5,4.75,12.5],"texture":"#1"}}},{"from":[8.048,14.84992,-4.24017],"to":[8.502,15.35392,-3.83617],"rotation":{"angle":-45,"axis":"x","origin":[23.85,25.35192,11.76183]},"faces":{"north":{"uv":[7.25,2.25,8,3],"texture":"#1"},"east":{"uv":[7.25,2.25,8,3],"texture":"#1"},"south":{"uv":[7.25,2.25,8,3],"texture":"#1"},"west":{"uv":[7.25,2.25,8,3],"texture":"#1"},"up":{"uv":[7.25,2.25,8,3],"texture":"#1"},"down":{"uv":[7.25,2.25,8,3],"texture":"#1"}}},{"from":[7.95,6.39019,7.95659],"to":[8.45,7.99019,8.30659],"rotation":{"angle":0,"axis":"x","origin":[23.85,18.14019,22.75659]},"faces":{"north":{"uv":[7.25,2,8.25,4],"texture":"#1"},"east":{"uv":[7.25,2,8.25,4],"texture":"#1"},"south":{"uv":[7.25,3,8.25,5],"texture":"#1"},"west":{"uv":[7.25,2,8.25,4],"texture":"#1"},"up":{"uv":[7.25,2,8.25,4],"texture":"#1"},"down":{"uv":[7.25,4.25,8.25,5],"texture":"#1"}}},{"from":[7.951,-0.05214,11.05038],"to":[8.649,0.69586,11.34838],"rotation":{"angle":22.5,"axis":"x","origin":[23.85,11.69686,25.84938]},"faces":{"north":{"uv":[7.5,6,8.5,8],"texture":"#1"},"east":{"uv":[8,2,9,4],"texture":"#1"},"south":{"uv":[8,2,9,4],"texture":"#1"},"west":{"uv":[8,2,9,4],"texture":"#1"},"up":{"uv":[8,2,9,4],"texture":"#1"},"down":{"uv":[8,3.25,8.75,4],"texture":"#1"}}},{"from":[8.05,17.43964,0.96138],"to":[8.5,19.58964,2.81138],"rotation":{"angle":-22.5,"axis":"x","origin":[23.85,33.43964,16.81138]},"faces":{"north":{"uv":[4.75,0,7.75,3],"rotation":180,"texture":"#1"},"east":{"uv":[4.75,0.25,7.75,3.25],"texture":"#1"},"south":{"uv":[4.5,0,4.75,3],"rotation":180,"texture":"#1"},"west":{"uv":[5.75,0,8.75,3],"rotation":180,"texture":"#1"},"up":{"uv":[4.75,0,7.75,3],"rotation":180,"texture":"#1"},"down":{"uv":[4.75,0,7.75,3],"rotation":180,"texture":"#1"}}},{"from":[8.426,14.59064,1.51238],"to":[8.799,17.73864,3.53538],"rotation":{"angle":-22.5,"axis":"x","origin":[24.05,30.48964,17.53638]},"faces":{"north":{"uv":[3,0.25,3.425,3.825],"texture":"#1"},"east":{"uv":[0,0,1.925,3.575],"texture":"#1"},"south":{"uv":[2.5,0,2.925,3.575],"texture":"#1"},"west":{"uv":[0,0,1.425,3.575],"rotation":180,"texture":"#1"},"up":{"uv":[0,0,1.425,3.575],"texture":"#1"},"down":{"uv":[0,0,1.425,3.575],"texture":"#1"}}},{"from":[8.425,17.73964,1.51138],"to":[8.8,19.26464,2.36138],"rotation":{"angle":-22.5,"axis":"x","origin":[24.05,30.48964,17.53638]},"faces":{"north":{"uv":[3,0,3.325,1.075],"texture":"#1"},"east":{"uv":[0.5,0.5,1.425,1.575],"texture":"#1"},"south":{"uv":[0,0,0.325,1.075],"texture":"#1"},"west":{"uv":[0,0,0.925,1.075],"texture":"#1"},"up":{"uv":[0,0,0.325,0.925],"texture":"#1"},"down":{"uv":[0,0,0.325,0.925],"texture":"#1"}}},{"from":[8.427,18.5971,-7.01022],"to":[8.798,20.2431,-5.86422],"rotation":{"angle":-45,"axis":"x","origin":[24.05,34.4951,8.13778]},"faces":{"north":{"uv":[0,0,0.325,1.075],"texture":"#1"},"east":{"uv":[0,0,0.925,1.075],"texture":"#1"},"south":{"uv":[2.5,0,2.825,1.075],"texture":"#1"},"west":{"uv":[0,0,0.925,1.075],"texture":"#1"},"up":{"uv":[0,0,0.325,0.925],"texture":"#1"},"down":{"uv":[0,0,0.325,0.925],"texture":"#1"}}},{"from":[8.427,14.45418,7.03371],"to":[8.798,14.80018,7.62971],"rotation":{"angle":0,"axis":"x","origin":[24.05,28.80218,-7.86829]},"faces":{"north":{"uv":[0,1.5,0.425,2.075],"rotation":90,"texture":"#1"},"east":{"uv":[0,1.5,0.425,2.075],"rotation":90,"texture":"#1"},"south":{"uv":[0,1.5,0.425,2.075],"rotation":90,"texture":"#1"},"west":{"uv":[0,1.5,0.425,2.075],"rotation":90,"texture":"#1"},"up":{"uv":[2.5,1.75,2.925,2.325],"rotation":90,"texture":"#1"},"down":{"uv":[0,1.5,0.425,2.075],"rotation":90,"texture":"#1"}}},{"from":[8.426,7.27782,2.36046],"to":[8.799,7.65082,2.88346],"rotation":{"angle":-22.5,"axis":"x","origin":[24.05,21.65182,-13.01554]},"faces":{"north":{"uv":[0,0,0.675,0.575],"rotation":90,"texture":"#1"},"east":{"uv":[0,0,0.675,0.575],"rotation":90,"texture":"#1"},"south":{"uv":[0,0,0.675,0.575],"rotation":90,"texture":"#1"},"west":{"uv":[0,0,0.675,0.575],"rotation":90,"texture":"#1"},"up":{"uv":[2.5,0.25,2.925,0.825],"rotation":90,"texture":"#1"},"down":{"uv":[0,0,0.675,0.575],"rotation":90,"texture":"#1"}}},{"from":[8.427,-1.11523,1.03118],"to":[8.798,-0.74423,1.30218],"rotation":{"angle":-45,"axis":"x","origin":[24.05,13.25777,-14.59582]},"faces":{"north":{"uv":[0,0,0.325,0.925],"rotation":180,"texture":"#1"},"east":{"uv":[0,0,0.925,1.075],"rotation":90,"texture":"#1"},"south":{"uv":[0,0,0.325,0.925],"texture":"#1"},"west":{"uv":[0,0,0.925,1.075],"rotation":270,"texture":"#1"},"up":{"uv":[2.5,0,2.825,1.075],"rotation":90,"texture":"#1"},"down":{"uv":[3,0,3.325,1.075],"rotation":180,"texture":"#1"}}},{"from":[8.43,7.06277,2.25918],"to":[8.795,7.20277,2.52418],"rotation":{"angle":-22.5,"axis":"x","origin":[24.05,21.43277,-13.37082]},"faces":{"north":{"uv":[0,0,0.325,0.925],"rotation":180,"texture":"#1"},"east":{"uv":[0,0,0.925,1.075],"rotation":90,"texture":"#1"},"south":{"uv":[0,0,0.325,0.925],"texture":"#1"},"west":{"uv":[0,0,0.925,1.075],"rotation":270,"texture":"#1"},"up":{"uv":[0,0,0.325,1.075],"texture":"#1"},"down":{"uv":[3,0,3.325,1.075],"rotation":180,"texture":"#1"}}},{"from":[8.428,20.7027,1.33624],"to":[8.797,20.9717,1.68024],"rotation":{"angle":22.5,"axis":"x","origin":[24.05,5.0747,-12.66676]},"faces":{"north":{"uv":[2.5,1.25,2.825,2.325],"rotation":90,"texture":"#1"},"east":{"uv":[0,0,0.925,1.075],"rotation":180,"texture":"#1"},"south":{"uv":[3,0,3.325,1.075],"rotation":180,"texture":"#1"},"west":{"uv":[0,0,0.925,1.075],"rotation":180,"texture":"#1"},"up":{"uv":[0,0,0.325,0.925],"texture":"#1"},"down":{"uv":[0,0,0.325,0.925],"texture":"#1"}}},{"from":[8.428,21.02306,2.61573],"to":[8.797,21.36706,3.35973],"rotation":{"angle":22.5,"axis":"x","origin":[24.05,5.47006,-11.38727]},"faces":{"north":{"uv":[0,1,0.425,1.075],"rotation":180,"texture":"#1"},"east":{"uv":[0,1,0.425,1.075],"rotation":180,"texture":"#1"},"south":{"uv":[0,1,0.425,1.075],"rotation":180,"texture":"#1"},"west":{"uv":[0,1,0.425,1.075],"rotation":180,"texture":"#1"},"up":{"uv":[2.5,1,2.925,1.075],"rotation":180,"texture":"#1"},"down":{"uv":[0,1,0.425,1.075],"rotation":180,"texture":"#1"}}},{"from":[8.429,20.67389,1.78544],"to":[8.796,21.24089,3.15244],"rotation":{"angle":22.5,"axis":"x","origin":[24.05,5.04489,-12.01856]},"faces":{"north":{"uv":[0,1,0.925,2.075],"texture":"#1"},"east":{"uv":[0,1,0.925,2.075],"texture":"#1"},"south":{"uv":[0,1,0.925,2.075],"texture":"#1"},"west":{"uv":[0,1,0.925,2.075],"texture":"#1"},"up":{"uv":[0,1,0.925,2.075],"texture":"#1"},"down":{"uv":[3,0,3.175,1.075],"texture":"#1"}}},{"from":[8.428,28.42289,-0.19056],"to":[8.797,28.86689,1.20344],"rotation":{"angle":45,"axis":"x","origin":[24.05,12.79489,-13.89356]},"faces":{"north":{"uv":[0,0,0.325,1.075],"rotation":180,"texture":"#1"},"east":{"uv":[1.25,2.25,2.175,3.325],"rotation":180,"texture":"#1"},"south":{"uv":[0,0,0.325,1.075],"rotation":180,"texture":"#1"},"west":{"uv":[0,0,0.925,1.075],"rotation":180,"texture":"#1"},"up":{"uv":[0,0,0.325,0.925],"texture":"#1"},"down":{"uv":[3,1.25,3.325,2.175],"texture":"#1"}}},{"from":[8.425,6.85763,2.0788],"to":[8.8,7.10763,2.3288],"rotation":{"angle":-22.5,"axis":"x","origin":[24.05,21.10763,-13.5462]},"faces":{"north":{"uv":[2.5,1,2.825,1.925],"rotation":180,"texture":"#1"},"east":{"uv":[0,0,0.925,1.075],"rotation":90,"texture":"#1"},"south":{"uv":[0,0,0.325,0.925],"texture":"#1"},"west":{"uv":[0,0,0.925,1.075],"rotation":270,"texture":"#1"},"up":{"uv":[0,0,0.325,1.075],"texture":"#1"},"down":{"uv":[3,0,3.325,1.075],"rotation":180,"texture":"#1"}}},{"from":[8.425,8.26739,8.51173],"to":[8.8,10.44239,10.68673],"rotation":{"angle":0,"axis":"x","origin":[24.05,24.29239,24.68673]},"faces":{"north":{"uv":[3,1.5,3.425,2.825],"texture":"#1"},"east":{"uv":[0,1.5,1.925,2.825],"texture":"#1"},"south":{"uv":[2.5,1.5,2.925,2.825],"texture":"#1"},"west":{"uv":[0,1.5,1.925,2.825],"rotation":180,"texture":"#1"},"up":{"uv":[0,1.5,1.925,2.825],"texture":"#1"},"down":{"uv":[0,1.5,1.925,2.825],"texture":"#1"}}},{"from":[8.424,0.40455,12.57021],"to":[8.801,1.85655,14.92221],"rotation":{"angle":22.5,"axis":"x","origin":[24.05,15.70555,28.92121]},"faces":{"north":{"uv":[3,0.25,3.425,1.825],"rotation":180,"texture":"#1"},"east":{"uv":[0,0,1.925,1.575],"texture":"#1"},"south":{"uv":[2.5,0,2.925,1.575],"rotation":180,"texture":"#1"},"west":{"uv":[0,0,1.925,1.575],"rotation":180,"texture":"#1"},"up":{"uv":[0,0,1.925,1.575],"rotation":180,"texture":"#1"},"down":{"uv":[0,0,1.925,1.575],"rotation":180,"texture":"#1"}}},{"from":[8.426,0.00655,12.72221],"to":[8.799,0.40455,13.09521],"rotation":{"angle":22.5,"axis":"x","origin":[24.05,15.70555,28.92121]},"faces":{"north":{"uv":[0,0,0.325,1.075],"texture":"#1"},"east":{"uv":[0,0,0.925,1.075],"texture":"#1"},"south":{"uv":[0,0,0.325,1.075],"texture":"#1"},"west":{"uv":[0,0,0.925,1.075],"texture":"#1"},"up":{"uv":[0,0,0.325,0.925],"texture":"#1"},"down":{"uv":[0,0,0.325,0.925],"texture":"#1"}}},{"from":[8.55,11.55555,13.04621],"to":[8.675,12.30555,13.74621],"rotation":{"angle":-22.5,"axis":"x","origin":[24.05,-3.14445,28.34621]},"faces":{"north":{"uv":[1.25,5.75,2.175,6.825],"rotation":90,"texture":"#1"},"east":{"uv":[1.25,5.75,2.175,6.825],"rotation":90,"texture":"#1"},"south":{"uv":[1.25,5.75,2.175,6.825],"rotation":90,"texture":"#1"},"west":{"uv":[1.25,5.75,2.175,6.825],"rotation":90,"texture":"#1"},"up":{"uv":[1.25,5.75,2.175,6.825],"rotation":90,"texture":"#1"},"down":{"uv":[1.25,5.75,2.175,6.825],"rotation":90,"texture":"#1"}}},{"from":[8.475,11.58055,13.44621],"to":[8.75,12.50555,13.82121],"rotation":{"angle":-22.5,"axis":"x","origin":[24.05,-3.14445,28.34621]},"faces":{"north":{"uv":[1.25,6,2.175,7.075],"rotation":90,"texture":"#1"},"east":{"uv":[1.25,6,2.175,7.075],"rotation":90,"texture":"#1"},"south":{"uv":[1.25,6,2.175,7.075],"rotation":90,"texture":"#1"},"west":{"uv":[1.25,6,2.175,7.075],"rotation":90,"texture":"#1"},"up":{"uv":[1.25,6,2.175,7.075],"rotation":90,"texture":"#1"},"down":{"uv":[1.25,6,2.175,7.075],"rotation":90,"texture":"#1"}}},{"from":[8.55,11.38055,13.04621],"to":[8.675,11.55555,13.19621],"rotation":{"angle":-22.5,"axis":"x","origin":[24.05,-3.14445,28.34621]},"faces":{"north":{"uv":[0,5.75,0.175,6.825],"rotation":90,"texture":"#1"},"east":{"uv":[0,5.75,0.175,6.825],"rotation":90,"texture":"#1"},"south":{"uv":[0,5.75,0.175,6.825],"rotation":90,"texture":"#1"},"west":{"uv":[0,5.75,0.175,6.825],"rotation":90,"texture":"#1"},"up":{"uv":[0,5.75,0.175,6.825],"rotation":90,"texture":"#1"},"down":{"uv":[0,5.75,0.175,6.825],"rotation":90,"texture":"#1"}}},{"from":[8.55,11.50555,13.24621],"to":[8.675,11.55555,13.32121],"rotation":{"angle":-22.5,"axis":"x","origin":[24.05,-3.14445,28.34621]},"faces":{"north":{"uv":[0,5.75,0.425,6.075],"rotation":90,"texture":"#1"},"east":{"uv":[0,5.75,0.425,6.075],"rotation":90,"texture":"#1"},"south":{"uv":[0,5.75,0.425,6.075],"rotation":90,"texture":"#1"},"west":{"uv":[0,5.75,0.425,6.075],"rotation":90,"texture":"#1"},"up":{"uv":[0,5.75,0.425,6.075],"rotation":90,"texture":"#1"},"down":{"uv":[0,5.75,0.425,6.075],"rotation":90,"texture":"#1"}}},{"from":[8.55,11.43055,13.32121],"to":[8.675,11.55555,13.37121],"rotation":{"angle":-22.5,"axis":"x","origin":[24.05,-3.14445,28.34621]},"faces":{"north":{"uv":[0.25,5.5,0.425,6.075],"rotation":90,"texture":"#1"},"east":{"uv":[0.25,5.5,0.425,6.075],"rotation":90,"texture":"#1"},"south":{"uv":[0.25,5.5,0.425,6.075],"rotation":90,"texture":"#1"},"west":{"uv":[0.25,5.5,0.425,6.075],"rotation":90,"texture":"#1"},"up":{"uv":[0.25,5.5,0.425,6.075],"rotation":90,"texture":"#1"},"down":{"uv":[0.25,5.5,0.425,6.075],"rotation":90,"texture":"#1"}}},{"from":[8.55,11.53055,13.37121],"to":[8.675,11.55555,13.42121],"rotation":{"angle":-22.5,"axis":"x","origin":[24.05,-3.14445,28.34621]},"faces":{"north":{"uv":[0.5,6.5,0.925,6.575],"rotation":90,"texture":"#1"},"east":{"uv":[0.5,6.5,0.925,6.575],"rotation":90,"texture":"#1"},"south":{"uv":[0.5,6.5,0.925,6.575],"rotation":90,"texture":"#1"},"west":{"uv":[0.5,6.5,0.925,6.575],"rotation":90,"texture":"#1"},"up":{"uv":[0.5,6.5,0.925,6.575],"rotation":90,"texture":"#1"},"down":{"uv":[0.5,6.5,0.925,6.575],"rotation":90,"texture":"#1"}}},{"from":[8.55,11.40555,13.42121],"to":[8.675,11.55555,13.57121],"rotation":{"angle":-22.5,"axis":"x","origin":[24.05,-3.14445,28.34621]},"faces":{"north":{"uv":[1.25,5.75,1.5,6.575],"rotation":90,"texture":"#1"},"east":{"uv":[1.25,5.75,1.5,6.575],"rotation":90,"texture":"#1"},"south":{"uv":[1.25,5.75,1.5,6.575],"rotation":90,"texture":"#1"},"west":{"uv":[1.25,5.75,1.5,6.575],"rotation":90,"texture":"#1"},"up":{"uv":[1.25,5.75,1.5,6.575],"rotation":90,"texture":"#1"},"down":{"uv":[1.25,5.75,1.5,6.575],"rotation":90,"texture":"#1"}}},{"from":[8.5,11.30555,13.74621],"to":[8.725,11.58055,13.82121],"rotation":{"angle":-22.5,"axis":"x","origin":[24.05,-3.14445,28.34621]},"faces":{"north":{"uv":[1,6,1.325,6.925],"texture":"#1"},"east":{"uv":[1,6,1.325,6.925],"texture":"#1"},"south":{"uv":[1,6,1.325,6.925],"texture":"#1"},"west":{"uv":[1,6,1.325,6.925],"texture":"#1"},"up":{"uv":[1,6,1.325,6.925],"texture":"#1"},"down":{"uv":[1,6,1.325,6.925],"texture":"#1"}}},{"from":[8.5,11.40555,13.67121],"to":[8.725,11.58055,13.69621],"rotation":{"angle":-22.5,"axis":"x","origin":[24.05,-3.14445,28.34621]},"faces":{"north":{"uv":[1,6,1.925,7.075],"rotation":90,"texture":"#1"},"east":{"uv":[1,6,1.925,7.075],"rotation":90,"texture":"#1"},"south":{"uv":[1,6,1.925,7.075],"rotation":90,"texture":"#1"},"west":{"uv":[1,6,1.925,7.075],"rotation":90,"texture":"#1"},"up":{"uv":[1,6,1.925,7.075],"rotation":90,"texture":"#1"},"down":{"uv":[1,6,1.925,7.075],"rotation":90,"texture":"#1"}}},{"from":[8.426,0.50655,1.54721],"to":[8.799,1.32955,2.37021],"rotation":{"angle":22.5,"axis":"x","origin":[24.05,-14.06945,16.89621]},"faces":{"north":{"uv":[1.5,6.25,2.425,7.325],"rotation":90,"texture":"#1"},"east":{"uv":[1.5,6.25,2.425,7.325],"rotation":90,"texture":"#1"},"south":{"uv":[1.5,6.25,2.425,7.325],"rotation":90,"texture":"#1"},"west":{"uv":[1.5,6.25,2.425,7.325],"rotation":90,"texture":"#1"},"up":{"uv":[1.5,6.25,2.425,7.325],"rotation":90,"texture":"#1"},"down":{"uv":[1.5,6.25,2.425,7.325],"rotation":90,"texture":"#1"}}},{"from":[8.426,13.30655,14.07221],"to":[8.799,14.27955,14.84521],"rotation":{"angle":-22.5,"axis":"x","origin":[24.05,-1.01945,29.37121]},"faces":{"north":{"uv":[0,0,0.325,0.925],"rotation":180,"texture":"#1"},"east":{"uv":[0,0,0.925,1.075],"rotation":270,"texture":"#1"},"south":{"uv":[2.5,0,2.825,0.925],"texture":"#1"},"west":{"uv":[0,0,0.925,1.075],"rotation":90,"texture":"#1"},"up":{"uv":[0,0,0.325,1.075],"rotation":180,"texture":"#1"},"down":{"uv":[0,0,0.325,1.075],"texture":"#1"}}},{"from":[8.426,-8.79345,15.29721],"to":[8.799,-8.02045,16.27021],"rotation":{"angle":45,"axis":"x","origin":[24.05,6.50555,30.59621]},"faces":{"north":{"uv":[0,0,0.325,1.075],"texture":"#1"},"east":{"uv":[0,0,0.925,1.075],"texture":"#1"},"south":{"uv":[0,0,0.325,1.075],"texture":"#1"},"west":{"uv":[0,0,0.925,1.075],"texture":"#1"},"up":{"uv":[0,0,0.325,0.925],"texture":"#1"},"down":{"uv":[0,0,0.325,0.925],"texture":"#1"}}},{"from":[8.351,-8.79345,15.69721],"to":[8.824,-7.97045,16.29521],"rotation":{"angle":45,"axis":"x","origin":[24.05,6.50555,30.59621]},"faces":{"north":{"uv":[0,6,0.925,7.075],"texture":"#1"},"east":{"uv":[0,6,0.925,7.075],"texture":"#1"},"south":{"uv":[0,6,0.925,7.075],"texture":"#1"},"west":{"uv":[0,6,0.925,7.075],"texture":"#1"},"up":{"uv":[0,6,0.925,7.075],"texture":"#1"},"down":{"uv":[0,6,0.925,7.075],"texture":"#1"}}},{"from":[8.725,-0.41945,13.77121],"to":[8.825,1.48055,14.37121],"rotation":{"angle":22.5,"axis":"x","origin":[24.05,15.08055,28.67121]},"faces":{"north":{"uv":[0,5.5,2.175,6.575],"rotation":90,"texture":"#1"},"east":{"uv":[0,5.5,2.175,6.575],"rotation":90,"texture":"#1"},"south":{"uv":[0,5.5,2.175,6.575],"rotation":90,"texture":"#1"},"west":{"uv":[0,5.5,2.175,6.575],"rotation":90,"texture":"#1"},"up":{"uv":[0,5.5,2.175,6.575],"rotation":90,"texture":"#1"},"down":{"uv":[0,5.5,2.175,6.575],"rotation":90,"texture":"#1"}}},{"from":[8.726,7.11877,9.37691],"to":[8.824,7.99177,9.69991],"rotation":{"angle":0,"axis":"x","origin":[24.05,21.81777,24.00091]},"faces":{"north":{"uv":[1.25,5.75,2.175,6.825],"texture":"#1"},"east":{"uv":[1.25,5.75,2.175,6.825],"texture":"#1"},"south":{"uv":[1.25,5.75,2.175,6.825],"texture":"#1"},"west":{"uv":[1.25,5.75,2.175,6.825],"texture":"#1"},"up":{"uv":[1.25,5.75,2.175,6.825],"texture":"#1"},"down":{"uv":[1.25,5.75,2.175,6.825],"texture":"#1"}}},{"from":[8.425,12.43055,12.79621],"to":[8.8,14.85555,14.42121],"rotation":{"angle":-22.5,"axis":"x","origin":[24.05,-1.89445,28.94621]},"faces":{"north":{"uv":[0,1.75,1.425,3.325],"rotation":180,"texture":"#1"},"east":{"uv":[0,1.75,1.425,3.325],"rotation":180,"texture":"#1"},"south":{"uv":[0,1.75,1.425,3.325],"rotation":180,"texture":"#1"},"west":{"uv":[0,1.75,1.425,3.325],"rotation":270,"texture":"#1"},"up":{"uv":[0,1.75,1.425,3.325],"rotation":180,"texture":"#1"},"down":{"uv":[0,1.75,1.425,3.325],"rotation":180,"texture":"#1"}}},{"from":[8.348,12.40355,12.76921],"to":[8.827,13.65755,13.97321],"rotation":{"angle":-22.5,"axis":"x","origin":[24.05,-1.89445,28.94621]},"faces":{"north":{"uv":[0,5.25,1.675,7.075],"rotation":90,"texture":"#1"},"east":{"uv":[0,5.25,1.675,7.075],"rotation":90,"texture":"#1"},"south":{"uv":[0,5.25,1.675,7.075],"rotation":90,"texture":"#1"},"west":{"uv":[0,5.25,1.675,7.075],"rotation":90,"texture":"#1"},"up":{"uv":[0,5.25,1.675,7.075],"rotation":90,"texture":"#1"},"down":{"uv":[0,5.25,1.675,7.075],"rotation":90,"texture":"#1"}}},{"from":[8.351,6.30655,7.64721],"to":[8.499,8.22955,8.82021],"rotation":{"angle":0,"axis":"x","origin":[24.05,-8.34445,23.79621]},"faces":{"north":{"uv":[2.5,0,3,4],"rotation":180,"texture":"#1"},"east":{"uv":[8,1,8.5,5],"rotation":180,"texture":"#1"},"south":{"uv":[2.5,0,3,4],"rotation":180,"texture":"#1"},"west":{"uv":[2.5,0,3,4],"rotation":180,"texture":"#1"},"up":{"uv":[2.5,0,3,4],"rotation":180,"texture":"#1"},"down":{"uv":[2.5,0,3,4],"rotation":180,"texture":"#1"}}},{"from":[8.35,3.01538,1.36055],"to":[8.5,4.19038,1.91055],"rotation":{"angle":22.5,"axis":"x","origin":[24.05,-11.88462,17.51055]},"faces":{"north":{"uv":[2.5,2.25,3,4.075],"rotation":180,"texture":"#1"},"east":{"uv":[2.5,2.25,3,4.075],"rotation":180,"texture":"#1"},"south":{"uv":[2.5,2.25,3,4.075],"rotation":180,"texture":"#1"},"west":{"uv":[2.5,2.25,3,4.075],"rotation":180,"texture":"#1"},"up":{"uv":[2.5,2.25,3,4.075],"rotation":180,"texture":"#1"},"down":{"uv":[2.5,2.25,3,4.075],"rotation":180,"texture":"#1"}}},{"from":[8.351,4.09304,16.06849],"to":[8.499,4.61604,17.09149],"rotation":{"angle":-22.5,"axis":"x","origin":[24.05,-11.53296,1.01749]},"faces":{"north":{"uv":[2.5,1.75,3,2.825],"rotation":180,"texture":"#1"},"east":{"uv":[2.5,1.75,3,2.825],"rotation":180,"texture":"#1"},"south":{"uv":[2.5,1.75,3,2.825],"rotation":180,"texture":"#1"},"west":{"uv":[2.5,1.75,3,2.825],"rotation":180,"texture":"#1"},"up":{"uv":[2.5,1.75,3,2.825],"rotation":180,"texture":"#1"},"down":{"uv":[2.5,1.75,3,2.825],"rotation":180,"texture":"#1"}}},{"from":[8.35,4.2746,2.46977],"to":[8.5,5.2996,2.89477],"rotation":{"angle":22.5,"axis":"x","origin":[24.05,-10.7754,18.61977]},"faces":{"north":{"uv":[2.5,0,3,1.075],"rotation":90,"texture":"#1"},"east":{"uv":[2.5,0,3,1.075],"rotation":90,"texture":"#1"},"south":{"uv":[2.5,0,3,1.075],"rotation":90,"texture":"#1"},"west":{"uv":[2.5,0,3,1.075],"rotation":90,"texture":"#1"},"up":{"uv":[2.5,0,3,1.075],"rotation":90,"texture":"#1"},"down":{"uv":[2.5,0,3,1.075],"rotation":90,"texture":"#1"}}},{"from":[8.351,2.0756,2.47077],"to":[8.499,2.8736,2.89377],"rotation":{"angle":22.5,"axis":"x","origin":[24.05,-13.2004,18.61977]},"faces":{"north":{"uv":[2.5,0,3,1.075],"rotation":90,"texture":"#1"},"east":{"uv":[2.5,0,3,1.075],"rotation":90,"texture":"#1"},"south":{"uv":[2.5,0,3,1.075],"rotation":90,"texture":"#1"},"west":{"uv":[2.5,0,3,1.075],"rotation":90,"texture":"#1"},"up":{"uv":[2.5,0,3,1.075],"rotation":90,"texture":"#1"},"down":{"uv":[2.5,0,3,1.075],"rotation":90,"texture":"#1"}}},{"from":[8.35,6.51719,9.54461],"to":[8.5,7.09219,9.99461],"rotation":{"angle":0,"axis":"x","origin":[24.05,-8.98281,25.69461]},"faces":{"north":{"uv":[2.5,0,3,1.075],"rotation":90,"texture":"#1"},"east":{"uv":[2.5,0,3,1.075],"rotation":90,"texture":"#1"},"south":{"uv":[2.5,0,3,1.075],"rotation":90,"texture":"#1"},"west":{"uv":[2.5,0,3,1.075],"rotation":90,"texture":"#1"},"up":{"uv":[2.5,0,3,1.075],"rotation":90,"texture":"#1"},"down":{"uv":[2.5,0,3,1.075],"rotation":90,"texture":"#1"}}},{"from":[8.349,7.66766,9.8174],"to":[8.501,10.09466,10.2444],"rotation":{"angle":0,"axis":"x","origin":[24.05,-5.98134,25.9684]},"faces":{"north":{"uv":[2.5,0,3,3.575],"rotation":180,"texture":"#1"},"east":{"uv":[2.5,0,3,3.575],"rotation":180,"texture":"#1"},"south":{"uv":[2.5,0,3,3.575],"rotation":180,"texture":"#1"},"west":{"uv":[2.5,0,3,3.575],"rotation":180,"texture":"#1"},"up":{"uv":[2.5,0,3,3.575],"rotation":180,"texture":"#1"},"down":{"uv":[2.5,0,3,3.575],"rotation":180,"texture":"#1"}}},{"from":[8.351,17.25797,14.38179],"to":[8.499,18.28097,14.80479],"rotation":{"angle":-22.5,"axis":"x","origin":[24.05,2.20697,30.53079]},"faces":{"north":{"uv":[2.5,0,3,1.5],"rotation":180,"texture":"#1"},"east":{"uv":[2.5,0,3,1.5],"rotation":180,"texture":"#1"},"south":{"uv":[2.5,0,3,1.5],"rotation":180,"texture":"#1"},"west":{"uv":[2.5,0,3,1.5],"rotation":180,"texture":"#1"},"up":{"uv":[2.5,0,3,1.5],"rotation":180,"texture":"#1"},"down":{"uv":[2.5,0,3,1.5],"rotation":180,"texture":"#1"}}},{"from":[8.324,1.80407,-0.08516],"to":[8.851,2.58107,0.54184],"rotation":{"angle":22.5,"axis":"x","origin":[24.05,-14.36993,15.91584]},"faces":{"north":{"uv":[0,0,0.325,0.925],"rotation":180,"texture":"#1"},"east":{"uv":[1,5.75,1.925,6.825],"rotation":270,"texture":"#1"},"south":{"uv":[0,0,0.325,0.925],"texture":"#1"},"west":{"uv":[0,0,0.925,1.075],"rotation":90,"texture":"#1"},"up":{"uv":[0,0,0.325,1.075],"rotation":180,"texture":"#1"},"down":{"uv":[0,0,0.325,1.075],"texture":"#1"}}},{"from":[8.326,1.12578,14.67886],"to":[8.849,1.72378,15.22686],"rotation":{"angle":-22.5,"axis":"x","origin":[24.05,-14.27522,-1.49714]},"faces":{"north":{"uv":[0.5,5.75,1.425,6.825],"rotation":180,"texture":"#1"},"east":{"uv":[0.5,5.75,1.425,6.825],"rotation":180,"texture":"#1"},"south":{"uv":[0.5,5.75,1.425,6.825],"rotation":180,"texture":"#1"},"west":{"uv":[0.5,5.75,1.425,6.825],"rotation":180,"texture":"#1"},"up":{"uv":[0.5,5.75,1.425,6.825],"rotation":180,"texture":"#1"},"down":{"uv":[0.5,5.75,1.425,6.825],"rotation":180,"texture":"#1"}}},{"from":[8.326,1.12578,15.30386],"to":[8.849,1.44878,15.45186],"rotation":{"angle":-22.5,"axis":"x","origin":[24.05,-14.27522,-1.27214]},"faces":{"north":{"uv":[0,5.5,0.675,5.825],"rotation":180,"texture":"#1"},"east":{"uv":[0,5.5,0.675,5.825],"rotation":180,"texture":"#1"},"south":{"uv":[0,5.5,0.675,5.825],"rotation":180,"texture":"#1"},"west":{"uv":[0,5.5,0.675,5.825],"rotation":180,"texture":"#1"},"up":{"uv":[0,5.5,0.675,5.825],"rotation":180,"texture":"#1"},"down":{"uv":[0,5.5,0.675,5.825],"rotation":180,"texture":"#1"}}},{"from":[8.327,1.65178,0.55486],"to":[8.848,1.79778,0.87586],"rotation":{"angle":22.5,"axis":"x","origin":[24.05,-14.92522,16.27786]},"faces":{"north":{"uv":[1.25,5.25,1.5,5.825],"rotation":90,"texture":"#1"},"east":{"uv":[1.25,5.25,1.5,5.825],"rotation":90,"texture":"#1"},"south":{"uv":[1.25,5.25,1.5,5.825],"rotation":90,"texture":"#1"},"west":{"uv":[1.25,5.25,1.5,5.825],"rotation":90,"texture":"#1"},"up":{"uv":[1.25,5.25,1.5,5.825],"rotation":90,"texture":"#1"},"down":{"uv":[1.25,5.25,1.5,5.825],"rotation":90,"texture":"#1"}}},{"from":[8.325,6.17478,7.62786],"to":[8.85,6.77478,8.17786],"rotation":{"angle":0,"axis":"x","origin":[24.05,-9.22522,-8.54714]},"faces":{"north":{"uv":[0.75,6.75,1.175,7.075],"rotation":180,"texture":"#1"},"east":{"uv":[0.75,6,1.925,7.075],"rotation":180,"texture":"#1"},"south":{"uv":[0.75,6.75,1.175,7.075],"rotation":180,"texture":"#1"},"west":{"uv":[0.75,6.75,1.175,7.075],"rotation":180,"texture":"#1"},"up":{"uv":[0.75,6.75,1.175,7.075],"rotation":180,"texture":"#1"},"down":{"uv":[0.75,6.75,1.175,7.075],"rotation":180,"texture":"#1"}}},{"from":[8.275,0.90555,2.67121],"to":[8.9,1.60555,3.32121],"rotation":{"angle":22.5,"axis":"x","origin":[24.05,-13.41945,17.84621]},"faces":{"north":{"uv":[0.5,9,1.5,10],"rotation":90,"texture":"#1"},"east":{"uv":[0.5,9,1.5,10],"rotation":90,"texture":"#1"},"south":{"uv":[0.5,9,1.5,10],"rotation":90,"texture":"#1"},"west":{"uv":[0.5,9,1.5,10],"rotation":90,"texture":"#1"},"up":{"uv":[0,8,1,8.75],"rotation":90,"texture":"#1"},"down":{"uv":[0.75,5.25,1.75,6.25],"rotation":90,"texture":"#1"}}},{"from":[8.275,1.20555,2.12121],"to":[8.9,1.53055,2.44621],"rotation":{"angle":22.5,"axis":"x","origin":[24.05,-13.41945,17.84621]},"faces":{"north":{"uv":[1.5,8.5,2.25,9.25],"rotation":90,"texture":"#1"},"east":{"uv":[0.75,9,1.5,9.75],"rotation":90,"texture":"#1"},"south":{"uv":[1.5,8.5,2.25,9.25],"rotation":90,"texture":"#1"},"west":{"uv":[1.5,8.5,2.25,9.25],"rotation":90,"texture":"#1"},"up":{"uv":[1.5,8.5,2.25,9.25],"rotation":90,"texture":"#1"},"down":{"uv":[0.5,5.75,1.25,6.5],"rotation":90,"texture":"#1"}}},{"from":[8.275,1.78055,2.77121],"to":[8.9,2.03055,3.02121],"rotation":{"angle":22.5,"axis":"x","origin":[24.05,-12.91945,18.42121]},"faces":{"north":{"uv":[1.5,8.25,2.25,9],"rotation":270,"texture":"#1"},"east":{"uv":[1.5,8.25,2.25,9],"rotation":180,"texture":"#1"},"south":{"uv":[1.5,8.25,2.25,9],"rotation":270,"texture":"#1"},"west":{"uv":[1.5,8.25,2.25,9],"rotation":270,"texture":"#1"},"up":{"uv":[1.5,8.25,2.25,9],"rotation":270,"texture":"#1"},"down":{"uv":[1.5,8.25,2.25,9],"rotation":270,"texture":"#1"}}},{"from":[8.275,1.73055,2.19621],"to":[8.9,1.98055,2.44621],"rotation":{"angle":22.5,"axis":"x","origin":[24.05,-12.96945,17.84621]},"faces":{"north":{"uv":[1.5,8.25,2.25,9],"rotation":90,"texture":"#1"},"east":{"uv":[1.5,8.25,2.25,9],"texture":"#1"},"south":{"uv":[1.5,8.25,2,9],"rotation":90,"texture":"#1"},"west":{"uv":[1.5,8.25,2.25,9],"rotation":90,"texture":"#1"},"up":{"uv":[1.5,8.25,2,9],"rotation":90,"texture":"#1"},"down":{"uv":[1.5,8.25,2.25,9],"rotation":90,"texture":"#1"}}},{"from":[8.225,1.18055,2.42121],"to":[8.95,1.55555,2.77121],"rotation":{"angle":22.5,"axis":"x","origin":[24.05,-13.41945,18.14621]},"faces":{"north":{"uv":[0.25,6,1.25,7],"rotation":90,"texture":"#1"},"east":{"uv":[0,8,1,9],"rotation":270,"texture":"#1"},"south":{"uv":[0,8,1,9],"rotation":90,"texture":"#1"},"west":{"uv":[0,8,1,9],"rotation":90,"texture":"#1"},"up":{"uv":[0,8,1,8.5],"rotation":90,"texture":"#1"},"down":{"uv":[0,8,1,9],"rotation":90,"texture":"#1"}}},{"from":[8.225,1.60555,1.87121],"to":[8.95,1.98055,2.22121],"rotation":{"angle":22.5,"axis":"x","origin":[24.05,-12.99445,17.59621]},"faces":{"north":{"uv":[0.5,8.75,1.5,9.75],"rotation":90,"texture":"#1"},"east":{"uv":[0.5,8.75,1.5,9.75],"rotation":90,"texture":"#1"},"south":{"uv":[0.75,5.5,1.75,6.5],"rotation":90,"texture":"#1"},"west":{"uv":[0.5,8.75,1.5,9.75],"rotation":90,"texture":"#1"},"up":{"uv":[0.5,8.75,1.5,9.75],"rotation":90,"texture":"#1"},"down":{"uv":[0.5,8.75,1.5,9.75],"rotation":90,"texture":"#1"}}},{"from":[8.375,2.38055,0.72121],"to":[8.95,2.68055,0.99621],"rotation":{"angle":22.5,"axis":"x","origin":[24.05,-12.29445,16.44621]},"faces":{"north":{"uv":[0,8,0.325,8.925],"rotation":180,"texture":"#1"},"east":{"uv":[0,8,0.925,9.075],"rotation":270,"texture":"#1"},"south":{"uv":[0,0,0.325,0.925],"texture":"#1"},"west":{"uv":[0,0,0.925,1.075],"rotation":90,"texture":"#1"},"up":{"uv":[0,8,0.325,9.075],"rotation":180,"texture":"#1"},"down":{"uv":[0.5,6,0.825,7.075],"texture":"#1"}}},{"from":[8.7,2.30555,0.99621],"to":[8.9,2.83055,1.49621],"rotation":{"angle":22.5,"axis":"x","origin":[24.05,-12.29445,16.44621]},"faces":{"north":{"uv":[0,0,0.325,0.925],"rotation":180,"texture":"#1"},"east":{"uv":[0.5,9,1.5,10],"texture":"#1"},"south":{"uv":[0,8.25,0.325,9.175],"texture":"#1"},"west":{"uv":[0,0,0.925,1.075],"rotation":90,"texture":"#1"},"up":{"uv":[0,8,0.325,9.075],"rotation":180,"texture":"#1"},"down":{"uv":[0,0,0.325,1.075],"texture":"#1"}}},{"from":[8.7,2.08055,1.14621],"to":[8.95,2.40555,1.49621],"rotation":{"angle":22.5,"axis":"x","origin":[24.05,-12.69445,16.44621]},"faces":{"north":{"uv":[0,8.25,0.325,9.175],"rotation":180,"texture":"#1"},"east":{"uv":[0,8,1,9],"rotation":90,"texture":"#1"},"south":{"uv":[0,8.5,0.325,9.425],"texture":"#1"},"west":{"uv":[0,0,0.925,1.075],"rotation":90,"texture":"#1"},"up":{"uv":[0,8.25,0.325,9.325],"rotation":180,"texture":"#1"},"down":{"uv":[1.25,5.25,1.575,6.325],"texture":"#1"}}},{"from":[8.225,1.83055,2.97121],"to":[8.95,2.20555,3.32121],"rotation":{"angle":22.5,"axis":"x","origin":[24.05,-12.76945,18.69621]},"faces":{"north":{"uv":[0,8.25,0.925,9.325],"rotation":90,"texture":"#1"},"east":{"uv":[0,8.25,0.925,9.325],"rotation":90,"texture":"#1"},"south":{"uv":[0,8.25,0.925,9.325],"rotation":90,"texture":"#1"},"west":{"uv":[0,8.25,0.925,9.325],"rotation":90,"texture":"#1"},"up":{"uv":[0,8.25,0.925,9.325],"rotation":90,"texture":"#1"},"down":{"uv":[0,8.25,0.925,9.325],"rotation":90,"texture":"#1"}}},{"from":[8.276,-0.99345,-5.72779],"to":[8.899,-0.67045,-5.40479],"rotation":{"angle":45,"axis":"x","origin":[24.05,-15.69445,9.44621]},"faces":{"north":{"uv":[0.5,8,1.5,9],"rotation":90,"texture":"#1"},"east":{"uv":[0.5,9,1.5,10],"texture":"#1"},"south":{"uv":[0.5,8,1.5,9.75],"rotation":90,"texture":"#1"},"west":{"uv":[0.5,8,1.5,9],"rotation":90,"texture":"#1"},"up":{"uv":[0,8,1,8.5],"rotation":90,"texture":"#1"},"down":{"uv":[0.25,5.5,1.75,6.5],"rotation":90,"texture":"#1"}}},{"from":[8.25,0.80555,15.49621],"to":[8.925,1.08055,15.77121],"rotation":{"angle":-22.5,"axis":"x","origin":[24.05,-14.09445,0.79621]},"faces":{"north":{"uv":[0.25,8,1.25,9],"rotation":90,"texture":"#1"},"east":{"uv":[0.25,8,1.25,9],"texture":"#1"},"south":{"uv":[0,8,1,8.5],"rotation":90,"texture":"#1"},"west":{"uv":[0.25,8,1.25,9],"rotation":90,"texture":"#1"},"up":{"uv":[0.25,8,1.25,9],"rotation":90,"texture":"#1"},"down":{"uv":[0,5.5,1,6.5],"rotation":90,"texture":"#1"}}},{"from":[8.275,1.05555,15.67121],"to":[8.9,1.25555,15.87121],"rotation":{"angle":-22.5,"axis":"x","origin":[24.05,-13.89445,0.97121]},"faces":{"north":{"uv":[0,8.25,0.75,9],"rotation":90,"texture":"#1"},"east":{"uv":[0,8.25,0.75,9],"rotation":270,"texture":"#1"},"south":{"uv":[0,8,0.75,8.75],"rotation":90,"texture":"#1"},"west":{"uv":[0,8.25,0.75,9],"rotation":90,"texture":"#1"},"up":{"uv":[0,8,0.75,8.75],"rotation":90,"texture":"#1"},"down":{"uv":[0,8.25,0.75,9],"rotation":90,"texture":"#1"}}},{"from":[8.275,1.73055,3.14621],"to":[8.9,2.18055,3.62121],"rotation":{"angle":22.5,"axis":"x","origin":[24.05,-12.84445,18.32121]},"faces":{"north":{"uv":[1,8.75,2,9.75],"texture":"#1"},"east":{"uv":[1.5,8.25,2.5,9.25],"rotation":90,"texture":"#1"},"south":{"uv":[0.75,9,1.75,10],"texture":"#1"},"west":{"uv":[1.5,8.25,2.5,9.25],"rotation":90,"texture":"#1"},"up":{"uv":[0.75,9,1.75,10],"rotation":270,"texture":"#1"},"down":{"uv":[0.25,5.75,1.25,6.75],"rotation":90,"texture":"#1"}}},{"from":[8.625,3.00555,3.09621],"to":[8.9,3.45555,3.57121],"rotation":{"angle":22.5,"axis":"x","origin":[24.05,-11.56945,18.27121]},"faces":{"north":{"uv":[0.25,5.5,1.25,6.5],"texture":"#1"},"east":{"uv":[0.25,8,1.25,9],"texture":"#1"},"south":{"uv":[0,8,0.5,8.75],"texture":"#1"},"west":{"uv":[0.25,8,1.25,9],"texture":"#1"},"up":{"uv":[0,8,0.5,9],"texture":"#1"},"down":{"uv":[0.75,5.75,1.75,6.75],"texture":"#1"}}},{"from":[8.625,3.25555,2.79621],"to":[9.05,3.75555,3.34621],"rotation":{"angle":22.5,"axis":"x","origin":[24.05,-11.29445,18.04621]},"faces":{"north":{"uv":[0,9,0.7,10],"texture":"#1"},"east":{"uv":[0.5,9,1.2,10],"texture":"#1"},"south":{"uv":[0,8.25,0.45,9],"texture":"#1"},"west":{"uv":[0.5,9,1.2,10],"texture":"#1"},"up":{"uv":[0,8,0.45,8.75],"texture":"#1"},"down":{"uv":[0,9,0.45,10],"texture":"#1"}}},{"from":[8.625,3.10555,2.54621],"to":[8.95,3.35555,2.79621],"rotation":{"angle":22.5,"axis":"x","origin":[24.05,-11.44445,18.04621]},"faces":{"north":{"uv":[0,9.25,0.5,9.75],"rotation":270,"texture":"#1"},"east":{"uv":[0,9,0.5,9.5],"rotation":270,"texture":"#1"},"south":{"uv":[0,9,0.5,9.5],"rotation":270,"texture":"#1"},"west":{"uv":[0,9,0.5,9.5],"rotation":270,"texture":"#1"},"up":{"uv":[0,9,0.5,9.5],"rotation":270,"texture":"#1"},"down":{"uv":[0,9,0.5,9.5],"rotation":270,"texture":"#1"}}},{"from":[8.051,19.04459,14.45373],"to":[8.499,20.34259,15.75173],"rotation":{"angle":22.5,"axis":"x","origin":[23.85,34.34359,-0.24727]},"faces":{"north":{"uv":[4.75,0,6.75,2],"rotation":90,"texture":"#1"},"east":{"uv":[4.75,0.25,6.75,2.25],"rotation":90,"texture":"#1"},"south":{"uv":[4.75,0,6.75,2],"rotation":90,"texture":"#1"},"west":{"uv":[6.25,0,8.25,2],"rotation":90,"texture":"#1"},"up":{"uv":[4.5,0,4.75,2],"rotation":90,"texture":"#1"},"down":{"uv":[4.75,0,6.75,2],"rotation":90,"texture":"#1"}}},{"from":[8.052,14.58583,7.47819],"to":[8.498,15.78183,7.97419],"rotation":{"angle":0,"axis":"x","origin":[23.85,29.78383,-8.02381]},"faces":{"north":{"uv":[6.5,2.25,7.5,3.25],"rotation":90,"texture":"#1"},"east":{"uv":[5.75,3.25,6.75,4.25],"texture":"#1"},"south":{"uv":[6.5,2.25,7.5,3.25],"rotation":90,"texture":"#1"},"west":{"uv":[6.75,0.5,8.5,1.5],"rotation":90,"texture":"#1"},"up":{"uv":[4.5,2,4.75,3],"rotation":90,"texture":"#1"},"down":{"uv":[6.5,2.25,7.5,3.25],"rotation":90,"texture":"#1"}}},{"from":[8.053,7.34821,2.86455],"to":[8.497,8.59221,3.33355],"rotation":{"angle":-22.5,"axis":"x","origin":[23.85,22.59521,-12.66345]},"faces":{"north":{"uv":[6,0.25,7,2.25],"rotation":180,"texture":"#1"},"east":{"uv":[6,0.25,7,2.25],"rotation":180,"texture":"#1"},"south":{"uv":[6,0.25,7,2.25],"rotation":180,"texture":"#1"},"west":{"uv":[6.25,1.5,7.25,3.5],"rotation":180,"texture":"#1"},"up":{"uv":[4.5,0.25,4.75,2.25],"rotation":180,"texture":"#1"},"down":{"uv":[6,0.25,7,2.25],"rotation":180,"texture":"#1"}}},{"from":[8.052,21.73185,1.9844],"to":[8.498,22.17785,2.4304],"rotation":{"angle":22.5,"axis":"x","origin":[23.85,6.17985,-12.0176]},"faces":{"north":{"uv":[4.5,0.75,4.75,1.75],"rotation":180,"texture":"#1"},"east":{"uv":[5.75,0.75,6.75,1.75],"rotation":180,"texture":"#1"},"south":{"uv":[5.75,0.75,6.75,1.75],"rotation":180,"texture":"#1"},"west":{"uv":[5.75,0.75,6.75,1.75],"rotation":180,"texture":"#1"},"up":{"uv":[5.75,0.75,6.75,1.75],"rotation":180,"texture":"#1"},"down":{"uv":[5.75,0.75,6.75,1.75],"rotation":180,"texture":"#1"}}}],"display":{"thirdperson_righthand":{"rotation":[28,-180,0],"translation":[0.5,4.25,1.5]},"thirdperson_lefthand":{"rotation":[28,-180,0],"translation":[-0.5,4.25,1.5]},"firstperson_righthand":{"rotation":[-14,-180,0],"translation":[1.5,3.25,-3]},"firstperson_lefthand":{"rotation":[-14,-180,0],"translation":[1.5,3.25,-3]},"ground":{"rotation":[68,-99,0]},"gui":{"rotation":[33,61,-38],"translation":[1.25,0,0]},"head":{"rotation":[116,0,26],"translation":[-8.5,-26,-1.5],"scale":[1.5,1.5,1.5]},"fixed":{"rotation":[0,-90,0],"translation":[0,0.75,-2.5]}}}