{"credit":"Made with Blockbench","texture_size":[3,12],"textures":{"0":"mineinabyss:relics/lie_supor","particle":"mineinabyss:relics/lie_supor"},"elements":[{"from":[7,0,7],"to":[9,9,9],"rotation":{"angle":-45,"axis":"y","origin":[8,4.5,8]},"faces":{"north":{"uv":[0,4,10.66667,16],"texture":"#0"},"east":{"uv":[0,4,10.66667,16],"texture":"#0"},"south":{"uv":[0,4,10.66667,16],"texture":"#0"},"west":{"uv":[0,4,10.66667,16],"texture":"#0"},"up":{"uv":[0,4,10.66667,16],"texture":"#0"},"down":{"uv":[0,13.33333,10.66667,16],"texture":"#0"}}},{"from":[6.5,9,6.5],"to":[9.5,12,9.5],"rotation":{"angle":0,"axis":"y","origin":[8,10.5,8]},"faces":{"north":{"uv":[0,9.33333,16,13.33333],"texture":"#0"},"east":{"uv":[0,9.33333,16,13.33333],"texture":"#0"},"south":{"uv":[0,9.33333,16,13.33333],"texture":"#0"},"west":{"uv":[0,9.33333,16,13.33333],"texture":"#0"},"up":{"uv":[0,0,16,4],"texture":"#0"},"down":{"uv":[0,9.33333,16,13.33333],"texture":"#0"}}},{"from":[7.5,11.92388,9.88268],"to":[8.5,13.92388,9.88268],"rotation":{"angle":22.5,"axis":"x","origin":[8,12.92388,9.88268]},"faces":{"north":{"uv":[10.66667,6.66667,16,9.33333],"texture":"#0"},"east":{"uv":[10.66667,6.66667,16,9.33333],"texture":"#0"},"south":{"uv":[10.66667,6.66667,16,9.33333],"texture":"#0"},"west":{"uv":[10.66667,6.66667,16,9.33333],"texture":"#0"},"up":{"uv":[10.66667,6.66667,16,9.33333],"texture":"#0"},"down":{"uv":[10.66667,6.66667,16,9.33333],"texture":"#0"}}},{"from":[7.5,13.77126,9.88176],"to":[8.5,15.77126,9.88176],"rotation":{"angle":-22.5,"axis":"x","origin":[8,14.77126,9.88176]},"faces":{"north":{"uv":[10.66667,4,16,6.66667],"texture":"#0"},"east":{"uv":[10.66667,4,16,6.66667],"texture":"#0"},"south":{"uv":[10.66667,4,16,6.66667],"texture":"#0"},"west":{"uv":[10.66667,4,16,6.66667],"texture":"#0"},"up":{"uv":[10.66667,4,16,6.66667],"texture":"#0"},"down":{"uv":[10.66667,4,16,6.66667],"texture":"#0"}}},{"from":[7.5,11.92388,6.11732],"to":[8.5,13.92388,6.11732],"rotation":{"angle":-22.5,"axis":"x","origin":[8,12.92388,6.11732]},"faces":{"north":{"uv":[10.66667,6.66667,16,9.33333],"texture":"#0"},"east":{"uv":[10.66667,6.66667,16,9.33333],"texture":"#0"},"south":{"uv":[10.66667,6.66667,16,9.33333],"texture":"#0"},"west":{"uv":[10.66667,6.66667,16,9.33333],"texture":"#0"},"up":{"uv":[10.66667,6.66667,16,9.33333],"texture":"#0"},"down":{"uv":[10.66667,6.66667,16,9.33333],"texture":"#0"}}},{"from":[7.5,13.7724,6.11732],"to":[8.5,15.7724,6.11732],"rotation":{"angle":22.5,"axis":"x","origin":[8,14.7724,6.11732]},"faces":{"north":{"uv":[10.66667,4,16,6.66667],"texture":"#0"},"east":{"uv":[10.66667,4,16,6.66667],"texture":"#0"},"south":{"uv":[10.66667,4,16,6.66667],"texture":"#0"},"west":{"uv":[10.66667,4,16,6.66667],"texture":"#0"},"up":{"uv":[10.66667,4,16,6.66667],"texture":"#0"},"down":{"uv":[10.66667,4,16,6.66667],"texture":"#0"}}},{"from":[6.11639,11.9235,7.5],"to":[6.11639,13.9235,8.5],"rotation":{"angle":22.5,"axis":"z","origin":[6.11639,12.9235,8]},"faces":{"north":{"uv":[10.66667,6.66667,16,9.33333],"texture":"#0"},"east":{"uv":[10.66667,6.66667,16,9.33333],"texture":"#0"},"south":{"uv":[10.66667,6.66667,16,9.33333],"texture":"#0"},"west":{"uv":[10.66667,6.66667,16,9.33333],"texture":"#0"},"up":{"uv":[10.66667,6.66667,16,9.33333],"texture":"#0"},"down":{"uv":[10.66667,6.66667,16,9.33333],"texture":"#0"}}},{"from":[6.11732,13.77164,7.5],"to":[6.11732,15.77164,8.5],"rotation":{"angle":-22.5,"axis":"z","origin":[6.11732,14.77164,8]},"faces":{"north":{"uv":[10.66667,4,16,6.66667],"texture":"#0"},"east":{"uv":[10.66667,4,16,6.66667],"texture":"#0"},"south":{"uv":[10.66667,4,16,6.66667],"texture":"#0"},"west":{"uv":[10.66667,4,16,6.66667],"texture":"#0"},"up":{"uv":[10.66667,4,16,6.66667],"texture":"#0"},"down":{"uv":[10.66667,4,16,6.66667],"texture":"#0"}}},{"from":[9.88268,11.92388,7.5],"to":[9.88268,13.92388,8.5],"rotation":{"angle":-22.5,"axis":"z","origin":[9.88268,12.92388,8]},"faces":{"north":{"uv":[10.66667,6.66667,16,9.33333],"texture":"#0"},"east":{"uv":[10.66667,6.66667,16,9.33333],"texture":"#0"},"south":{"uv":[10.66667,6.66667,16,9.33333],"texture":"#0"},"west":{"uv":[10.66667,6.66667,16,9.33333],"texture":"#0"},"up":{"uv":[10.66667,6.66667,16,9.33333],"texture":"#0"},"down":{"uv":[10.66667,6.66667,16,9.33333],"texture":"#0"}}},{"from":[9.88176,13.77126,7.5],"to":[9.88176,15.77126,8.5],"rotation":{"angle":22.5,"axis":"z","origin":[9.88176,14.77126,8]},"faces":{"north":{"uv":[10.66667,4,16,6.66667],"texture":"#0"},"east":{"uv":[10.66667,4,16,6.66667],"texture":"#0"},"south":{"uv":[10.66667,4,16,6.66667],"texture":"#0"},"west":{"uv":[10.66667,4,16,6.66667],"texture":"#0"},"up":{"uv":[10.66667,4,16,6.66667],"texture":"#0"},"down":{"uv":[10.66667,4,16,6.66667],"texture":"#0"}}}],"display":{"thirdperson_righthand":{"translation":[0,1.75,1.5],"scale":[0.8,0.8,0.8]},"thirdperson_lefthand":{"translation":[0,1.75,1.5],"scale":[0.8,0.8,0.8]},"firstperson_righthand":{"rotation":[10,6,6],"translation":[0,2,0.75]},"firstperson_lefthand":{"rotation":[10,6,6],"translation":[0,2,0.75]},"ground":{"rotation":[-30,0,-11],"translation":[0,5,0],"scale":[0.8,0.8,0.8]},"gui":{"rotation":[58,28,-40],"scale":[0.9,0.9,0.9]},"head":{"rotation":[-90,0,0],"translation":[0,-5.25,-11.5]},"fixed":{"translation":[0,0,-2.5]}},"groups":[{"name":"main shaft","origin":[8,10.5,8],"children":[0,1]},{"name":"arm","origin":[8,14.77126,9.88176],"children":[2,3]},{"name":"arm","origin":[8,14.77126,9.88176],"children":[4,5]},{"name":"arm","origin":[8,14.77126,9.88176],"children":[6,7]},{"name":"arm","origin":[8,14.77126,9.88176],"children":[8,9]}]}