{"credit":"Made with Blockbench","texture_size":[33,25],"textures":{"5":"mineinabyss:relics/zephyr_disk"},"elements":[{"from":[3.575,9.25,4.775],"to":[4.275,9.75,5.475],"rotation":{"angle":-45,"axis":"y","origin":[2.825,9.5,6.025]},"faces":{"north":{"uv":[8.24242,0,16,5.76],"texture":"#5"},"east":{"uv":[8.24242,0,16,5.76],"texture":"#5"},"south":{"uv":[8.24242,0,16,5.76],"texture":"#5"},"west":{"uv":[8.24242,0,16,5.76],"texture":"#5"},"up":{"uv":[8.24242,0,16,5.76],"texture":"#5"},"down":{"uv":[8.24242,0,16,5.76],"texture":"#5"}}},{"from":[7.63921,8.25,8.56642],"to":[8.83921,9.25,9.26642],"rotation":{"angle":-45,"axis":"y","origin":[4.23921,9.5,6.16642]},"faces":{"north":{"uv":[8.24242,0,16,5.76],"texture":"#5"},"east":{"uv":[8.24242,0,16,5.76],"texture":"#5"},"south":{"uv":[8.24242,0,16,5.76],"texture":"#5"},"west":{"uv":[8.24242,0,16,5.76],"texture":"#5"},"up":{"uv":[8.24242,0,16,5.76],"texture":"#5"},"down":{"uv":[8.24242,0,16,5.76],"texture":"#5"}}},{"from":[7.13372,9.15,11.94091],"to":[7.93372,9.65,12.34091],"rotation":{"angle":0,"axis":"y","origin":[6.03372,9.45,11.79091]},"faces":{"north":{"uv":[8.24242,0,16,5.76],"texture":"#5"},"east":{"uv":[8.24242,0,16,5.76],"texture":"#5"},"south":{"uv":[8.24242,0,16,5.76],"texture":"#5"},"west":{"uv":[8.24242,0,16,5.76],"texture":"#5"},"up":{"uv":[8.24242,0,16,5.76],"texture":"#5"},"down":{"uv":[8.24242,0,16,5.76],"texture":"#5"}}},{"from":[3.78372,9.15,8.81591],"to":[4.18372,9.65,9.61591],"rotation":{"angle":0,"axis":"y","origin":[3.53372,9.45,9.14091]},"faces":{"north":{"uv":[8.24242,0,16,5.76],"rotation":270,"texture":"#5"},"east":{"uv":[8.24242,0,16,5.76],"rotation":270,"texture":"#5"},"south":{"uv":[8.24242,0,16,5.76],"rotation":270,"texture":"#5"},"west":{"uv":[8.24242,0,16,5.76],"rotation":270,"texture":"#5"},"up":{"uv":[8.24242,0,16,5.76],"rotation":270,"texture":"#5"},"down":{"uv":[8.24242,0,16,5.76],"rotation":270,"texture":"#5"}}},{"from":[3.78372,9.15,7.56591],"to":[4.18372,9.65,8.36591],"rotation":{"angle":0,"axis":"y","origin":[3.53372,9.45,9.14091]},"faces":{"north":{"uv":[8.24242,0,16,5.76],"rotation":270,"texture":"#5"},"east":{"uv":[8.24242,0,16,5.76],"rotation":270,"texture":"#5"},"south":{"uv":[8.24242,0,16,5.76],"rotation":270,"texture":"#5"},"west":{"uv":[8.24242,0,16,5.76],"rotation":270,"texture":"#5"},"up":{"uv":[8.24242,0,16,5.76],"rotation":270,"texture":"#5"},"down":{"uv":[8.24242,0,16,5.76],"rotation":270,"texture":"#5"}}},{"from":[8.48372,9.15,11.94091],"to":[9.28372,9.65,12.34091],"rotation":{"angle":0,"axis":"y","origin":[6.03372,9.45,11.79091]},"faces":{"north":{"uv":[8.24242,0,16,5.76],"texture":"#5"},"east":{"uv":[8.24242,0,16,5.76],"texture":"#5"},"south":{"uv":[8.24242,0,16,5.76],"texture":"#5"},"west":{"uv":[8.24242,0,16,5.76],"texture":"#5"},"up":{"uv":[8.24242,0,16,5.76],"texture":"#5"},"down":{"uv":[8.24242,0,16,5.76],"texture":"#5"}}},{"from":[9.73372,9.15,11.01591],"to":[10.53372,9.65,11.41591],"rotation":{"angle":45,"axis":"y","origin":[10.63372,9.45,11.14091]},"faces":{"north":{"uv":[8.24242,0,16,5.76],"texture":"#5"},"east":{"uv":[8.24242,0,16,5.76],"texture":"#5"},"south":{"uv":[8.24242,0,16,5.76],"texture":"#5"},"west":{"uv":[8.24242,0,16,5.76],"texture":"#5"},"up":{"uv":[8.24242,0,16,5.76],"texture":"#5"},"down":{"uv":[8.24242,0,16,5.76],"texture":"#5"}}},{"name":"Indicator","from":[5.325,9.25,5.375],"to":[10.825,9.35,10.875],"rotation":{"angle":0,"axis":"y","origin":[8.075,9.5,8.125]},"faces":{"north":{"uv":[0,0,5.5,0.1],"texture":"#5"},"east":{"uv":[0,0,5.5,0.1],"texture":"#5"},"south":{"uv":[0,0,5.5,0.1],"texture":"#5"},"west":{"uv":[0,0,5.5,0.1],"texture":"#5"},"up":{"uv":[0,0,8.24242,10.88],"texture":"#5"},"down":{"uv":[0,0,5.5,5.5],"texture":"#5"}}},{"name":"north","from":[6.575,8.99,4.525],"to":[9.575,9.99,5.525],"rotation":{"angle":0,"axis":"y","origin":[7.775,9,5.025]},"faces":{"north":{"uv":[7.75758,10.88,15.51515,16],"texture":"#5"},"east":{"uv":[7.75758,10.88,15.51515,16],"texture":"#5"},"south":{"uv":[7.75758,10.88,15.51515,16],"texture":"#5"},"west":{"uv":[7.75758,10.88,15.51515,16],"texture":"#5"},"up":{"uv":[7.75758,10.88,15.51515,16],"texture":"#5"},"down":{"uv":[7.75758,10.88,15.51515,16],"texture":"#5"}}},{"name":"north","from":[6.575,8.99,10.76764],"to":[9.575,9.99,11.76764],"rotation":{"angle":0,"axis":"y","origin":[7.775,9,5.26764]},"faces":{"north":{"uv":[7.75758,10.88,15.51515,16],"texture":"#5"},"east":{"uv":[7.75758,10.88,15.51515,16],"texture":"#5"},"south":{"uv":[7.75758,10.88,15.51515,16],"texture":"#5"},"west":{"uv":[7.75758,10.88,15.51515,16],"texture":"#5"},"up":{"uv":[7.75758,10.88,15.51515,16],"texture":"#5"},"down":{"uv":[7.75758,10.88,15.51515,16],"texture":"#5"}}},{"name":"north","from":[10.69632,8.99,6.64632],"to":[11.69632,9.99,9.64632],"rotation":{"angle":0,"axis":"y","origin":[9.19632,9,8.44632]},"faces":{"north":{"uv":[7.75758,10.88,15.51515,16],"rotation":270,"texture":"#5"},"east":{"uv":[7.75758,10.88,15.51515,16],"rotation":270,"texture":"#5"},"south":{"uv":[7.75758,10.88,15.51515,16],"rotation":270,"texture":"#5"},"west":{"uv":[7.75758,10.88,15.51515,16],"rotation":270,"texture":"#5"},"up":{"uv":[7.75758,10.88,15.51515,16],"rotation":270,"texture":"#5"},"down":{"uv":[7.75758,10.88,15.51515,16],"rotation":270,"texture":"#5"}}},{"name":"north","from":[4.45368,8.99,6.64632],"to":[5.45368,9.99,9.64632],"rotation":{"angle":0,"axis":"y","origin":[5.95368,9,8.44632]},"faces":{"north":{"uv":[7.75758,10.88,15.51515,16],"rotation":270,"texture":"#5"},"east":{"uv":[7.75758,10.88,15.51515,16],"rotation":270,"texture":"#5"},"south":{"uv":[7.75758,10.88,15.51515,16],"rotation":270,"texture":"#5"},"west":{"uv":[7.75758,10.88,15.51515,16],"rotation":270,"texture":"#5"},"up":{"uv":[7.75758,10.88,15.51515,16],"rotation":270,"texture":"#5"},"down":{"uv":[7.75758,10.88,15.51515,16],"rotation":270,"texture":"#5"}}},{"name":"north","from":[8.86997,9,5.22708],"to":[11.86997,10,6.22708],"rotation":{"angle":-45,"axis":"y","origin":[10.06997,9,5.72708]},"faces":{"north":{"uv":[7.75758,10.88,15.51515,16],"texture":"#5"},"east":{"uv":[7.75758,10.88,15.51515,16],"texture":"#5"},"south":{"uv":[7.75758,10.88,15.51515,16],"texture":"#5"},"west":{"uv":[7.75758,10.88,15.51515,16],"texture":"#5"},"up":{"uv":[7.75758,10.88,15.51515,16],"texture":"#5"},"down":{"uv":[7.75758,10.88,15.51515,16],"texture":"#5"}}},{"name":"north","from":[5.86997,9,10.22708],"to":[8.86997,10,11.22708],"rotation":{"angle":-45,"axis":"y","origin":[7.06997,9,8.72708]},"faces":{"north":{"uv":[7.75758,10.88,15.51515,16],"texture":"#5"},"east":{"uv":[7.75758,10.88,15.51515,16],"texture":"#5"},"south":{"uv":[7.75758,10.88,15.51515,16],"texture":"#5"},"west":{"uv":[7.75758,10.88,15.51515,16],"texture":"#5"},"up":{"uv":[7.75758,10.88,15.51515,16],"texture":"#5"},"down":{"uv":[7.75758,10.88,15.51515,16],"texture":"#5"}}},{"name":"north","from":[6.16287,9,9.53003],"to":[9.16287,10,10.53003],"rotation":{"angle":45,"axis":"y","origin":[9.36287,9,7.03003]},"faces":{"north":{"uv":[7.75758,10.88,15.51515,16],"texture":"#5"},"east":{"uv":[7.75758,10.88,15.51515,16],"texture":"#5"},"south":{"uv":[7.75758,10.88,15.51515,16],"texture":"#5"},"west":{"uv":[7.75758,10.88,15.51515,16],"texture":"#5"},"up":{"uv":[7.75758,10.88,15.51515,16],"texture":"#5"},"down":{"uv":[7.75758,10.88,15.51515,16],"texture":"#5"}}},{"name":"north","from":[4.57708,9,3.94424],"to":[7.57708,10,4.94424],"rotation":{"angle":45,"axis":"y","origin":[7.77708,9,5.44424]},"faces":{"north":{"uv":[7.75758,10.88,15.51515,16],"texture":"#5"},"east":{"uv":[7.75758,10.88,15.51515,16],"texture":"#5"},"south":{"uv":[7.75758,10.88,15.51515,16],"texture":"#5"},"west":{"uv":[7.75758,10.88,15.51515,16],"texture":"#5"},"up":{"uv":[7.75758,10.88,15.51515,16],"texture":"#5"},"down":{"uv":[7.75758,10.88,15.51515,16],"texture":"#5"}}},{"name":"north","from":[6.225,7.9,3.525],"to":[9.925,9.4,4.525],"rotation":{"angle":0,"axis":"y","origin":[7.775,8.3,5.025]},"faces":{"north":{"uv":[0,10.88,7.75758,16],"texture":"#5"},"east":{"uv":[0,10.88,7.75758,16],"texture":"#5"},"south":{"uv":[0,10.88,7.75758,16],"texture":"#5"},"west":{"uv":[0,10.88,7.75758,16],"texture":"#5"},"up":{"uv":[0,10.88,7.75758,16],"texture":"#5"},"down":{"uv":[0,10.88,7.75758,16],"texture":"#5"}}},{"name":"north","from":[6.225,7.9,11.45759],"to":[9.925,9.4,12.45759],"rotation":{"angle":0,"axis":"y","origin":[7.425,8.3,4.95759]},"faces":{"north":{"uv":[0,10.88,7.75758,16],"texture":"#5"},"east":{"uv":[0,10.88,7.75758,16],"texture":"#5"},"south":{"uv":[0,10.88,7.75758,16],"texture":"#5"},"west":{"uv":[0,10.88,7.75758,16],"texture":"#5"},"up":{"uv":[0,10.88,7.75758,16],"texture":"#5"},"down":{"uv":[0,10.88,7.75758,16],"texture":"#5"}}},{"name":"north","from":[11.5413,7.9,6.1413],"to":[12.5413,9.4,9.8413],"rotation":{"angle":0,"axis":"y","origin":[9.0413,8.3,7.9413]},"faces":{"north":{"uv":[0,10.88,7.75758,16],"rotation":270,"texture":"#5"},"east":{"uv":[0,10.88,7.75758,16],"rotation":270,"texture":"#5"},"south":{"uv":[0,10.88,7.75758,16],"rotation":270,"texture":"#5"},"west":{"uv":[0,10.88,7.75758,16],"rotation":270,"texture":"#5"},"up":{"uv":[0,10.88,7.75758,16],"rotation":270,"texture":"#5"},"down":{"uv":[0,10.88,7.75758,16],"rotation":270,"texture":"#5"}}},{"name":"north","from":[3.6087,7.9,6.1413],"to":[4.6087,9.4,9.8413],"rotation":{"angle":0,"axis":"y","origin":[4.1087,8.475,7.9913]},"faces":{"north":{"uv":[0,10.88,7.75758,16],"rotation":270,"texture":"#5"},"east":{"uv":[0,10.88,7.75758,16],"rotation":270,"texture":"#5"},"south":{"uv":[0,10.88,7.75758,16],"rotation":270,"texture":"#5"},"west":{"uv":[0,10.88,7.75758,16],"rotation":270,"texture":"#5"},"up":{"uv":[0,10.88,7.75758,16],"rotation":270,"texture":"#5"},"down":{"uv":[0,10.88,7.75758,16],"rotation":270,"texture":"#5"}}},{"name":"north","from":[8.80577,7.9,3.22706],"to":[12.50577,9.4,4.22706],"rotation":{"angle":-45,"axis":"y","origin":[9.00574,8.3,4.72706]},"faces":{"north":{"uv":[0,10.88,7.75758,16],"texture":"#5"},"east":{"uv":[0,10.88,7.75758,16],"texture":"#5"},"south":{"uv":[0,10.88,7.75758,16],"texture":"#5"},"west":{"uv":[0,10.88,7.75758,16],"texture":"#5"},"up":{"uv":[0,10.88,7.75758,16],"texture":"#5"},"down":{"uv":[0,10.88,7.75758,16],"texture":"#5"}}},{"name":"north","from":[5.73211,7.9,10.71495],"to":[6.73211,9.4,11.71495],"rotation":{"angle":-45,"axis":"y","origin":[6.93211,8.3,8.21495]},"faces":{"north":{"uv":[0,10.88,7.75758,16],"texture":"#5"},"east":{"uv":[0,10.88,7.75758,16],"texture":"#5"},"south":{"uv":[0,10.88,7.75758,16],"texture":"#5"},"west":{"uv":[0,10.88,7.75758,16],"texture":"#5"},"up":{"uv":[0,10.88,7.75758,16],"texture":"#5"},"down":{"uv":[0,10.88,7.75758,16],"texture":"#5"}}},{"name":"north","from":[7.93419,7.9,11.91703],"to":[8.93419,9.4,12.91703],"rotation":{"angle":-45,"axis":"y","origin":[8.13419,8.3,9.41703]},"faces":{"north":{"uv":[0,10.88,7.75758,16],"texture":"#5"},"east":{"uv":[0,10.88,7.75758,16],"texture":"#5"},"south":{"uv":[0,10.88,7.75758,16],"texture":"#5"},"west":{"uv":[0,10.88,7.75758,16],"texture":"#5"},"up":{"uv":[0,10.88,7.75758,16],"texture":"#5"},"down":{"uv":[0,10.88,7.75758,16],"texture":"#5"}}},{"name":"north","from":[6.05919,7.975,11.46703],"to":[8.05919,9.475,12.46703],"rotation":{"angle":-45,"axis":"y","origin":[8.13419,8.3,9.41703]},"faces":{"north":{"uv":[0,10.88,7.75758,16],"texture":"#5"},"east":{"uv":[0,10.88,7.75758,16],"texture":"#5"},"south":{"uv":[0,10.88,7.75758,16],"texture":"#5"},"west":{"uv":[0,10.88,7.75758,16],"texture":"#5"},"up":{"uv":[0,10.88,7.75758,16],"texture":"#5"},"down":{"uv":[0,10.88,7.75758,16],"texture":"#5"}}},{"name":"north","from":[5.80576,7.9,10.51287],"to":[9.50576,9.4,11.51287],"rotation":{"angle":45,"axis":"y","origin":[9.00576,8.3,7.01287]},"faces":{"north":{"uv":[0,10.88,7.75758,16],"texture":"#5"},"east":{"uv":[0,10.88,7.75758,16],"texture":"#5"},"south":{"uv":[0,10.88,7.75758,16],"texture":"#5"},"west":{"uv":[0,10.88,7.75758,16],"texture":"#5"},"up":{"uv":[0,10.88,7.75758,16],"texture":"#5"},"down":{"uv":[0,10.88,7.75758,16],"texture":"#5"}}},{"name":"north","from":[4.43921,7.9,3.14632],"to":[8.13921,9.4,4.14632],"rotation":{"angle":45,"axis":"y","origin":[7.63921,8.3,5.64632]},"faces":{"north":{"uv":[0,10.88,7.75758,16],"texture":"#5"},"east":{"uv":[0,10.88,7.75758,16],"texture":"#5"},"south":{"uv":[0,10.88,7.75758,16],"texture":"#5"},"west":{"uv":[0,10.88,7.75758,16],"texture":"#5"},"up":{"uv":[0,10.88,7.75758,16],"texture":"#5"},"down":{"uv":[0,10.88,7.75758,16],"texture":"#5"}}},{"from":[6.575,8.25,2.775],"to":[10.575,9.75,3.975],"rotation":{"angle":0,"axis":"y","origin":[6.575,9,4.275]},"faces":{"north":{"uv":[0,10.88,7.75758,16],"texture":"#5"},"east":{"uv":[0,10.88,7.75758,16],"texture":"#5"},"south":{"uv":[0,10.88,7.75758,16],"texture":"#5"},"west":{"uv":[0,10.88,7.75758,16],"texture":"#5"},"up":{"uv":[0,10.88,7.75758,16],"texture":"#5"},"down":{"uv":[0,10.88,7.75758,16],"texture":"#5"}}},{"from":[10.96495,8.26,2.61348],"to":[12.16495,9.76,4.61348],"rotation":{"angle":45,"axis":"y","origin":[11.56495,9,4.61348]},"faces":{"north":{"uv":[0,10.88,7.75758,16],"texture":"#5"},"east":{"uv":[0,10.88,7.75758,16],"texture":"#5"},"south":{"uv":[0,10.88,7.75758,16],"texture":"#5"},"west":{"uv":[0,10.88,7.75758,16],"texture":"#5"},"up":{"uv":[0,10.88,7.75758,16],"texture":"#5"},"down":{"uv":[0,10.88,7.75758,16],"texture":"#5"}}},{"from":[10.89198,8.25,4.70584],"to":[12.09198,9.75,7.70584],"rotation":{"angle":22.5,"axis":"y","origin":[10.74198,9,4.70584]},"faces":{"north":{"uv":[0,10.88,7.75758,16],"texture":"#5"},"east":{"uv":[0,10.88,7.75758,16],"texture":"#5"},"south":{"uv":[0,10.88,7.75758,16],"texture":"#5"},"west":{"uv":[0,10.88,7.75758,16],"texture":"#5"},"up":{"uv":[0,10.88,7.75758,16],"texture":"#5"},"down":{"uv":[0,10.88,7.75758,16],"texture":"#5"}}},{"from":[11.93726,8.5,6.96085],"to":[13.13726,9.5,9.96085],"rotation":{"angle":0,"axis":"y","origin":[11.78726,9.25,4.96085]},"faces":{"north":{"uv":[0,10.88,7.75758,16],"texture":"#5"},"east":{"uv":[0,10.88,7.75758,16],"texture":"#5"},"south":{"uv":[0,10.88,7.75758,16],"texture":"#5"},"west":{"uv":[0,10.88,7.75758,16],"texture":"#5"},"up":{"uv":[0,10.88,7.75758,16],"texture":"#5"},"down":{"uv":[0,10.88,7.75758,16],"texture":"#5"}}},{"from":[11.22912,8.25,9.27402],"to":[12.17912,9.25,12.27402],"rotation":{"angle":-45,"axis":"y","origin":[11.82912,9,10.77402]},"faces":{"north":{"uv":[0,10.88,7.75758,16],"texture":"#5"},"east":{"uv":[0,10.88,7.75758,16],"texture":"#5"},"south":{"uv":[0,10.88,7.75758,16],"texture":"#5"},"west":{"uv":[0,10.88,7.75758,16],"texture":"#5"},"up":{"uv":[0,10.88,7.75758,16],"texture":"#5"},"down":{"uv":[0,10.88,7.75758,16],"texture":"#5"}}},{"from":[11.93604,8.5,3.85237],"to":[13.63604,9.5,6.85237],"rotation":{"angle":22.5,"axis":"y","origin":[12.78604,9.25,5.85237]},"faces":{"north":{"uv":[0,10.88,7.75758,16],"texture":"#5"},"east":{"uv":[0,10.88,7.75758,16],"texture":"#5"},"south":{"uv":[0,10.88,7.75758,16],"texture":"#5"},"west":{"uv":[0,10.88,7.75758,16],"texture":"#5"},"up":{"uv":[0,10.88,7.75758,16],"texture":"#5"},"down":{"uv":[0,10.88,7.75758,16],"texture":"#5"}}},{"from":[13.63985,8.7,3.8715],"to":[14.23985,9.4,5.8715],"rotation":{"angle":22.5,"axis":"y","origin":[12.73985,9.55,5.8715]},"faces":{"north":{"uv":[0,10.88,7.75758,16],"texture":"#5"},"east":{"uv":[0,10.88,7.75758,16],"texture":"#5"},"south":{"uv":[0,10.88,7.75758,16],"texture":"#5"},"west":{"uv":[0,10.88,7.75758,16],"texture":"#5"},"up":{"uv":[0,10.88,7.75758,16],"texture":"#5"},"down":{"uv":[0,10.88,7.75758,16],"texture":"#5"}}},{"from":[11.23463,8.75,2.25881],"to":[12.03463,9.55,4.45881],"rotation":{"angle":0,"axis":"y","origin":[11.63463,9.15,4.10881]},"faces":{"north":{"uv":[0,10.88,7.75758,16],"texture":"#5"},"east":{"uv":[0,10.88,7.75758,16],"texture":"#5"},"south":{"uv":[0,10.88,7.75758,16],"texture":"#5"},"west":{"uv":[0,10.88,7.75758,16],"texture":"#5"},"up":{"uv":[0,10.88,7.75758,16],"texture":"#5"},"down":{"uv":[0,10.88,7.75758,16],"texture":"#5"}}},{"from":[11.16591,8.75,1.40427],"to":[11.96591,9.55,2.40427],"rotation":{"angle":-22.5,"axis":"y","origin":[11.56591,9.15,2.50427]},"faces":{"north":{"uv":[0,10.88,7.75758,16],"texture":"#5"},"east":{"uv":[0,10.88,7.75758,16],"texture":"#5"},"south":{"uv":[0,10.88,7.75758,16],"texture":"#5"},"west":{"uv":[0,10.88,7.75758,16],"texture":"#5"},"up":{"uv":[0,10.88,7.75758,16],"texture":"#5"},"down":{"uv":[0,10.88,7.75758,16],"texture":"#5"}}},{"from":[4.84246,8.4,3.11962],"to":[6.84246,10,4.61962],"rotation":{"angle":22.5,"axis":"y","origin":[5.84246,8.85,3.61962]},"faces":{"north":{"uv":[0,10.88,7.75758,16],"texture":"#5"},"east":{"uv":[0,10.88,7.75758,16],"texture":"#5"},"south":{"uv":[0,10.88,7.75758,16],"texture":"#5"},"west":{"uv":[0,10.88,7.75758,16],"texture":"#5"},"up":{"uv":[0,10.88,7.75758,16],"texture":"#5"},"down":{"uv":[0,10.88,7.75758,16],"texture":"#5"}}},{"from":[3.94691,8.5,3.5278],"to":[4.74691,9.5,5.2278],"rotation":{"angle":-45,"axis":"y","origin":[4.19691,9.25,4.7778]},"faces":{"north":{"uv":[0,10.88,7.75758,16],"texture":"#5"},"east":{"uv":[0,10.88,7.75758,16],"texture":"#5"},"south":{"uv":[0,10.88,7.75758,16],"texture":"#5"},"west":{"uv":[0,10.88,7.75758,16],"texture":"#5"},"up":{"uv":[0,10.88,7.75758,16],"texture":"#5"},"down":{"uv":[0,10.88,7.75758,16],"texture":"#5"}}},{"from":[3.70194,8.25,4.91923],"to":[4.50194,9.25,6.21923],"rotation":{"angle":0,"axis":"y","origin":[4.10194,8.75,5.31923]},"faces":{"north":{"uv":[0,10.88,7.75758,16],"texture":"#5"},"east":{"uv":[0,10.88,7.75758,16],"texture":"#5"},"south":{"uv":[0,10.88,7.75758,16],"texture":"#5"},"west":{"uv":[0,10.88,7.75758,16],"texture":"#5"},"up":{"uv":[0,10.88,7.75758,16],"texture":"#5"},"down":{"uv":[0,10.88,7.75758,16],"texture":"#5"}}},{"name":"north","from":[6.575,6.99,4.525],"to":[9.575,7.99,5.525],"rotation":{"angle":0,"axis":"y","origin":[7.775,7,5.025]},"faces":{"north":{"uv":[0,10.88,7.75758,16],"texture":"#5"},"east":{"uv":[0,10.88,7.75758,16],"texture":"#5"},"south":{"uv":[0,10.88,7.75758,16],"texture":"#5"},"west":{"uv":[0,10.88,7.75758,16],"texture":"#5"},"up":{"uv":[0,10.88,7.75758,16],"texture":"#5"},"down":{"uv":[0,10.88,7.75758,16],"texture":"#5"}}},{"name":"north","from":[6.575,6.99,10.76764],"to":[9.575,7.99,11.76764],"rotation":{"angle":0,"axis":"y","origin":[7.775,7,5.26764]},"faces":{"north":{"uv":[0,10.88,7.75758,16],"texture":"#5"},"east":{"uv":[0,10.88,7.75758,16],"texture":"#5"},"south":{"uv":[0,10.88,7.75758,16],"texture":"#5"},"west":{"uv":[0,10.88,7.75758,16],"texture":"#5"},"up":{"uv":[0,10.88,7.75758,16],"texture":"#5"},"down":{"uv":[0,10.88,7.75758,16],"texture":"#5"}}},{"name":"north","from":[10.69632,6.99,6.64632],"to":[11.69632,7.99,9.64632],"rotation":{"angle":0,"axis":"y","origin":[9.19632,7,8.44632]},"faces":{"north":{"uv":[0,10.88,7.75758,16],"rotation":270,"texture":"#5"},"east":{"uv":[0,10.88,7.75758,16],"rotation":270,"texture":"#5"},"south":{"uv":[0,10.88,7.75758,16],"rotation":270,"texture":"#5"},"west":{"uv":[0,10.88,7.75758,16],"rotation":270,"texture":"#5"},"up":{"uv":[0,10.88,7.75758,16],"rotation":270,"texture":"#5"},"down":{"uv":[0,10.88,7.75758,16],"rotation":270,"texture":"#5"}}},{"name":"north","from":[4.45368,6.99,6.64632],"to":[5.45368,7.99,9.64632],"rotation":{"angle":0,"axis":"y","origin":[5.95368,7,8.44632]},"faces":{"north":{"uv":[0,10.88,7.75758,16],"rotation":270,"texture":"#5"},"east":{"uv":[0,10.88,7.75758,16],"rotation":270,"texture":"#5"},"south":{"uv":[0,10.88,7.75758,16],"rotation":270,"texture":"#5"},"west":{"uv":[0,10.88,7.75758,16],"rotation":270,"texture":"#5"},"up":{"uv":[0,10.88,7.75758,16],"rotation":270,"texture":"#5"},"down":{"uv":[0,10.88,7.75758,16],"rotation":270,"texture":"#5"}}},{"name":"north","from":[8.86997,7,5.22708],"to":[11.86997,8,6.22708],"rotation":{"angle":-45,"axis":"y","origin":[10.06997,7,5.72708]},"faces":{"north":{"uv":[0,10.88,7.75758,16],"texture":"#5"},"east":{"uv":[0,10.88,7.75758,16],"texture":"#5"},"south":{"uv":[0,10.88,7.75758,16],"texture":"#5"},"west":{"uv":[0,10.88,7.75758,16],"texture":"#5"},"up":{"uv":[0,10.88,7.75758,16],"texture":"#5"},"down":{"uv":[0,10.88,7.75758,16],"texture":"#5"}}},{"name":"north","from":[5.86997,7,10.22708],"to":[8.86997,8,11.22708],"rotation":{"angle":-45,"axis":"y","origin":[7.06997,7,8.72708]},"faces":{"north":{"uv":[0,10.88,7.75758,16],"texture":"#5"},"east":{"uv":[0,10.88,7.75758,16],"texture":"#5"},"south":{"uv":[0,10.88,7.75758,16],"texture":"#5"},"west":{"uv":[0,10.88,7.75758,16],"texture":"#5"},"up":{"uv":[0,10.88,7.75758,16],"texture":"#5"},"down":{"uv":[0,10.88,7.75758,16],"texture":"#5"}}},{"name":"north","from":[6.16287,7,9.53003],"to":[9.16287,8,10.53003],"rotation":{"angle":45,"axis":"y","origin":[9.36287,7,7.03003]},"faces":{"north":{"uv":[0,10.88,7.75758,16],"texture":"#5"},"east":{"uv":[0,10.88,7.75758,16],"texture":"#5"},"south":{"uv":[0,10.88,7.75758,16],"texture":"#5"},"west":{"uv":[0,10.88,7.75758,16],"texture":"#5"},"up":{"uv":[0,10.88,7.75758,16],"texture":"#5"},"down":{"uv":[0,10.88,7.75758,16],"texture":"#5"}}},{"name":"north","from":[4.57708,7,3.94424],"to":[7.57708,8,4.94424],"rotation":{"angle":45,"axis":"y","origin":[7.77708,7,5.44424]},"faces":{"north":{"uv":[0,10.88,7.75758,16],"texture":"#5"},"east":{"uv":[0,10.88,7.75758,16],"texture":"#5"},"south":{"uv":[0,10.88,7.75758,16],"texture":"#5"},"west":{"uv":[0,10.88,7.75758,16],"texture":"#5"},"up":{"uv":[0,10.88,7.75758,16],"texture":"#5"},"down":{"uv":[0,10.88,7.75758,16],"texture":"#5"}}},{"from":[5.325,6.35,6.325],"to":[10.825,7.05,9.825],"rotation":{"angle":0,"axis":"y","origin":[7.075,7.5,8.025]},"faces":{"north":{"uv":[0,10.88,7.75758,16],"texture":"#5"},"east":{"uv":[0,10.88,7.75758,16],"texture":"#5"},"south":{"uv":[0,10.88,7.75758,16],"texture":"#5"},"west":{"uv":[0,10.88,7.75758,16],"texture":"#5"},"up":{"uv":[0,10.88,7.75758,16],"texture":"#5"},"down":{"uv":[0,10.88,7.75758,16],"texture":"#5"}}},{"from":[6.125,6.45,5.275],"to":[10.125,7.15,10.775],"rotation":{"angle":0,"axis":"y","origin":[7.075,7.5,8.025]},"faces":{"north":{"uv":[0,10.88,7.75758,16],"texture":"#5"},"east":{"uv":[0,10.88,7.75758,16],"texture":"#5"},"south":{"uv":[0,10.88,7.75758,16],"texture":"#5"},"west":{"uv":[0,10.88,7.75758,16],"texture":"#5"},"up":{"uv":[0,10.88,7.75758,16],"texture":"#5"},"down":{"uv":[0,10.88,7.75758,16],"texture":"#5"}}}],"display":{"thirdperson_righthand":{"rotation":[74.5,0,0],"translation":[0.25,1.75,1.25],"scale":[0.5,0.5,0.5]},"thirdperson_lefthand":{"rotation":[75,0,0],"translation":[0.25,1.75,1.25],"scale":[0.5,0.5,0.5]},"firstperson_righthand":{"rotation":[0,0,45],"translation":[-2,4.25,3.75],"scale":[0.35,0.35,0.35]},"firstperson_lefthand":{"rotation":[0,0,45],"translation":[-2,4.25,3.75],"scale":[-0.35,0.35,0.35]},"ground":{"rotation":[28,0,0]},"gui":{"rotation":[61,9,-6],"translation":[-0.75,-0.75,0],"scale":[1.1,1.1,1.1]},"head":{"rotation":[-90,-90,0],"translation":[3.5,0,-6.5]},"fixed":{"rotation":[-90,-180,0],"translation":[0,0,-2],"scale":[1.2,1,1.2]}},"groups":[0,1,2,3,4,5,6,7,{"name":"Outline 1","origin":[8,8,8],"children":[8,9,10,11,12,13,14,15]},{"name":"Outline 2","origin":[8,8,8],"children":[16,17,18,19,20,21,22,23,24,25]},{"name":"Pipes","origin":[-2.47306,0.25,0.79423],"children":[26,27,28,29,30,31,32,33,34,35,36,37]},{"name":"Outline 1","origin":[8,8,8],"children":[38,39,40,41,42,43,44,45,46,47]}]}