{"credit":"Made with Blockbench","textures":{"0":"camelot:lancelot","particle":"camelot:lancelot"},"elements":[{"from":[8.02,31,0],"to":[8.24,32,1],"rotation":{"angle":-45,"axis":"x","origin":[16,39,8]},"faces":{"north":{"uv":[0,0,0.22,1],"texture":"#0"},"east":{"uv":[0,0,1,1],"texture":"#0"},"south":{"uv":[0,0,0.22,1],"texture":"#0"},"west":{"uv":[0,0,1,1],"texture":"#0"},"up":{"uv":[0,0,0.22,1],"texture":"#0"},"down":{"uv":[0,0,0.22,1],"texture":"#0"}}},{"from":[8,28.78934,3.99548],"to":[8.23,30.53934,5.49548],"rotation":{"angle":-22.5,"axis":"x","origin":[16,37.53934,12.49548]},"faces":{"north":{"uv":[0,0,0.23,1.75],"texture":"#0"},"east":{"uv":[0,0,1.5,1.75],"texture":"#0"},"south":{"uv":[0,0,0.23,1.75],"texture":"#0"},"west":{"uv":[0,0,1.5,1.75],"texture":"#0"},"up":{"uv":[0,0,0.23,1.5],"texture":"#0"},"down":{"uv":[0,0,0.23,1.5],"texture":"#0"}}},{"from":[8.001,27.0093,3.16967],"to":[8.23,28.7593,4.66967],"rotation":{"angle":-22.5,"axis":"x","origin":[16,35.7593,11.66967]},"faces":{"north":{"uv":[0,0,0.229,1.75],"texture":"#0"},"east":{"uv":[0,0,1.5,1.75],"texture":"#0"},"south":{"uv":[0,0,0.229,1.75],"texture":"#0"},"west":{"uv":[0,0,1.5,1.75],"texture":"#0"},"up":{"uv":[0,0,0.229,1.5],"texture":"#0"},"down":{"uv":[0,0,0.229,1.5],"texture":"#0"}}},{"from":[8.01,9.2593,5.41967],"to":[8.249,11.0093,5.91967],"rotation":{"angle":-22.5,"axis":"x","origin":[16,18.0093,12.91967]},"faces":{"north":{"uv":[0,0,0.239,1.75],"texture":"#0"},"east":{"uv":[2,14,2.5,15.75],"texture":"#0"},"south":{"uv":[2.5,2.5,2.739,4.25],"texture":"#0"},"west":{"uv":[2.5,10,3,11.75],"texture":"#0"},"up":{"uv":[0,0,0.239,0.5],"texture":"#0"},"down":{"uv":[2.5,2.5,2.739,3],"texture":"#0"}}},{"from":[8,7.2593,5.41967],"to":[8.25,7.7593,5.91967],"rotation":{"angle":-22.5,"axis":"x","origin":[16,18.0093,12.91967]},"faces":{"north":{"uv":[0,0,0.25,0.5],"texture":"#0"},"east":{"uv":[3.5,3,4,3.5],"texture":"#0"},"south":{"uv":[3,2,3.25,2.5],"texture":"#0"},"west":{"uv":[2,9,2.5,9.5],"texture":"#0"},"up":{"uv":[3.5,2,3.75,2.5],"texture":"#0"},"down":{"uv":[3,2.5,3.25,3],"texture":"#0"}}},{"from":[8,8.2593,5.41967],"to":[8.25,8.7593,5.91967],"rotation":{"angle":-22.5,"axis":"x","origin":[16,18.0093,12.91967]},"faces":{"north":{"uv":[0,0,0.25,0.5],"texture":"#0"},"east":{"uv":[3,2.5,3.5,3],"texture":"#0"},"south":{"uv":[3,2.5,3.25,3],"texture":"#0"},"west":{"uv":[2.5,7,3,7.5],"texture":"#0"},"up":{"uv":[3.5,3,3.75,3.5],"texture":"#0"},"down":{"uv":[2.5,2,2.75,2.5],"texture":"#0"}}},{"from":[7.99,5.65509,8.5807],"to":[8.26,5.90509,9.3307],"rotation":{"angle":0,"axis":"y","origin":[16.01,15.15509,16.0807]},"faces":{"north":{"uv":[0,0,0.25,0.5],"texture":"#0"},"east":{"uv":[3,12.5,3.5,13],"texture":"#0"},"south":{"uv":[3,2.5,3.25,3],"texture":"#0"},"west":{"uv":[3,14.5,3.5,15],"texture":"#0"},"up":{"uv":[3.5,3,3.75,3.5],"texture":"#0"},"down":{"uv":[2.5,2,2.75,2.5],"texture":"#0"}}},{"from":[7.99,5.65509,6.7507],"to":[8.26,5.90509,7.5007],"rotation":{"angle":0,"axis":"y","origin":[16.01,15.15509,14.0007]},"faces":{"north":{"uv":[0,0,0.25,0.5],"texture":"#0"},"east":{"uv":[3,12.5,3.5,13],"texture":"#0"},"south":{"uv":[3,2.5,3.25,3],"texture":"#0"},"west":{"uv":[3,14.5,3.5,15],"texture":"#0"},"up":{"uv":[3.5,3,3.75,3.5],"texture":"#0"},"down":{"uv":[2.5,2,2.75,2.5],"texture":"#0"}}},{"from":[7.99,28.73871,11.7],"to":[8.26,29.23871,11.95],"rotation":{"angle":22.5,"axis":"x","origin":[16.01,35.98871,2.3776]},"faces":{"north":{"uv":[3.5,3,3.75,3.5],"rotation":180,"texture":"#0"},"east":{"uv":[3,12.5,3.5,13],"rotation":90,"texture":"#0"},"south":{"uv":[2.5,2,2.75,2.5],"texture":"#0"},"west":{"uv":[3,14.5,3.5,15],"rotation":270,"texture":"#0"},"up":{"uv":[3,2.5,3.25,3],"texture":"#0"},"down":{"uv":[0,0,0.25,0.5],"rotation":180,"texture":"#0"}}},{"from":[7.99,26.40509,7.88],"to":[8.26,27.15509,8.13],"rotation":{"angle":0,"axis":"y","origin":[16.01,33.65509,-1.4993]},"faces":{"north":{"uv":[3.5,3,3.75,3.5],"rotation":180,"texture":"#0"},"east":{"uv":[3,12.5,3.5,13],"rotation":90,"texture":"#0"},"south":{"uv":[2.5,2,2.75,2.5],"texture":"#0"},"west":{"uv":[3,14.5,3.5,15],"rotation":270,"texture":"#0"},"up":{"uv":[3,2.5,3.25,3],"texture":"#0"},"down":{"uv":[0,0,0.25,0.5],"rotation":180,"texture":"#0"}}},{"from":[7.99,29.78536,9.3943],"to":[8.26,30.28536,9.6443],"rotation":{"angle":-22.5,"axis":"x","origin":[16.01,23.03536,18.8943]},"faces":{"north":{"uv":[2.5,2,2.75,2.5],"rotation":180,"texture":"#0"},"east":{"uv":[3,12.5,3.5,13],"rotation":270,"texture":"#0"},"south":{"uv":[3.5,3,3.75,3.5],"texture":"#0"},"west":{"uv":[3,14.5,3.5,15],"rotation":90,"texture":"#0"},"up":{"uv":[0,0,0.25,0.5],"rotation":180,"texture":"#0"},"down":{"uv":[3,2.5,3.25,3],"texture":"#0"}}},{"from":[8.01,3.32771,8.91306],"to":[8.249,5.07771,9.41306],"rotation":{"angle":22.5,"axis":"x","origin":[16,12.07771,17.41306]},"faces":{"north":{"uv":[2.5,2.5,2.739,4.25],"texture":"#0"},"east":{"uv":[2,14,2.5,15.75],"texture":"#0"},"south":{"uv":[0,0,0.239,1.75],"texture":"#0"},"west":{"uv":[2.5,9.5,3,11.25],"texture":"#0"},"up":{"uv":[0,0,0.239,0.5],"texture":"#0"},"down":{"uv":[3,2.5,3.239,3],"texture":"#0"}}},{"from":[8,2.32771,8.91306],"to":[8.25,2.82771,9.41306],"rotation":{"angle":22.5,"axis":"x","origin":[16,12.07771,17.41306]},"faces":{"north":{"uv":[3,1.5,3.25,2],"texture":"#0"},"east":{"uv":[3,2.5,3.5,3],"texture":"#0"},"south":{"uv":[0,0,0.25,0.5],"texture":"#0"},"west":{"uv":[2,7.5,2.5,8],"texture":"#0"},"up":{"uv":[2.5,2,2.75,2.5],"texture":"#0"},"down":{"uv":[3,2,3.25,2.5],"texture":"#0"}}},{"from":[8,1.32771,8.91306],"to":[8.25,1.82771,9.41306],"rotation":{"angle":22.5,"axis":"x","origin":[16,12.07771,17.41306]},"faces":{"north":{"uv":[3,3,3.25,3.5],"texture":"#0"},"east":{"uv":[3,2,3.5,2.5],"texture":"#0"},"south":{"uv":[0,0,0.25,0.5],"texture":"#0"},"west":{"uv":[2,9.5,2.5,10],"texture":"#0"},"up":{"uv":[4,2.5,4.25,3],"texture":"#0"},"down":{"uv":[2.5,2.5,2.75,3],"texture":"#0"}}},{"from":[8.01,5.7593,3.91967],"to":[8.249,9.7593,5.41967],"rotation":{"angle":-22.5,"axis":"x","origin":[16,18.0093,12.41967]},"faces":{"north":{"uv":[0,0,0.239,4],"texture":"#0"},"east":{"uv":[0,12.5,1.5,16],"texture":"#0"},"south":{"uv":[3,3.5,3.239,7.5],"texture":"#0"},"west":{"uv":[2,2,3.5,6],"texture":"#0"},"up":{"uv":[0,0,0.239,1.5],"texture":"#0"},"down":{"uv":[0,0,0.239,1.5],"texture":"#0"}}},{"from":[8.01,-0.17229,9.41306],"to":[8.249,3.32771,10.91306],"rotation":{"angle":22.5,"axis":"x","origin":[16,12.07771,17.91306]},"faces":{"north":{"uv":[3,9.5,3.239,13],"texture":"#0"},"east":{"uv":[4.5,12.5,6,16],"texture":"#0"},"south":{"uv":[0,0,0.239,3.5],"texture":"#0"},"west":{"uv":[0,12.5,1.5,16],"texture":"#0"},"up":{"uv":[0,0,0.239,1.5],"texture":"#0"},"down":{"uv":[0,0,0.239,1.5],"texture":"#0"}}},{"from":[8,6.2593,7.16967],"to":[8.25,7.0093,7.66967],"rotation":{"angle":-22.5,"axis":"x","origin":[16,13.7593,14.66967]},"faces":{"north":{"uv":[0,0,0.25,0.75],"texture":"#0"},"east":{"uv":[2.5,2.5,3,3.25],"texture":"#0"},"south":{"uv":[3,3,3.25,3.75],"texture":"#0"},"west":{"uv":[2.5,7,3,7.75],"texture":"#0"},"up":{"uv":[2.5,3.5,2.75,4],"texture":"#0"},"down":{"uv":[0,0,0.25,0.5],"texture":"#0"}}},{"from":[7.751,5.2593,5.66967],"to":[8.499,6.2593,7.66967],"rotation":{"angle":-22.5,"axis":"x","origin":[16,13.0093,14.66967]},"faces":{"north":{"uv":[0,0,0.748,1],"texture":"#0"},"east":{"uv":[7.5,1.5,9.5,2.5],"texture":"#0"},"south":{"uv":[0,0,0.748,1],"texture":"#0"},"west":{"uv":[7,1.5,9,2.5],"texture":"#0"},"up":{"uv":[6.5,0,7.248,2],"texture":"#0"},"down":{"uv":[6.5,0,7.248,2],"texture":"#0"}}},{"from":[7.75,2.40509,6.7507],"to":[8.5,3.40509,9.3307],"rotation":{"angle":0,"axis":"y","origin":[16,10.15509,16.2507]},"faces":{"north":{"uv":[0,0,0.75,1],"texture":"#0"},"east":{"uv":[11,1.5,13.58,2.5],"texture":"#0"},"south":{"uv":[0,0,0.75,1],"texture":"#0"},"west":{"uv":[11,1.5,13.58,2.5],"texture":"#0"},"up":{"uv":[7,0,7.75,2.58],"texture":"#0"},"down":{"uv":[7,0,7.75,2.58],"texture":"#0"}}},{"from":[7.75,-3.59491,7.7507],"to":[8.5,2.40509,8.3307],"rotation":{"angle":0,"axis":"y","origin":[16,9.15509,16.2507]},"faces":{"north":{"uv":[15,3.5,15.75,9.5],"texture":"#0"},"east":{"uv":[15,3,15.58,9],"texture":"#0"},"south":{"uv":[15,3,15.75,9],"texture":"#0"},"west":{"uv":[15,3,15.58,9],"texture":"#0"},"up":{"uv":[15,3.5,15.75,4.08],"texture":"#0"},"down":{"uv":[15,3.5,15.75,4.08],"texture":"#0"}}},{"from":[7.75,-4.59491,7.7507],"to":[8.5,-4.09491,8.3307],"rotation":{"angle":0,"axis":"y","origin":[16,2.65509,16.2507]},"faces":{"north":{"uv":[7,0.5,7.75,1],"texture":"#0"},"east":{"uv":[7,1,7.58,1.5],"texture":"#0"},"south":{"uv":[7,1,7.75,1.5],"texture":"#0"},"west":{"uv":[7,2,7.58,2.5],"texture":"#0"},"up":{"uv":[0,0,0.75,0.58],"texture":"#0"},"down":{"uv":[7,0,7.75,0.58],"texture":"#0"}}},{"from":[8,-5.09491,7.88],"to":[8.25,-4.59491,8.21],"rotation":{"angle":0,"axis":"y","origin":[16,2.15509,16.2507]},"faces":{"north":{"uv":[6.5,1.5,6.75,2],"texture":"#0"},"east":{"uv":[7.5,1.5,7.83,2],"texture":"#0"},"south":{"uv":[7,0,7.25,0.5],"texture":"#0"},"west":{"uv":[7,1,7.33,1.5],"texture":"#0"},"up":{"uv":[0,0,0.25,0.33],"texture":"#0"},"down":{"uv":[7,0,7.25,0.33],"texture":"#0"}}},{"from":[7.5,-4.09491,7.5007],"to":[8.75,-3.59491,8.5807],"rotation":{"angle":0,"axis":"y","origin":[16,9.15509,16.2507]},"faces":{"north":{"uv":[6.5,0,7.75,0.5],"texture":"#0"},"east":{"uv":[6.5,2,7.58,2.5],"texture":"#0"},"south":{"uv":[6.5,1,7.75,1.5],"texture":"#0"},"west":{"uv":[6.5,0,7.58,0.5],"texture":"#0"},"up":{"uv":[6.5,0.5,7.75,1.58],"texture":"#0"},"down":{"uv":[6.5,0,7.75,1.08],"texture":"#0"}}},{"from":[8,-0.43766,7.06948],"to":[8.25,0.31234,7.56948],"rotation":{"angle":22.5,"axis":"x","origin":[16,7.06234,17.56948]},"faces":{"north":{"uv":[3,2,3.25,2.75],"texture":"#0"},"east":{"uv":[3.5,2.5,4,3.25],"texture":"#0"},"south":{"uv":[0,0,0.25,0.75],"texture":"#0"},"west":{"uv":[2,10,2.5,10.75],"texture":"#0"},"up":{"uv":[3,2.5,3.25,3],"texture":"#0"},"down":{"uv":[0,0,0.25,0.5],"texture":"#0"}}},{"from":[7.751,-1.43766,7.06948],"to":[8.499,-0.43766,9.06948],"rotation":{"angle":22.5,"axis":"x","origin":[16,6.31234,17.56948]},"faces":{"north":{"uv":[0,0,0.748,1],"texture":"#0"},"east":{"uv":[13.5,1.5,15.5,2.5],"texture":"#0"},"south":{"uv":[0,0,0.748,1],"texture":"#0"},"west":{"uv":[14,1.5,16,2.5],"texture":"#0"},"up":{"uv":[7,0.5,7.748,2.5],"texture":"#0"},"down":{"uv":[7,0,7.748,2],"texture":"#0"}}},{"from":[7.75,-5.10988,6.89343],"to":[8.5,-4.10988,7.89343],"rotation":{"angle":45,"axis":"x","origin":[16,2.64012,16.39343]},"faces":{"north":{"uv":[6.5,0,7.25,1],"texture":"#0"},"east":{"uv":[15,0,16,1],"texture":"#0"},"south":{"uv":[0,0,0.75,1],"texture":"#0"},"west":{"uv":[15,0,16,1],"texture":"#0"},"up":{"uv":[7,0,7.75,1],"texture":"#0"},"down":{"uv":[7,0,7.75,1],"texture":"#0"}}},{"from":[7.75,-5.10988,13.1588],"to":[8.5,-4.10988,14.1588],"rotation":{"angle":45,"axis":"x","origin":[16,2.64012,22.6588]},"faces":{"north":{"uv":[6.5,0,7.25,1],"texture":"#0"},"east":{"uv":[7,0,8,1],"texture":"#0"},"south":{"uv":[7,0,7.75,1],"texture":"#0"},"west":{"uv":[6.5,0,7.5,1],"texture":"#0"},"up":{"uv":[7,0,7.75,1],"texture":"#0"},"down":{"uv":[0,0,0.75,1],"texture":"#0"}}},{"from":[8,3,6.74548],"to":[8.25,26.03934,9.24548],"rotation":{"angle":0,"axis":"y","origin":[16,33.03934,15.74548]},"faces":{"north":{"uv":[0,0,0.25,16],"texture":"#0"},"east":{"uv":[0,0,6.5,16],"texture":"#0"},"south":{"uv":[0,0,0.25,16],"texture":"#0"},"west":{"uv":[0,0,6.5,16],"texture":"#0"},"up":{"uv":[0,0,0.25,2.5],"texture":"#0"},"down":{"uv":[0,0,0.25,2.5],"texture":"#0"}}},{"from":[8.01,23.04909,9.36271],"to":[8.25,24.79909,10.86271],"rotation":{"angle":22.5,"axis":"x","origin":[16,31.79909,17.36271]},"faces":{"north":{"uv":[0,0,0.24,1.75],"texture":"#0"},"east":{"uv":[0,0,1.5,1.75],"texture":"#0"},"south":{"uv":[0,0,0.24,1.75],"texture":"#0"},"west":{"uv":[0,0,1.5,1.75],"texture":"#0"},"up":{"uv":[0,0,0.24,1.5],"texture":"#0"},"down":{"uv":[0,0,0.24,1.5],"texture":"#0"}}},{"from":[8.01,21.26905,10.17948],"to":[8.24,23.01905,11.67948],"rotation":{"angle":22.5,"axis":"x","origin":[16,30.01905,18.17948]},"faces":{"north":{"uv":[0,0,0.23,1.75],"texture":"#0"},"east":{"uv":[0,0,1.5,1.75],"texture":"#0"},"south":{"uv":[0,0,0.23,1.75],"texture":"#0"},"west":{"uv":[0,0,1.5,1.75],"texture":"#0"},"up":{"uv":[0,0,0.23,1.5],"texture":"#0"},"down":{"uv":[0,0,0.23,1.5],"texture":"#0"}}}],"display":{"thirdperson_righthand":{"translation":[-0.25,5.75,1]},"thirdperson_lefthand":{"translation":[0,5.75,1.25]},"firstperson_righthand":{"rotation":[-12,0,0],"translation":[0.75,7.25,0]},"firstperson_lefthand":{"rotation":[-9,-2,0],"translation":[1.25,6.75,0]},"ground":{"rotation":[64,71,0],"translation":[0,2.5,-3],"scale":[1.5,1.5,1.5]},"gui":{"rotation":[30,61,-82],"translation":[-1,-1.25,0],"scale":[0.69,0.69,0.7]},"head":{"rotation":[127,0,0],"translation":[-6.75,-25,-1.25],"scale":[1.5,1.5,1.5]},"fixed":{"rotation":[0,90,-180],"translation":[-0.25,13,-1.75],"scale":[2,2,2]}}}