{"credit":"Made with Blockbench","textures":{"2":"block/spruce_log","5":"camelot:clarent1","6":"camelot:clarent"},"elements":[{"from":[7.5,-13.5,7.2484],"to":[8.5,-5.5,8.7484],"rotation":{"angle":0,"axis":"y","origin":[8,-7.52834,8.00724]},"faces":{"north":{"uv":[4,0,0,10],"texture":"#2"},"east":{"uv":[8,0,0,10],"texture":"#2"},"south":{"uv":[4,0,0,10],"texture":"#2"},"west":{"uv":[8,0,0,10],"texture":"#2"},"up":{"uv":[1.5,0,0,1],"rotation":90,"texture":"#missing"},"down":{"uv":[1.5,0,0,1],"rotation":270,"texture":"#missing"}}},{"from":[7.5,-6.20548,10.31962],"to":[8.5,-5.95548,14.06962],"rotation":{"angle":-22.5,"axis":"x","origin":[8,-5.52834,8.00724]},"faces":{"north":{"uv":[1,1,2,2],"texture":"#6"},"east":{"uv":[1,1,2,2],"texture":"#6"},"south":{"uv":[1,1,2,2],"texture":"#6"},"west":{"uv":[1,1,2,2],"texture":"#6"},"up":{"uv":[1,1,2,2],"texture":"#6"},"down":{"uv":[1,1,2,2],"texture":"#6"}}},{"from":[7.5,-5.26903,9.20273],"to":[8.5,-5.01903,10.40273],"rotation":{"angle":0,"axis":"z","origin":[8,-5.52834,8.00724]},"faces":{"north":{"uv":[1,1,2,2],"texture":"#6"},"east":{"uv":[1,1,2,2],"texture":"#6"},"south":{"uv":[1,1,2,2],"texture":"#6"},"west":{"uv":[1,1,2,2],"texture":"#6"},"up":{"uv":[1,1,2,2],"texture":"#6"},"down":{"uv":[1,1,2,2],"texture":"#6"}}},{"from":[7.5,-4.49964,7.49422],"to":[8.5,-4.24964,8.66922],"rotation":{"angle":45,"axis":"x","origin":[8,-5.52834,8.00724]},"faces":{"north":{"uv":[1,1,2,2],"texture":"#6"},"east":{"uv":[1,1,2,2],"texture":"#6"},"south":{"uv":[1,1,2,2],"texture":"#6"},"west":{"uv":[1,1,2,2],"texture":"#6"},"up":{"uv":[1,1,2,2],"texture":"#6"},"down":{"uv":[1,1,2,2],"texture":"#6"}}},{"from":[7.5,-6.21225,1.92853],"to":[8.5,-5.96225,5.67853],"rotation":{"angle":22.5,"axis":"x","origin":[8,-5.52834,8.00724]},"faces":{"north":{"uv":[1,1,2,2],"texture":"#6"},"east":{"uv":[1,1,2,2],"texture":"#6"},"south":{"uv":[1,1,2,2],"texture":"#6"},"west":{"uv":[1,1,2,2],"texture":"#6"},"up":{"uv":[1,1,2,2],"texture":"#6"},"down":{"uv":[1,1,2,2],"texture":"#6"}}},{"from":[7.5,-5.27736,8.24634],"to":[8.5,-5.02736,9.04634],"rotation":{"angle":-45,"axis":"x","origin":[8,-5.52834,8.00724]},"faces":{"north":{"uv":[1,1,2,2],"texture":"#6"},"east":{"uv":[1,1,2,2],"texture":"#6"},"south":{"uv":[1,1,2,2],"texture":"#6"},"west":{"uv":[1,1,2,2],"texture":"#6"},"up":{"uv":[1,1,2,2],"texture":"#6"},"down":{"uv":[1,1,2,2],"texture":"#6"}}},{"from":[7.5,-5.28986,6.95565],"to":[8.5,-5.03986,7.75565],"rotation":{"angle":45,"axis":"x","origin":[8,-5.52834,8.00724]},"faces":{"north":{"uv":[1,1,2,2],"texture":"#6"},"east":{"uv":[1,1,2,2],"texture":"#6"},"south":{"uv":[1,1,2,2],"texture":"#6"},"west":{"uv":[1,1,2,2],"texture":"#6"},"up":{"uv":[1,1,2,2],"texture":"#6"},"down":{"uv":[1,1,2,2],"texture":"#6"}}},{"from":[7.5,-4.48714,7.33276],"to":[8.5,-4.23714,8.50776],"rotation":{"angle":-45,"axis":"x","origin":[8,-5.52834,8.00724]},"faces":{"north":{"uv":[1,1,2,2],"texture":"#6"},"east":{"uv":[1,1,2,2],"texture":"#6"},"south":{"uv":[1,1,2,2],"texture":"#6"},"west":{"uv":[1,1,2,2],"texture":"#6"},"up":{"uv":[1,1,2,2],"texture":"#6"},"down":{"uv":[1,1,2,2],"texture":"#6"}}},{"from":[7.5,-5.26903,5.59408],"to":[8.5,-5.01903,6.79408],"rotation":{"angle":0,"axis":"z","origin":[8,-5.52834,8.00724]},"faces":{"north":{"uv":[1,1,2,2],"texture":"#6"},"east":{"uv":[1,1,2,2],"texture":"#6"},"south":{"uv":[1,1,2,2],"texture":"#6"},"west":{"uv":[1,1,2,2],"texture":"#6"},"up":{"uv":[1,1,2,2],"texture":"#6"},"down":{"uv":[1,1,2,2],"texture":"#6"}}},{"from":[7.375,-5.5,5.4984],"to":[8.625,-5.25,10.4984],"rotation":{"angle":0,"axis":"y","origin":[8,-5.52834,8.00724]},"faces":{"north":{"uv":[0,0,1,1],"texture":"#6"},"east":{"uv":[0,0,1,1],"texture":"#6"},"south":{"uv":[0,0,1,1],"texture":"#6"},"west":{"uv":[0,0,1,1],"texture":"#6"},"up":{"uv":[0,0,1,1],"texture":"#6"},"down":{"uv":[0,0,1,1],"texture":"#6"}}},{"from":[7.375,-6.46225,1.67853],"to":[8.625,-6.21225,5.67853],"rotation":{"angle":22.5,"axis":"x","origin":[8,-5.52834,8.00724]},"faces":{"north":{"uv":[0,0,1,1],"texture":"#6"},"east":{"uv":[0,0,1,1],"texture":"#6"},"south":{"uv":[0,0,1,1],"texture":"#6"},"west":{"uv":[0,0,1,1],"texture":"#6"},"up":{"uv":[0,0,1,1],"texture":"#6"},"down":{"uv":[0,0,1,1],"texture":"#6"}}},{"from":[7.375,-6.45548,10.31962],"to":[8.625,-6.20548,14.31962],"rotation":{"angle":-22.5,"axis":"x","origin":[8,-5.52834,8.00724]},"faces":{"north":{"uv":[0,0,1,1],"texture":"#6"},"east":{"uv":[0,0,1,1],"texture":"#6"},"south":{"uv":[0,0,1,1],"texture":"#6"},"west":{"uv":[0,0,1,1],"texture":"#6"},"up":{"uv":[0,0,1,1],"texture":"#6"},"down":{"uv":[0,0,1,1],"texture":"#6"}}},{"from":[7.375,-6.00031,1.68719],"to":[8.625,-5.32531,5.58719],"rotation":{"angle":22.5,"axis":"x","origin":[8,-5.52834,8.00724]},"faces":{"north":{"uv":[0,0,1,1],"texture":"#6"},"east":{"uv":[0,0,1,1],"texture":"#6"},"south":{"uv":[0,0,1,1],"texture":"#6"},"west":{"uv":[0,0,1,1],"texture":"#6"},"up":{"uv":[0,0,1,1],"texture":"#6"},"down":{"uv":[0,0,1,1],"texture":"#6"}}},{"from":[7.375,-5.99354,10.41096],"to":[8.625,-5.31854,14.31096],"rotation":{"angle":-22.5,"axis":"x","origin":[8,-5.52834,8.00724]},"faces":{"north":{"uv":[0,0,1,1],"texture":"#6"},"east":{"uv":[0,0,1,1],"texture":"#6"},"south":{"uv":[0,0,1,1],"texture":"#6"},"west":{"uv":[0,0,1,1],"texture":"#6"},"up":{"uv":[0,0,1,1],"texture":"#6"},"down":{"uv":[0,0,1,1],"texture":"#6"}}},{"from":[7.375,-5.32531,1.68719],"to":[8.625,-4.75031,2.68719],"rotation":{"angle":22.5,"axis":"x","origin":[8,-5.52834,8.00724]},"faces":{"north":{"uv":[0,0,1,1],"texture":"#6"},"east":{"uv":[0,0,1,1],"texture":"#6"},"south":{"uv":[0,0,1,1],"texture":"#6"},"west":{"uv":[0,0,1,1],"texture":"#6"},"up":{"uv":[0,0,1,1],"texture":"#6"},"down":{"uv":[0,0,1,1],"texture":"#6"}}},{"from":[7.375,-5.31854,13.31096],"to":[8.625,-4.74354,14.31096],"rotation":{"angle":-22.5,"axis":"x","origin":[8,-5.52834,8.00724]},"faces":{"north":{"uv":[0,0,1,1],"texture":"#6"},"east":{"uv":[0,0,1,1],"texture":"#6"},"south":{"uv":[0,0,1,1],"texture":"#6"},"west":{"uv":[0,0,1,1],"texture":"#6"},"up":{"uv":[0,0,1,1],"texture":"#6"},"down":{"uv":[0,0,1,1],"texture":"#6"}}},{"from":[7.375,-7.39543,2.79442],"to":[8.625,-6.84543,4.29442],"rotation":{"angle":45,"axis":"x","origin":[8,-5.52834,8.00724]},"faces":{"north":{"uv":[0,0,1,1],"texture":"#6"},"east":{"uv":[0,0,1,1],"texture":"#6"},"south":{"uv":[0,0,1,1],"texture":"#6"},"west":{"uv":[0,0,1,1],"texture":"#6"},"up":{"uv":[0,0,1,1],"texture":"#6"},"down":{"uv":[0,0,1,1],"texture":"#6"}}},{"from":[7.375,-7.38293,11.70757],"to":[8.625,-6.83293,13.20757],"rotation":{"angle":-45,"axis":"x","origin":[8,-5.52834,8.00724]},"faces":{"north":{"uv":[0,0,1,1],"texture":"#6"},"east":{"uv":[0,0,1,1],"texture":"#6"},"south":{"uv":[0,0,1,1],"texture":"#6"},"west":{"uv":[0,0,1,1],"texture":"#6"},"up":{"uv":[0,0,1,1],"texture":"#6"},"down":{"uv":[0,0,1,1],"texture":"#6"}}},{"from":[7.375,-4.57053,5.02088],"to":[8.625,-4.07053,6.02088],"rotation":{"angle":0,"axis":"z","origin":[8,-5.52834,8.00724]},"faces":{"north":{"uv":[0,0,1,1],"texture":"#6"},"east":{"uv":[0,0,1,1],"texture":"#6"},"south":{"uv":[0,0,1,1],"texture":"#6"},"west":{"uv":[0,0,1,1],"texture":"#6"},"up":{"uv":[0,0,1,1],"texture":"#6"},"down":{"uv":[0,0,1,1],"texture":"#6"}}},{"from":[7.375,-4.57053,9.97593],"to":[8.625,-4.07053,10.97593],"rotation":{"angle":0,"axis":"z","origin":[8,-5.52834,8.00724]},"faces":{"north":{"uv":[0,0,1,1],"texture":"#6"},"east":{"uv":[0,0,1,1],"texture":"#6"},"south":{"uv":[0,0,1,1],"texture":"#6"},"west":{"uv":[0,0,1,1],"texture":"#6"},"up":{"uv":[0,0,1,1],"texture":"#6"},"down":{"uv":[0,0,1,1],"texture":"#6"}}},{"from":[7.375,-5.03827,5.59079],"to":[8.625,-4.53827,6.69079],"rotation":{"angle":0,"axis":"z","origin":[8,-5.52834,8.00724]},"faces":{"north":{"uv":[0,0,1,1],"texture":"#6"},"east":{"uv":[0,0,1,1],"texture":"#6"},"south":{"uv":[0,0,1,1],"texture":"#6"},"west":{"uv":[0,0,1,1],"texture":"#6"},"up":{"uv":[0,0,1,1],"texture":"#6"},"down":{"uv":[0,0,1,1],"texture":"#6"}}},{"from":[7.375,-5.03827,9.30602],"to":[8.625,-4.53827,10.40602],"rotation":{"angle":0,"axis":"z","origin":[8,-5.52834,8.00724]},"faces":{"north":{"uv":[0,0,1,1],"texture":"#6"},"east":{"uv":[0,0,1,1],"texture":"#6"},"south":{"uv":[0,0,1,1],"texture":"#6"},"west":{"uv":[0,0,1,1],"texture":"#6"},"up":{"uv":[0,0,1,1],"texture":"#6"},"down":{"uv":[0,0,1,1],"texture":"#6"}}},{"from":[7.375,-4.1333,6.53862],"to":[8.625,-3.3833,7.78862],"rotation":{"angle":-22.5,"axis":"x","origin":[8,-5.52834,8.00724]},"faces":{"north":{"uv":[0,0,1,1],"texture":"#6"},"east":{"uv":[0,0,1,1],"texture":"#6"},"south":{"uv":[0,0,1,1],"texture":"#6"},"west":{"uv":[0,0,1,1],"texture":"#6"},"up":{"uv":[0,0,1,1],"texture":"#6"},"down":{"uv":[0,0,1,1],"texture":"#6"}}},{"from":[7.375,-4.14006,8.20953],"to":[8.625,-3.39006,9.45953],"rotation":{"angle":22.5,"axis":"x","origin":[8,-5.52834,8.00724]},"faces":{"north":{"uv":[0,0,1,1],"texture":"#6"},"east":{"uv":[0,0,1,1],"texture":"#6"},"south":{"uv":[0,0,1,1],"texture":"#6"},"west":{"uv":[0,0,1,1],"texture":"#6"},"up":{"uv":[0,0,1,1],"texture":"#6"},"down":{"uv":[0,0,1,1],"texture":"#6"}}},{"from":[7.375,-5.02675,8.49573],"to":[8.625,-3.45175,9.49573],"rotation":{"angle":-45,"axis":"x","origin":[8,-5.52834,8.00724]},"faces":{"north":{"uv":[0,0,1,1],"texture":"#6"},"east":{"uv":[0,0,1,1],"texture":"#6"},"south":{"uv":[0,0,1,1],"texture":"#6"},"west":{"uv":[0,0,1,1],"texture":"#6"},"up":{"uv":[0,0,1,1],"texture":"#6"},"down":{"uv":[0,0,1,1],"texture":"#6"}}},{"from":[7.375,-4.03925,6.50626],"to":[8.625,-3.46425,7.50626],"rotation":{"angle":45,"axis":"x","origin":[8,-5.52834,8.00724]},"faces":{"north":{"uv":[0,0,1,1],"texture":"#6"},"east":{"uv":[0,0,1,1],"texture":"#6"},"south":{"uv":[0,0,1,1],"texture":"#6"},"west":{"uv":[0,0,1,1],"texture":"#6"},"up":{"uv":[0,0,1,1],"texture":"#6"},"down":{"uv":[0,0,1,1],"texture":"#6"}}},{"from":[7.375,-4.25094,7.4229],"to":[8.625,-3.75094,8.5229],"rotation":{"angle":-45,"axis":"x","origin":[8,-5.52834,8.00724]},"faces":{"north":{"uv":[0,0,1,1],"texture":"#6"},"east":{"uv":[0,0,1,1],"texture":"#6"},"south":{"uv":[0,0,1,1],"texture":"#6"},"west":{"uv":[0,0,1,1],"texture":"#6"},"up":{"uv":[0,0,1,1],"texture":"#6"},"down":{"uv":[0,0,1,1],"texture":"#6"}}},{"from":[7.375,-4.26344,7.47908],"to":[8.625,-3.76344,8.57908],"rotation":{"angle":45,"axis":"x","origin":[8,-5.52834,8.00724]},"faces":{"north":{"uv":[0,0,1,1],"texture":"#6"},"east":{"uv":[0,0,1,1],"texture":"#6"},"south":{"uv":[0,0,1,1],"texture":"#6"},"west":{"uv":[0,0,1,1],"texture":"#6"},"up":{"uv":[0,0,1,1],"texture":"#6"},"down":{"uv":[0,0,1,1],"texture":"#6"}}},{"from":[7.375,-5.47675,6.99573],"to":[8.625,-4.47675,8.24573],"rotation":{"angle":-45,"axis":"x","origin":[8,-5.52834,8.00724]},"faces":{"north":{"uv":[0,0,1,1],"texture":"#6"},"east":{"uv":[0,0,1,1],"texture":"#6"},"south":{"uv":[0,0,1,1],"texture":"#6"},"west":{"uv":[0,0,1,1],"texture":"#6"},"up":{"uv":[0,0,1,1],"texture":"#6"},"down":{"uv":[0,0,1,1],"texture":"#6"}}},{"from":[7.375,-5.48925,7.75626],"to":[8.625,-4.48925,9.00626],"rotation":{"angle":45,"axis":"x","origin":[8,-5.52834,8.00724]},"faces":{"north":{"uv":[0,0,1,1],"texture":"#6"},"east":{"uv":[0,0,1,1],"texture":"#6"},"south":{"uv":[0,0,1,1],"texture":"#6"},"west":{"uv":[0,0,1,1],"texture":"#6"},"up":{"uv":[0,0,1,1],"texture":"#6"},"down":{"uv":[0,0,1,1],"texture":"#6"}}},{"from":[7.37,-15.25,7.1984],"to":[8.63,-13.5,8.7984],"rotation":{"angle":0,"axis":"z","origin":[7.994,-7.52834,8.00724]},"faces":{"north":{"uv":[0,0,1,1],"texture":"#6"},"east":{"uv":[0,0,3,3],"texture":"#6"},"south":{"uv":[0,0,1,1],"texture":"#6"},"west":{"uv":[0,0,3,3],"texture":"#6"},"up":{"uv":[0,0,1,1],"texture":"#6"},"down":{"uv":[0,0,1,1],"texture":"#6"}}},{"from":[7.375,-15.56929,7.23194],"to":[8.625,-14.56929,8.23194],"rotation":{"angle":22.5,"axis":"x","origin":[8,-15.06929,7.73194]},"faces":{"north":{"uv":[0,0,1,1],"texture":"#6"},"east":{"uv":[0,0,1,1],"texture":"#6"},"south":{"uv":[0,0,1,1],"texture":"#6"},"west":{"uv":[0,0,1,1],"texture":"#6"},"up":{"uv":[0,0,1,1],"texture":"#6"},"down":{"uv":[0,0,1,1],"texture":"#6"}}},{"from":[7.375,-15.56929,7.76721],"to":[8.625,-14.56929,8.76721],"rotation":{"angle":-22.5,"axis":"x","origin":[8,-15.06929,8.26721]},"faces":{"north":{"uv":[0,0,1,1],"texture":"#6"},"east":{"uv":[0,0,1,1],"texture":"#6"},"south":{"uv":[0,0,1,1],"texture":"#6"},"west":{"uv":[0,0,1,1],"texture":"#6"},"up":{"uv":[0,0,1,1],"texture":"#6"},"down":{"uv":[0,0,1,1],"texture":"#6"}}},{"from":[7.375,-14.89971,9.67485],"to":[8.625,-13.57471,9.94985],"rotation":{"angle":22.5,"axis":"x","origin":[8,-7.52834,7.98224]},"faces":{"north":{"uv":[0,0,1,1],"texture":"#6"},"east":{"uv":[0,0,1,1],"texture":"#6"},"south":{"uv":[0,0,1,1],"texture":"#6"},"west":{"uv":[0,0,1,1],"texture":"#6"},"up":{"uv":[0,0,1,1],"texture":"#6"},"down":{"uv":[0,0,1,1],"texture":"#6"}}},{"from":[7.375,-14.89971,6.04931],"to":[8.625,-13.57471,6.32431],"rotation":{"angle":-22.5,"axis":"x","origin":[8,-7.52834,8.01692]},"faces":{"north":{"uv":[0,0,1,1],"texture":"#6"},"east":{"uv":[0,0,1,1],"texture":"#6"},"south":{"uv":[0,0,1,1],"texture":"#6"},"west":{"uv":[0,0,1,1],"texture":"#6"},"up":{"uv":[0,0,1,1],"texture":"#6"},"down":{"uv":[0,0,1,1],"texture":"#6"}}},{"from":[7.375,-13.69087,13.13228],"to":[8.625,-12.69087,13.63228],"rotation":{"angle":45,"axis":"x","origin":[8,-6.60446,8.36493]},"faces":{"north":{"uv":[0,0,1,1],"texture":"#6"},"east":{"uv":[0,0,1,1],"texture":"#6"},"south":{"uv":[0,0,1,1],"texture":"#6"},"west":{"uv":[0,0,1,1],"texture":"#6"},"up":{"uv":[0,0,1,1],"texture":"#6"},"down":{"uv":[0,0,1,1],"texture":"#6"}}},{"from":[7.375,-13.69087,2.36688],"to":[8.625,-12.69087,2.86688],"rotation":{"angle":-45,"axis":"x","origin":[8,-6.60446,7.63423]},"faces":{"north":{"uv":[0,0,1,1],"texture":"#6"},"east":{"uv":[0,0,1,1],"texture":"#6"},"south":{"uv":[0,0,1,1],"texture":"#6"},"west":{"uv":[0,0,1,1],"texture":"#6"},"up":{"uv":[0,0,1,1],"texture":"#6"},"down":{"uv":[0,0,1,1],"texture":"#6"}}},{"from":[7.635,-6.50031,9.81197],"to":[8.365,-0.35031,11.81197],"rotation":{"angle":-22.5,"axis":"x","origin":[8.01,-5.52834,7.24192]},"faces":{"north":{"uv":[1,1,2,2],"texture":"#6"},"east":{"uv":[1,1,2,2],"texture":"#6"},"south":{"uv":[1,1,2,2],"texture":"#6"},"west":{"uv":[1,1,2,2],"texture":"#6"},"up":{"uv":[1,1,2,2],"texture":"#6"},"down":{"uv":[1,1,2,2],"texture":"#6"}}},{"from":[7.635,-6.50031,4.18803],"to":[8.365,-0.35031,6.18803],"rotation":{"angle":22.5,"axis":"x","origin":[8.01,-5.52834,8.75808]},"faces":{"north":{"uv":[1,1,2,2],"texture":"#6"},"east":{"uv":[1,1,2,2],"texture":"#6"},"south":{"uv":[1,1,2,2],"texture":"#6"},"west":{"uv":[1,1,2,2],"texture":"#6"},"up":{"uv":[1,1,2,2],"texture":"#6"},"down":{"uv":[1,1,2,2],"texture":"#6"}}},{"from":[7.635,-4.57446,6.4984],"to":[8.365,5.75,9.4984],"rotation":{"angle":0,"axis":"z","origin":[8.01,-5.52834,8.00724]},"faces":{"north":{"uv":[1,1,2,2],"texture":"#6"},"east":{"uv":[1,1,2,2],"texture":"#6"},"south":{"uv":[1,1,2,2],"texture":"#6"},"west":{"uv":[1,1,2,2],"texture":"#6"},"up":{"uv":[1,1,2,2],"texture":"#6"},"down":{"uv":[1,1,2,2],"texture":"#6"}}},{"from":[7.61,28.75,7.875],"to":[8.39,29,8.125],"rotation":{"angle":-45,"axis":"x","origin":[8,29,7.875]},"faces":{"north":{"uv":[1,1,2,2],"texture":"#6"},"east":{"uv":[1,1,2,2],"texture":"#6"},"south":{"uv":[1,1,2,2],"texture":"#6"},"west":{"uv":[1,1,2,2],"texture":"#6"},"up":{"uv":[1,1,2,2],"texture":"#6"},"down":{"uv":[1,1,2,2],"texture":"#6"}}},{"from":[7.61,24.75,7.87145],"to":[8.39,25,8.12145],"rotation":{"angle":-45,"axis":"x","origin":[8,25,7.87145]},"faces":{"north":{"uv":[1,1,2,2],"texture":"#6"},"east":{"uv":[1,1,2,2],"texture":"#6"},"south":{"uv":[1,1,2,2],"texture":"#6"},"west":{"uv":[1,1,2,2],"texture":"#6"},"up":{"uv":[1,1,2,2],"texture":"#6"},"down":{"uv":[1,1,2,2],"texture":"#6"}}},{"from":[7.61,25,7.875],"to":[8.39,29,8.225],"rotation":{"angle":0,"axis":"x","origin":[8,28.875,8]},"faces":{"north":{"uv":[1,1,2,2],"texture":"#6"},"east":{"uv":[1,1,2,2],"texture":"#6"},"south":{"uv":[1,1,2,2],"texture":"#6"},"west":{"uv":[1,1,2,2],"texture":"#6"},"up":{"uv":[1,1,2,2],"texture":"#6"},"down":{"uv":[1,1,2,2],"texture":"#6"}}},{"from":[7.6125,0.73148,8.33626],"to":[8.3875,5.88094,9.66126],"rotation":{"angle":0,"axis":"z","origin":[7.9875,1.81452,7.82742]},"faces":{"north":{"uv":[0,0,1,1],"texture":"#6"},"east":{"uv":[0,0,1,1],"texture":"#6"},"south":{"uv":[0,0,1,1],"texture":"#6"},"west":{"uv":[0,0,1,1],"texture":"#6"},"up":{"uv":[0,0,1,1],"texture":"#6"},"down":{"uv":[0,0,1,1],"texture":"#6"}}},{"from":[7.6125,5.88094,6.33626],"to":[8.3875,28.1304,9.66126],"rotation":{"angle":0,"axis":"z","origin":[8,8.83067,8.99876]},"faces":{"north":{"uv":[0,0,1,1],"texture":"#6"},"east":{"uv":[0,0,16,16],"texture":"#5"},"south":{"uv":[0,0,1,1],"texture":"#6"},"west":{"uv":[0,0,16,16],"texture":"#5"},"up":{"uv":[0,0,1,1],"texture":"#6"},"down":{"uv":[0,0,1,1],"texture":"#6"}}},{"from":[7.6125,0.73148,6.33874],"to":[8.3875,5.88094,7.66374],"rotation":{"angle":0,"axis":"z","origin":[7.9875,1.81452,8.17258]},"faces":{"north":{"uv":[0,0,1,1],"texture":"#6"},"east":{"uv":[0,0,1,1],"texture":"#6"},"south":{"uv":[0,0,1,1],"texture":"#6"},"west":{"uv":[0,0,1,1],"texture":"#6"},"up":{"uv":[0,0,1,1],"texture":"#6"},"down":{"uv":[0,0,1,1],"texture":"#6"}}},{"from":[7.6125,0.50208,6.48954],"to":[8.3875,1.02708,7.71454],"rotation":{"angle":22.5,"axis":"x","origin":[8.1125,1.00208,6.98954]},"faces":{"north":{"uv":[0,0,1,1],"texture":"#6"},"east":{"uv":[0,0,1,1],"rotation":90,"texture":"#6"},"south":{"uv":[0,0,1,1],"texture":"#6"},"west":{"uv":[0,0,1,1],"texture":"#6"},"up":{"uv":[0,0,1,1],"texture":"#6"},"down":{"uv":[0,0,1,1],"texture":"#6"}}},{"from":[7.6125,0.50208,8.28546],"to":[8.3875,1.02708,9.51046],"rotation":{"angle":-22.5,"axis":"x","origin":[8.1125,1.00208,9.01046]},"faces":{"north":{"uv":[0,0,1,1],"texture":"#6"},"east":{"uv":[0,0,1,1],"rotation":90,"texture":"#6"},"south":{"uv":[0,0,1,1],"texture":"#6"},"west":{"uv":[0,0,1,1],"texture":"#6"},"up":{"uv":[0,0,1,1],"texture":"#6"},"down":{"uv":[0,0,1,1],"texture":"#6"}}},{"from":[7.6125,5.00208,7.23954],"to":[8.3875,5.52708,7.96454],"rotation":{"angle":-45,"axis":"x","origin":[8.1125,5.50208,7.23954]},"faces":{"north":{"uv":[0,0,1,1],"texture":"#6"},"east":{"uv":[0,0,1,1],"rotation":90,"texture":"#6"},"south":{"uv":[0,0,1,1],"texture":"#6"},"west":{"uv":[0,0,1,1],"texture":"#6"},"up":{"uv":[0,0,1,1],"texture":"#6"},"down":{"uv":[0,0,1,1],"texture":"#6"}}},{"from":[7.6125,5.00208,7.03546],"to":[8.3875,5.52708,8.76046],"rotation":{"angle":45,"axis":"x","origin":[8.1125,5.50208,8.76046]},"faces":{"north":{"uv":[0,0,1,1],"texture":"#6"},"east":{"uv":[0,0,1,1],"rotation":90,"texture":"#6"},"south":{"uv":[0,0,1,1],"texture":"#6"},"west":{"uv":[0,0,1,1],"texture":"#6"},"up":{"uv":[0,0,1,1],"texture":"#6"},"down":{"uv":[0,0,1,1],"texture":"#6"}}},{"from":[7.6125,-4.49043,5.4769],"to":[8.3875,0.50957,5.7269],"rotation":{"angle":22.5,"axis":"x","origin":[8.1125,-3.99043,5.9769]},"faces":{"north":{"uv":[0,0,1,1],"texture":"#6"},"east":{"uv":[0,0,1,1],"texture":"#6"},"south":{"uv":[0,0,1,1],"texture":"#6"},"west":{"uv":[0,0,1,1],"texture":"#6"},"up":{"uv":[0,0,1,1],"texture":"#6"},"down":{"uv":[0,0,1,1],"texture":"#6"}}},{"from":[7.6125,-4.49043,10.2731],"to":[8.3875,0.50957,10.5231],"rotation":{"angle":-22.5,"axis":"x","origin":[8.1125,-3.99043,10.0231]},"faces":{"north":{"uv":[0,0,1,1],"texture":"#6"},"east":{"uv":[0,0,1,1],"texture":"#6"},"south":{"uv":[0,0,1,1],"texture":"#6"},"west":{"uv":[0,0,1,1],"texture":"#6"},"up":{"uv":[0,0,1,1],"texture":"#6"},"down":{"uv":[0,0,1,1],"texture":"#6"}}},{"from":[7.6125,-3.26852,7.41374],"to":[8.3875,0.73148,7.66374],"rotation":{"angle":0,"axis":"x","origin":[8.1125,-2.26852,7.16374]},"faces":{"north":{"uv":[0,0,1,1],"texture":"#6"},"east":{"uv":[0,0,1,1],"texture":"#6"},"south":{"uv":[0,0,1,1],"texture":"#6"},"west":{"uv":[0,0,1,1],"texture":"#6"},"up":{"uv":[0,0,1,1],"texture":"#6"},"down":{"uv":[0,0,1,1],"texture":"#6"}}},{"from":[7.6125,-3.26852,8.33626],"to":[8.3875,0.73148,8.58626],"rotation":{"angle":0,"axis":"x","origin":[8.1125,-2.26852,8.83626]},"faces":{"north":{"uv":[0,0,1,1],"texture":"#6"},"east":{"uv":[0,0,1,1],"texture":"#6"},"south":{"uv":[0,0,1,1],"texture":"#6"},"west":{"uv":[0,0,1,1],"texture":"#6"},"up":{"uv":[0,0,1,1],"texture":"#6"},"down":{"uv":[0,0,1,1],"texture":"#6"}}},{"from":[7.6125,31.83604,7.95373],"to":[8.3875,31.97004,8.08773],"rotation":{"angle":45,"axis":"x","origin":[7.9875,31.92354,8.00023]},"faces":{"north":{"uv":[0,0,1,1],"texture":"#6"},"east":{"uv":[0,0,1,1],"texture":"#6"},"south":{"uv":[0,0,1,1],"texture":"#6"},"west":{"uv":[0,0,1,1],"texture":"#6"},"up":{"uv":[0,0,1,1],"texture":"#6"},"down":{"uv":[0,0,1,1],"texture":"#6"}}},{"from":[7.6125,27.45817,7.07111],"to":[8.3875,30.90817,7.34611],"rotation":{"angle":22.5,"axis":"x","origin":[7.9875,29.05311,8.28561]},"faces":{"north":{"uv":[0,0,1,1],"texture":"#6"},"east":{"uv":[0,0,1,1],"texture":"#6"},"south":{"uv":[0,0,1,1],"texture":"#6"},"west":{"uv":[0,0,1,1],"texture":"#6"},"up":{"uv":[0,0,1,1],"texture":"#6"},"down":{"uv":[0,0,1,1],"texture":"#6"}}},{"from":[7.6125,27.45817,8.65389],"to":[8.3875,30.90817,8.92889],"rotation":{"angle":-22.5,"axis":"x","origin":[7.9875,29.05311,7.71439]},"faces":{"north":{"uv":[0,0,1,1],"texture":"#6"},"east":{"uv":[0,0,1,1],"texture":"#6"},"south":{"uv":[0,0,1,1],"texture":"#6"},"west":{"uv":[0,0,1,1],"texture":"#6"},"up":{"uv":[0,0,1,1],"texture":"#6"},"down":{"uv":[0,0,1,1],"texture":"#6"}}},{"from":[7.6125,27.4625,7.32708],"to":[8.3875,30.1625,7.57708],"rotation":{"angle":22.5,"axis":"x","origin":[7.9875,28.95744,8.51658]},"faces":{"north":{"uv":[0,0,1,1],"texture":"#6"},"east":{"uv":[0,0,1,1],"texture":"#6"},"south":{"uv":[0,0,1,1],"texture":"#6"},"west":{"uv":[0,0,1,1],"texture":"#6"},"up":{"uv":[0,0,1,1],"texture":"#6"},"down":{"uv":[0,0,1,1],"texture":"#6"}}},{"from":[7.6125,27.4625,8.42292],"to":[8.3875,30.1625,8.67292],"rotation":{"angle":-22.5,"axis":"x","origin":[7.9875,28.95744,7.48342]},"faces":{"north":{"uv":[0,0,1,1],"texture":"#6"},"east":{"uv":[0,0,1,1],"texture":"#6"},"south":{"uv":[0,0,1,1],"texture":"#6"},"west":{"uv":[0,0,1,1],"texture":"#6"},"up":{"uv":[0,0,1,1],"texture":"#6"},"down":{"uv":[0,0,1,1],"texture":"#6"}}},{"from":[7.6125,28.48317,7.87458],"to":[8.3875,31.55817,8.12458],"rotation":{"angle":0,"axis":"x","origin":[7.9875,29.92067,7.99958]},"faces":{"north":{"uv":[0,0,1,1],"texture":"#6"},"east":{"uv":[0,0,1,1],"texture":"#6"},"south":{"uv":[0,0,1,1],"texture":"#6"},"west":{"uv":[0,0,1,1],"texture":"#6"},"up":{"uv":[0,0,1,1],"texture":"#6"},"down":{"uv":[0,0,1,1],"texture":"#6"}}},{"from":[7.6125,27.83317,7.1375],"to":[8.3875,29.90817,8.8625],"rotation":{"angle":0,"axis":"x","origin":[7.9875,29.92067,8.0125]},"faces":{"north":{"uv":[0,0,1,1],"texture":"#6"},"east":{"uv":[0,0,1,1],"texture":"#6"},"south":{"uv":[0,0,1,1],"texture":"#6"},"west":{"uv":[0,0,1,1],"texture":"#6"},"up":{"uv":[0,0,1,1],"texture":"#6"},"down":{"uv":[0,0,1,1],"texture":"#6"}}},{"from":[7.6125,27.55384,6.86514],"to":[8.3875,31.62884,7.09014],"rotation":{"angle":22.5,"axis":"x","origin":[7.9875,29.14878,8.05464]},"faces":{"north":{"uv":[0,0,1,1],"texture":"#6"},"east":{"uv":[0,0,1,1],"texture":"#6"},"south":{"uv":[0,0,1,1],"texture":"#6"},"west":{"uv":[0,0,1,1],"texture":"#6"},"up":{"uv":[0,0,1,1],"texture":"#6"},"down":{"uv":[0,0,1,1],"texture":"#6"}}},{"from":[7.6125,27.55384,8.90986],"to":[8.3875,31.62884,9.13486],"rotation":{"angle":-22.5,"axis":"x","origin":[7.9875,29.14878,7.94536]},"faces":{"north":{"uv":[0,0,1,1],"texture":"#6"},"east":{"uv":[0,0,1,1],"texture":"#6"},"south":{"uv":[0,0,1,1],"texture":"#6"},"west":{"uv":[0,0,1,1],"texture":"#6"},"up":{"uv":[0,0,1,1],"texture":"#6"},"down":{"uv":[0,0,1,1],"texture":"#6"}}}],"display":{"thirdperson_righthand":{"translation":[0,8.75,0.75],"scale":[0.6,0.6,0.6]},"thirdperson_lefthand":{"translation":[0,8.75,0.75],"scale":[0.6,0.6,0.6]},"firstperson_righthand":{"translation":[0.5,8.5,0],"scale":[0.6,0.6,0.6]},"firstperson_lefthand":{"translation":[0.5,8.5,0],"scale":[0.6,0.6,0.6]},"ground":{"rotation":[65,70,0],"translation":[0,5,0],"scale":[0.8,0.8,0.8]},"gui":{"rotation":[30,60,-80],"translation":[0.25,0,0],"scale":[0.5,0.5,0.5]},"head":{"rotation":[115,0,0],"translation":[-6.5,-25.75,1.5],"scale":[0.8,0.8,0.8]},"fixed":{"rotation":[90,90,90],"translation":[0,1.5,0],"scale":[1.1,1.1,1.1]}},"groups":[{"name":"handle","origin":[7.75,-11.5,8],"children":[0,{"name":"inlay","origin":[8,-5.52834,7.99276],"children":[1,2,3,4,5,6,7,8]},{"name":"guard","origin":[7.75,-11.5,8],"children":[9,10,11,12,13,14,15,16,17,18,19,20,21,22,23,24,25,26,27,28,29]},{"name":"pommel","origin":[8,8,8],"children":[30,31,32,33,34,35,36]}]},{"name":"blade","origin":[8,8,8],"children":[{"name":"red","origin":[8,-5.52834,7.99276],"children":[37,38,39,40,41,42]},{"name":"white","origin":[8,-4,6],"children":[43,44,45,46,47,48,49,50,51,52,53,{"name":"top","origin":[8,25.14878,7.94494],"children":[54,55,56,57,58,59,60,61,62]}]}]}]}