{"multipart":[{"when":{"north":"false","east":"false","south":"false","west":"false","up":"false","down":"false"},"apply":{"model":"minecraft:blocks/chorus_plant"}},{"when":{"north":"true","east":"false","south":"false","west":"false","up":"false","down":"false"},"apply":{"model":"mineinabyss:block/trees/mangrove/mangrove_leaves"}},{"when":{"north":"false","east":"true","south":"false","west":"false","up":"false","down":"false"},"apply":{"model":""}},{"when":{"north":"true","east":"true","south":"false","west":"false","up":"false","down":"false"},"apply":{"model":""}},{"when":{"north":"false","east":"false","south":"true","west":"false","up":"false","down":"false"},"apply":{"model":""}},{"when":{"north":"true","east":"false","south":"true","west":"false","up":"false","down":"false"},"apply":{"model":""}},{"when":{"north":"false","east":"true","south":"true","west":"false","up":"false","down":"false"},"apply":{"model":""}},{"when":{"north":"true","east":"true","south":"true","west":"false","up":"false","down":"false"},"apply":{"model":""}},{"when":{"north":"false","east":"false","south":"false","west":"true","up":"false","down":"false"},"apply":{"model":""}},{"when":{"north":"true","east":"false","south":"false","west":"true","up":"false","down":"false"},"apply":{"model":""}},{"when":{"north":"false","east":"true","south":"false","west":"true","up":"false","down":"false"},"apply":[{"model":""}]},{"when":{"north":"true","east":"true","south":"false","west":"true","up":"false","down":"false"},"apply":{"model":""}},{"when":{"north":"false","east":"false","south":"true","west":"true","up":"false","down":"false"},"apply":{"model":""}},{"when":{"north":"true","east":"false","south":"true","west":"true","up":"false","down":"false"},"apply":{"model":""}},{"when":{"north":"false","east":"true","south":"true","west":"true","up":"false","down":"false"},"apply":{"model":""}},{"when":{"north":"true","east":"true","south":"true","west":"true","up":"false","down":"false"},"apply":{"model":""}},{"when":{"north":"false","east":"false","south":"false","west":"false","up":"true","down":"false"},"apply":{"model":""}},{"when":{"north":"true","east":"false","south":"false","west":"false","up":"true","down":"false"},"apply":{"model":""}},{"when":{"north":"false","east":"true","south":"false","west":"false","up":"true","down":"false"},"apply":{"model":""}},{"when":{"north":"true","east":"true","south":"false","west":"false","up":"true","down":"false"},"apply":{"model":""}},{"when":{"north":"false","east":"false","south":"true","west":"false","up":"true","down":"false"},"apply":{"model":""}},{"when":{"north":"true","east":"false","south":"true","west":"false","up":"true","down":"false"},"apply":{"model":""}},{"when":{"north":"false","east":"true","south":"true","west":"false","up":"true","down":"false"},"apply":{"model":""}},{"when":{"north":"true","east":"true","south":"true","west":"false","up":"true","down":"false"},"apply":{"model":""}},{"when":{"north":"false","east":"false","south":"false","west":"true","up":"true","down":"false"},"apply":{"model":""}},{"when":{"north":"true","east":"false","south":"false","west":"true","up":"true","down":"false"},"apply":{"model":""}},{"when":{"north":"false","east":"true","south":"false","west":"true","up":"true","down":"false"},"apply":[{"model":""}]},{"when":{"north":"true","east":"true","south":"false","west":"true","up":"true","down":"false"},"apply":{"model":""}},{"when":{"north":"false","east":"false","south":"true","west":"true","up":"true","down":"false"},"apply":{"model":""}},{"when":{"north":"true","east":"false","south":"true","west":"true","up":"true","down":"false"},"apply":{"model":""}},{"when":{"north":"false","east":"true","south":"true","west":"true","up":"true","down":"false"},"apply":{"model":""}},{"when":{"north":"true","east":"true","south":"true","west":"true","up":"true","down":"false"},"apply":{"model":""}},{"when":{"north":"false","east":"false","south":"false","west":"false","up":"false","down":"true"},"apply":{"model":""}},{"when":{"north":"true","east":"false","south":"false","west":"false","up":"false","down":"true"},"apply":{"model":""}},{"when":{"north":"false","east":"true","south":"false","west":"false","up":"false","down":"true"},"apply":{"model":""}},{"when":{"north":"true","east":"true","south":"false","west":"false","up":"false","down":"true"},"apply":{"model":""}},{"when":{"north":"false","east":"false","south":"true","west":"false","up":"false","down":"true"},"apply":{"model":""}},{"when":{"north":"true","east":"false","south":"true","west":"false","up":"false","down":"true"},"apply":{"model":""}},{"when":{"north":"false","east":"true","south":"true","west":"false","up":"false","down":"true"},"apply":{"model":""}},{"when":{"north":"true","east":"true","south":"true","west":"false","up":"false","down":"true"},"apply":{"model":""}},{"when":{"north":"false","east":"false","south":"false","west":"true","up":"false","down":"true"},"apply":{"model":""}},{"when":{"north":"true","east":"false","south":"false","west":"true","up":"false","down":"true"},"apply":{"model":""}},{"when":{"north":"false","east":"true","south":"false","west":"true","up":"false","down":"true"},"apply":[{"model":""}]},{"when":{"north":"true","east":"true","south":"false","west":"true","up":"false","down":"true"},"apply":{"model":""}},{"when":{"north":"false","east":"false","south":"true","west":"true","up":"false","down":"true"},"apply":{"model":""}},{"when":{"north":"true","east":"false","south":"true","west":"true","up":"false","down":"true"},"apply":{"model":""}},{"when":{"north":"false","east":"true","south":"true","west":"true","up":"false","down":"true"},"apply":{"model":""}},{"when":{"north":"true","east":"true","south":"true","west":"true","up":"false","down":"true"},"apply":{"model":""}},{"when":{"north":"false","east":"false","south":"false","west":"false","up":"true","down":"true"},"apply":{"model":""}},{"when":{"north":"true","east":"false","south":"false","west":"false","up":"true","down":"true"},"apply":{"model":""}},{"when":{"north":"false","east":"true","south":"false","west":"false","up":"true","down":"true"},"apply":{"model":""}},{"when":{"north":"true","east":"true","south":"false","west":"false","up":"true","down":"true"},"apply":{"model":""}},{"when":{"north":"false","east":"false","south":"true","west":"false","up":"true","down":"true"},"apply":{"model":""}},{"when":{"north":"true","east":"false","south":"true","west":"false","up":"true","down":"true"},"apply":{"model":""}},{"when":{"north":"false","east":"true","south":"true","west":"false","up":"true","down":"true"},"apply":{"model":""}},{"when":{"north":"true","east":"true","south":"true","west":"false","up":"true","down":"true"},"apply":{"model":""}},{"when":{"north":"false","east":"false","south":"false","west":"true","up":"true","down":"true"},"apply":{"model":""}},{"when":{"north":"true","east":"false","south":"false","west":"true","up":"true","down":"true"},"apply":{"model":""}},{"when":{"north":"false","east":"true","south":"false","west":"true","up":"true","down":"true"},"apply":[{"model":""}]},{"when":{"north":"true","east":"true","south":"false","west":"true","up":"true","down":"true"},"apply":{"model":""}},{"when":{"north":"false","east":"false","south":"true","west":"true","up":"true","down":"true"},"apply":{"model":""}},{"when":{"north":"true","east":"false","south":"true","west":"true","up":"true","down":"true"},"apply":{"model":""}},{"when":{"north":"false","east":"true","south":"true","west":"true","up":"true","down":"true"},"apply":{"model":""}},{"when":{"north":"true","east":"true","south":"true","west":"true","up":"true","down":"true"},"apply":{"model":""}}]}