{"multipart":[{"when":{"north":"false","east":"false","south":"false","west":"false","powered":"false","disarmed":"false","attached":"false"},"apply":{"model":"minecraft:block/barrier"}},{"when":{"north":"true","east":"false","south":"false","west":"false","powered":"false","disarmed":"false","attached":"false"},"apply":{"model":"mineinabyss:block/nature/foliage1"}},{"when":{"north":"false","east":"true","south":"false","west":"false","powered":"false","disarmed":"false","attached":"false"},"apply":{"model":"mineinabyss:block/nature/foliage2"}},{"when":{"north":"true","east":"true","south":"false","west":"false","powered":"false","disarmed":"false","attached":"false"},"apply":{"model":"mineinabyss:block/nature/foliage3"}},{"when":{"north":"false","east":"false","south":"true","west":"false","powered":"false","disarmed":"false","attached":"false"},"apply":{"model":"mineinabyss:block/nature/foliage4"}},{"when":{"north":"true","east":"false","south":"true","west":"false","powered":"false","disarmed":"false","attached":"false"},"apply":{"model":"mineinabyss:block/nature/foliage5"}},{"when":{"north":"false","east":"true","south":"true","west":"false","powered":"false","disarmed":"false","attached":"false"},"apply":{"model":"mineinabyss:block/nature/foliage6"}},{"when":{"north":"true","east":"true","south":"true","west":"false","powered":"false","disarmed":"false","attached":"false"},"apply":{"model":"mineinabyss:block/nature/foliage7"}},{"when":{"north":"false","east":"false","south":"false","west":"true","powered":"false","disarmed":"false","attached":"false"},"apply":{"model":"mineinabyss:block/nature/foliage8"}},{"when":{"north":"true","east":"false","south":"false","west":"true","powered":"false","disarmed":"false","attached":"false"},"apply":{"model":""}},{"when":{"north":"false","east":"true","south":"false","west":"true","powered":"false","disarmed":"false","attached":"false"},"apply":[{"model":""}]},{"when":{"north":"true","east":"true","south":"false","west":"true","powered":"false","disarmed":"false","attached":"false"},"apply":{"model":""}},{"when":{"north":"false","east":"false","south":"true","west":"true","powered":"false","disarmed":"false","attached":"false"},"apply":{"model":""}},{"when":{"north":"true","east":"false","south":"true","west":"true","powered":"false","disarmed":"false","attached":"false"},"apply":{"model":""}},{"when":{"north":"false","east":"true","south":"true","west":"true","powered":"false","disarmed":"false","attached":"false"},"apply":{"model":""}},{"when":{"north":"true","east":"true","south":"true","west":"true","powered":"false","disarmed":"false","attached":"false"},"apply":{"model":""}},{"when":{"north":"false","east":"false","south":"false","west":"false","powered":"true","disarmed":"false","attached":"false"},"apply":{"model":""}},{"when":{"north":"true","east":"false","south":"false","west":"false","powered":"true","disarmed":"false","attached":"false"},"apply":{"model":"1"}},{"when":{"north":"false","east":"true","south":"false","west":"false","powered":"true","disarmed":"false","attached":"false"},"apply":{"model":"2"}},{"when":{"north":"true","east":"true","south":"false","west":"false","powered":"true","disarmed":"false","attached":"false"},"apply":{"model":"3"}},{"when":{"north":"false","east":"false","south":"true","west":"false","powered":"true","disarmed":"false","attached":"false"},"apply":{"model":""}},{"when":{"north":"true","east":"false","south":"true","west":"false","powered":"true","disarmed":"false","attached":"false"},"apply":{"model":""}},{"when":{"north":"false","east":"true","south":"true","west":"false","powered":"true","disarmed":"false","attached":"false"},"apply":{"model":""}},{"when":{"north":"true","east":"true","south":"true","west":"false","powered":"true","disarmed":"false","attached":"false"},"apply":{"model":""}},{"when":{"north":"false","east":"false","south":"false","west":"true","powered":"true","disarmed":"false","attached":"false"},"apply":{"model":""}},{"when":{"north":"true","east":"false","south":"false","west":"true","powered":"true","disarmed":"false","attached":"false"},"apply":{"model":""}},{"when":{"north":"false","east":"true","south":"false","west":"true","powered":"true","disarmed":"false","attached":"false"},"apply":[{"model":""}]},{"when":{"north":"true","east":"true","south":"false","west":"true","powered":"true","disarmed":"false","attached":"false"},"apply":{"model":""}},{"when":{"north":"false","east":"false","south":"true","west":"true","powered":"true","disarmed":"false","attached":"false"},"apply":{"model":""}},{"when":{"north":"true","east":"false","south":"true","west":"true","powered":"true","disarmed":"false","attached":"false"},"apply":{"model":""}},{"when":{"north":"false","east":"true","south":"true","west":"true","powered":"true","disarmed":"false","attached":"false"},"apply":{"model":""}},{"when":{"north":"true","east":"true","south":"true","west":"true","powered":"true","disarmed":"false","attached":"false"},"apply":{"model":""}},{"when":{"north":"false","east":"false","south":"false","west":"false","powered":"false","disarmed":"true","attached":"false"},"apply":{"model":""}},{"when":{"north":"true","east":"false","south":"false","west":"false","powered":"false","disarmed":"true","attached":"false"},"apply":{"model":""}},{"when":{"north":"false","east":"true","south":"false","west":"false","powered":"false","disarmed":"true","attached":"false"},"apply":{"model":""}},{"when":{"north":"true","east":"true","south":"false","west":"false","powered":"false","disarmed":"true","attached":"false"},"apply":{"model":""}},{"when":{"north":"false","east":"false","south":"true","west":"false","powered":"false","disarmed":"true","attached":"false"},"apply":{"model":""}},{"when":{"north":"true","east":"false","south":"true","west":"false","powered":"false","disarmed":"true","attached":"false"},"apply":{"model":""}},{"when":{"north":"false","east":"true","south":"true","west":"false","powered":"false","disarmed":"true","attached":"false"},"apply":{"model":""}},{"when":{"north":"true","east":"true","south":"true","west":"false","powered":"false","disarmed":"true","attached":"false"},"apply":{"model":""}},{"when":{"north":"false","east":"false","south":"false","west":"true","powered":"false","disarmed":"true","attached":"false"},"apply":{"model":""}},{"when":{"north":"true","east":"false","south":"false","west":"true","powered":"false","disarmed":"true","attached":"false"},"apply":{"model":""}},{"when":{"north":"false","east":"true","south":"false","west":"true","powered":"false","disarmed":"true","attached":"false"},"apply":[{"model":""}]},{"when":{"north":"true","east":"true","south":"false","west":"true","powered":"false","disarmed":"true","attached":"false"},"apply":{"model":""}},{"when":{"north":"false","east":"false","south":"true","west":"true","powered":"false","disarmed":"true","attached":"false"},"apply":{"model":""}},{"when":{"north":"true","east":"false","south":"true","west":"true","powered":"false","disarmed":"true","attached":"false"},"apply":{"model":""}},{"when":{"north":"false","east":"true","south":"true","west":"true","powered":"false","disarmed":"true","attached":"false"},"apply":{"model":""}},{"when":{"north":"true","east":"true","south":"true","west":"true","powered":"false","disarmed":"true","attached":"false"},"apply":{"model":""}},{"when":{"north":"false","east":"false","south":"false","west":"false","powered":"true","disarmed":"true","attached":"false"},"apply":{"model":""}},{"when":{"north":"true","east":"false","south":"false","west":"false","powered":"true","disarmed":"true","attached":"false"},"apply":{"model":""}},{"when":{"north":"false","east":"true","south":"false","west":"false","powered":"true","disarmed":"true","attached":"false"},"apply":{"model":""}},{"when":{"north":"true","east":"true","south":"false","west":"false","powered":"true","disarmed":"true","attached":"false"},"apply":{"model":""}},{"when":{"north":"false","east":"false","south":"true","west":"false","powered":"true","disarmed":"true","attached":"false"},"apply":{"model":""}},{"when":{"north":"true","east":"false","south":"true","west":"false","powered":"true","disarmed":"true","attached":"false"},"apply":{"model":""}},{"when":{"north":"false","east":"true","south":"true","west":"false","powered":"true","disarmed":"true","attached":"false"},"apply":{"model":""}},{"when":{"north":"true","east":"true","south":"true","west":"false","powered":"true","disarmed":"true","attached":"false"},"apply":{"model":""}},{"when":{"north":"false","east":"false","south":"false","west":"true","powered":"true","disarmed":"true","attached":"false"},"apply":{"model":""}},{"when":{"north":"true","east":"false","south":"false","west":"true","powered":"true","disarmed":"true","attached":"false"},"apply":{"model":""}},{"when":{"north":"false","east":"true","south":"false","west":"true","powered":"true","disarmed":"true","attached":"false"},"apply":[{"model":""}]},{"when":{"north":"true","east":"true","south":"false","west":"true","powered":"true","disarmed":"true","attached":"false"},"apply":{"model":""}},{"when":{"north":"false","east":"false","south":"true","west":"true","powered":"true","disarmed":"true","attached":"false"},"apply":{"model":""}},{"when":{"north":"true","east":"false","south":"true","west":"true","powered":"true","disarmed":"true","attached":"false"},"apply":{"model":""}},{"when":{"north":"false","east":"true","south":"true","west":"true","powered":"true","disarmed":"true","attached":"false"},"apply":{"model":""}},{"when":{"north":"true","east":"true","south":"true","west":"true","powered":"true","disarmed":"true","attached":"false"},"apply":{"model":""}},{"when":{"north":"false","east":"false","south":"false","west":"false","powered":"false","disarmed":"false","attached":"true"},"apply":{"model":""}},{"when":{"north":"true","east":"false","south":"false","west":"false","powered":"false","disarmed":"false","attached":"true"},"apply":{"model":""}},{"when":{"north":"false","east":"true","south":"false","west":"false","powered":"false","disarmed":"false","attached":"true"},"apply":{"model":""}},{"when":{"north":"true","east":"true","south":"false","west":"false","powered":"false","disarmed":"false","attached":"true"},"apply":{"model":""}},{"when":{"north":"false","east":"false","south":"true","west":"false","powered":"false","disarmed":"false","attached":"true"},"apply":{"model":""}},{"when":{"north":"true","east":"false","south":"true","west":"false","powered":"false","disarmed":"false","attached":"true"},"apply":{"model":""}},{"when":{"north":"false","east":"true","south":"true","west":"false","powered":"false","disarmed":"false","attached":"true"},"apply":{"model":""}},{"when":{"north":"true","east":"true","south":"true","west":"false","powered":"false","disarmed":"false","attached":"true"},"apply":{"model":""}},{"when":{"north":"false","east":"false","south":"false","west":"true","powered":"false","disarmed":"false","attached":"true"},"apply":{"model":""}},{"when":{"north":"true","east":"false","south":"false","west":"true","powered":"false","disarmed":"false","attached":"true"},"apply":{"model":""}},{"when":{"north":"false","east":"true","south":"false","west":"true","powered":"false","disarmed":"false","attached":"true"},"apply":[{"model":""}]},{"when":{"north":"true","east":"true","south":"false","west":"true","powered":"false","disarmed":"false","attached":"true"},"apply":{"model":""}},{"when":{"north":"false","east":"false","south":"true","west":"true","powered":"false","disarmed":"false","attached":"true"},"apply":{"model":""}},{"when":{"north":"true","east":"false","south":"true","west":"true","powered":"false","disarmed":"false","attached":"true"},"apply":{"model":""}},{"when":{"north":"false","east":"true","south":"true","west":"true","powered":"false","disarmed":"false","attached":"true"},"apply":{"model":""}},{"when":{"north":"true","east":"true","south":"true","west":"true","powered":"false","disarmed":"false","attached":"true"},"apply":{"model":""}},{"when":{"north":"false","east":"false","south":"false","west":"false","powered":"true","disarmed":"false","attached":"true"},"apply":{"model":""}},{"when":{"north":"true","east":"false","south":"false","west":"false","powered":"true","disarmed":"false","attached":"true"},"apply":{"model":""}},{"when":{"north":"false","east":"true","south":"false","west":"false","powered":"true","disarmed":"false","attached":"true"},"apply":{"model":""}},{"when":{"north":"true","east":"true","south":"false","west":"false","powered":"true","disarmed":"false","attached":"true"},"apply":{"model":""}},{"when":{"north":"false","east":"false","south":"true","west":"false","powered":"true","disarmed":"false","attached":"true"},"apply":{"model":""}},{"when":{"north":"true","east":"false","south":"true","west":"false","powered":"true","disarmed":"false","attached":"true"},"apply":{"model":""}},{"when":{"north":"false","east":"true","south":"true","west":"false","powered":"true","disarmed":"false","attached":"true"},"apply":{"model":""}},{"when":{"north":"true","east":"true","south":"true","west":"false","powered":"true","disarmed":"false","attached":"true"},"apply":{"model":""}},{"when":{"north":"false","east":"false","south":"false","west":"true","powered":"true","disarmed":"false","attached":"true"},"apply":{"model":""}},{"when":{"north":"true","east":"false","south":"false","west":"true","powered":"true","disarmed":"false","attached":"true"},"apply":{"model":""}},{"when":{"north":"false","east":"true","south":"false","west":"true","powered":"true","disarmed":"false","attached":"true"},"apply":[{"model":""}]},{"when":{"north":"true","east":"true","south":"false","west":"true","powered":"true","disarmed":"false","attached":"true"},"apply":{"model":""}},{"when":{"north":"false","east":"false","south":"true","west":"true","powered":"true","disarmed":"false","attached":"true"},"apply":{"model":""}},{"when":{"north":"true","east":"false","south":"true","west":"true","powered":"true","disarmed":"false","attached":"true"},"apply":{"model":""}},{"when":{"north":"false","east":"true","south":"true","west":"true","powered":"true","disarmed":"false","attached":"true"},"apply":{"model":""}},{"when":{"north":"true","east":"true","south":"true","west":"true","powered":"true","disarmed":"false","attached":"true"},"apply":{"model":""}},{"when":{"north":"false","east":"false","south":"false","west":"false","powered":"false","disarmed":"true","attached":"true"},"apply":{"model":""}},{"when":{"north":"true","east":"false","south":"false","west":"false","powered":"false","disarmed":"true","attached":"true"},"apply":{"model":""}},{"when":{"north":"false","east":"true","south":"false","west":"false","powered":"false","disarmed":"true","attached":"true"},"apply":{"model":""}},{"when":{"north":"true","east":"true","south":"false","west":"false","powered":"false","disarmed":"true","attached":"true"},"apply":{"model":""}},{"when":{"north":"false","east":"false","south":"true","west":"false","powered":"false","disarmed":"true","attached":"true"},"apply":{"model":""}},{"when":{"north":"true","east":"false","south":"true","west":"false","powered":"false","disarmed":"true","attached":"true"},"apply":{"model":""}},{"when":{"north":"false","east":"true","south":"true","west":"false","powered":"false","disarmed":"true","attached":"true"},"apply":{"model":""}},{"when":{"north":"true","east":"true","south":"true","west":"false","powered":"false","disarmed":"true","attached":"true"},"apply":{"model":""}},{"when":{"north":"false","east":"false","south":"false","west":"true","powered":"false","disarmed":"true","attached":"true"},"apply":{"model":""}},{"when":{"north":"true","east":"false","south":"false","west":"true","powered":"false","disarmed":"true","attached":"true"},"apply":{"model":""}},{"when":{"north":"false","east":"true","south":"false","west":"true","powered":"false","disarmed":"true","attached":"true"},"apply":[{"model":""}]},{"when":{"north":"true","east":"true","south":"false","west":"true","powered":"false","disarmed":"true","attached":"true"},"apply":{"model":""}},{"when":{"north":"false","east":"false","south":"true","west":"true","powered":"false","disarmed":"true","attached":"true"},"apply":{"model":""}},{"when":{"north":"true","east":"false","south":"true","west":"true","powered":"false","disarmed":"true","attached":"true"},"apply":{"model":""}},{"when":{"north":"false","east":"true","south":"true","west":"true","powered":"false","disarmed":"true","attached":"true"},"apply":{"model":""}},{"when":{"north":"true","east":"true","south":"true","west":"true","powered":"false","disarmed":"true","attached":"true"},"apply":{"model":""}},{"when":{"north":"false","east":"false","south":"false","west":"false","powered":"true","disarmed":"true","attached":"true"},"apply":{"model":""}},{"when":{"north":"true","east":"false","south":"false","west":"false","powered":"true","disarmed":"true","attached":"true"},"apply":{"model":""}},{"when":{"north":"false","east":"true","south":"false","west":"false","powered":"true","disarmed":"true","attached":"true"},"apply":{"model":""}},{"when":{"north":"true","east":"true","south":"false","west":"false","powered":"true","disarmed":"true","attached":"true"},"apply":{"model":""}},{"when":{"north":"false","east":"false","south":"true","west":"false","powered":"true","disarmed":"true","attached":"true"},"apply":{"model":""}},{"when":{"north":"true","east":"false","south":"true","west":"false","powered":"true","disarmed":"true","attached":"true"},"apply":{"model":""}},{"when":{"north":"false","east":"true","south":"true","west":"false","powered":"true","disarmed":"true","attached":"true"},"apply":{"model":""}},{"when":{"north":"true","east":"true","south":"true","west":"false","powered":"true","disarmed":"true","attached":"true"},"apply":{"model":""}},{"when":{"north":"false","east":"false","south":"false","west":"true","powered":"true","disarmed":"true","attached":"true"},"apply":{"model":""}},{"when":{"north":"true","east":"false","south":"false","west":"true","powered":"true","disarmed":"true","attached":"true"},"apply":{"model":""}},{"when":{"north":"false","east":"true","south":"false","west":"true","powered":"true","disarmed":"true","attached":"true"},"apply":[{"model":""}]},{"when":{"north":"true","east":"true","south":"false","west":"true","powered":"true","disarmed":"true","attached":"true"},"apply":{"model":""}},{"when":{"north":"false","east":"false","south":"true","west":"true","powered":"true","disarmed":"true","attached":"true"},"apply":{"model":""}},{"when":{"north":"true","east":"false","south":"true","west":"true","powered":"true","disarmed":"true","attached":"true"},"apply":{"model":""}},{"when":{"north":"false","east":"true","south":"true","west":"true","powered":"true","disarmed":"true","attached":"true"},"apply":{"model":""}},{"when":{"north":"true","east":"true","south":"true","west":"true","powered":"true","disarmed":"true","attached":"true"},"apply":{"model":""}}]}