{"variants":{"north=false,south=false,west=false,east=false,attached=false,disarmed=false,powered=false":{"model":"minecraft:block/barrier"},"north=true,south=false,west=false,east=false,attached=false,disarmed=false,powered=false":{"model":"mineinabyss:block/nature/foliage1"},"north=false,south=false,west=false,east=true,attached=false,disarmed=false,powered=false":{"model":"mineinabyss:block/nature/foliage2"},"north=true,south=false,west=false,east=true,attached=false,disarmed=false,powered=false":{"model":"mineinabyss:block/nature/foliage3"},"north=false,south=true,west=false,east=false,attached=false,disarmed=false,powered=false":{"model":"mineinabyss:block/nature/foliage4"},"north=true,south=true,west=false,east=false,attached=false,disarmed=false,powered=false":{"model":"mineinabyss:block/nature/foliage5"},"north=false,south=true,west=false,east=true,attached=false,disarmed=false,powered=false":{"model":"mineinabyss:block/nature/foliage6"},"north=true,south=true,west=false,east=true,attached=false,disarmed=false,powered=false":{"model":"mineinabyss:block/nature/foliage7"},"north=false,south=false,west=true,east=false,attached=false,disarmed=false,powered=false":{"model":"mineinabyss:block/nature/foliage8"},"north=false,south=false,west=false,east=false,attached=true,disarmed=false,powered=false":{"model":"minecraft:block/cherry_sapling"}}}