{"credit":"Made with Blockbench","textures":{"0":"mineinabyss:relics/whistle/bell","2":"mineinabyss:relics/whistle/bell_end","3":"mineinabyss:relics/whistle/bell_top","4":"mineinabyss:relics/whistle/bell_bottom","particle":"mineinabyss:relics/whistle/bell"},"elements":[{"name":"bell1","from":[6.5,0,6.5],"to":[9.5,1,9.5],"faces":{"north":{"uv":[7,14,10,15],"texture":"#0"},"east":{"uv":[7,14,10,15],"texture":"#0"},"south":{"uv":[7,14,10,15],"texture":"#0"},"west":{"uv":[7,14,10,15],"texture":"#0"},"down":{"uv":[7,6,10,9],"texture":"#4"}}},{"name":"bell2","from":[4.5,1,4.5],"to":[11.5,2,11.5],"faces":{"north":{"uv":[5,13,12,14],"texture":"#0"},"east":{"uv":[5,13,12,14],"texture":"#0"},"south":{"uv":[5,13,12,14],"texture":"#0"},"west":{"uv":[5,13,12,14],"texture":"#0"},"down":{"uv":[5,4,12,11],"texture":"#4"}}},{"name":"bell3","from":[3.5,2,3.5],"to":[12.5,3,12.5],"faces":{"north":{"uv":[4,12,13,13],"texture":"#0"},"east":{"uv":[4,12,13,13],"texture":"#0"},"south":{"uv":[4,12,13,13],"texture":"#0"},"west":{"uv":[4,12,13,13],"texture":"#0"},"down":{"uv":[4,3,13,12],"texture":"#4"}}},{"name":"bell4","from":[2.5,3,2.5],"to":[13.5,4,13.5],"faces":{"north":{"uv":[3,11,14,12],"texture":"#0"},"east":{"uv":[3,11,14,12],"texture":"#0"},"south":{"uv":[3,11,14,12],"texture":"#0"},"west":{"uv":[3,11,14,12],"texture":"#0"},"up":{"uv":[3,2,14,13],"texture":"#3"},"down":{"uv":[3,2,14,13],"texture":"#4"}}},{"name":"bell5","from":[1.5,5,7.5],"to":[14.5,6,14.5],"faces":{"north":{"uv":[2,9,15,10],"texture":"#0"},"east":{"uv":[2,9,9,10],"texture":"#0"},"south":{"uv":[2,9,15,10],"texture":"#0"},"west":{"uv":[8,9,15,10],"texture":"#0"},"up":{"uv":[2,7,15,14],"texture":"#3"},"down":{"uv":[2,1,15,8],"texture":"#4"}}},{"name":"bell6","from":[2.5,8,2.5],"to":[13.5,10,13.5],"faces":{"north":{"uv":[3,5,14,7],"texture":"#0"},"east":{"uv":[3,5,14,7],"texture":"#0"},"south":{"uv":[3,5,14,7],"texture":"#0"},"west":{"uv":[3,5,14,7],"texture":"#0"},"up":{"uv":[3,2,14,13],"texture":"#3"},"down":{"uv":[3,2,14,13],"texture":"#4"}}},{"name":"bell7","from":[3.5,10,3.5],"to":[12.5,11,12.5],"faces":{"north":{"uv":[4,4,13,5],"texture":"#0"},"east":{"uv":[4,4,13,5],"texture":"#0"},"south":{"uv":[4,4,13,5],"texture":"#0"},"west":{"uv":[4,4,13,5],"texture":"#0"},"up":{"uv":[4,3,13,12],"texture":"#3"}}},{"name":"bell8","from":[4.5,11,4.5],"to":[11.5,12,11.5],"faces":{"north":{"uv":[5,3,12,4],"texture":"#0"},"east":{"uv":[5,3,12,4],"texture":"#0"},"south":{"uv":[5,3,12,4],"texture":"#0"},"west":{"uv":[5,3,12,4],"texture":"#0"},"up":{"uv":[5,4,12,11],"texture":"#3"}}},{"name":"bell9","from":[6.5,12,6.5],"to":[9.5,13,9.5],"faces":{"north":{"uv":[7,2,10,3],"texture":"#0"},"east":{"uv":[7,2,10,3],"texture":"#0"},"south":{"uv":[7,2,10,3],"texture":"#0"},"west":{"uv":[7,2,10,3],"texture":"#0"},"up":{"uv":[7,6,10,9],"texture":"#3"}}},{"name":"bell10","from":[2.5,3,4.5],"to":[13.5,5,13.5],"faces":{"north":{"uv":[3,10,14,12],"texture":"#0"},"east":{"uv":[3,10,12,12],"texture":"#0"},"south":{"uv":[3,10,14,12],"texture":"#0"},"west":{"uv":[5,10,14,12],"texture":"#0"},"up":{"uv":[3,3,14,12],"texture":"#3"},"down":{"uv":[3,2,14,13],"texture":"#4"}}},{"name":"bell11","from":[1.5,6,9.5],"to":[14.5,8,14.5],"faces":{"north":{"uv":[2,7,15,9],"texture":"#0"},"east":{"uv":[2,7,7,9],"texture":"#0"},"south":{"uv":[2,7,15,9],"texture":"#0"},"west":{"uv":[10,7,15,9],"texture":"#0"},"up":{"uv":[2,9,15,14],"texture":"#3"}}},{"name":"bell12","from":[1.5,5,1.5],"to":[14.5,6,4.5],"faces":{"north":{"uv":[2,9,15,10],"texture":"#0"},"east":{"uv":[12,9,15,10],"texture":"#0"},"south":{"uv":[2,9,15,10],"texture":"#0"},"west":{"uv":[2,9,5,10],"texture":"#0"},"down":{"uv":[2,11,15,14],"texture":"#4"}}},{"name":"bell13","from":[1.5,6,1.5],"to":[14.5,8,7.5],"faces":{"north":{"uv":[2,7,15,9],"texture":"#0"},"east":{"uv":[9,7,15,9],"texture":"#0"},"south":{"uv":[2,7,15,9],"texture":"#0"},"west":{"uv":[2,7,8,9],"texture":"#0"},"up":{"uv":[2,1,15,7],"texture":"#3"},"down":{"uv":[2,1,15,14],"texture":"#4"}}},{"from":[7,13,9],"to":[9,15,11],"faces":{"north":{"uv":[0,0,10,10],"texture":"#2"},"east":{"uv":[0,0,10,10],"texture":"#2"},"south":{"uv":[0,0,10,10],"texture":"#2"},"west":{"uv":[0,0,10,10],"texture":"#2"},"up":{"uv":[0,0,10,10],"texture":"#2"},"down":{"uv":[0,0,10,10],"texture":"#2"}}}],"display":{"thirdperson_righthand":{"rotation":[98,0,0],"translation":[-6,1,8.75],"scale":[0.2,0.25,0.2]},"thirdperson_lefthand":{"rotation":[98,0,0],"translation":[-6,1,8.75],"scale":[0.2,0.25,0.2]},"firstperson_righthand":{"translation":[-9,-1.25,0],"scale":[0.3,0.35,0.3]},"firstperson_lefthand":{"translation":[-9,-1.25,0],"scale":[0.3,0.35,0.3]},"ground":{"translation":[0,-0.5,0],"scale":[0.3,0.35,0.3]},"gui":{"rotation":[14,-159,0],"translation":[0.25,0.25,0],"scale":[0.9,0.9,0.9]},"head":{"rotation":[29,0,0],"translation":[0,-10,-6.25],"scale":[0.5,0.55,0.5]},"fixed":{"rotation":[13.5,0,0],"translation":[0,1,-3],"scale":[0.5,0.55,0.5]}},"groups":[{"name":"model","origin":[8,8,8],"children":[0,1,2,3,4,5,6,7,8,9,10,11,12]},13]}