{"credit":"Made with Blockbench","textures":{"0":"camelot:hassan_sword","particle":"camelot:hassan_sword"},"elements":[{"from":[7.99,24.61377,-6.27104],"to":[9.02,26.11377,-4.77104],"rotation":{"angle":45,"axis":"x","origin":[8.54999,11.45889,8.41649]},"faces":{"north":{"uv":[5,0,6.03,1.5],"texture":"#0"},"east":{"uv":[7.5,2,9,3.5],"texture":"#0"},"south":{"uv":[0,0,1.03,1.5],"texture":"#0"},"west":{"uv":[14.5,0,16,1.5],"texture":"#0"},"up":{"uv":[4,0,5.03,1.5],"texture":"#0"},"down":{"uv":[0,0,1.03,1.5],"texture":"#0"}}},{"from":[8.001,23.31894,-4.19181],"to":[8.981,24.81894,-2.69181],"rotation":{"angle":45,"axis":"x","origin":[8.54999,11.45889,8.41649]},"faces":{"north":{"uv":[0,0,0.98,1.5],"texture":"#0"},"east":{"uv":[0,0,1.5,1.5],"texture":"#0"},"south":{"uv":[0,0,0.98,1.5],"texture":"#0"},"west":{"uv":[12,2.25,13.5,3.75],"texture":"#0"},"up":{"uv":[3,0,3.98,1.5],"texture":"#0"},"down":{"uv":[0,0,0.98,1.5],"texture":"#0"}}},{"from":[8,24.02605,-4.89892],"to":[9,25.52605,-3.39892],"rotation":{"angle":45,"axis":"x","origin":[8.54999,11.45889,8.41649]},"faces":{"north":{"uv":[0,0,1,1.5],"texture":"#0"},"east":{"uv":[12,0,13.5,3.5],"texture":"#0"},"south":{"uv":[0,0,1,1.5],"texture":"#0"},"west":{"uv":[11.5,0,13,3.5],"texture":"#0"},"up":{"uv":[0,0,1,1.5],"texture":"#0"},"down":{"uv":[0,0,1,1.5],"texture":"#0"}}},{"from":[8.002,22.52084,-4.98991],"to":[8.992,24.02084,-3.48991],"rotation":{"angle":45,"axis":"x","origin":[8.54999,11.45889,8.41649]},"faces":{"north":{"uv":[0,2,0.99,3.5],"texture":"#0"},"east":{"uv":[12,3,13.5,4.5],"texture":"#0"},"south":{"uv":[0,0,0.99,1.5],"texture":"#0"},"west":{"uv":[14.5,2,15.75,3.5],"texture":"#0"},"up":{"uv":[0,0,0.99,1.5],"texture":"#0"},"down":{"uv":[0,0,0.99,1.5],"texture":"#0"}}},{"from":[8.003,23.22795,-5.69702],"to":[8.993,24.72795,-4.19702],"rotation":{"angle":45,"axis":"x","origin":[8.54999,11.45889,8.41649]},"faces":{"north":{"uv":[0,0,0.99,1.5],"texture":"#0"},"east":{"uv":[12.5,2.5,16,4],"texture":"#0"},"south":{"uv":[0,0,0.99,1.5],"texture":"#0"},"west":{"uv":[8,0,9.5,1.5],"texture":"#0"},"up":{"uv":[0,0,0.99,1.5],"texture":"#0"},"down":{"uv":[2.5,1.5,3.49,3],"texture":"#0"}}},{"from":[8,6.26063,6.75871],"to":[8.997,28.76063,10.00871],"rotation":{"angle":0,"axis":"y","origin":[8.54999,11.45889,8.41649]},"faces":{"north":{"uv":[0,0,0.997,16],"texture":"#0"},"east":{"uv":[0,0,3.5,16],"texture":"#0"},"south":{"uv":[3,0,3.997,16],"texture":"#0"},"west":{"uv":[0,0,3.5,16],"texture":"#0"},"up":{"uv":[0,0,0.997,3.25],"texture":"#0"},"down":{"uv":[0,0,0.997,3.25],"texture":"#0"}}},{"from":[7.99,7.08975,9.41784],"to":[9.09,10.58975,14.41784],"rotation":{"angle":45,"axis":"x","origin":[8.54999,11.45889,8.41649]},"faces":{"north":{"uv":[5.5,8,6.6,11.5],"texture":"#0"},"east":{"uv":[10,12.5,15,16],"texture":"#0"},"south":{"uv":[6.5,7,7.6,10.5],"texture":"#0"},"west":{"uv":[11,12.5,16,16],"texture":"#0"},"up":{"uv":[6,8.5,7.1,13.5],"texture":"#0"},"down":{"uv":[7,9.5,8.1,14.5],"texture":"#0"}}},{"from":[8.03,4.12585,7.09576],"to":[8.96,5.62585,9.57576],"rotation":{"angle":0,"axis":"y","origin":[8.54999,11.45889,8.41649]},"faces":{"north":{"uv":[0,0,0.93,1.5],"texture":"#0"},"east":{"uv":[11.5,9,13.98,10.5],"texture":"#0"},"south":{"uv":[0,0,0.93,1.5],"texture":"#0"},"west":{"uv":[13.5,9.5,15.98,11],"texture":"#0"},"up":{"uv":[0,0,0.93,2.48],"texture":"#0"},"down":{"uv":[6.5,11,7.43,13.48],"texture":"#0"}}},{"from":[6.52647,5.87585,9.41564],"to":[7.52647,6.37585,9.89564],"rotation":{"angle":22.5,"axis":"y","origin":[8.54999,11.45889,8.41649]},"faces":{"north":{"uv":[0,0,1,0.5],"texture":"#0"},"east":{"uv":[0,0,0.48,0.5],"texture":"#0"},"south":{"uv":[0,0,1,0.5],"texture":"#0"},"west":{"uv":[0,0,0.48,0.5],"texture":"#0"},"up":{"uv":[0,0,1,0.48],"texture":"#0"},"down":{"uv":[0,0,1,0.48],"texture":"#0"}}},{"from":[9.38698,5.87585,7.08273],"to":[10.38698,6.37585,7.56273],"rotation":{"angle":22.5,"axis":"y","origin":[8.54999,11.45889,8.41649]},"faces":{"north":{"uv":[0,0,1,0.5],"texture":"#0"},"east":{"uv":[0,0,0.48,0.5],"texture":"#0"},"south":{"uv":[0,0,1,0.5],"texture":"#0"},"west":{"uv":[0,0,0.48,0.5],"texture":"#0"},"up":{"uv":[0,0,1,0.48],"texture":"#0"},"down":{"uv":[0,0,1,0.48],"texture":"#0"}}},{"from":[6.75537,6.87585,7.07573],"to":[7.75537,7.37585,7.55573],"rotation":{"angle":-22.5,"axis":"y","origin":[8.54999,11.45889,8.41649]},"faces":{"north":{"uv":[0,0,1,0.5],"texture":"#0"},"east":{"uv":[0,0,0.48,0.5],"texture":"#0"},"south":{"uv":[0,0,1,0.5],"texture":"#0"},"west":{"uv":[0,0,0.48,0.5],"texture":"#0"},"up":{"uv":[0,0,1,0.48],"texture":"#0"},"down":{"uv":[0,0,1,0.48],"texture":"#0"}}},{"from":[9.19357,6.87585,9.04237],"to":[10.19357,7.37585,9.52237],"rotation":{"angle":-22.5,"axis":"y","origin":[8.54999,11.45889,8.41649]},"faces":{"north":{"uv":[0,0,1,0.5],"texture":"#0"},"east":{"uv":[0,0,0.48,0.5],"texture":"#0"},"south":{"uv":[0,0,1,0.5],"texture":"#0"},"west":{"uv":[0,0,0.48,0.5],"texture":"#0"},"up":{"uv":[0,0,1,0.48],"texture":"#0"},"down":{"uv":[0,0,1,0.48],"texture":"#0"}}},{"from":[5.11629,5.62261,7.34576],"to":[6.11629,6.12261,7.82576],"rotation":{"angle":22.5,"axis":"z","origin":[8.54999,11.45889,8.41649]},"faces":{"north":{"uv":[0,0,1,0.5],"texture":"#0"},"east":{"uv":[0,0,0.48,0.5],"texture":"#0"},"south":{"uv":[0,0,1,0.5],"texture":"#0"},"west":{"uv":[0,0,0.48,0.5],"texture":"#0"},"up":{"uv":[0,0,1,0.48],"texture":"#0"},"down":{"uv":[0,0,1,0.48],"texture":"#0"}}},{"from":[11.25704,5.72528,9.09576],"to":[12.25704,6.22528,9.57576],"rotation":{"angle":-22.5,"axis":"z","origin":[8.54999,11.45889,8.41649]},"faces":{"north":{"uv":[0,0,1,0.5],"texture":"#0"},"east":{"uv":[0,0,0.48,0.5],"texture":"#0"},"south":{"uv":[0,0,1,0.5],"texture":"#0"},"west":{"uv":[0,0,0.48,0.5],"texture":"#0"},"up":{"uv":[0,0,1,0.48],"texture":"#0"},"down":{"uv":[0,0,1,0.48],"texture":"#0"}}},{"from":[11.54405,5.03237,7.34576],"to":[12.54405,5.53237,7.82576],"rotation":{"angle":-22.5,"axis":"z","origin":[8.54999,11.45889,8.41649]},"faces":{"north":{"uv":[0,0,1,0.5],"texture":"#0"},"east":{"uv":[0,0,0.48,0.5],"texture":"#0"},"south":{"uv":[0,0,1,0.5],"texture":"#0"},"west":{"uv":[0,0,0.48,0.5],"texture":"#0"},"up":{"uv":[0,0,1,0.48],"texture":"#0"},"down":{"uv":[0,0,1,0.48],"texture":"#0"}}},{"from":[4.92495,5.16067,9.09576],"to":[5.92495,5.66067,9.57576],"rotation":{"angle":22.5,"axis":"z","origin":[8.54999,11.45889,8.41649]},"faces":{"north":{"uv":[0,0,1,0.5],"texture":"#0"},"east":{"uv":[0,0,0.48,0.5],"texture":"#0"},"south":{"uv":[0,0,1,0.5],"texture":"#0"},"west":{"uv":[0,0,0.48,0.5],"texture":"#0"},"up":{"uv":[0,0,1,0.48],"texture":"#0"},"down":{"uv":[0,0,1,0.48],"texture":"#0"}}},{"from":[6.99666,9.3788,9.59576],"to":[8.49666,9.8788,10.07576],"rotation":{"angle":45,"axis":"z","origin":[8.54999,11.45889,8.41649]},"faces":{"north":{"uv":[0,0,1.5,0.5],"texture":"#0"},"east":{"uv":[0,0,0.48,0.5],"texture":"#0"},"south":{"uv":[0,0,1.5,0.5],"texture":"#0"},"west":{"uv":[0,0,0.48,0.5],"texture":"#0"},"up":{"uv":[0,0,1.5,0.48],"texture":"#0"},"down":{"uv":[0,0,1.5,0.48],"texture":"#0"}}},{"from":[8,3.62585,7.34576],"to":[9,4.12585,9.32576],"rotation":{"angle":0,"axis":"y","origin":[8.54999,11.45889,8.41649]},"faces":{"north":{"uv":[11.5,4,12.5,4.5],"texture":"#0"},"east":{"uv":[11.5,4,13.48,4.5],"texture":"#0"},"south":{"uv":[13,5,14,5.5],"texture":"#0"},"west":{"uv":[10.5,4.5,12.48,5],"texture":"#0"},"up":{"uv":[0,0,1,1.98],"texture":"#0"},"down":{"uv":[12.5,4.5,13.5,6.48],"texture":"#0"}}},{"from":[7.92,7.22569,2.97848],"to":[9.12,8.22569,9.70848],"rotation":{"angle":-22.5,"axis":"x","origin":[8.54999,11.45889,8.41649]},"faces":{"north":{"uv":[14.5,4.5,15.7,5.5],"texture":"#0"},"east":{"uv":[9,4,15.73,5],"texture":"#0"},"south":{"uv":[14.5,4,15.7,5],"texture":"#0"},"west":{"uv":[9,4,15.73,5],"texture":"#0"},"up":{"uv":[4.5,5,5.7,11.73],"texture":"#0"},"down":{"uv":[4.5,4.5,5.7,11.23],"texture":"#0"}}},{"from":[7.94,4.37585,5.84576],"to":[9.11,5.37585,10.82576],"rotation":{"angle":0,"axis":"y","origin":[8.54999,11.45889,8.41649]},"faces":{"north":{"uv":[14.5,4,15.67,5],"texture":"#0"},"east":{"uv":[9.5,5.5,14.48,6.5],"texture":"#0"},"south":{"uv":[11.5,5,12.67,6],"texture":"#0"},"west":{"uv":[9.5,5,14.48,6],"texture":"#0"},"up":{"uv":[4,4,5.17,8.98],"texture":"#0"},"down":{"uv":[4,4,5.17,6.98],"texture":"#0"}}},{"from":[8,3.12585,7.59576],"to":[9,3.62585,9.07576],"rotation":{"angle":0,"axis":"y","origin":[8.54999,11.45889,8.41649]},"faces":{"north":{"uv":[12,4.5,13,5],"texture":"#0"},"east":{"uv":[11,4.5,12.48,5],"texture":"#0"},"south":{"uv":[10.5,5.5,11.5,6],"texture":"#0"},"west":{"uv":[12,4,13.48,4.5],"texture":"#0"},"up":{"uv":[0,0,1,1.48],"texture":"#0"},"down":{"uv":[10.5,4,11.5,5.48],"texture":"#0"}}},{"from":[8,-2.87415,7.59576],"to":[9,-1.87415,9.07576],"rotation":{"angle":0,"axis":"y","origin":[8.54999,11.45889,8.41649]},"faces":{"north":{"uv":[11.5,13,12.5,14],"texture":"#0"},"east":{"uv":[11,13.5,12.48,14.5],"texture":"#0"},"south":{"uv":[11.5,14.5,12.5,15.5],"texture":"#0"},"west":{"uv":[12,8,13.48,9],"texture":"#0"},"up":{"uv":[0,0,1,1.48],"texture":"#0"},"down":{"uv":[11.5,12.5,12.5,13.98],"texture":"#0"}}},{"from":[8.01,-3.37415,7.84576],"to":[8.5,-2.62415,8.82576],"rotation":{"angle":0,"axis":"y","origin":[8.54999,11.45889,8.41649]},"faces":{"north":{"uv":[0,0,0.49,0.75],"texture":"#0"},"east":{"uv":[12.5,13.5,13.48,14.25],"texture":"#0"},"south":{"uv":[11.5,14.5,11.99,15.75],"texture":"#0"},"west":{"uv":[12,9,13.48,9.75],"texture":"#0"},"up":{"uv":[0,0,0.49,0.98],"texture":"#0"},"down":{"uv":[11.5,13,11.99,13.98],"texture":"#0"}}},{"from":[8.25,-1.87415,7.84576],"to":[8.75,3.12585,8.82576],"rotation":{"angle":0,"axis":"y","origin":[8.54999,11.45889,8.41649]},"faces":{"north":{"uv":[5.5,11,6,16],"texture":"#0"},"east":{"uv":[6,11,6.98,16],"texture":"#0"},"south":{"uv":[5,11,5.5,16],"texture":"#0"},"west":{"uv":[6.5,11,7.48,16],"texture":"#0"},"up":{"uv":[0,0,0.5,0.98],"texture":"#0"},"down":{"uv":[0,0,0.5,0.98],"texture":"#0"}}},{"from":[8.002,5.33975,9.41784],"to":[8.962,10.58975,12.66784],"rotation":{"angle":45,"axis":"x","origin":[8.54999,11.45889,8.41649]},"faces":{"north":{"uv":[6,8,6.96,13.25],"texture":"#0"},"east":{"uv":[11.5,12.5,16,16],"rotation":90,"texture":"#0"},"south":{"uv":[6.5,8,7.46,13.25],"texture":"#0"},"west":{"uv":[12.5,12.5,15.5,16],"rotation":90,"texture":"#0"},"up":{"uv":[8.5,11,9.46,14.25],"texture":"#0"},"down":{"uv":[8.5,8.5,9.46,11.75],"texture":"#0"}}},{"from":[7.94,5.87462,8.55877],"to":[9.095,10.37462,9.55877],"rotation":{"angle":-22.5,"axis":"x","origin":[8.54999,11.45889,8.41649]},"faces":{"north":{"uv":[9,11.5,10.155,16],"rotation":180,"texture":"#0"},"east":{"uv":[11.5,10,16,11],"rotation":270,"texture":"#0"},"south":{"uv":[8,11,9.155,15.5],"texture":"#0"},"west":{"uv":[5.5,12,10,13],"rotation":90,"texture":"#0"},"up":{"uv":[7.5,14,8.655,15],"rotation":180,"texture":"#0"},"down":{"uv":[8,13.5,9.155,14.5],"texture":"#0"}}},{"from":[7.94,5.73374,7.1841],"to":[9.095,10.23374,8.1841],"rotation":{"angle":22.5,"axis":"x","origin":[8.54999,11.45889,8.41649]},"faces":{"north":{"uv":[8,11.5,9.155,16],"rotation":180,"texture":"#0"},"east":{"uv":[11.5,10,16,11],"rotation":270,"texture":"#0"},"south":{"uv":[7,9.5,8.155,14],"texture":"#0"},"west":{"uv":[5,13,9.5,14],"rotation":90,"texture":"#0"},"up":{"uv":[7.5,13,8.655,14],"rotation":180,"texture":"#0"},"down":{"uv":[8,11.5,9.155,12.5],"texture":"#0"}}},{"from":[8.01,27.73309,-0.11887],"to":[9.01,29.23309,1.63113],"rotation":{"angle":22.5,"axis":"x","origin":[8.54999,11.45889,8.41649]},"faces":{"north":{"uv":[3,0,4,1.5],"texture":"#0"},"east":{"uv":[11.5,1.5,13.25,3],"texture":"#0"},"south":{"uv":[0,0,1,1.5],"texture":"#0"},"west":{"uv":[10,0,11.75,1.5],"texture":"#0"},"up":{"uv":[0,0,1,1.75],"texture":"#0"},"down":{"uv":[0,0,1,1.75],"texture":"#0"}}},{"from":[8.02,27.75076,14.90918],"to":[8.99,29.25076,16.90918],"rotation":{"angle":-22.5,"axis":"x","origin":[8.54999,11.45889,8.41649]},"faces":{"north":{"uv":[0,0,0.97,1.5],"texture":"#0"},"east":{"uv":[6.5,1.5,8.5,3],"texture":"#0"},"south":{"uv":[5,0,5.97,1.5],"texture":"#0"},"west":{"uv":[12,0,14,1.5],"texture":"#0"},"up":{"uv":[0,0,0.97,2],"texture":"#0"},"down":{"uv":[0,0,0.97,2],"texture":"#0"}}}],"display":{"thirdperson_righthand":{"rotation":[0,-180,0],"translation":[0,5,1.25]},"thirdperson_lefthand":{"translation":[0,5,1.25]},"firstperson_righthand":{"rotation":[-13,0,0],"translation":[0,5.5,0]},"firstperson_lefthand":{"rotation":[-10,0,0],"translation":[0,5.5,0]},"ground":{"rotation":[65,-70,0],"translation":[0,3.5,0],"scale":[1.3,1.3,1.3]},"gui":{"rotation":[30,60,-80],"translation":[-2.25,-2.25,0],"scale":[0.7,0.7,0.7]},"head":{"rotation":[108,0,0],"translation":[-8.5,-23.75,0],"scale":[1.5,1.5,1.5]},"fixed":{"rotation":[-180,90,0],"translation":[0,16,-1.5],"scale":[1.75,1.75,1.75]}}}