{"credit":"Made with Blockbench","textures":{"0":"mineinabyss:equipment/handle_paper","1":"mineinabyss:equipment/wood","2":"mineinabyss:equipment/head_bright","particle":"mineinabyss:equipment/handle_paper"},"elements":[{"from":[8,0,7],"to":[9,8.4,8],"faces":{"north":{"uv":[1.75,1,2.75,9.39957],"texture":"#1"},"east":{"uv":[14,1,15,9.39957],"texture":"#1"},"south":{"uv":[7,1,8,9.39957],"texture":"#1"},"west":{"uv":[9.25,1.5,10.25,9.89957],"texture":"#1"},"up":{"uv":[1.75,5.25,2.75,6.25],"texture":"#1"},"down":{"uv":[9.5,6.5,10.5,7.5],"texture":"#1"}}},{"from":[6.7,7.4,6.9],"to":[7.8,8.2,8.1],"rotation":{"angle":22.5,"axis":"z","origin":[6,8.6,7.8]},"faces":{"north":{"uv":[0,0,0.8,1.1],"rotation":270,"texture":"#2"},"east":{"uv":[0,0,1.2,0.8],"texture":"#2"},"south":{"uv":[0,0,0.8,1.1],"rotation":90,"texture":"#2"},"west":{"uv":[0,0,1.2,0.8],"rotation":180,"texture":"#2"},"up":{"uv":[0,0,1.2,1.1],"rotation":90,"texture":"#2"},"down":{"uv":[0,0,1.2,1.1],"rotation":90,"texture":"#2"}}},{"from":[7.7,8.1,6.9],"to":[12.1,8.9,8.1],"faces":{"north":{"uv":[0,0,4.4,0.8],"texture":"#2"},"east":{"uv":[0,0,1.2,0.8],"texture":"#2"},"south":{"uv":[0,0,4.4,0.8],"texture":"#2"},"west":{"uv":[0,0,1.2,0.8],"texture":"#2"},"up":{"uv":[0,0,4.4,1.2],"texture":"#2"},"down":{"uv":[0,0,4.4,1.2],"texture":"#2"}}},{"from":[11.5,10.4,7],"to":[13.3,11.2,8],"rotation":{"angle":-22.5,"axis":"z","origin":[6,8.6,7.8]},"faces":{"north":{"uv":[0,0,0.8,1.8],"rotation":270,"texture":"#2"},"east":{"uv":[0,0,1,0.8],"texture":"#2"},"south":{"uv":[0,0,0.8,1.8],"rotation":90,"texture":"#2"},"west":{"uv":[0,0,1,0.8],"rotation":180,"texture":"#2"},"up":{"uv":[0,0,1,1.8],"rotation":90,"texture":"#2"},"down":{"uv":[0,0,1,1.8],"rotation":90,"texture":"#2"}}},{"from":[8.5,8.1,6.8],"to":[9.2,8.8,8.2],"rotation":{"angle":-22.5,"axis":"z","origin":[8,8,8]},"faces":{"north":{"uv":[0,0,1.45,0.7],"texture":"#0"},"east":{"uv":[0,0,1.4,0.7],"texture":"#0"},"south":{"uv":[0,0,0.7,0.7],"texture":"#0"},"west":{"uv":[0,0,1.4,0.7],"texture":"#0"},"up":{"uv":[0,0,0.7,1.4],"texture":"#0"},"down":{"uv":[0,0,0.7,1.4],"texture":"#0"}}}],"display":{"thirdperson_righthand":{"translation":[0.5,6.5,1.5],"rotation":[0,90,0]}},"groups":[{"name":"hand pick","origin":[0,0,0],"children":[0,1,2,3,4]}]}