{"credit":"Made with Blockbench","texture_size":[64,64],"textures":{"0":"hmcmodels:furniture/chess_furniture/black_bishop","particle":"hmcmodels:furniture/chess_furniture/black_bishop"},"elements":[{"from":[5.5,23,5.5],"to":[10.5,27,10.5],"faces":{"north":{"uv":[4.5,3,5.75,4],"texture":"#0"},"east":{"uv":[6.5,7.25,7.75,8.25],"texture":"#0"},"south":{"uv":[0,7.75,1.25,8.75],"texture":"#0"},"west":{"uv":[7.75,7.25,9,8.25],"texture":"#0"},"up":{"uv":[1.25,7.75,0,6.5],"texture":"#0"},"down":{"uv":[2.5,7.25,1.25,8.5],"texture":"#0"}}},{"from":[4.5,17,4.5],"to":[11.5,23,11.5],"faces":{"north":{"uv":[4.5,0,6.25,1.5],"texture":"#0"},"east":{"uv":[4.5,1.5,6.25,3],"texture":"#0"},"south":{"uv":[0,5,1.75,6.5],"texture":"#0"},"west":{"uv":[1.75,5.75,3.5,7.25],"texture":"#0"},"up":{"uv":[4.25,5.75,2.5,4],"texture":"#0"},"down":{"uv":[6,4,4.25,5.75],"texture":"#0"}}},{"from":[7,27,7],"to":[9,29,9],"rotation":{"angle":45,"axis":"z","origin":[8,28,8]},"faces":{"north":{"uv":[1.75,5,2.25,5.5],"texture":"#0"},"east":{"uv":[1.25,6.5,1.75,7],"texture":"#0"},"south":{"uv":[8.25,1,8.75,1.5],"texture":"#0"},"west":{"uv":[8.25,1.5,8.75,2],"texture":"#0"},"up":{"uv":[8.75,2.5,8.25,2],"texture":"#0"},"down":{"uv":[3,8.25,2.5,8.75],"texture":"#0"}}},{"from":[3,0,3],"to":[13,3,13],"faces":{"north":{"uv":[6.5,6.5,9,7.25],"texture":"#0"},"east":{"uv":[7,3,9.5,3.75],"texture":"#0"},"south":{"uv":[7,3.75,9.5,4.5],"texture":"#0"},"west":{"uv":[7,4.5,9.5,5.25],"texture":"#0"},"up":{"uv":[2.5,2.5,0,0],"texture":"#0"},"down":{"uv":[2.5,2.5,0,5],"texture":"#0"}}},{"from":[4,3,4],"to":[12,7,12],"faces":{"north":{"uv":[6.25,0,8.25,1],"texture":"#0"},"east":{"uv":[6.25,1,8.25,2],"texture":"#0"},"south":{"uv":[6.25,2,8.25,3],"texture":"#0"},"west":{"uv":[6.5,5.5,8.5,6.5],"texture":"#0"},"up":{"uv":[4.5,2,2.5,0],"texture":"#0"},"down":{"uv":[4.5,2,2.5,4],"texture":"#0"}}},{"from":[6,7,6],"to":[10,17,10],"faces":{"north":{"uv":[3.5,5.75,4.5,8.25],"texture":"#0"},"east":{"uv":[4.5,5.75,5.5,8.25],"texture":"#0"},"south":{"uv":[5.5,5.75,6.5,8.25],"texture":"#0"},"west":{"uv":[6,3,7,5.5],"texture":"#0"},"up":{"uv":[3.5,8.25,2.5,7.25],"texture":"#0"},"down":{"uv":[9.25,0,8.25,1],"texture":"#0"}}}],"display":{"thirdperson_righthand":{"rotation":[75,45,0],"translation":[0,2.5,0],"scale":[0.375,0.375,0.375]},"thirdperson_lefthand":{"rotation":[75,45,0],"translation":[0,2.5,0],"scale":[0.375,0.375,0.375]},"firstperson_righthand":{"rotation":[0,45,0],"scale":[0.4,0.4,0.4]},"firstperson_lefthand":{"rotation":[0,225,0],"scale":[0.4,0.4,0.4]},"ground":{"translation":[0,3,0],"scale":[0.25,0.25,0.25]},"gui":{"rotation":[30,225,0],"translation":[0,-2.25,0],"scale":[0.4,0.4,0.4]},"fixed":{"rotation":[-90,0,0],"translation":[0,0,-16],"scale":[2,2,2]}}}