{"credit":"Made with Blockbench","texture_size":[64,64],"textures":{"0":"hmcmodels:furniture/chess_furniture/black_king","particle":"hmcmodels:furniture/chess_furniture/black_king"},"elements":[{"from":[7.5,28,7.5],"to":[8.5,32,8.5],"faces":{"north":{"uv":[1.75,5,2,6],"texture":"#0"},"east":{"uv":[2,5,2.25,6],"texture":"#0"},"south":{"uv":[2.25,5,2.5,6],"texture":"#0"},"west":{"uv":[4,8,4.25,9],"texture":"#0"},"up":{"uv":[2,6.25,1.75,6],"texture":"#0"},"down":{"uv":[2.25,6,2,6.25],"texture":"#0"}}},{"from":[6.5,30,7.5],"to":[7.5,31,8.5],"faces":{"north":{"uv":[2.25,6,2.5,6.25],"texture":"#0"},"east":{"uv":[1.75,6.25,2,6.5],"texture":"#0"},"south":{"uv":[2,6.25,2.25,6.5],"texture":"#0"},"west":{"uv":[2.25,6.25,2.5,6.5],"texture":"#0"},"up":{"uv":[2,6.75,1.75,6.5],"texture":"#0"},"down":{"uv":[2.25,6.5,2,6.75],"texture":"#0"}}},{"from":[8.5,30,7.5],"to":[9.5,31,8.5],"faces":{"north":{"uv":[2.25,6.5,2.5,6.75],"texture":"#0"},"east":{"uv":[2.25,7.5,2.5,7.75],"texture":"#0"},"south":{"uv":[7.5,5.5,7.75,5.75],"texture":"#0"},"west":{"uv":[2.25,7.75,2.5,8],"texture":"#0"},"up":{"uv":[8,5.75,7.75,5.5],"texture":"#0"},"down":{"uv":[4.5,8,4.25,8.25],"texture":"#0"}}},{"from":[4.5,23,4.5],"to":[11.5,25,11.5],"faces":{"north":{"uv":[7.5,4,9.25,4.5],"texture":"#0"},"east":{"uv":[7.5,4.5,9.25,5],"texture":"#0"},"south":{"uv":[7.5,5,9.25,5.5],"texture":"#0"},"west":{"uv":[2.25,8,4,8.5],"texture":"#0"},"up":{"uv":[1.75,6.75,0,5],"texture":"#0"},"down":{"uv":[7.25,0,5.5,1.75],"texture":"#0"}}},{"from":[5.5,25,5.5],"to":[10.5,28,10.5],"faces":{"north":{"uv":[1,7.5,2.25,8.25],"texture":"#0"},"east":{"uv":[7.5,1.75,8.75,2.5],"texture":"#0"},"south":{"uv":[7.5,2.5,8.75,3.25],"texture":"#0"},"west":{"uv":[7.5,3.25,8.75,4],"texture":"#0"},"up":{"uv":[6.75,8.5,5.5,7.25],"texture":"#0"},"down":{"uv":[8,7.25,6.75,8.5],"texture":"#0"}}},{"from":[3,0,3],"to":[13,3,13],"faces":{"north":{"uv":[5.5,5.75,8,6.5],"texture":"#0"},"east":{"uv":[5.5,6.5,8,7.25],"texture":"#0"},"south":{"uv":[0,6.75,2.5,7.5],"texture":"#0"},"west":{"uv":[7.25,0,9.75,0.75],"texture":"#0"},"up":{"uv":[2.5,2.5,0,0],"texture":"#0"},"down":{"uv":[2.5,2.5,0,5],"texture":"#0"}}},{"from":[4,3,4],"to":[12,7,12],"faces":{"north":{"uv":[5.5,1.75,7.5,2.75],"texture":"#0"},"east":{"uv":[5.5,2.75,7.5,3.75],"texture":"#0"},"south":{"uv":[5.5,3.75,7.5,4.75],"texture":"#0"},"west":{"uv":[5.5,4.75,7.5,5.75],"texture":"#0"},"up":{"uv":[4.5,2,2.5,0],"texture":"#0"},"down":{"uv":[4.5,2,2.5,4],"texture":"#0"}}},{"from":[6,7,6],"to":[10,23,10],"faces":{"north":{"uv":[2.5,4,3.5,8],"texture":"#0"},"east":{"uv":[3.5,4,4.5,8],"texture":"#0"},"south":{"uv":[4.5,0,5.5,4],"texture":"#0"},"west":{"uv":[4.5,4,5.5,8],"texture":"#0"},"up":{"uv":[8.25,1.75,7.25,0.75],"texture":"#0"},"down":{"uv":[1,7.5,0,8.5],"texture":"#0"}}}],"display":{"thirdperson_righthand":{"rotation":[75,45,0],"translation":[0,2.5,0],"scale":[0.375,0.375,0.375]},"thirdperson_lefthand":{"rotation":[75,45,0],"translation":[0,2.5,0],"scale":[0.375,0.375,0.375]},"firstperson_righthand":{"rotation":[0,45,0],"scale":[0.4,0.4,0.4]},"firstperson_lefthand":{"rotation":[0,225,0],"scale":[0.4,0.4,0.4]},"ground":{"translation":[0,3,0],"scale":[0.25,0.25,0.25]},"gui":{"rotation":[30,225,0],"translation":[0,-2.25,0],"scale":[0.4,0.4,0.4]},"fixed":{"rotation":[-90,0,0],"translation":[0,0,-16],"scale":[2,2,2]}}}