{"credit":"Made with Blockbench","texture_size":[64,64],"textures":{"0":"hmcmodels:furniture/chess_furniture/black_pawn","particle":"hmcmodels:furniture/chess_furniture/black_pawn"},"elements":[{"from":[3,0,3],"to":[13,3,13],"faces":{"north":{"uv":[6.25,2,8.75,2.75],"texture":"#0"},"east":{"uv":[6.25,2.75,8.75,3.5],"texture":"#0"},"south":{"uv":[5.5,6.75,8,7.5],"texture":"#0"},"west":{"uv":[7.25,0,9.75,0.75],"texture":"#0"},"up":{"uv":[2.5,2.5,0,0],"texture":"#0"},"down":{"uv":[2.5,2.5,0,5],"texture":"#0"}}},{"from":[4,3,4],"to":[12,7,12],"faces":{"north":{"uv":[3.5,5.75,5.5,6.75],"texture":"#0"},"east":{"uv":[5.5,5.75,7.5,6.75],"texture":"#0"},"south":{"uv":[6,3.5,8,4.5],"texture":"#0"},"west":{"uv":[6,4.5,8,5.5],"texture":"#0"},"up":{"uv":[4.5,2,2.5,0],"texture":"#0"},"down":{"uv":[4.5,2,2.5,4],"texture":"#0"}}},{"from":[4.5,15,4.5],"to":[11.5,22,11.5],"faces":{"north":{"uv":[2.5,4,4.25,5.75],"texture":"#0"},"east":{"uv":[4.25,4,6,5.75],"texture":"#0"},"south":{"uv":[4.5,0,6.25,1.75],"texture":"#0"},"west":{"uv":[4.5,1.75,6.25,3.5],"texture":"#0"},"up":{"uv":[1.75,6.75,0,5],"texture":"#0"},"down":{"uv":[3.5,5.75,1.75,7.5],"texture":"#0"}}},{"from":[6,7,6],"to":[10,15,10],"faces":{"north":{"uv":[6.25,0,7.25,2],"texture":"#0"},"east":{"uv":[0,6.75,1,8.75],"texture":"#0"},"south":{"uv":[3.5,6.75,4.5,8.75],"texture":"#0"},"west":{"uv":[4.5,6.75,5.5,8.75],"texture":"#0"},"up":{"uv":[8.25,1.75,7.25,0.75],"texture":"#0"},"down":{"uv":[2,7.5,1,8.5],"texture":"#0"}}}],"display":{"thirdperson_righthand":{"rotation":[75,45,0],"translation":[0,2.5,0],"scale":[0.375,0.375,0.375]},"thirdperson_lefthand":{"rotation":[75,45,0],"translation":[0,2.5,0],"scale":[0.375,0.375,0.375]},"firstperson_righthand":{"rotation":[0,45,0],"scale":[0.4,0.4,0.4]},"firstperson_lefthand":{"rotation":[0,225,0],"scale":[0.4,0.4,0.4]},"ground":{"translation":[0,3,0],"scale":[0.25,0.25,0.25]},"gui":{"rotation":[30,225,0],"translation":[0,-2.25,0],"scale":[0.4,0.4,0.4]},"fixed":{"rotation":[-90,0,0],"translation":[0,0,-16],"scale":[2,2,2]}}}