{"credit":"Made with Blockbench","texture_size":[64,64],"textures":{"0":"hmcmodels:furniture/chess_furniture/black_rook","particle":"hmcmodels:furniture/chess_furniture/black_rook"},"elements":[{"from":[4.5,16,4.5],"to":[11.5,19,11.5],"faces":{"north":{"uv":[6.5,0.75,8.25,1.5],"texture":"#0"},"east":{"uv":[6.5,1.5,8.25,2.25],"texture":"#0"},"south":{"uv":[6.5,2.25,8.25,3],"texture":"#0"},"west":{"uv":[6,6.5,7.75,7.25],"texture":"#0"},"up":{"uv":[4.25,5.75,2.5,4],"texture":"#0"},"down":{"uv":[6,4,4.25,5.75],"texture":"#0"}}},{"from":[4.5,19,4.5],"to":[4.5,22,11.5],"faces":{"north":{"uv":[0,0,0,0.75],"texture":"#0"},"east":{"uv":[2,6.75,3.75,7.5],"texture":"#0"},"south":{"uv":[0,0,0,0.75],"texture":"#0"},"west":{"uv":[3.75,6.75,5.5,7.5],"texture":"#0"},"up":{"uv":[0,1.75,0,0],"texture":"#0"},"down":{"uv":[0,0,0,1.75],"texture":"#0"}}},{"from":[11.5,19,4.5],"to":[11.5,22,11.5],"faces":{"north":{"uv":[0,0,0,0.75],"texture":"#0"},"east":{"uv":[0,7.25,1.75,8],"texture":"#0"},"south":{"uv":[0,0,0,0.75],"texture":"#0"},"west":{"uv":[5.5,7.25,7.25,8],"texture":"#0"},"up":{"uv":[0,1.75,0,0],"texture":"#0"},"down":{"uv":[0,0,0,1.75],"texture":"#0"}}},{"from":[4.5,19,11.5],"to":[11.5,22,11.5],"rotation":{"angle":0,"axis":"y","origin":[8,20.5,8]},"faces":{"north":{"uv":[3.5,7.5,5.25,8.25],"texture":"#0"},"east":{"uv":[0,0,0,0.75],"texture":"#0"},"south":{"uv":[7.75,6.5,9.5,7.25],"texture":"#0"},"west":{"uv":[0,0,0,0.75],"texture":"#0"},"up":{"uv":[1.75,0,0,0],"texture":"#0"},"down":{"uv":[1.75,0,0,0],"texture":"#0"}}},{"from":[4.5,19,4.5],"to":[11.5,22,4.5],"rotation":{"angle":0,"axis":"y","origin":[8,20.5,8]},"faces":{"north":{"uv":[7.25,7.25,9,8],"texture":"#0"},"east":{"uv":[0,0,0,0.75],"texture":"#0"},"south":{"uv":[1.75,7.5,3.5,8.25],"texture":"#0"},"west":{"uv":[0,0,0,0.75],"texture":"#0"},"up":{"uv":[1.75,0,0,0],"texture":"#0"},"down":{"uv":[1.75,0,0,0],"texture":"#0"}}},{"from":[3,0,3],"to":[13,3,13],"faces":{"north":{"uv":[6,4.25,8.5,5],"texture":"#0"},"east":{"uv":[6,5,8.5,5.75],"texture":"#0"},"south":{"uv":[6,5.75,8.5,6.5],"texture":"#0"},"west":{"uv":[6.5,0,9,0.75],"texture":"#0"},"up":{"uv":[2.5,2.5,0,0],"texture":"#0"},"down":{"uv":[2.5,2.5,0,5],"texture":"#0"}}},{"from":[4,3,4],"to":[12,7,12],"faces":{"north":{"uv":[4.5,2.25,6.5,3.25],"texture":"#0"},"east":{"uv":[2,5.75,4,6.75],"texture":"#0"},"south":{"uv":[4,5.75,6,6.75],"texture":"#0"},"west":{"uv":[6,3.25,8,4.25],"texture":"#0"},"up":{"uv":[4.5,2,2.5,0],"texture":"#0"},"down":{"uv":[4.5,2,2.5,4],"texture":"#0"}}},{"from":[6,7,6],"to":[10,16,10],"faces":{"north":{"uv":[4.5,0,5.5,2.25],"texture":"#0"},"east":{"uv":[0,5,1,7.25],"texture":"#0"},"south":{"uv":[1,5,2,7.25],"texture":"#0"},"west":{"uv":[5.5,0,6.5,2.25],"texture":"#0"},"up":{"uv":[1,9,0,8],"texture":"#0"},"down":{"uv":[9,3,8,4],"texture":"#0"}}}],"display":{"thirdperson_righthand":{"rotation":[75,45,0],"translation":[0,2.5,0],"scale":[0.375,0.375,0.375]},"thirdperson_lefthand":{"rotation":[75,45,0],"translation":[0,2.5,0],"scale":[0.375,0.375,0.375]},"firstperson_righthand":{"rotation":[0,45,0],"scale":[0.4,0.4,0.4]},"firstperson_lefthand":{"rotation":[0,225,0],"scale":[0.4,0.4,0.4]},"ground":{"translation":[0,3,0],"scale":[0.25,0.25,0.25]},"gui":{"rotation":[30,225,0],"translation":[0,-2.25,0],"scale":[0.4,0.4,0.4]},"fixed":{"rotation":[-90,0,0],"translation":[0,0,-16],"scale":[2,2,2]}}}