{"credit":"Made with Blockbench","texture_size":[64,64],"textures":{"0":"hmcmodels:furniture/chess_furniture/white_knight","particle":"hmcmodels:furniture/chess_furniture/white_knight"},"elements":[{"from":[6,7,6],"to":[10,8,10],"faces":{"north":{"uv":[4,8.25,5,8.5],"texture":"#0"},"east":{"uv":[2,8.5,3,8.75],"texture":"#0"},"south":{"uv":[3,8.5,4,8.75],"texture":"#0"},"west":{"uv":[4,8.5,5,8.75],"texture":"#0"},"up":{"uv":[9,7.75,8,6.75],"texture":"#0"},"down":{"uv":[9.25,0,8.25,1],"texture":"#0"}}},{"from":[6,8,4],"to":[10,16,12],"faces":{"north":{"uv":[6,4.75,7,6.75],"texture":"#0"},"east":{"uv":[4,0,6,2],"texture":"#0"},"south":{"uv":[5,6,6,8],"texture":"#0"},"west":{"uv":[4,2,6,4],"texture":"#0"},"up":{"uv":[3,8.5,2,6.5],"texture":"#0"},"down":{"uv":[4,6.5,3,8.5],"texture":"#0"}}},{"from":[7,12,7],"to":[9,25,13],"faces":{"north":{"uv":[0,8,0.5,11.25],"texture":"#0"},"east":{"uv":[4,3.25,2.5,6.5],"texture":"#0"},"south":{"uv":[0.5,8,1,11.25],"texture":"#0"},"west":{"uv":[2.5,3.25,4,6.5],"texture":"#0"},"up":{"uv":[2.5,6.5,2,5],"texture":"#0"},"down":{"uv":[8.75,1,8.25,2.5],"texture":"#0"}}},{"from":[6,18,1],"to":[10,23,10],"rotation":{"angle":-22.5,"axis":"x","origin":[8,20.5,6.5]},"faces":{"north":{"uv":[1,8,2,9.25],"texture":"#0"},"east":{"uv":[6,0,8.25,1.25],"texture":"#0"},"south":{"uv":[5,8,6,9.25],"texture":"#0"},"west":{"uv":[6,1.25,8.25,2.5],"texture":"#0"},"up":{"uv":[7,4.75,6,2.5],"texture":"#0"},"down":{"uv":[5,6,4,8.25],"texture":"#0"}}},{"from":[6,23,7],"to":[7,25,9],"rotation":{"angle":-22.5,"axis":"x","origin":[8,20.5,6.5]},"faces":{"north":{"uv":[8.5,7.75,8.75,8.25],"texture":"#0"},"east":{"uv":[6,8.5,6.5,9],"texture":"#0"},"south":{"uv":[8,8.5,8.25,9],"texture":"#0"},"west":{"uv":[6.5,8.5,7,9],"texture":"#0"},"up":{"uv":[8.5,9,8.25,8.5],"texture":"#0"},"down":{"uv":[8.75,8.25,8.5,8.75],"texture":"#0"}}},{"from":[9,23,7],"to":[10,25,9],"rotation":{"angle":-22.5,"axis":"x","origin":[8,20.5,6.5]},"faces":{"north":{"uv":[8.75,1,9,1.5],"texture":"#0"},"east":{"uv":[7,8.5,7.5,9],"texture":"#0"},"south":{"uv":[8.75,1.5,9,2],"texture":"#0"},"west":{"uv":[7.5,8.5,8,9],"texture":"#0"},"up":{"uv":[2.25,9.25,2,8.75],"texture":"#0"},"down":{"uv":[9,2,8.75,2.5],"texture":"#0"}}},{"from":[3,0,3],"to":[13,3,13],"faces":{"north":{"uv":[7,4.5,9.5,5.25],"texture":"#0"},"east":{"uv":[7,5.25,9.5,6],"texture":"#0"},"south":{"uv":[7,6,9.5,6.75],"texture":"#0"},"west":{"uv":[6,7.75,8.5,8.5],"texture":"#0"},"up":{"uv":[2.5,2.5,0,0],"texture":"#0"},"down":{"uv":[2.5,2.5,0,5],"texture":"#0"}}},{"from":[4,3,4],"to":[12,7,12],"faces":{"north":{"uv":[6,6.75,8,7.75],"texture":"#0"},"east":{"uv":[0,7,2,8],"texture":"#0"},"south":{"uv":[7,2.5,9,3.5],"texture":"#0"},"west":{"uv":[7,3.5,9,4.5],"texture":"#0"},"up":{"uv":[6,6,4,4],"texture":"#0"},"down":{"uv":[2,5,0,7],"texture":"#0"}}}],"display":{"thirdperson_righthand":{"rotation":[75,45,0],"translation":[0,2.5,0],"scale":[0.375,0.375,0.375]},"thirdperson_lefthand":{"rotation":[75,45,0],"translation":[0,2.5,0],"scale":[0.375,0.375,0.375]},"firstperson_righthand":{"rotation":[0,45,0],"scale":[0.4,0.4,0.4]},"firstperson_lefthand":{"rotation":[0,225,0],"scale":[0.4,0.4,0.4]},"ground":{"translation":[0,3,0],"scale":[0.25,0.25,0.25]},"gui":{"rotation":[30,225,0],"translation":[0,-2.25,0],"scale":[0.4,0.4,0.4]},"fixed":{"rotation":[-90,0,0],"translation":[0,0,-16],"scale":[2,2,2]}}}