{"credit":"by w11shes","textures":{"0":"w11shes_furniture_pack/armchair","particle":"#0"},"elements":[{"from":[2,2,1],"to":[14,9,16],"faces":{"north":{"uv":[0,14.25,3,16],"texture":"#0","tintindex":1},"south":{"uv":[0,14.25,3,16],"texture":"#0","tintindex":1},"up":{"uv":[0,14.25,3,10.5],"texture":"#0","tintindex":1},"down":{"uv":[0,10.5,3,14.25],"texture":"#0","tintindex":1}}},{"from":[9,2,0.98],"to":[14,9,16.02],"rotation":{"angle":-22.5,"axis":"z","origin":[14,2,0]},"faces":{"north":{"uv":[4.25,14.25,3,16],"texture":"#0","tintindex":1},"east":{"uv":[4.25,14.25,8.01,16],"texture":"#0","tintindex":1},"south":{"uv":[3,14.25,4.25,16],"texture":"#0","tintindex":1},"west":{"uv":[8,14.25,11.76,16],"texture":"#0","tintindex":1}}},{"from":[9,9,0.98],"to":[16,14,16.02],"rotation":{"angle":-22.5,"axis":"z","origin":[14,2,0]},"faces":{"north":{"uv":[4.75,13,3,14.25],"texture":"#0","tintindex":1},"east":{"uv":[4.75,13,8.51,14.25],"texture":"#0","tintindex":1},"south":{"uv":[3,11.25,4.75,12.5],"texture":"#0","tintindex":1},"west":{"uv":[4.75,13,8.51,14.25],"texture":"#0","tintindex":1},"up":{"uv":[4.75,11.25,8.5,13],"rotation":90,"texture":"#0","tintindex":1},"down":{"uv":[3,14,4.75,14.25],"texture":"#0","tintindex":1}}},{"from":[2,2,0.98],"to":[7,9,16.02],"rotation":{"angle":22.5,"axis":"z","origin":[2,2,0]},"faces":{"north":{"uv":[3,14.25,4.25,16],"texture":"#0","tintindex":1},"east":{"uv":[8,14.25,11.76,16],"texture":"#0","tintindex":1},"south":{"uv":[4.25,14.25,3,16],"texture":"#0","tintindex":1},"west":{"uv":[4.25,14.25,8.01,16],"texture":"#0","tintindex":1}}},{"from":[0,9,0.98],"to":[7,14,16.02],"rotation":{"angle":22.5,"axis":"z","origin":[2,2,0]},"faces":{"north":{"uv":[3,13,4.75,14.25],"texture":"#0","tintindex":1},"east":{"uv":[4.75,13,8.51,14.25],"texture":"#0","tintindex":1},"south":{"uv":[4.75,11.25,3,12.5],"texture":"#0","tintindex":1},"west":{"uv":[4.75,13,8.51,14.25],"texture":"#0","tintindex":1},"up":{"uv":[4.75,11.25,8.5,13],"rotation":90,"texture":"#0","tintindex":1},"down":{"uv":[3,14,4.75,14.25],"texture":"#0","tintindex":1}}},{"from":[2,9,10],"to":[14,21,16],"faces":{"north":{"uv":[0,7.5,3,10.5],"texture":"#0","tintindex":1},"east":{"uv":[3,7.5,4.5,10.5],"texture":"#0","tintindex":1},"south":{"uv":[0,7.5,3,10.5],"texture":"#0","tintindex":1},"west":{"uv":[3,7.5,4.5,10.5],"texture":"#0","tintindex":1},"up":{"uv":[0,6,3,7.5],"texture":"#0","tintindex":1}}},{"from":[3,0,2],"to":[6,2,5],"faces":{"north":{"uv":[3,12.5,3.75,13],"texture":"#0"},"east":{"uv":[3,12.5,3.75,13],"texture":"#0"},"south":{"uv":[3,12.5,3.75,13],"texture":"#0"},"west":{"uv":[3,12.5,3.75,13],"texture":"#0"},"down":{"uv":[3,12.75,3.75,13],"texture":"#0"}}},{"from":[3,0,12],"to":[6,2,15],"faces":{"north":{"uv":[3,12.5,3.75,13],"texture":"#0"},"east":{"uv":[3,12.5,3.75,13],"texture":"#0"},"south":{"uv":[3,12.5,3.75,13],"texture":"#0"},"west":{"uv":[3,12.5,3.75,13],"texture":"#0"},"down":{"uv":[3,12.75,3.75,13],"texture":"#0"}}},{"from":[10,0,12],"to":[13,2,15],"faces":{"north":{"uv":[3,12.5,3.75,13],"texture":"#0"},"east":{"uv":[3,12.5,3.75,13],"texture":"#0"},"south":{"uv":[3,12.5,3.75,13],"texture":"#0"},"west":{"uv":[3,12.5,3.75,13],"texture":"#0"},"down":{"uv":[3,12.75,3.75,13],"texture":"#0"}}},{"from":[10,0,2],"to":[13,2,5],"faces":{"north":{"uv":[3,12.5,3.75,13],"texture":"#0"},"east":{"uv":[3,12.5,3.75,13],"texture":"#0"},"south":{"uv":[3,12.5,3.75,13],"texture":"#0"},"west":{"uv":[3,12.5,3.75,13],"texture":"#0"},"down":{"uv":[3,12.75,3.75,13],"texture":"#0"}}}],"display":{"thirdperson_righthand":{"rotation":[75,45,0],"translation":[0,2.5,0],"scale":[0.375,0.375,0.375]},"thirdperson_lefthand":{"rotation":[75,45,0],"translation":[0,2.5,0],"scale":[0.375,0.375,0.375]},"firstperson_righthand":{"rotation":[0,135,0],"translation":[0,1,0],"scale":[0.4,0.4,0.4]},"firstperson_lefthand":{"rotation":[0,135,0],"translation":[0,1,0],"scale":[0.4,0.4,0.4]},"ground":{"translation":[0,3,0],"scale":[0.25,0.25,0.25]},"gui":{"rotation":[30,144,0],"translation":[-0.2,-1,0],"scale":[0.44,0.44,0.44]},"head":{"translation":[0,-31,0],"scale":[1.6,1.6,1.6]},"fixed":{"rotation":[-90,0,0],"translation":[0,0,-16],"scale":[2,2,2]}}}