{"credit":"Made with Blockbench","textures":{"0":"hmcmodels:furniture/w11shes_furniture_pack/dark_cupboard","particle":"hmcmodels:furniture/w11shes_furniture_pack/dark_cupboard"},"elements":[{"from":[-8,-14,2],"to":[24,28,16],"faces":{"north":{"uv":[0,2.375,4,8],"texture":"#0"},"east":{"uv":[4,2.375,5.875,8],"texture":"#0"},"south":{"uv":[0,8.5,4,14.125],"texture":"#0"},"west":{"uv":[4,2.375,5.875,8],"texture":"#0"},"down":{"uv":[4,8,8,9.75],"texture":"#0"}}},{"from":[-8,28,1],"to":[24,32,16],"faces":{"north":{"uv":[0,1.875,4,2.375],"texture":"#0"},"east":{"uv":[4,1.875,5.875,2.375],"texture":"#0"},"south":{"uv":[0,1.875,4,2.375],"texture":"#0"},"west":{"uv":[4,1.875,5.875,2.375],"texture":"#0"},"up":{"uv":[0,0,4,1.875],"texture":"#0"},"down":{"uv":[0,0,4,1.875],"texture":"#0"}}},{"from":[-7,-16,3],"to":[-3,-14,7],"faces":{"north":{"uv":[0,14.125,0.5,14.375],"texture":"#0"},"east":{"uv":[0,14.125,0.5,14.375],"texture":"#0"},"south":{"uv":[0,14.125,0.5,14.375],"texture":"#0"},"west":{"uv":[0,14.125,0.5,14.375],"texture":"#0"},"down":{"uv":[0,14.125,0.5,14.25],"texture":"#0"}}},{"from":[-7,-16,11],"to":[-3,-14,15],"faces":{"north":{"uv":[0,14.125,0.5,14.375],"texture":"#0"},"east":{"uv":[0,14.125,0.5,14.375],"texture":"#0"},"south":{"uv":[0,14.125,0.5,14.375],"texture":"#0"},"west":{"uv":[0,14.125,0.5,14.375],"texture":"#0"},"down":{"uv":[0,14.125,0.5,14.25],"texture":"#0"}}},{"from":[19,-16,3],"to":[23,-14,7],"faces":{"north":{"uv":[0,14.125,0.5,14.375],"texture":"#0"},"east":{"uv":[0,14.125,0.5,14.375],"texture":"#0"},"south":{"uv":[0,14.125,0.5,14.375],"texture":"#0"},"west":{"uv":[0,14.125,0.5,14.375],"texture":"#0"},"down":{"uv":[0,14.125,0.5,14.25],"texture":"#0"}}},{"from":[19,-16,11],"to":[23,-14,15],"faces":{"north":{"uv":[0,14.125,0.5,14.375],"texture":"#0"},"east":{"uv":[0,14.125,0.5,14.375],"texture":"#0"},"south":{"uv":[0,14.125,0.5,14.375],"texture":"#0"},"west":{"uv":[0,14.125,0.5,14.375],"texture":"#0"},"down":{"uv":[0,14.125,0.5,14.25],"texture":"#0"}}},{"from":[-1.5,-8.2,0],"to":[3.5,-6.7,2],"faces":{"north":{"uv":[4,0,4.125,0.625],"rotation":90,"texture":"#0"},"east":{"uv":[4,0,4.125,0.25],"rotation":270,"texture":"#0"},"west":{"uv":[4,0,4.125,0.25],"rotation":270,"texture":"#0"},"up":{"uv":[4.25,0,4,0.625],"rotation":270,"texture":"#0"},"down":{"uv":[4,0,4.25,0.625],"rotation":270,"texture":"#0"}}},{"from":[3.3,5,0],"to":[4.8,10,2],"faces":{"north":{"uv":[4,0.625,4.125,0],"rotation":180,"texture":"#0"},"east":{"uv":[4,0.625,4.25,0],"rotation":180,"texture":"#0"},"west":{"uv":[4.25,0.625,4,0],"rotation":180,"texture":"#0"},"up":{"uv":[4,0.25,4.125,0],"rotation":180,"texture":"#0"},"down":{"uv":[4,0.25,4.125,0],"rotation":180,"texture":"#0"}}},{"from":[11.3,5,0],"to":[12.8,10,2],"faces":{"north":{"uv":[4,0.625,4.125,0],"rotation":180,"texture":"#0"},"east":{"uv":[4,0.625,4.25,0],"rotation":180,"texture":"#0"},"west":{"uv":[4.25,0.625,4,0],"rotation":180,"texture":"#0"},"up":{"uv":[4,0.25,4.125,0],"rotation":180,"texture":"#0"},"down":{"uv":[4,0.25,4.125,0],"rotation":180,"texture":"#0"}}},{"from":[12.5,-8.2,0],"to":[17.5,-6.7,2],"faces":{"north":{"uv":[4,0.625,4.125,0],"rotation":90,"texture":"#0"},"east":{"uv":[4,0.25,4.125,0],"rotation":270,"texture":"#0"},"west":{"uv":[4,0.25,4.125,0],"rotation":270,"texture":"#0"},"up":{"uv":[4.25,0.625,4,0],"rotation":270,"texture":"#0"},"down":{"uv":[4,0.625,4.25,0],"rotation":270,"texture":"#0"}}}],"display":{"thirdperson_righthand":{"rotation":[75,45,0],"translation":[-2,1.5,0],"scale":[0.25,0.25,0.25]},"thirdperson_lefthand":{"rotation":[75,45,0],"translation":[-2,1.5,0],"scale":[0.25,0.25,0.25]},"firstperson_righthand":{"rotation":[0,124,0],"translation":[0,1.5,0],"scale":[0.3,0.3,0.3]},"firstperson_lefthand":{"rotation":[0,124,0],"translation":[0,1.5,0],"scale":[0.3,0.3,0.3]},"ground":{"translation":[0,3,0],"scale":[0.2,0.2,0.2]},"gui":{"rotation":[30,225,0],"translation":[0,0.5,0],"scale":[0.25,0.25,0.25]},"head":{"translation":[0,-5,0],"scale":[1.6,1.6,1.6]},"fixed":{"rotation":[-90,0,0],"translation":[16,0,-43.5],"scale":[2,2,2]}}}