{"credit":"Made with Blockbench","textures":{"0":"hmcmodels:furniture/w11shes_furniture_pack/dark_cupboard","particle":"hmcmodels:furniture/w11shes_furniture_pack/dark_cupboard"},"elements":[{"from":[-5,-3,15],"to":[21,28,16],"faces":{"north":{"uv":[0.375,8.5,3.625,12.375],"texture":"#0"},"south":{"uv":[0.375,8.5,3.625,12.375],"texture":"#0"}}},{"from":[21,-3,2],"to":[24,28,16],"faces":{"north":{"uv":[0,2.375,0.375,6.25],"texture":"#0"},"east":{"uv":[4,2.375,5.875,6.25],"texture":"#0"},"south":{"uv":[3.625,2.375,4,6.25],"texture":"#0"},"west":{"uv":[4,2.375,5.875,6.25],"texture":"#0"},"down":{"uv":[4,8,8,9.75],"texture":"#0"}}},{"from":[19,-3,-10],"to":[21,28,2],"rotation":{"angle":-45,"axis":"y","origin":[21,0,2]},"faces":{"north":{"uv":[2.125,2.375,2.25,6.625],"texture":"#0"},"east":{"uv":[3.625,2.375,2.125,6.625],"texture":"#0"},"south":{"uv":[2.125,2.375,2.25,6.625],"texture":"#0"},"west":{"uv":[2.125,2.375,3.625,6.625],"texture":"#0"},"up":{"uv":[2.125,2.375,3.625,2.5],"texture":"#0"},"down":{"uv":[2.125,6.5,3.625,6.625],"texture":"#0"}}},{"from":[-8,-3,2],"to":[-5,28,16],"faces":{"north":{"uv":[0.375,2.375,0,6.25],"texture":"#0"},"east":{"uv":[5.875,2.375,4,6.25],"texture":"#0"},"south":{"uv":[4,2.375,3.625,6.25],"texture":"#0"},"west":{"uv":[5.875,2.375,4,6.25],"texture":"#0"},"down":{"uv":[8,8,4,9.75],"texture":"#0"}}},{"from":[-8,-14,2],"to":[24,-3,16],"faces":{"north":{"uv":[0,6.625,4,8],"texture":"#0"},"east":{"uv":[4,6.625,5.875,8],"texture":"#0"},"south":{"uv":[0,12.75,4,14.125],"texture":"#0"},"west":{"uv":[4,6.625,5.875,8],"texture":"#0"},"up":{"uv":[4,8,8,9.75],"texture":"#0"},"down":{"uv":[4,8,8,9.75],"texture":"#0"}}},{"from":[-8,28,1],"to":[24,32,16],"faces":{"north":{"uv":[0,1.875,4,2.375],"texture":"#0"},"east":{"uv":[4,1.875,5.875,2.375],"texture":"#0"},"south":{"uv":[0,1.875,4,2.375],"texture":"#0"},"west":{"uv":[4,1.875,5.875,2.375],"texture":"#0"},"up":{"uv":[0,0,4,1.875],"texture":"#0"},"down":{"uv":[0,0,4,1.875],"texture":"#0"}}},{"from":[-7,-16,3],"to":[-3,-14,7],"faces":{"north":{"uv":[0,14.125,0.5,14.375],"texture":"#0"},"east":{"uv":[0,14.125,0.5,14.375],"texture":"#0"},"south":{"uv":[0,14.125,0.5,14.375],"texture":"#0"},"west":{"uv":[0,14.125,0.5,14.375],"texture":"#0"},"down":{"uv":[0,14.125,0.5,14.25],"texture":"#0"}}},{"from":[-7,-16,11],"to":[-3,-14,15],"faces":{"north":{"uv":[0,14.125,0.5,14.375],"texture":"#0"},"east":{"uv":[0,14.125,0.5,14.375],"texture":"#0"},"south":{"uv":[0,14.125,0.5,14.375],"texture":"#0"},"west":{"uv":[0,14.125,0.5,14.375],"texture":"#0"},"down":{"uv":[0,14.125,0.5,14.25],"texture":"#0"}}},{"from":[19,-16,3],"to":[23,-14,7],"faces":{"north":{"uv":[0,14.125,0.5,14.375],"texture":"#0"},"east":{"uv":[0,14.125,0.5,14.375],"texture":"#0"},"south":{"uv":[0,14.125,0.5,14.375],"texture":"#0"},"west":{"uv":[0,14.125,0.5,14.375],"texture":"#0"},"down":{"uv":[0,14.125,0.5,14.25],"texture":"#0"}}},{"from":[19,-16,11],"to":[23,-14,15],"faces":{"north":{"uv":[0,14.125,0.5,14.375],"texture":"#0"},"east":{"uv":[0,14.125,0.5,14.375],"texture":"#0"},"south":{"uv":[0,14.125,0.5,14.375],"texture":"#0"},"west":{"uv":[0,14.125,0.5,14.375],"texture":"#0"},"down":{"uv":[0,14.125,0.5,14.25],"texture":"#0"}}},{"from":[-1.5,-8.2,0],"to":[3.5,-6.7,2],"faces":{"north":{"uv":[4,0,4.125,0.625],"rotation":90,"texture":"#0"},"east":{"uv":[4,0,4.125,0.25],"rotation":270,"texture":"#0"},"west":{"uv":[4,0,4.125,0.25],"rotation":270,"texture":"#0"},"up":{"uv":[4.25,0,4,0.625],"rotation":270,"texture":"#0"},"down":{"uv":[4,0,4.25,0.625],"rotation":270,"texture":"#0"}}},{"from":[12.5,-8.2,0],"to":[17.5,-6.7,2],"faces":{"north":{"uv":[4,0.625,4.125,0],"rotation":90,"texture":"#0"},"east":{"uv":[4,0.25,4.125,0],"rotation":270,"texture":"#0"},"west":{"uv":[4,0.25,4.125,0],"rotation":270,"texture":"#0"},"up":{"uv":[4.25,0.625,4,0],"rotation":270,"texture":"#0"},"down":{"uv":[4,0.625,4.25,0],"rotation":270,"texture":"#0"}}},{"from":[21,5.5,-7.7],"to":[23,10.5,-6.2],"rotation":{"angle":-45,"axis":"y","origin":[21,0,2]},"faces":{"north":{"uv":[4,0,4.25,0.625],"texture":"#0"},"east":{"uv":[4.125,0,4,0.625],"texture":"#0"},"south":{"uv":[4.25,0,4,0.625],"texture":"#0"},"up":{"uv":[4,0.25,4.125,0],"rotation":270,"texture":"#0"},"down":{"uv":[4,0.25,4.125,0],"rotation":90,"texture":"#0"}}},{"from":[-5,-3,-10],"to":[-3,28,2],"rotation":{"angle":45,"axis":"y","origin":[-3,0,2]},"faces":{"north":{"uv":[2.25,2.375,2.125,6.625],"texture":"#0"},"east":{"uv":[3.625,2.375,2.125,6.625],"texture":"#0"},"south":{"uv":[2.25,2.375,2.125,6.625],"texture":"#0"},"west":{"uv":[2.125,2.375,3.625,6.625],"texture":"#0"},"up":{"uv":[3.625,2.375,2.125,2.5],"texture":"#0"},"down":{"uv":[3.625,6.5,2.125,6.625],"texture":"#0"}}},{"from":[-7,5.5,-7.7],"to":[-5,10.5,-6.2],"rotation":{"angle":45,"axis":"y","origin":[-5,0,2]},"faces":{"north":{"uv":[4.25,0,4,0.625],"texture":"#0"},"south":{"uv":[4,0,4.25,0.625],"texture":"#0"},"west":{"uv":[4,0,4.125,0.625],"texture":"#0"},"up":{"uv":[4,0,4.125,0.25],"rotation":270,"texture":"#0"},"down":{"uv":[4,0,4.125,0.25],"rotation":90,"texture":"#0"}}},{"from":[-4,21,8.5],"to":[21,23,10.5],"faces":{"north":{"uv":[0.5,14.125,3.625,14.375],"texture":"#0"},"south":{"uv":[0.5,14.125,3.625,14.375],"texture":"#0"},"up":{"uv":[0.5,14.125,3.625,14.25],"texture":"#0"},"down":{"uv":[0.5,14.125,3.625,14.25],"texture":"#0"}}},{"from":[15,16,5],"to":[15.02,24,14],"faces":{"east":{"uv":[5.125,0.875,4,1.875],"texture":"#0"},"west":{"uv":[4,0.875,5.125,1.875],"texture":"#0"}}},{"from":[10,16,5],"to":[10.02,24,14],"faces":{"east":{"uv":[5.125,0.875,4,1.875],"texture":"#0"},"west":{"uv":[4,0.875,5.125,1.875],"texture":"#0"}}},{"from":[5,16,5],"to":[5.02,24,14],"faces":{"east":{"uv":[5.125,0.875,4,1.875],"texture":"#0"},"west":{"uv":[4,0.875,5.125,1.875],"texture":"#0"}}},{"from":[4,3,4],"to":[6,19,13],"faces":{"north":{"uv":[14.75,0,15,2],"texture":"#0"},"east":{"uv":[13.5,0,14.625,2],"texture":"#0"},"south":{"uv":[14.75,0,15,2],"texture":"#0"},"west":{"uv":[14.875,0,16,2],"texture":"#0"},"up":{"uv":[14.875,2,16,2.25],"rotation":90,"texture":"#0"}}},{"from":[9,7,4],"to":[11,19,13],"faces":{"north":{"uv":[14.75,2.375,15,3.875],"texture":"#0"},"east":{"uv":[13.5,2.375,14.625,3.875],"texture":"#0"},"south":{"uv":[14.75,2.5,15,4],"texture":"#0"},"west":{"uv":[14.875,2.375,16,3.875],"texture":"#0"},"up":{"uv":[14.875,3.875,16,4.125],"rotation":90,"texture":"#0"}}},{"from":[14,6,4],"to":[16,19,13],"faces":{"north":{"uv":[14.75,4.25,15,5.875],"texture":"#0"},"east":{"uv":[13.5,4.25,14.625,5.875],"texture":"#0"},"south":{"uv":[14.75,4.375,15,6],"texture":"#0"},"west":{"uv":[14.875,4.25,16,5.875],"texture":"#0"},"up":{"uv":[14.875,5.875,16,6.125],"rotation":90,"texture":"#0"}}},{"from":[6,19,13],"to":[4,3,4],"faces":{"north":{"uv":[14.75,2.125,15,0],"texture":"#0"},"east":{"uv":[14.875,2.125,16,0],"texture":"#0"},"south":{"uv":[14.75,2.125,15,0],"texture":"#0"},"west":{"uv":[13.5,2.125,14.625,0],"texture":"#0"},"down":{"uv":[14.875,0.125,16,0],"rotation":90,"texture":"#0"}}},{"from":[11,19,13],"to":[9,7,4],"faces":{"north":{"uv":[14.75,3.875,15,2.375],"texture":"#0"},"east":{"uv":[14.875,3.875,16,2.375],"texture":"#0"},"south":{"uv":[14.75,3.875,15,2.375],"texture":"#0"},"west":{"uv":[13.5,3.875,14.625,2.375],"texture":"#0"},"down":{"uv":[14.875,4.125,16,4],"rotation":90,"texture":"#0"}}},{"from":[16,19,13],"to":[14,6,4],"faces":{"north":{"uv":[14.75,5.875,15,4.25],"texture":"#0"},"east":{"uv":[14.875,5.875,16,4.25],"texture":"#0"},"south":{"uv":[14.75,5.875,15,4.25],"texture":"#0"},"west":{"uv":[13.5,5.875,14.625,4.25],"texture":"#0"},"down":{"uv":[14.875,6.125,16,5.875],"rotation":90,"texture":"#0"}}},{"from":[4,10,2],"to":[6,19,4],"faces":{"north":{"uv":[13,0.25,13.25,1.375],"texture":"#0"},"east":{"uv":[12.75,0.25,13,1.375],"texture":"#0"},"west":{"uv":[13.25,0.25,13.5,1.375],"texture":"#0"},"up":{"uv":[13.25,0,13.5,0.25],"rotation":90,"texture":"#0"}}},{"from":[9,10,2],"to":[11,19,4],"faces":{"north":{"uv":[13,2.625,13.25,3.75],"texture":"#0"},"east":{"uv":[12.75,2.625,13,3.75],"texture":"#0"},"west":{"uv":[13.25,2.625,13.5,3.75],"texture":"#0"},"up":{"uv":[13.25,2.375,13.5,2.625],"rotation":90,"texture":"#0"}}},{"from":[14,10,2],"to":[16,19,4],"faces":{"north":{"uv":[13,4.5,13.25,5.625],"texture":"#0"},"east":{"uv":[12.75,4.5,13,5.625],"texture":"#0"},"west":{"uv":[13.25,4.5,13.5,5.625],"texture":"#0"},"up":{"uv":[13.25,4.25,13.5,4.5],"rotation":90,"texture":"#0"}}},{"from":[4,10,13],"to":[6,19,15],"rotation":{"angle":0,"axis":"x","origin":[0,0,16]},"faces":{"east":{"uv":[13,0.25,12.75,1.375],"texture":"#0"},"south":{"uv":[13.25,0.25,13,1.375],"texture":"#0"},"west":{"uv":[13.5,0.25,13.25,1.375],"texture":"#0"},"up":{"uv":[13.5,0,13.25,0.25],"rotation":90,"texture":"#0"}}},{"from":[9,10,13],"to":[11,19,15],"rotation":{"angle":0,"axis":"x","origin":[0,0,16]},"faces":{"east":{"uv":[13,2.625,12.75,3.75],"texture":"#0"},"south":{"uv":[13.25,2.625,13,3.75],"texture":"#0"},"west":{"uv":[13.5,2.625,13.25,3.75],"texture":"#0"},"up":{"uv":[13.5,2.375,13.25,2.625],"rotation":90,"texture":"#0"}}},{"from":[14,10,13],"to":[16,19,15],"rotation":{"angle":0,"axis":"x","origin":[0,0,16]},"faces":{"east":{"uv":[13,4.5,12.75,5.625],"texture":"#0"},"south":{"uv":[13.25,4.5,13,5.625],"texture":"#0"},"west":{"uv":[13.5,4.5,13.25,5.625],"texture":"#0"},"up":{"uv":[13.5,4.25,13.25,4.5],"rotation":90,"texture":"#0"}}}],"display":{"thirdperson_righthand":{"rotation":[75,45,0],"translation":[-2,1.5,0],"scale":[0.25,0.25,0.25]},"thirdperson_lefthand":{"rotation":[75,45,0],"translation":[-2,1.5,0],"scale":[0.25,0.25,0.25]},"firstperson_righthand":{"rotation":[0,124,0],"translation":[0,1.5,0],"scale":[0.3,0.3,0.3]},"firstperson_lefthand":{"rotation":[0,124,0],"translation":[0,1.5,0],"scale":[0.3,0.3,0.3]},"ground":{"translation":[0,3,0],"scale":[0.2,0.2,0.2]},"gui":{"rotation":[30,225,0],"translation":[0,0.5,0],"scale":[0.25,0.25,0.25]},"head":{"translation":[0,-5,0],"scale":[1.6,1.6,1.6]},"fixed":{"rotation":[-90,0,0],"translation":[16,0,-43.5],"scale":[2,2,2]}}}