{"credit":"by w11shes","textures":{"0":"hmcmodels:furniture/w11shes_furniture_pack/dark_chair","particle":"#0"},"elements":[{"from":[1,0,3],"to":[4,7,6],"faces":{"north":{"uv":[1.5,12.5,0,16],"texture":"#0"},"east":{"uv":[0,12.5,1.5,16],"texture":"#0"},"south":{"uv":[1.5,12.5,0,16],"texture":"#0"},"west":{"uv":[0,12.5,1.5,16],"texture":"#0"},"down":{"uv":[1,15.5,1.5,16],"texture":"#0"}}},{"from":[1,0,2],"to":[4,2,3],"faces":{"north":{"uv":[1.5,15,0,16],"texture":"#0"},"east":{"uv":[1,15,1.5,16],"texture":"#0"},"west":{"uv":[1,15,1.5,16],"texture":"#0"},"up":{"uv":[1,15,1.5,15.5],"texture":"#0"},"down":{"uv":[1,15.5,1.5,16],"texture":"#0"}}},{"from":[12,0,2],"to":[15,2,3],"faces":{"north":{"uv":[1.5,15,0,16],"texture":"#0"},"east":{"uv":[1,15,1.5,16],"texture":"#0"},"west":{"uv":[1,15,1.5,16],"texture":"#0"},"up":{"uv":[1,15,1.5,15.5],"texture":"#0"},"down":{"uv":[1,15.5,1.5,16],"texture":"#0"}}},{"from":[12,0,3],"to":[15,7,6],"faces":{"north":{"uv":[0,12.5,1.5,16],"texture":"#0"},"east":{"uv":[1.5,12.5,0,16],"texture":"#0"},"south":{"uv":[0,12.5,1.5,16],"texture":"#0"},"west":{"uv":[1.5,12.5,0,16],"texture":"#0"},"down":{"uv":[1,15.5,1.5,16],"texture":"#0"}}},{"from":[2,4,6],"to":[4,6,13],"faces":{"east":{"uv":[1.5,15,5,16],"texture":"#0"},"west":{"uv":[1.5,15,5,16],"texture":"#0"},"up":{"uv":[1.5,15,5,15.5],"rotation":90,"texture":"#0"},"down":{"uv":[1.5,15.5,5,16],"rotation":90,"texture":"#0"}}},{"from":[12,4,6],"to":[14,6,13],"faces":{"north":{"uv":[0,0,2,2],"texture":"#0"},"east":{"uv":[1.5,15,5,16],"texture":"#0"},"south":{"uv":[0,0,2,2],"texture":"#0"},"west":{"uv":[1.5,15,5,16],"texture":"#0"},"up":{"uv":[1.5,15,5,15.5],"rotation":90,"texture":"#0"},"down":{"uv":[1.5,15.5,5,16],"rotation":90,"texture":"#0"}}},{"from":[12,0,13],"to":[15,7,16],"faces":{"north":{"uv":[1.5,12.5,0,16],"texture":"#0"},"east":{"uv":[0,12.5,1.5,16],"texture":"#0"},"south":{"uv":[1.5,12.5,0,16],"texture":"#0"},"west":{"uv":[0,12.5,1.5,16],"texture":"#0"},"down":{"uv":[1,15.5,1.5,16],"texture":"#0"}}},{"from":[1,0,13],"to":[4,7,16],"faces":{"north":{"uv":[0,12.5,1.5,16],"texture":"#0"},"east":{"uv":[1.5,12.5,0,16],"texture":"#0"},"south":{"uv":[0,12.5,1.5,16],"texture":"#0"},"west":{"uv":[1.5,12.5,0,16],"texture":"#0"},"down":{"uv":[0,0,3,3],"texture":"#0"}}},{"from":[1,10,13],"to":[4,24,16],"faces":{"north":{"uv":[1.5,4,0,11],"texture":"#0"},"east":{"uv":[0,4,1.5,11],"texture":"#0"},"south":{"uv":[1.5,4,0,11],"texture":"#0"},"west":{"uv":[0,4,1.5,11],"texture":"#0"},"up":{"uv":[0,2.5,1.5,4],"texture":"#0"}}},{"from":[4,15,13],"to":[12,21,16],"faces":{"north":{"uv":[4,1.5,8,4.5],"texture":"#0","tintindex":0},"south":{"uv":[4,1.5,8,4.5],"texture":"#0","tintindex":0}}},{"from":[4,21,13],"to":[12,23,16],"faces":{"north":{"uv":[1.5,14,5.5,15],"texture":"#0"},"south":{"uv":[1.5,14,5.5,15],"texture":"#0"},"up":{"uv":[1.5,12.5,5.5,14],"texture":"#0"}}},{"from":[4,13,13],"to":[12,15,16],"faces":{"north":{"uv":[1.5,14,5.5,15],"texture":"#0"},"south":{"uv":[1.5,14,5.5,15],"texture":"#0"},"down":{"uv":[1.5,14.5,5.5,15],"texture":"#0"}}},{"from":[12,10,13],"to":[15,24,16],"faces":{"north":{"uv":[0,4,1.5,11],"texture":"#0"},"east":{"uv":[1.5,4,0,11],"texture":"#0"},"south":{"uv":[0,4,1.5,11],"texture":"#0"},"west":{"uv":[1.5,4,0,11],"texture":"#0"},"up":{"uv":[0,2.5,1.5,4],"texture":"#0"}}},{"from":[1,7,2],"to":[15,10,16],"faces":{"north":{"uv":[9,8,16,9.5],"texture":"#0"},"east":{"uv":[0,11,7,12.5],"texture":"#0"},"south":{"uv":[16,14.5,9,16],"texture":"#0"},"west":{"uv":[7,11,0,12.5],"texture":"#0"},"up":{"uv":[9,14.5,16,7.5],"texture":"#0"},"down":{"uv":[9,7.5,16,14.5],"texture":"#0"}}},{"from":[0.9,8.1,1.9],"to":[15.1,10.1,11.9],"faces":{"north":{"uv":[9,6.5,16,7.5],"texture":"#0","tintindex":0},"east":{"uv":[9,6,8,1.5],"rotation":90,"texture":"#0","tintindex":0},"west":{"uv":[9,6,8,1.5],"rotation":90,"texture":"#0","tintindex":0},"up":{"uv":[9,6.5,16,1.5],"texture":"#0","tintindex":0}}}],"display":{"thirdperson_righthand":{"rotation":[75,45,0],"translation":[0,2.5,0],"scale":[0.375,0.375,0.375]},"thirdperson_lefthand":{"rotation":[75,45,0],"translation":[0,2.5,0],"scale":[0.375,0.375,0.375]},"firstperson_righthand":{"rotation":[0,121,0],"scale":[0.4,0.4,0.4]},"firstperson_lefthand":{"rotation":[0,122,0],"scale":[0.4,0.4,0.4]},"ground":{"translation":[0,3,0],"scale":[0.25,0.25,0.25]},"gui":{"rotation":[30,225,0],"translation":[0,-2,0],"scale":[0.5,0.5,0.5]},"head":{"translation":[0,-31,0],"scale":[1.6,1.6,1.6]},"fixed":{"rotation":[-90,0,0],"translation":[0,0,-16],"scale":[2,2,2]}}}