{"credit":"by w11shes","textures":{"0":"w11shes_furniture_pack/dark_table","particle":"#0"},"elements":[{"from":[-5,12,-5],"to":[21,16,21],"faces":{"north":{"uv":[0,6.5,6.5,7.5],"texture":"#0"},"east":{"uv":[0,6.5,6.5,7.5],"texture":"#0"},"south":{"uv":[0,6.5,6.5,7.5],"texture":"#0"},"west":{"uv":[0,6.5,6.5,7.5],"texture":"#0"},"up":{"uv":[0,0,6.5,6.25],"texture":"#0"},"down":{"uv":[0,0,6.5,6.25],"texture":"#0"}}},{"from":[5,3,5],"to":[11,12,11],"rotation":{"angle":0,"axis":"y","origin":[0,0,8]},"faces":{"north":{"uv":[0,7.5,1.5,9.75],"texture":"#0"},"east":{"uv":[0,7.5,1.5,9.75],"texture":"#0"},"south":{"uv":[0,7.5,1.5,9.75],"texture":"#0"},"west":{"uv":[0,7.5,1.5,9.75],"texture":"#0"},"down":{"uv":[0,9.75,1.5,11.25],"texture":"#0"}}},{"from":[6.5,0,3],"to":[9.5,6,6],"rotation":{"angle":45,"axis":"y","origin":[8,0,8]},"faces":{"north":{"uv":[1.5,7.5,2.25,9],"texture":"#0"},"east":{"uv":[3,7.5,2.25,9],"texture":"#0"},"south":{"uv":[3,7.5,3.75,9],"texture":"#0"},"west":{"uv":[2.25,7.5,3,9],"texture":"#0"},"up":{"uv":[2,7.5,1.5,8.25],"texture":"#0"},"down":{"uv":[3,9,3.75,8.25],"texture":"#0"}}},{"from":[6.5,0,2],"to":[9.5,2,3],"rotation":{"angle":45,"axis":"y","origin":[8,0,8]},"faces":{"north":{"uv":[1.5,9,2.25,9.5],"texture":"#0"},"east":{"uv":[1.5,9,1.75,9.5],"texture":"#0"},"west":{"uv":[1.5,9,1.75,9.5],"texture":"#0"},"up":{"uv":[1.5,9,2.25,9.25],"texture":"#0"},"down":{"uv":[1.5,9.25,2.25,9.5],"texture":"#0"}}},{"from":[6.5,0,10],"to":[9.5,6,13],"rotation":{"angle":-45,"axis":"y","origin":[8,0,8]},"faces":{"north":{"uv":[3.75,7.5,3,9],"texture":"#0"},"east":{"uv":[2.25,7.5,3,9],"texture":"#0"},"south":{"uv":[2.25,7.5,1.5,9],"texture":"#0"},"west":{"uv":[3,7.5,2.25,9],"texture":"#0"},"up":{"uv":[2,8.25,1.5,7.5],"texture":"#0"},"down":{"uv":[3,8.25,3.75,9],"texture":"#0"}}},{"from":[6.5,0,13],"to":[9.5,2,14],"rotation":{"angle":-45,"axis":"y","origin":[8,0,8]},"faces":{"east":{"uv":[1.75,9,1.5,9.5],"texture":"#0"},"south":{"uv":[2.25,9,1.5,9.5],"texture":"#0"},"west":{"uv":[1.75,9,1.5,9.5],"texture":"#0"},"up":{"uv":[1.5,9.25,2.25,9],"texture":"#0"},"down":{"uv":[1.5,9.5,2.25,9.25],"texture":"#0"}}},{"from":[6.5,0,10],"to":[9.5,6,13],"rotation":{"angle":45,"axis":"y","origin":[8,0,8]},"faces":{"north":{"uv":[3,7.5,3.75,9],"texture":"#0"},"east":{"uv":[2.25,7.5,3,9],"texture":"#0"},"south":{"uv":[1.5,7.5,2.25,9],"texture":"#0"},"west":{"uv":[3,7.5,2.25,9],"texture":"#0"},"up":{"uv":[1.5,8.25,2,7.5],"texture":"#0"},"down":{"uv":[3.75,8.25,3,9],"texture":"#0"}}},{"from":[6.5,0,13],"to":[9.5,2,14],"rotation":{"angle":45,"axis":"y","origin":[8,0,8]},"faces":{"east":{"uv":[1.5,9,1.75,9.5],"texture":"#0"},"south":{"uv":[1.5,9,2.25,9.5],"texture":"#0"},"west":{"uv":[1.5,9,1.75,9.5],"texture":"#0"},"up":{"uv":[2.25,9.25,1.5,9],"texture":"#0"},"down":{"uv":[2.25,9.5,1.5,9.25],"texture":"#0"}}},{"from":[6.5,0,3],"to":[9.5,6,6],"rotation":{"angle":-45,"axis":"y","origin":[8,0,8]},"faces":{"north":{"uv":[2.25,7.5,1.5,9],"texture":"#0"},"east":{"uv":[3,7.5,2.25,9],"texture":"#0"},"south":{"uv":[3.75,7.5,3,9],"texture":"#0"},"west":{"uv":[2.25,7.5,3,9],"texture":"#0"},"up":{"uv":[1.5,7.5,2,8.25],"texture":"#0"},"down":{"uv":[3.75,9,3,8.25],"texture":"#0"}}},{"from":[6.5,0,2],"to":[9.5,2,3],"rotation":{"angle":-45,"axis":"y","origin":[8,0,8]},"faces":{"north":{"uv":[2.25,9,1.5,9.5],"texture":"#0"},"east":{"uv":[1.75,9,1.5,9.5],"texture":"#0"},"west":{"uv":[1.75,9,1.5,9.5],"texture":"#0"},"up":{"uv":[2.25,9,1.5,9.25],"texture":"#0"},"down":{"uv":[2.25,9.25,1.5,9.5],"texture":"#0"}}}],"display":{"thirdperson_righthand":{"rotation":[75,45,0],"translation":[0,2.5,0],"scale":[0.375,0.375,0.375]},"thirdperson_lefthand":{"rotation":[75,45,0],"translation":[0,2.5,0],"scale":[0.375,0.375,0.375]},"firstperson_righthand":{"rotation":[0,45,0],"scale":[0.4,0.4,0.4]},"firstperson_lefthand":{"rotation":[0,225,0],"scale":[0.4,0.4,0.4]},"ground":{"translation":[0,3,0],"scale":[0.25,0.25,0.25]},"gui":{"rotation":[30,225,0],"translation":[0,-1.5,0],"scale":[0.4,0.4,0.4]},"head":{"translation":[0,-31,0],"scale":[1.6,1.6,1.6]},"fixed":{"rotation":[-90,0,0],"translation":[0,0,-16],"scale":[2,2,2]}}}