{"credit":"by w11shes","textures":{"0":"w11shes_furniture_pack/double_dark_table","particle":"#0"},"elements":[{"from":[-15,12,-5],"to":[31,16,21],"faces":{"north":{"uv":[0,6.5,11.5,7.5],"texture":"#0"},"east":{"uv":[11.5,0,12.5,6.5],"rotation":90,"texture":"#0"},"south":{"uv":[0,6.5,11.5,7.5],"texture":"#0"},"west":{"uv":[11.5,0,12.5,6.5],"rotation":90,"texture":"#0"},"up":{"uv":[0,0,11.5,6.5],"texture":"#0"},"down":{"uv":[0,0,11.5,6.5],"texture":"#0"}}},{"from":[-7,3,5],"to":[-1,12,11],"rotation":{"angle":0,"axis":"y","origin":[0,0,8]},"faces":{"north":{"uv":[0,7.5,1.5,9.75],"texture":"#0"},"east":{"uv":[0,7.5,1.5,9.75],"texture":"#0"},"south":{"uv":[0,7.5,1.5,9.75],"texture":"#0"},"west":{"uv":[0,7.5,1.5,9.75],"texture":"#0"},"down":{"uv":[0,9.75,1.5,11.25],"texture":"#0"}}},{"from":[17,3,5],"to":[23,12,11],"rotation":{"angle":0,"axis":"y","origin":[0,0,8]},"faces":{"north":{"uv":[0,7.5,1.5,9.75],"texture":"#0"},"east":{"uv":[0,7.5,1.5,9.75],"texture":"#0"},"south":{"uv":[0,7.5,1.5,9.75],"texture":"#0"},"west":{"uv":[0,7.5,1.5,9.75],"texture":"#0"},"down":{"uv":[0,9.75,1.5,11.25],"texture":"#0"}}},{"from":[-1,4,6],"to":[17,7,10],"rotation":{"angle":0,"axis":"y","origin":[0,0,8]},"faces":{"north":{"uv":[14.25,0,13.5,4.5],"rotation":90,"texture":"#0"},"south":{"uv":[14.25,0,13.5,4.5],"rotation":90,"texture":"#0"},"up":{"uv":[15.25,0,14.25,4.5],"rotation":90,"texture":"#0"},"down":{"uv":[13.5,0,12.5,4.5],"rotation":90,"texture":"#0"}}},{"from":[-5.5,0,3],"to":[-2.5,6,6],"rotation":{"angle":45,"axis":"y","origin":[-4,0,8]},"faces":{"north":{"uv":[1.5,7.5,2.25,9],"texture":"#0"},"east":{"uv":[3,7.5,2.25,9],"texture":"#0"},"south":{"uv":[3,7.5,3.75,9],"texture":"#0"},"west":{"uv":[2.25,7.5,3,9],"texture":"#0"},"up":{"uv":[2,7.5,1.5,8.25],"texture":"#0"},"down":{"uv":[3,9,3.75,8.25],"texture":"#0"}}},{"from":[-5.5,0,2],"to":[-2.5,2,3],"rotation":{"angle":45,"axis":"y","origin":[-4,0,8]},"faces":{"north":{"uv":[1.5,9,2.25,9.5],"texture":"#0"},"east":{"uv":[1.5,9,1.75,9.5],"texture":"#0"},"west":{"uv":[1.5,9,1.75,9.5],"texture":"#0"},"up":{"uv":[1.5,9,2.25,9.25],"texture":"#0"},"down":{"uv":[1.5,9.25,2.25,9.5],"texture":"#0"}}},{"from":[-5.5,0,10],"to":[-2.5,6,13],"rotation":{"angle":-45,"axis":"y","origin":[-4,0,8]},"faces":{"north":{"uv":[3.75,7.5,3,9],"texture":"#0"},"east":{"uv":[2.25,7.5,3,9],"texture":"#0"},"south":{"uv":[2.25,7.5,1.5,9],"texture":"#0"},"west":{"uv":[3,7.5,2.25,9],"texture":"#0"},"up":{"uv":[2,8.25,1.5,7.5],"texture":"#0"},"down":{"uv":[3,8.25,3.75,9],"texture":"#0"}}},{"from":[-5.5,0,13],"to":[-2.5,2,14],"rotation":{"angle":-45,"axis":"y","origin":[-4,0,8]},"faces":{"east":{"uv":[1.75,9,1.5,9.5],"texture":"#0"},"south":{"uv":[2.25,9,1.5,9.5],"texture":"#0"},"west":{"uv":[1.75,9,1.5,9.5],"texture":"#0"},"up":{"uv":[1.5,9.25,2.25,9],"texture":"#0"},"down":{"uv":[1.5,9.5,2.25,9.25],"texture":"#0"}}},{"from":[18.5,0,2],"to":[21.5,2,3],"rotation":{"angle":-45,"axis":"y","origin":[20,0,8]},"faces":{"north":{"uv":[2.25,9,1.5,9.5],"texture":"#0"},"east":{"uv":[1.75,9,1.5,9.5],"texture":"#0"},"west":{"uv":[1.75,9,1.5,9.5],"texture":"#0"},"up":{"uv":[2.25,9,1.5,9.25],"texture":"#0"},"down":{"uv":[2.25,9.25,1.5,9.5],"texture":"#0"}}},{"from":[18.5,0,3],"to":[21.5,6,6],"rotation":{"angle":-45,"axis":"y","origin":[20,0,8]},"faces":{"north":{"uv":[2.25,7.5,1.5,9],"texture":"#0"},"east":{"uv":[3,7.5,2.25,9],"texture":"#0"},"south":{"uv":[3.75,7.5,3,9],"texture":"#0"},"west":{"uv":[2.25,7.5,3,9],"texture":"#0"},"up":{"uv":[1.5,7.5,2,8.25],"texture":"#0"},"down":{"uv":[3.75,9,3,8.25],"texture":"#0"}}},{"from":[18.5,0,13],"to":[21.5,2,14],"rotation":{"angle":45,"axis":"y","origin":[20,0,8]},"faces":{"east":{"uv":[1.5,9,1.75,9.5],"texture":"#0"},"south":{"uv":[1.5,9,2.25,9.5],"texture":"#0"},"west":{"uv":[1.5,9,1.75,9.5],"texture":"#0"},"up":{"uv":[2.25,9.25,1.5,9],"texture":"#0"},"down":{"uv":[2.25,9.5,1.5,9.25],"texture":"#0"}}},{"from":[18.5,0,10],"to":[21.5,6,13],"rotation":{"angle":45,"axis":"y","origin":[20,0,8]},"faces":{"north":{"uv":[3,7.5,3.75,9],"texture":"#0"},"east":{"uv":[2.25,7.5,3,9],"texture":"#0"},"south":{"uv":[1.5,7.5,2.25,9],"texture":"#0"},"west":{"uv":[3,7.5,2.25,9],"texture":"#0"},"up":{"uv":[1.5,8.25,2,7.5],"texture":"#0"},"down":{"uv":[3.75,8.25,3,9],"texture":"#0"}}}],"display":{"thirdperson_righthand":{"rotation":[75,45,0],"translation":[-1,1,0],"scale":[0.25,0.25,0.25]},"thirdperson_lefthand":{"rotation":[75,45,0],"translation":[-1,1,0],"scale":[0.25,0.25,0.25]},"firstperson_righthand":{"rotation":[0,23,0],"scale":[0.3,0.3,0.3]},"firstperson_lefthand":{"rotation":[0,23,0],"scale":[0.3,0.3,0.3]},"ground":{"translation":[0,3,0],"scale":[0.25,0.25,0.25]},"gui":{"rotation":[30,225,0],"translation":[0,-1.5,0],"scale":[0.3,0.3,0.3]},"head":{"translation":[0,-31,0],"scale":[1.6,1.6,1.6]},"fixed":{"rotation":[-90,0,0],"translation":[0,0,-16],"scale":[2,2,2]}}}