{"credit":"by w11shes","textures":{"0":"hmcmodels:furniture/w11shes_furniture_pack/sofa","particle":"#0"},"elements":[{"from":[-2,2,1],"to":[18,9,16],"faces":{"north":{"uv":[0,14.25,5,16],"texture":"#0","tintindex":0},"south":{"uv":[0,14.25,5,16],"texture":"#0","tintindex":0},"up":{"uv":[0,14.25,5,10.5],"texture":"#0","tintindex":0},"down":{"uv":[0,10.5,5,14.25],"texture":"#0","tintindex":0}}},{"from":[13,2,0.98],"to":[18,9,16.02],"rotation":{"angle":-22.5,"axis":"z","origin":[18,2,0]},"faces":{"north":{"uv":[6.25,14.25,5,16],"texture":"#0","tintindex":0},"east":{"uv":[6.25,14.25,10.01,16],"texture":"#0","tintindex":0},"south":{"uv":[5,14.25,6.25,16],"texture":"#0","tintindex":0},"west":{"uv":[10,14.25,13.76,16],"texture":"#0","tintindex":0}}},{"from":[13,9,0.98],"to":[20,14,16.02],"rotation":{"angle":-22.5,"axis":"z","origin":[18,2,0]},"faces":{"north":{"uv":[6.75,13,5,14.25],"texture":"#0","tintindex":0},"east":{"uv":[6.75,13,10.51,14.25],"texture":"#0","tintindex":0},"south":{"uv":[5,11.25,6.75,12.5],"texture":"#0","tintindex":0},"west":{"uv":[6.75,13,10.51,14.25],"texture":"#0","tintindex":0},"up":{"uv":[6.75,11.25,10.5,13],"rotation":90,"texture":"#0","tintindex":0},"down":{"uv":[5,14,6.75,14.25],"texture":"#0","tintindex":0}}},{"from":[-2,2,0.98],"to":[3,9,16.02],"rotation":{"angle":22.5,"axis":"z","origin":[-2,2,0]},"faces":{"north":{"uv":[5,14.25,6.25,16],"texture":"#0","tintindex":0},"east":{"uv":[10,14.25,13.76,16],"texture":"#0","tintindex":0},"south":{"uv":[6.25,14.25,5,16],"texture":"#0","tintindex":0},"west":{"uv":[6.25,14.25,10.01,16],"texture":"#0","tintindex":0}}},{"from":[-4,9,0.98],"to":[3,14,16.02],"rotation":{"angle":22.5,"axis":"z","origin":[-2,2,0]},"faces":{"north":{"uv":[5,13,6.75,14.25],"texture":"#0","tintindex":0},"east":{"uv":[6.75,13,10.51,14.25],"texture":"#0","tintindex":0},"south":{"uv":[6.75,11.25,5,12.5],"texture":"#0","tintindex":0},"west":{"uv":[6.75,13,10.51,14.25],"texture":"#0","tintindex":0},"up":{"uv":[6.75,11.25,10.5,13],"rotation":90,"texture":"#0","tintindex":0},"down":{"uv":[5,14,6.75,14.25],"texture":"#0","tintindex":0}}},{"from":[-2,9,10],"to":[18,21,16],"faces":{"north":{"uv":[0,7.5,5,10.5],"texture":"#0","tintindex":0},"east":{"uv":[1.75,7.5,3.25,10.5],"texture":"#0","tintindex":0},"south":{"uv":[0,7.5,5,10.5],"texture":"#0","tintindex":0},"west":{"uv":[1.75,7.5,3.25,10.5],"texture":"#0","tintindex":0},"up":{"uv":[0,6,5,7.5],"texture":"#0","tintindex":0}}},{"from":[0,0,2],"to":[3,2,5],"faces":{"north":{"uv":[5,12.5,5.75,13],"texture":"#0"},"east":{"uv":[5,12.5,5.75,13],"texture":"#0"},"south":{"uv":[5,12.5,5.75,13],"texture":"#0"},"west":{"uv":[5,12.5,5.75,13],"texture":"#0"},"down":{"uv":[5,12.75,5.75,13],"texture":"#0"}}},{"from":[0,0,12],"to":[3,2,15],"faces":{"north":{"uv":[5,12.5,5.75,13],"texture":"#0"},"east":{"uv":[5,12.5,5.75,13],"texture":"#0"},"south":{"uv":[5,12.5,5.75,13],"texture":"#0"},"west":{"uv":[5,12.5,5.75,13],"texture":"#0"},"down":{"uv":[5,12.75,5.75,13],"texture":"#0"}}},{"from":[13,0,12],"to":[16,2,15],"faces":{"north":{"uv":[5,12.5,5.75,13],"texture":"#0"},"east":{"uv":[5,12.5,5.75,13],"texture":"#0"},"south":{"uv":[5,12.5,5.75,13],"texture":"#0"},"west":{"uv":[5,12.5,5.75,13],"texture":"#0"},"down":{"uv":[5,12.75,5.75,13],"texture":"#0"}}},{"from":[13,0,2],"to":[16,2,5],"faces":{"north":{"uv":[5,12.5,5.75,13],"texture":"#0"},"east":{"uv":[5,12.5,5.75,13],"texture":"#0"},"south":{"uv":[5,12.5,5.75,13],"texture":"#0"},"west":{"uv":[5,12.5,5.75,13],"texture":"#0"},"down":{"uv":[5,12.75,5.75,13],"texture":"#0"}}}],"display":{"thirdperson_righthand":{"rotation":[75,45,0],"translation":[0,2.5,0],"scale":[0.375,0.375,0.375]},"thirdperson_lefthand":{"rotation":[75,45,0],"translation":[0,2.5,0],"scale":[0.375,0.375,0.375]},"firstperson_righthand":{"rotation":[0,135,0],"translation":[0,1,0],"scale":[0.4,0.4,0.4]},"firstperson_lefthand":{"rotation":[0,135,0],"translation":[0,1,0],"scale":[0.4,0.4,0.4]},"ground":{"translation":[0,3,0],"scale":[0.25,0.25,0.25]},"gui":{"rotation":[30,144,0],"translation":[-0.2,-1,0],"scale":[0.44,0.44,0.44]},"head":{"translation":[0,-31,0],"scale":[1.6,1.6,1.6]},"fixed":{"rotation":[-90,0,0],"translation":[16,0,-16],"scale":[2,2,2]}}}