{"credit":"Made with Blockbench","textures":{"0":"mineinabyss:other/kendo_sword","particle":"mineinabyss:other/kendo_sword"},"elements":[{"from":[8.25,7.125,6.75],"to":[9,12.9,8.25],"rotation":{"angle":0,"axis":"x","origin":[16,16,15]},"faces":{"north":{"uv":[6,0,8.5,13.775],"texture":"#0"},"east":{"uv":[0,2,4.5,15.775],"texture":"#0"},"south":{"uv":[6,1,8.5,14.775],"texture":"#0"},"west":{"uv":[0,2,4.5,15.775],"texture":"#0"},"up":{"uv":[6,10,9,13],"texture":"#0"},"down":{"uv":[0,2,4.5,15.775],"texture":"#0"}}},{"from":[8.25,4.5,6.75],"to":[9,7.025,8.25],"rotation":{"angle":0,"axis":"x","origin":[16,9.875,15]},"faces":{"north":{"uv":[9,13,16,15],"rotation":90,"texture":"#0"},"east":{"uv":[10,0,14,8],"texture":"#0"},"south":{"uv":[9,13,16,15],"rotation":90,"texture":"#0"},"west":{"uv":[10,0,14,8],"texture":"#0"},"up":{"uv":[10,0,14,8],"texture":"#0"},"down":{"uv":[10,11,12,12],"texture":"#0"}}},{"from":[8.325,4.425,7],"to":[8.925,4.5,8],"rotation":{"angle":0,"axis":"x","origin":[16,9.875,15]},"faces":{"north":{"uv":[14,10,14.6,11],"texture":"#0"},"east":{"uv":[14,10,14.6,11],"texture":"#0"},"south":{"uv":[14,10,14.6,11],"texture":"#0"},"west":{"uv":[14,10,14.6,11],"texture":"#0"},"up":{"uv":[14,10,14.6,11],"texture":"#0"},"down":{"uv":[14,10,14.6,11],"texture":"#0"}}},{"from":[8.25,12.95,7],"to":[9,15.2,8],"rotation":{"angle":0,"axis":"x","origin":[16,16,15]},"faces":{"north":{"uv":[6,0,9,7.25],"texture":"#0"},"east":{"uv":[0,5,5,12.25],"texture":"#0"},"south":{"uv":[6,7,9,14.25],"texture":"#0"},"west":{"uv":[0,5,5,12.25],"texture":"#0"},"up":{"uv":[0,5,5,12.25],"texture":"#0"},"down":{"uv":[0,5,5,12.25],"texture":"#0"}}},{"from":[8.2,14.95,6.9],"to":[9.05,15.25,8.075],"rotation":{"angle":0,"axis":"x","origin":[16,16,15]},"faces":{"north":{"uv":[13,10,15,11],"texture":"#0"},"east":{"uv":[10,8,12,9],"texture":"#0"},"south":{"uv":[12,13,14,14],"texture":"#0"},"west":{"uv":[10,8,12,9],"texture":"#0"},"up":{"uv":[10,8,12,9],"texture":"#0"},"down":{"uv":[10,8,12,9],"texture":"#0"}}},{"from":[8.2,12.9,6.85],"to":[9.05,13.25,8.15],"rotation":{"angle":0,"axis":"x","origin":[16,14,15]},"faces":{"north":{"uv":[12,12,14,13],"texture":"#0"},"east":{"uv":[10,8,12,9],"texture":"#0"},"south":{"uv":[10,10,12,11],"texture":"#0"},"west":{"uv":[10,8,12,9],"texture":"#0"},"up":{"uv":[10,8,12,9],"texture":"#0"},"down":{"uv":[10,8,12,9],"texture":"#0"}}},{"from":[8.225,14.1,6.975],"to":[9.025,14.15,8.025],"rotation":{"angle":0,"axis":"x","origin":[16,15.025,15]},"faces":{"north":{"uv":[9,15,10,16],"texture":"#0"},"east":{"uv":[9,15,10,16],"texture":"#0"},"south":{"uv":[9,15,10,16],"texture":"#0"},"west":{"uv":[9,15,10,16],"texture":"#0"},"up":{"uv":[9,15,10,16],"texture":"#0"},"down":{"uv":[9,15,10,16],"texture":"#0"}}},{"from":[8.225,12.025,6.725],"to":[9.025,12.075,8.275],"rotation":{"angle":0,"axis":"x","origin":[16,12.95,15]},"faces":{"north":{"uv":[9,15,10,16],"texture":"#0"},"east":{"uv":[9,15,10,16],"texture":"#0"},"south":{"uv":[9,15,10,16],"texture":"#0"},"west":{"uv":[9,15,10,16],"texture":"#0"},"up":{"uv":[9,15,10,16],"texture":"#0"},"down":{"uv":[9,15,10,16],"texture":"#0"}}},{"from":[8.225,9.675,6.6],"to":[9.025,9.725,8.4],"rotation":{"angle":0,"axis":"x","origin":[16,10.6,15]},"faces":{"north":{"uv":[9,15,10,16],"texture":"#0"},"east":{"uv":[9,15,10,16],"texture":"#0"},"south":{"uv":[9,15,10,16],"texture":"#0"},"west":{"uv":[9,15,10,16],"texture":"#0"},"up":{"uv":[9,15,10,16],"texture":"#0"},"down":{"uv":[9,15,10,16],"texture":"#0"}}},{"from":[8.2,6.95,6.5],"to":[9.05,7.325,8.5],"rotation":{"angle":0,"axis":"x","origin":[16,8.075,15]},"faces":{"north":{"uv":[10,12,15,14],"texture":"#0"},"east":{"uv":[11,7,16,9],"texture":"#0"},"south":{"uv":[10,9,15,11],"texture":"#0"},"west":{"uv":[11,7,16,9],"texture":"#0"},"up":{"uv":[11,7,16,8.375],"texture":"#0"},"down":{"uv":[11,7,16,8.375],"texture":"#0"}}},{"from":[7.85,6.875,5.5],"to":[9.4,6.95,9.5],"rotation":{"angle":0,"axis":"x","origin":[16,8.075,15]},"faces":{"north":{"uv":[0,6,4.55,11],"texture":"#0"},"east":{"uv":[0,6,4.55,11],"texture":"#0"},"south":{"uv":[0,6,4.55,11],"texture":"#0"},"west":{"uv":[0,6,4.55,11],"texture":"#0"},"up":{"uv":[0,6,4.55,11],"texture":"#0"},"down":{"uv":[0,6,4.55,11],"texture":"#0"}}},{"from":[8.1,6.825,6],"to":[9.15,6.875,9],"rotation":{"angle":0,"axis":"x","origin":[16,8,15]},"faces":{"north":{"uv":[6,0,9,3],"texture":"#0"},"east":{"uv":[6,0,9,3],"texture":"#0"},"south":{"uv":[6,0,9,3],"texture":"#0"},"west":{"uv":[6,0,9,3],"texture":"#0"},"up":{"uv":[6,0,9,3],"texture":"#0"},"down":{"uv":[6,0,9,3],"texture":"#0"}}},{"from":[7.45,6.875,6.5],"to":[7.85,6.95,8.5],"rotation":{"angle":0,"axis":"x","origin":[16,8.075,15]},"faces":{"north":{"uv":[0,0,0.4,0.075],"texture":"#0"},"east":{"uv":[0,0,2,0.075],"texture":"#0"},"south":{"uv":[0,0,0.4,0.075],"texture":"#0"},"west":{"uv":[0,0,2,0.075],"texture":"#0"},"up":{"uv":[0,11,2,15],"texture":"#0"},"down":{"uv":[0,0,0.4,2],"texture":"#0"}}},{"from":[7.7,6.825,6.75],"to":[8.1,6.875,8.25],"rotation":{"angle":0,"axis":"x","origin":[16.25,8,15]},"faces":{"north":{"uv":[8,0,9,2],"texture":"#0"},"east":{"uv":[8,0,9,2],"texture":"#0"},"south":{"uv":[8,0,9,2],"texture":"#0"},"west":{"uv":[8,0,9,2],"texture":"#0"},"up":{"uv":[8,0,9,2],"texture":"#0"},"down":{"uv":[8,0,9,2],"texture":"#0"}}},{"from":[9.4,6.875,6.5],"to":[9.8,6.95,8.5],"rotation":{"angle":0,"axis":"x","origin":[16,8.075,15]},"faces":{"north":{"uv":[0,0,0.4,0.075],"texture":"#0"},"east":{"uv":[0,0,2,0.075],"texture":"#0"},"south":{"uv":[0,0,0.4,0.075],"texture":"#0"},"west":{"uv":[0,0,2,0.075],"texture":"#0"},"up":{"uv":[0,9,2,14],"texture":"#0"},"down":{"uv":[0,0,0.4,2],"texture":"#0"}}},{"from":[9.15,6.825,6.75],"to":[9.55,6.875,8.25],"rotation":{"angle":0,"axis":"x","origin":[15.75,8,15]},"faces":{"north":{"uv":[7,0,8,2],"texture":"#0"},"east":{"uv":[7,0,8,2],"texture":"#0"},"south":{"uv":[7,0,8,2],"texture":"#0"},"west":{"uv":[7,0,8,2],"texture":"#0"},"up":{"uv":[7,0,8,2],"texture":"#0"},"down":{"uv":[7,0,8,2],"texture":"#0"}}},{"from":[8.45,15.25,7.15],"to":[8.8,15.275,7.825],"rotation":{"angle":0,"axis":"x","origin":[16,16,15]},"faces":{"north":{"uv":[15,0,15.35,0.025],"texture":"#0"},"east":{"uv":[15,0,15.675,0.025],"texture":"#0"},"south":{"uv":[15,0,15.35,0.025],"texture":"#0"},"west":{"uv":[15,0,15.675,0.025],"texture":"#0"},"up":{"uv":[15,0,15.35,0.675],"texture":"#0"},"down":{"uv":[15,0,15.35,0.675],"texture":"#0"}}},{"from":[8.252,5.03776,6.90422],"to":[8.998,7.48376,7.90022],"rotation":{"angle":22.5,"axis":"x","origin":[16,8.78576,14.90222]},"faces":{"north":{"uv":[6,10,9,16],"texture":"#0"},"east":{"uv":[0,6,4,13.425],"texture":"#0"},"south":{"uv":[0,6,4,13.425],"texture":"#0"},"west":{"uv":[0,6,4,13.425],"texture":"#0"},"up":{"uv":[0,6,4,13.425],"texture":"#0"},"down":{"uv":[0,6,4,13.425],"texture":"#0"}}},{"from":[8.254,4.15894,7.89252],"to":[8.996,5.60094,8.88452],"rotation":{"angle":22.5,"axis":"x","origin":[16,6.90494,15.88852]},"faces":{"north":{"uv":[0,6,4,13.425],"texture":"#0"},"east":{"uv":[0,8,4,15.425],"texture":"#0"},"south":{"uv":[6,10,9,16],"texture":"#0"},"west":{"uv":[0,6,4,13.425],"texture":"#0"},"up":{"uv":[0,6,4,13.425],"texture":"#0"},"down":{"uv":[0,6,4,13.425],"texture":"#0"}}},{"from":[8.252,10.77802,5.95797],"to":[8.998,13.19902,6.95397],"rotation":{"angle":-22.5,"axis":"x","origin":[16,14.52602,13.95597]},"faces":{"north":{"uv":[0,6,4,13.425],"texture":"#0"},"east":{"uv":[0,0,4,6.425],"texture":"#0"},"south":{"uv":[6,5,9,12.425],"texture":"#0"},"west":{"uv":[0,6,4,13.425],"texture":"#0"},"up":{"uv":[0,6,4,13.425],"texture":"#0"},"down":{"uv":[0,6,4,13.425],"texture":"#0"}}},{"from":[8.254,9.92229,4.9641],"to":[8.996,11.33929,5.9561],"rotation":{"angle":-22.5,"axis":"x","origin":[16,12.66829,12.9601]},"faces":{"north":{"uv":[6,10,9,16],"texture":"#0"},"east":{"uv":[0,6,4,13.425],"texture":"#0"},"south":{"uv":[0,6,4,13.425],"texture":"#0"},"west":{"uv":[0,6,4,13.425],"texture":"#0"},"up":{"uv":[0,6,4,13.425],"texture":"#0"},"down":{"uv":[0,6,4,13.425],"texture":"#0"}}}],"display":{"thirdperson_righthand":{"translation":[-0.5,3.75,1.5],"scale":[1,2.97,0.56]},"thirdperson_lefthand":{"translation":[0.75,3.75,1.5],"scale":[1,2.97,0.56]},"firstperson_righthand":{"rotation":[-10,0,0],"translation":[5.5,1.75,-4.75],"scale":[1,2.97,0.56]},"firstperson_lefthand":{"rotation":[-10,0,0],"translation":[8.25,1.75,-4.75],"scale":[1,2.97,0.56]},"ground":{"rotation":[64,41,0],"scale":[1,2.97,0.56]},"gui":{"rotation":[11,45,-65],"translation":[-2.75,-1.75,0],"scale":[0.85,2.06,0.48]},"head":{"rotation":[133,0,16],"translation":[-7,-22.5,-5.25],"scale":[1.42,4,0.94]},"fixed":{"rotation":[0,90,0],"translation":[1,0,-0.5],"scale":[1.47,4,0.8]}}}