{"credit":"Made with Blockbench","textures":{"0":"mineinabyss:other/menacing","particle":"mineinabyss:other/menacing"},"elements":[{"from":[12.5,0.5,8],"to":[17.5,5.5,8],"faces":{"north":{"uv":[0,0,16,16],"texture":"#0"},"east":{"uv":[0,0,0,5],"texture":"#0"},"south":{"uv":[16,0,0,16],"texture":"#0"},"west":{"uv":[0,0,0,5],"texture":"#0"},"up":{"uv":[0,0,5,0],"texture":"#0"},"down":{"uv":[0,0,5,0],"texture":"#0"}}},{"from":[-1.5,0.5,8],"to":[3.5,5.5,8],"faces":{"north":{"uv":[0,0,16,16],"texture":"#0"},"east":{"uv":[0,0,0,5],"texture":"#0"},"south":{"uv":[16,0,0,16],"texture":"#0"},"west":{"uv":[0,0,0,5],"texture":"#0"},"up":{"uv":[0,0,5,0],"texture":"#0"},"down":{"uv":[0,0,5,0],"texture":"#0"}}},{"from":[12.5,5.5,8],"to":[17.5,10.5,8],"faces":{"north":{"uv":[0,0,16,16],"texture":"#0"},"east":{"uv":[0,0,0,5],"texture":"#0"},"south":{"uv":[16,0,0,16],"texture":"#0"},"west":{"uv":[0,0,0,5],"texture":"#0"},"up":{"uv":[0,0,5,0],"texture":"#0"},"down":{"uv":[0,0,5,0],"texture":"#0"}}},{"from":[-1.5,5.5,8],"to":[3.5,10.5,8],"faces":{"north":{"uv":[0,0,16,16],"texture":"#0"},"east":{"uv":[0,0,0,5],"texture":"#0"},"south":{"uv":[16,0,0,16],"texture":"#0"},"west":{"uv":[0,0,0,5],"texture":"#0"},"up":{"uv":[0,0,5,0],"texture":"#0"},"down":{"uv":[0,0,5,0],"texture":"#0"}}},{"from":[12.5,10.5,8],"to":[17.5,15.5,8],"faces":{"north":{"uv":[0,0,16,16],"texture":"#0"},"east":{"uv":[0,0,0,5],"texture":"#0"},"south":{"uv":[16,0,0,16],"texture":"#0"},"west":{"uv":[0,0,0,5],"texture":"#0"},"up":{"uv":[0,0,5,0],"texture":"#0"},"down":{"uv":[0,0,5,0],"texture":"#0"}}},{"from":[-1.5,10.5,8],"to":[3.5,15.5,8],"faces":{"north":{"uv":[0,0,16,16],"texture":"#0"},"east":{"uv":[0,0,0,5],"texture":"#0"},"south":{"uv":[16,0,0,16],"texture":"#0"},"west":{"uv":[0,0,0,5],"texture":"#0"},"up":{"uv":[0,0,5,0],"texture":"#0"},"down":{"uv":[0,0,5,0],"texture":"#0"}}}],"display":{"thirdperson_righthand":{"scale":[0,0,0]},"thirdperson_lefthand":{"scale":[0,0,0]},"firstperson_righthand":{"translation":[-9,9,2],"scale":[-1.25,1.25,1]},"firstperson_lefthand":{"translation":[-9,9,2],"scale":[-1.25,1.25,1]},"ground":{"translation":[0,0.5,0]},"gui":{"scale":[-0.83,1.06,1]},"head":{"translation":[1,-15.25,-0.25],"scale":[4,4,4]},"fixed":{"translation":[0,0,-0.25],"scale":[1.1,1.3,1]}}}