{"credit":"Made with Blockbench","parent":"item/generated","textures":{"layer0":"mineinabyss:item/mitty_token"},"display":{"thirdperson_righthand":{"translation":[0,1.5,1],"scale":[0.4,0.4,0.4]},"thirdperson_lefthand":{"translation":[0,1.5,1],"scale":[0.4,0.4,0.4]},"firstperson_righthand":{"rotation":[0,-45,0],"translation":[0,1.5,0],"scale":[0.4,0.4,0.4]},"firstperson_lefthand":{"rotation":[0,-45,0],"translation":[0,1.5,0],"scale":[0.4,0.4,0.4]},"ground":{"scale":[0.4,0.4,0.4]},"gui":{"scale":[0.8,0.8,0.8]},"head":{"translation":[0,0,-6.75]}}}