{"credit":"Made with Blockbench","texture_size":[32,32],"textures":{"0":"mineinabyss:furniture/sunny_wood_chair","particle":"mineinabyss:furniture/sunny_wood_chair"},"elements":[{"from":[0.5,0,8],"to":[15.5,9,8],"rotation":{"angle":45,"axis":"y","origin":[8,0,8]},"faces":{"north":{"uv":[6.11111,11.5,13.61111,16],"texture":"#0"},"south":{"uv":[6.11111,11.5,13.61111,16],"texture":"#0"}}},{"from":[8,0,0.5],"to":[8,9,15.5],"rotation":{"angle":45,"axis":"y","origin":[8,0,8]},"faces":{"east":{"uv":[6.11111,11.5,13.61111,16],"texture":"#0"},"west":{"uv":[6.11111,11.5,13.61111,16],"texture":"#0"}}},{"from":[2,24,14],"to":[14,32,14],"rotation":{"angle":22.5,"axis":"x","origin":[2,24,14]},"faces":{"north":{"uv":[6,1.5,12,5.5],"texture":"#0"},"south":{"uv":[6,1.5,12,5.5],"texture":"#0"}}},{"from":[2,12,14],"to":[14,24,14],"rotation":{"angle":0,"axis":"y","origin":[2,24,14]},"faces":{"north":{"uv":[6,5.5,12,11.5],"texture":"#0"},"south":{"uv":[6,5.5,12,11.5],"texture":"#0"}}},{"from":[2,9,2],"to":[14,12,14],"rotation":{"angle":0,"axis":"y","origin":[2,0,2]},"faces":{"north":{"uv":[0,13,6,14.5],"texture":"#0"},"east":{"uv":[0,14.5,6,16],"texture":"#0"},"south":{"uv":[0,13,6,14.5],"texture":"#0"},"west":{"uv":[0,14.5,6,16],"texture":"#0"},"up":{"uv":[0,7,6,13],"texture":"#0"},"down":{"uv":[0,7,6,13],"texture":"#0"}}}],"display":{"thirdperson_righthand":{"scale":[0.5,0.5,0.5]},"thirdperson_lefthand":{"scale":[0.5,0.5,0.5]},"firstperson_righthand":{"rotation":[0,139,0],"scale":[0.5,0.5,0.5]},"firstperson_lefthand":{"rotation":[0,113,0],"scale":[0.5,0.5,0.5]},"ground":{"scale":[0.5,0.5,0.5]},"gui":{"rotation":[26,-130,0],"translation":[0,-3.75,0],"scale":[0.45,0.45,0.45]},"fixed":{"rotation":[-90,0,0],"translation":[0,0,-15.5],"scale":[2,2,2]}}}