{"credit":"Made with Blockbench","textures":{"3":"characters/nanachi/old/nanachi_hair","5":"characters/nanachi/old/nanachihat_base","6":"characters/nanachi/old/nanachihat_beginning","7":"characters/nanachi/old/nanachihat_fur"},"elements":[{"name":"beg0","from":[3.5,18,2],"to":[11.5,19,5],"rotation":{"angle":-22.5,"axis":"z","origin":[8,8,8]},"faces":{"north":{"uv":[0,2,4,2.5],"texture":"#6"},"east":{"uv":[4.5,2,6,2.5],"rotation":180,"texture":"#6"},"south":{"uv":[4,2,0,2.5],"texture":"#6"},"west":{"uv":[2.5,7.5,4,8],"rotation":180,"texture":"#6"},"up":{"uv":[0,0,4,1.5],"rotation":180,"texture":"#6"},"down":{"uv":[0,3,4,4.5],"rotation":180,"texture":"#6"}}},{"name":"beg1","from":[3,19,3],"to":[11.5,20,5],"rotation":{"angle":-22.5,"axis":"z","origin":[8,8,8]},"faces":{"north":{"uv":[0,7.5,4,8],"texture":"#6"},"east":{"uv":[5,7.5,6,8],"rotation":180,"texture":"#6"},"south":{"uv":[4,7.5,0,8],"texture":"#6"},"west":{"uv":[3,7.5,4,8],"rotation":180,"texture":"#6"},"up":{"uv":[0,5.5,4,7],"rotation":180,"texture":"#6"}}},{"name":"beg2","from":[4.5,19,3],"to":[13,20,5],"rotation":{"angle":22.5,"axis":"z","origin":[8,8,8]},"faces":{"north":{"uv":[4,7.5,0,8],"texture":"#6"},"east":{"uv":[4,7.5,3,8],"rotation":180,"texture":"#6"},"south":{"uv":[0,7.5,4,8],"texture":"#6"},"west":{"uv":[5.5,7.5,4.5,8],"rotation":180,"texture":"#6"},"up":{"uv":[4,7.5,0,8],"rotation":180,"texture":"#6"},"down":{"uv":[4,7.5,0,8],"rotation":180,"texture":"#6"}}},{"name":"beg3","from":[4.5,18,2],"to":[12.5,19,5],"rotation":{"angle":22.5,"axis":"z","origin":[8,8,8]},"faces":{"north":{"uv":[4,2,0,2.5],"texture":"#6"},"east":{"uv":[3,7.5,4,8],"rotation":180,"texture":"#6"},"south":{"uv":[0,2,4,2.5],"texture":"#6"},"west":{"uv":[4.5,2,6,2.5],"rotation":180,"texture":"#6"},"up":{"uv":[4,0,0,1.5],"rotation":180,"texture":"#6"},"down":{"uv":[4,3,0,4.5],"rotation":180,"texture":"#6"}}},{"name":"gem0","from":[6,18.5,1.5],"to":[7,19.5,2.5],"rotation":{"angle":45,"axis":"y","origin":[8,8,8]},"faces":{"north":{"uv":[14,3.75,15.25,5],"texture":"#6"},"east":{"uv":[13,3.75,13.75,4.5],"texture":"#6"},"south":{"uv":[13,3.75,13.75,4.5],"texture":"#6"},"west":{"uv":[13,3.75,13.75,4.5],"texture":"#6"},"up":{"uv":[13,3.75,13.75,4.5],"texture":"#6"},"down":{"uv":[13,3.75,13.75,4.5],"texture":"#6"}}},{"name":"gem1","from":[4,18.5,1.5],"to":[5,19.5,2.5],"rotation":{"angle":45,"axis":"y","origin":[8,8,8]},"faces":{"north":{"uv":[14,3.75,15.25,5],"texture":"#6"},"east":{"uv":[13,3.75,13.75,4.5],"texture":"#6"},"south":{"uv":[13,3.75,13.75,4.5],"texture":"#6"},"west":{"uv":[13,3.75,13.75,4.5],"texture":"#6"},"up":{"uv":[13,3.75,13.75,4.5],"texture":"#6"},"down":{"uv":[13,3.75,13.75,4.5],"texture":"#6"}}},{"name":"gem2","from":[11,18.5,1.5],"to":[12,19.5,2.5],"rotation":{"angle":-45,"axis":"y","origin":[8,8,8]},"faces":{"north":{"uv":[14,3.75,15.25,5],"texture":"#6"},"east":{"uv":[13,3.75,13.75,4.5],"texture":"#6"},"south":{"uv":[13,3.75,13.75,4.5],"texture":"#6"},"west":{"uv":[13,3.75,13.75,4.5],"texture":"#6"},"up":{"uv":[13,3.75,13.75,4.5],"texture":"#6"},"down":{"uv":[13,3.75,13.75,4.5],"texture":"#6"}}},{"name":"gem3","from":[9,18.5,1.5],"to":[10,19.5,2.5],"rotation":{"angle":-45,"axis":"y","origin":[8,8,8]},"faces":{"north":{"uv":[14,3.75,15.25,5],"texture":"#6"},"east":{"uv":[13,3.75,13.75,4.5],"texture":"#6"},"south":{"uv":[13,3.75,13.75,4.5],"texture":"#6"},"west":{"uv":[13,3.75,13.75,4.5],"texture":"#6"},"up":{"uv":[13,3.75,13.75,4.5],"texture":"#6"},"down":{"uv":[13,3.75,13.75,4.5],"texture":"#6"}}},{"name":"lat0","from":[3.5,18,2],"to":[9,21,3],"rotation":{"angle":45,"axis":"y","origin":[8,8,8]},"faces":{"north":{"uv":[16,0,13,1.5],"texture":"#6"},"east":{"uv":[12,0,12.5,1.5],"texture":"#6"},"south":{"uv":[4,0,1,1.5],"texture":"#6"},"west":{"uv":[11,0,11.5,1.5],"texture":"#6"},"up":{"uv":[16,2,13,2.5],"rotation":180,"texture":"#6"},"down":{"uv":[0,0,5.5,1],"rotation":180,"texture":"#missing"}}},{"name":"lat1","from":[7,18,2],"to":[12.5,21,3],"rotation":{"angle":-45,"axis":"y","origin":[8,8,8]},"faces":{"north":{"uv":[13,0,16,1.5],"texture":"#6"},"east":{"uv":[11,0,11.5,1.5],"texture":"#6"},"south":{"uv":[1,0,4,1.5],"texture":"#6"},"west":{"uv":[12,0,12.5,1.5],"texture":"#6"},"up":{"uv":[13,2,16,2.5],"rotation":180,"texture":"#6"},"down":{"uv":[13,2,16,2.5],"rotation":180,"texture":"#6"}}},{"name":"hattop","from":[3,17,0.5],"to":[13,23,0.5],"rotation":{"angle":22.5,"axis":"x","origin":[8,8,8]},"faces":{"north":{"uv":[7,4.5,12,8],"texture":"#6"},"south":{"uv":[12,4.5,7,8],"texture":"#6"}}},{"name":"fang1","from":[-1,14,7],"to":[4,16,9],"rotation":{"angle":-22.5,"axis":"y","origin":[8,8,8]},"faces":{"north":{"uv":[5.5,9.5,3,10.5],"texture":"#6"},"east":{"uv":[1.5,9.5,2.5,10.5],"texture":"#6"},"south":{"uv":[5.5,9.5,3,10.5],"texture":"#6"},"west":{"uv":[1.5,9.5,2.5,10.5],"texture":"#6"},"up":{"uv":[5.5,9.5,3,10.5],"texture":"#6"},"down":{"uv":[5.5,9.5,3,10.5],"texture":"#6"}}},{"name":"fang0","from":[12,14,7],"to":[17,16,9],"rotation":{"angle":22.5,"axis":"y","origin":[8,8,8]},"faces":{"north":{"uv":[3,9.5,5.5,10.5],"texture":"#6"},"east":{"uv":[2.5,9.5,1.5,10.5],"texture":"#6"},"south":{"uv":[3,9.5,5.5,10.5],"texture":"#6"},"west":{"uv":[2.5,9.5,1.5,10.5],"texture":"#6"},"up":{"uv":[3,9.5,5.5,10.5],"texture":"#6"},"down":{"uv":[3,9.5,5.5,10.5],"texture":"#6"}}},{"name":"hat1","from":[3.8,16.5,12.1],"to":[12.139,18.1,14.1],"faces":{"north":{"uv":[4.5,9,8.5,10],"texture":"#5"},"east":{"uv":[9,7.5,10,8.5],"texture":"#5"},"south":{"uv":[4.5,9,8.5,10],"texture":"#5"},"west":{"uv":[9,7.5,10,8.5],"texture":"#5"},"up":{"uv":[4.5,7.5,8.5,8.5],"texture":"#5"},"down":{"uv":[4.5,7.5,8.5,8.5],"texture":"#5"}}},{"name":"hat0","from":[3.8,15.5,4.1],"to":[12.139,20.1,12.1],"faces":{"north":{"uv":[4,4,8,6],"texture":"#5"},"east":{"uv":[0,4,4,6],"texture":"#5"},"south":{"uv":[12,4,16,6],"texture":"#5"},"west":{"uv":[8,4,12,6],"texture":"#5"},"up":{"uv":[4,4,8,0],"texture":"#5"},"down":{"uv":[8,0,12,4],"texture":"#5"}}},{"name":"planks","from":[5,10,12.5],"to":[11,17,13.5],"faces":{"north":{"uv":[0,7.5,3,11],"texture":"#5"},"east":{"uv":[0.5,7.5,1,11],"texture":"#5"},"south":{"uv":[0,7.5,3,11],"texture":"#5"},"west":{"uv":[3.5,7.5,4,11],"texture":"#5"},"up":{"uv":[0,11.5,3,12],"texture":"#5"},"down":{"uv":[0,11.5,3,12],"texture":"#5"}}},{"name":"hair1","from":[4,-3.4,3.4],"to":[8.2,15.8,3.4],"rotation":{"angle":45,"axis":"y","origin":[8,2,8]},"faces":{"north":{"uv":[9.5,0,5.5,16],"texture":"#3"},"south":{"uv":[5.5,0,9.5,16],"texture":"#3"}}},{"name":"hair0","from":[8,-3.4,3.4],"to":[12.2,15.8,3.4],"rotation":{"angle":-45,"axis":"y","origin":[8,2,8]},"faces":{"north":{"uv":[5.5,0,9.5,16],"texture":"#3"},"south":{"uv":[9.5,0,5.5,16],"texture":"#3"}}},{"name":"back0","from":[8,0,13],"to":[15,13,13],"faces":{"north":{"uv":[3.5,9.5,0,16],"texture":"#7"},"east":{"uv":[0,0,0,13],"texture":"#missing"},"south":{"uv":[0,9.5,3.5,16],"texture":"#7"},"west":{"uv":[0,0,0,13],"texture":"#missing"},"up":{"uv":[0,0,7,0],"texture":"#missing"},"down":{"uv":[0,0,7,0],"texture":"#missing"}}},{"name":"top0","from":[8,13,8],"to":[15,17,13],"faces":{"north":{"uv":[3,2.5,6.5,4.5],"texture":"#7"},"east":{"uv":[0,2.5,2.5,4.5],"texture":"#7"},"south":{"uv":[10,2.5,13.5,4.5],"texture":"#7"},"west":{"uv":[7,2.5,9.5,4.5],"texture":"#7"},"up":{"uv":[3,5,6.5,7.5],"texture":"#7"},"down":{"uv":[3,5,6.5,7.5],"texture":"#7"}}},{"name":"side0","from":[15,0,8],"to":[15,13,13],"faces":{"north":{"uv":[0,0,0,13],"texture":"#missing"},"east":{"uv":[4,9.5,6.5,16],"texture":"#7"},"south":{"uv":[0,0,0,13],"texture":"#missing"},"west":{"uv":[6.5,9.5,4,16],"texture":"#7"},"up":{"uv":[0,0,0,5],"texture":"#missing"},"down":{"uv":[0,0,0,5],"texture":"#missing"}}},{"name":"back1","from":[1,0,13],"to":[8,13,13],"faces":{"north":{"uv":[0,9.5,3.5,16],"texture":"#7"},"east":{"uv":[0,0,0,13],"texture":"#missing"},"south":{"uv":[3.5,9.5,0,16],"texture":"#7"},"west":{"uv":[0,0,0,13],"texture":"#missing"},"up":{"uv":[0,0,7,0],"texture":"#missing"},"down":{"uv":[0,0,7,0],"texture":"#missing"}}},{"name":"side1","from":[1,0,8],"to":[1,13,13],"faces":{"north":{"uv":[0,0,0,13],"texture":"#missing"},"east":{"uv":[4,9.5,6.5,16],"texture":"#7"},"south":{"uv":[0,0,0,13],"texture":"#missing"},"west":{"uv":[6.5,9.5,4,16],"texture":"#7"},"up":{"uv":[0,0,0,5],"texture":"#missing"},"down":{"uv":[0,0,0,5],"texture":"#missing"}}},{"name":"top1","from":[1,13,8],"to":[8,17,13],"faces":{"north":{"uv":[3,2.5,6.5,4.5],"texture":"#7"},"east":{"uv":[0,2.5,2.5,4.5],"texture":"#7"},"south":{"uv":[10,2.5,13.5,4.5],"texture":"#7"},"west":{"uv":[7,2.5,9.5,4.5],"texture":"#7"},"up":{"uv":[3,5,6.5,7.5],"texture":"#7"},"down":{"uv":[3,5,6.5,7.5],"texture":"#7"}}}],"display":{"thirdperson_righthand":{"translation":[0,-4,0],"scale":[0.5,0.5,0.5]},"thirdperson_lefthand":{"translation":[0,-4,0],"scale":[0.5,0.5,0.5]},"ground":{"translation":[0,4.25,0],"scale":[0.7,0.7,0.7]},"gui":{"rotation":[24,152,0],"translation":[0,-0.25,0],"scale":[0.55,0.55,0.55]},"head":{"translation":[0,-10.5,0.25],"scale":[1.6,1.6,1.6]},"fixed":{"translation":[0,-1.75,-2.5],"scale":[0.6,0.6,0.6]}},"groups":[{"name":"hat","origin":[8,8,8],"children":[{"name":"hatbeginning","origin":[8,8,8],"children":[0,1,2,3,4,5,6,7,8,9,10,11,12]},{"name":"hatbase","origin":[8,8,8],"children":[13,14,15,16,17]},{"name":"fur0","origin":[8,8,8],"children":[18,19,20]},{"name":"fur1","origin":[8,8,8],"children":[21,22,23]}]}]}