{"parent":"minecraft:item/generated","textures":{"layer0":"minecraft:item/leather_horse_armor"},"overrides":[{"predicate":{"custom_model_data":100},"model":"modelengine:windmill/fan8"},{"predicate":{"custom_model_data":101},"model":"modelengine:windmill/fan7"},{"predicate":{"custom_model_data":102},"model":"modelengine:windmill/fan6"},{"predicate":{"custom_model_data":103},"model":"modelengine:windmill/fan5"},{"predicate":{"custom_model_data":104},"model":"modelengine:windmill/fan4"},{"predicate":{"custom_model_data":105},"model":"modelengine:windmill/fan3"},{"predicate":{"custom_model_data":106},"model":"modelengine:windmill/fan2"},{"predicate":{"custom_model_data":107},"model":"modelengine:windmill/fan1"},{"predicate":{"custom_model_data":108},"model":"modelengine:windmill/front"},{"predicate":{"custom_model_data":109},"model":"modelengine:windmill/1_cube_pain"},{"predicate":{"custom_model_data":200},"model":"modelengine:bounding_lance/long"},{"predicate":{"custom_model_data":201},"model":"modelengine:bounding_lance/short"},{"predicate":{"custom_model_data":202},"model":"modelengine:bounding_lance/shaft"},{"predicate":{"custom_model_data":203},"model":"modelengine:bounding_lance/prongs"},{"predicate":{"custom_model_data":204},"model":"modelengine:bounding_lance/group"},{"predicate":{"custom_model_data":205},"model":"modelengine:unheard_bell/top"},{"predicate":{"custom_model_data":206},"model":"modelengine:unheard_bell/bone"},{"predicate":{"custom_model_data":207},"model":"modelengine:unheard_bell/bone2"},{"predicate":{"custom_model_data":208},"model":"modelengine:unheard_bell/bone3"},{"predicate":{"custom_model_data":209},"model":"modelengine:unheard_bell/bone4"},{"predicate":{"custom_model_data":210},"model":"modelengine:unheard_bell/bone5"},{"predicate":{"custom_model_data":211},"model":"modelengine:unheard_bell/bone6"},{"predicate":{"custom_model_data":212},"model":"modelengine:unheard_bell/bone7"},{"predicate":{"custom_model_data":213},"model":"modelengine:unheard_bell/bone8"},{"predicate":{"custom_model_data":300},"model":"modelengine:abyssal_snail/abyssal_snail"},{"predicate":{"custom_model_data":301},"model":"modelengine:amakagame/amakagame"},{"predicate":{"custom_model_data":302},"model":"modelengine:ashimite/ashimite"},{"predicate":{"custom_model_data":303},"model":"modelengine:ashimite/head"},{"predicate":{"custom_model_data":304},"model":"modelengine:ashimite/leg_right"},{"predicate":{"custom_model_data":305},"model":"modelengine:ashimite/leg_left"},{"predicate":{"custom_model_data":306},"model":"modelengine:beniguma/model"},{"predicate":{"custom_model_data":307},"model":"modelengine:beniguma/legfl"},{"predicate":{"custom_model_data":308},"model":"modelengine:beniguma/legfr"},{"predicate":{"custom_model_data":309},"model":"modelengine:beniguma/legbl"},{"predicate":{"custom_model_data":310},"model":"modelengine:beniguma/legbr"},{"predicate":{"custom_model_data":311},"model":"modelengine:beniguma/tail"},{"predicate":{"custom_model_data":312},"model":"modelengine:billabonk/billabonk"},{"predicate":{"custom_model_data":313},"model":"modelengine:chimokami/chimokami"},{"predicate":{"custom_model_data":314},"model":"modelengine:corpse_weeper/body2"},{"predicate":{"custom_model_data":315},"model":"modelengine:corpse_weeper/first"},{"predicate":{"custom_model_data":316},"model":"modelengine:corpse_weeper/first2"},{"predicate":{"custom_model_data":317},"model":"modelengine:corpse_weeper/r_first"},{"predicate":{"custom_model_data":318},"model":"modelengine:corpse_weeper/r_second"},{"predicate":{"custom_model_data":319},"model":"modelengine:cyatoria/body2"},{"predicate":{"custom_model_data":320},"model":"modelengine:cyatoria/first_l"},{"predicate":{"custom_model_data":321},"model":"modelengine:cyatoria/second_l"},{"predicate":{"custom_model_data":322},"model":"modelengine:cyatoria/third_l"},{"predicate":{"custom_model_data":323},"model":"modelengine:cyatoria/third_r"},{"predicate":{"custom_model_data":324},"model":"modelengine:cyatoria/second_r"},{"predicate":{"custom_model_data":325},"model":"modelengine:cyatoria/first_r"},{"predicate":{"custom_model_data":326},"model":"modelengine:demonfish/demonfish"},{"predicate":{"custom_model_data":327},"model":"modelengine:dosetori/body"},{"predicate":{"custom_model_data":328},"model":"modelengine:dosetori/right"},{"predicate":{"custom_model_data":329},"model":"modelengine:dosetori/left"},{"predicate":{"custom_model_data":330},"model":"modelengine:edusan/torso"},{"predicate":{"custom_model_data":331},"model":"modelengine:edusan/leftfrontc"},{"predicate":{"custom_model_data":332},"model":"modelengine:edusan/leftfrontd"},{"predicate":{"custom_model_data":333},"model":"modelengine:edusan/leftfrontb"},{"predicate":{"custom_model_data":334},"model":"modelengine:edusan/leftfronta"},{"predicate":{"custom_model_data":335},"model":"modelengine:edusan/leftarm"},{"predicate":{"custom_model_data":336},"model":"modelengine:edusan/leftarma"},{"predicate":{"custom_model_data":337},"model":"modelengine:edusan/leftfina"},{"predicate":{"custom_model_data":338},"model":"modelengine:edusan/leftfinab"},{"predicate":{"custom_model_data":339},"model":"modelengine:edusan/leftfinb"},{"predicate":{"custom_model_data":340},"model":"modelengine:edusan/centerfind"},{"predicate":{"custom_model_data":341},"model":"modelengine:edusan/head"},{"predicate":{"custom_model_data":342},"model":"modelengine:edusan/centerfinc"},{"predicate":{"custom_model_data":343},"model":"modelengine:edusan/rightfina"},{"predicate":{"custom_model_data":344},"model":"modelengine:edusan/rightfinab"},{"predicate":{"custom_model_data":345},"model":"modelengine:edusan/rightfinb"},{"predicate":{"custom_model_data":346},"model":"modelengine:edusan/rightfronta"},{"predicate":{"custom_model_data":347},"model":"modelengine:edusan/rightarm"},{"predicate":{"custom_model_data":348},"model":"modelengine:edusan/rightarma"},{"predicate":{"custom_model_data":349},"model":"modelengine:edusan/rightfrontb"},{"predicate":{"custom_model_data":350},"model":"modelengine:edusan/rightfrontd"},{"predicate":{"custom_model_data":351},"model":"modelengine:edusan/rightfrontc"},{"predicate":{"custom_model_data":352},"model":"modelengine:fuwagi/fuwagi"},{"predicate":{"custom_model_data":353},"model":"modelengine:hamashirama/body"},{"predicate":{"custom_model_data":354},"model":"modelengine:hamashirama/blubber"},{"predicate":{"custom_model_data":355},"model":"modelengine:hammerbeak/wings"},{"predicate":{"custom_model_data":356},"model":"modelengine:hammerbeak/body"},{"predicate":{"custom_model_data":357},"model":"modelengine:hashofu/hashofu"},{"predicate":{"custom_model_data":358},"model":"modelengine:hisomukuro/lower_jaw"},{"predicate":{"custom_model_data":359},"model":"modelengine:hisomukuro/back_jaw"},{"predicate":{"custom_model_data":360},"model":"modelengine:hisomukuro/upper_jaw"},{"predicate":{"custom_model_data":361},"model":"modelengine:hisomukuro/ribtail"},{"predicate":{"custom_model_data":362},"model":"modelengine:hisomukuro/stomack"},{"predicate":{"custom_model_data":363},"model":"modelengine:hisomukuro/tail"},{"predicate":{"custom_model_data":364},"model":"modelengine:hisomukuro/rib3"},{"predicate":{"custom_model_data":365},"model":"modelengine:hisomukuro/rib1"},{"predicate":{"custom_model_data":366},"model":"modelengine:hisomukuro/rib2"},{"predicate":{"custom_model_data":367},"model":"modelengine:hisomukuro/fin0"},{"predicate":{"custom_model_data":368},"model":"modelengine:inbyo/inbyo"},{"predicate":{"custom_model_data":369},"model":"modelengine:kagi_tachikiri/kagi_tachikiri"},{"predicate":{"custom_model_data":370},"model":"modelengine:kakatsumuri/kakatsumuri"},{"predicate":{"custom_model_data":371},"model":"modelengine:kazura/kazura_squid2"},{"predicate":{"custom_model_data":372},"model":"modelengine:kuongatari/kuongatari"},{"predicate":{"custom_model_data":373},"model":"modelengine:madokajack/madokajack"},{"predicate":{"custom_model_data":374},"model":"modelengine:makihige/makighige"},{"predicate":{"custom_model_data":375},"model":"modelengine:neritantan/neritantan"},{"predicate":{"custom_model_data":376},"model":"modelengine:okibo/ears"},{"predicate":{"custom_model_data":377},"model":"modelengine:okibo/head"},{"predicate":{"custom_model_data":378},"model":"modelengine:okibo/leg0"},{"predicate":{"custom_model_data":379},"model":"modelengine:okibo/tail"},{"predicate":{"custom_model_data":380},"model":"modelengine:okibo/body"},{"predicate":{"custom_model_data":381},"model":"modelengine:okibo/leg1"},{"predicate":{"custom_model_data":382},"model":"modelengine:okibo/leg2"},{"predicate":{"custom_model_data":383},"model":"modelengine:okibo/leg3"},{"predicate":{"custom_model_data":384},"model":"modelengine:okibo/saddlehead"},{"predicate":{"custom_model_data":385},"model":"modelengine:okibo/deco"},{"predicate":{"custom_model_data":386},"model":"modelengine:okibo/saddlebase"},{"predicate":{"custom_model_data":387},"model":"modelengine:okibo/saddledeco"},{"predicate":{"custom_model_data":388},"model":"modelengine:onitsuchi/second_l"},{"predicate":{"custom_model_data":389},"model":"modelengine:onitsuchi/first_l"},{"predicate":{"custom_model_data":390},"model":"modelengine:onitsuchi/third_l"},{"predicate":{"custom_model_data":391},"model":"modelengine:onitsuchi/first_r"},{"predicate":{"custom_model_data":392},"model":"modelengine:onitsuchi/second_r"},{"predicate":{"custom_model_data":393},"model":"modelengine:onitsuchi/third_r"},{"predicate":{"custom_model_data":394},"model":"modelengine:onitsuchi/body"},{"predicate":{"custom_model_data":395},"model":"modelengine:orbpiercer/right_front"},{"predicate":{"custom_model_data":396},"model":"modelengine:orbpiercer/r_f_ankle"},{"predicate":{"custom_model_data":397},"model":"modelengine:orbpiercer/r_f_foot"},{"predicate":{"custom_model_data":398},"model":"modelengine:orbpiercer/right_rear"},{"predicate":{"custom_model_data":399},"model":"modelengine:orbpiercer/r_r_calf"},{"predicate":{"custom_model_data":400},"model":"modelengine:orbpiercer/r_r_ankle"},{"predicate":{"custom_model_data":401},"model":"modelengine:orbpiercer/r_r_foot"},{"predicate":{"custom_model_data":402},"model":"modelengine:orbpiercer/left_front"},{"predicate":{"custom_model_data":403},"model":"modelengine:orbpiercer/f_ankle"},{"predicate":{"custom_model_data":404},"model":"modelengine:orbpiercer/f_foot"},{"predicate":{"custom_model_data":405},"model":"modelengine:orbpiercer/left_rear"},{"predicate":{"custom_model_data":406},"model":"modelengine:orbpiercer/r_calf"},{"predicate":{"custom_model_data":407},"model":"modelengine:orbpiercer/r_ankle"},{"predicate":{"custom_model_data":408},"model":"modelengine:orbpiercer/r_foot"},{"predicate":{"custom_model_data":409},"model":"modelengine:orbpiercer/torso"},{"predicate":{"custom_model_data":410},"model":"modelengine:orbpiercer/neck_spines_2"},{"predicate":{"custom_model_data":411},"model":"modelengine:orbpiercer/mouth"},{"predicate":{"custom_model_data":412},"model":"modelengine:orbpiercer/head_1"},{"predicate":{"custom_model_data":413},"model":"modelengine:orbpiercer/neck"},{"predicate":{"custom_model_data":414},"model":"modelengine:orbpiercer/neck_spines_1"},{"predicate":{"custom_model_data":415},"model":"modelengine:orbpiercer/tail_tips"},{"predicate":{"custom_model_data":416},"model":"modelengine:orbpiercer/tail_1"},{"predicate":{"custom_model_data":417},"model":"modelengine:orbpiercer/tail2"},{"predicate":{"custom_model_data":418},"model":"modelengine:orbpiercer/tail_tips2"},{"predicate":{"custom_model_data":419},"model":"modelengine:orbpiercer/tail_spines_1"},{"predicate":{"custom_model_data":420},"model":"modelengine:orbpiercer/bone1"},{"predicate":{"custom_model_data":421},"model":"modelengine:orbpiercer/spine_tips_2"},{"predicate":{"custom_model_data":422},"model":"modelengine:orbpiercer/tail_spines_l_b"},{"predicate":{"custom_model_data":423},"model":"modelengine:orbpiercer/s_t_b"},{"predicate":{"custom_model_data":424},"model":"modelengine:orbpiercer/tail_spines_l_t"},{"predicate":{"custom_model_data":425},"model":"modelengine:orbpiercer/spine_tips_l"},{"predicate":{"custom_model_data":426},"model":"modelengine:orbpiercer/spine_tips_3"},{"predicate":{"custom_model_data":427},"model":"modelengine:orbpiercer/tail_spines_r_b"},{"predicate":{"custom_model_data":428},"model":"modelengine:orbpiercer/s_t_b2"},{"predicate":{"custom_model_data":429},"model":"modelengine:orbpiercer/tail_spines_r_t"},{"predicate":{"custom_model_data":430},"model":"modelengine:orbpiercer/spine_tips_l2"},{"predicate":{"custom_model_data":431},"model":"modelengine:orbpiercer/spine_tips_4"},{"predicate":{"custom_model_data":432},"model":"modelengine:orbpiercer/shoulder_spines_left"},{"predicate":{"custom_model_data":433},"model":"modelengine:orbpiercer/c"},{"predicate":{"custom_model_data":434},"model":"modelengine:orbpiercer/a"},{"predicate":{"custom_model_data":435},"model":"modelengine:orbpiercer/shoulder_spines_right"},{"predicate":{"custom_model_data":436},"model":"modelengine:orbpiercer/spine_tips_right"},{"predicate":{"custom_model_data":437},"model":"modelengine:orbpiercer/shoulder_spines_right2"},{"predicate":{"custom_model_data":438},"model":"modelengine:orbpiercer/b"},{"predicate":{"custom_model_data":439},"model":"modelengine:orbpiercer/torso_spines"},{"predicate":{"custom_model_data":440},"model":"modelengine:ottobas/ottobas"},{"predicate":{"custom_model_data":441},"model":"modelengine:rinsipede/rinsipede"},{"predicate":{"custom_model_data":442},"model":"modelengine:rohana/rohana"},{"predicate":{"custom_model_data":443},"model":"modelengine:sakuranbo/sakuranbo"},{"predicate":{"custom_model_data":444},"model":"modelengine:shroombear/shroombear"},{"predicate":{"custom_model_data":445},"model":"modelengine:silkfang/silkfang"},{"predicate":{"custom_model_data":446},"model":"modelengine:spiralsquid/group"},{"predicate":{"custom_model_data":447},"model":"modelengine:splitjaw/head"},{"predicate":{"custom_model_data":448},"model":"modelengine:splitjaw/fangs"},{"predicate":{"custom_model_data":449},"model":"modelengine:splitjaw/antennae_r"},{"predicate":{"custom_model_data":450},"model":"modelengine:splitjaw/antennae_l"},{"predicate":{"custom_model_data":451},"model":"modelengine:splitjaw/deco"},{"predicate":{"custom_model_data":452},"model":"modelengine:splitjaw/mouth"},{"predicate":{"custom_model_data":453},"model":"modelengine:splitjaw/tongue"},{"predicate":{"custom_model_data":454},"model":"modelengine:splitjaw/bottom_jaw"},{"predicate":{"custom_model_data":455},"model":"modelengine:splitjaw/segment_1"},{"predicate":{"custom_model_data":456},"model":"modelengine:splitjaw/segment_2"},{"predicate":{"custom_model_data":457},"model":"modelengine:splitjaw/segment_3"},{"predicate":{"custom_model_data":458},"model":"modelengine:splitjaw/segment_4"},{"predicate":{"custom_model_data":459},"model":"modelengine:splitjaw/segment_5"},{"predicate":{"custom_model_data":460},"model":"modelengine:splitjaw/segment_6"},{"predicate":{"custom_model_data":461},"model":"modelengine:splitjaw/segment_7"},{"predicate":{"custom_model_data":462},"model":"modelengine:splitjaw/segment_8"},{"predicate":{"custom_model_data":463},"model":"modelengine:splitjaw/deco2"},{"predicate":{"custom_model_data":464},"model":"modelengine:splitjaw/deco4"},{"predicate":{"custom_model_data":465},"model":"modelengine:splitjaw/deco3"},{"predicate":{"custom_model_data":466},"model":"modelengine:splitjaw/right_wing"},{"predicate":{"custom_model_data":467},"model":"modelengine:splitjaw/left_wing"},{"predicate":{"custom_model_data":468},"model":"modelengine:squidfly/glass"},{"predicate":{"custom_model_data":469},"model":"modelengine:squidfly/squid2"},{"predicate":{"custom_model_data":470},"model":"modelengine:stingerhead/middle_front_leg_1"},{"predicate":{"custom_model_data":471},"model":"modelengine:stingerhead/leg41"},{"predicate":{"custom_model_data":472},"model":"modelengine:stingerhead/leg42"},{"predicate":{"custom_model_data":473},"model":"modelengine:stingerhead/leg43"},{"predicate":{"custom_model_data":474},"model":"modelengine:stingerhead/middle_leg_1"},{"predicate":{"custom_model_data":475},"model":"modelengine:stingerhead/leg47"},{"predicate":{"custom_model_data":476},"model":"modelengine:stingerhead/leg48"},{"predicate":{"custom_model_data":477},"model":"modelengine:stingerhead/leg49"},{"predicate":{"custom_model_data":478},"model":"modelengine:stingerhead/back_leg_1"},{"predicate":{"custom_model_data":479},"model":"modelengine:stingerhead/leg50"},{"predicate":{"custom_model_data":480},"model":"modelengine:stingerhead/leg51"},{"predicate":{"custom_model_data":481},"model":"modelengine:stingerhead/leg52"},{"predicate":{"custom_model_data":482},"model":"modelengine:stingerhead/front_back_leg_1"},{"predicate":{"custom_model_data":483},"model":"modelengine:stingerhead/leg53"},{"predicate":{"custom_model_data":484},"model":"modelengine:stingerhead/leg54"},{"predicate":{"custom_model_data":485},"model":"modelengine:stingerhead/leg55"},{"predicate":{"custom_model_data":486},"model":"modelengine:stingerhead/front_middle_back_leg_1"},{"predicate":{"custom_model_data":487},"model":"modelengine:stingerhead/leg56"},{"predicate":{"custom_model_data":488},"model":"modelengine:stingerhead/leg57"},{"predicate":{"custom_model_data":489},"model":"modelengine:stingerhead/leg58"},{"predicate":{"custom_model_data":490},"model":"modelengine:stingerhead/leg59"},{"predicate":{"custom_model_data":491},"model":"modelengine:stingerhead/leg60"},{"predicate":{"custom_model_data":492},"model":"modelengine:stingerhead/leg61"},{"predicate":{"custom_model_data":493},"model":"modelengine:stingerhead/leg62"},{"predicate":{"custom_model_data":494},"model":"modelengine:stingerhead/leg63"},{"predicate":{"custom_model_data":495},"model":"modelengine:stingerhead/leg64"},{"predicate":{"custom_model_data":496},"model":"modelengine:stingerhead/front_middle_leg_1"},{"predicate":{"custom_model_data":497},"model":"modelengine:stingerhead/leg65"},{"predicate":{"custom_model_data":498},"model":"modelengine:stingerhead/leg66"},{"predicate":{"custom_model_data":499},"model":"modelengine:stingerhead/leg67"},{"predicate":{"custom_model_data":500},"model":"modelengine:stingerhead/front_leg_2"},{"predicate":{"custom_model_data":501},"model":"modelengine:stingerhead/leg5"},{"predicate":{"custom_model_data":502},"model":"modelengine:stingerhead/leg6"},{"predicate":{"custom_model_data":503},"model":"modelengine:stingerhead/leg7"},{"predicate":{"custom_model_data":504},"model":"modelengine:stingerhead/under_leg_1"},{"predicate":{"custom_model_data":505},"model":"modelengine:stingerhead/leg68"},{"predicate":{"custom_model_data":506},"model":"modelengine:stingerhead/leg69"},{"predicate":{"custom_model_data":507},"model":"modelengine:stingerhead/leg70"},{"predicate":{"custom_model_data":508},"model":"modelengine:stingerhead/under_middle_leg_1"},{"predicate":{"custom_model_data":509},"model":"modelengine:stingerhead/leg2"},{"predicate":{"custom_model_data":510},"model":"modelengine:stingerhead/leg3"},{"predicate":{"custom_model_data":511},"model":"modelengine:stingerhead/leg4"},{"predicate":{"custom_model_data":512},"model":"modelengine:stingerhead/middle_front_leg_3"},{"predicate":{"custom_model_data":513},"model":"modelengine:stingerhead/leg8"},{"predicate":{"custom_model_data":514},"model":"modelengine:stingerhead/leg9"},{"predicate":{"custom_model_data":515},"model":"modelengine:stingerhead/leg10"},{"predicate":{"custom_model_data":516},"model":"modelengine:stingerhead/middle_leg_2"},{"predicate":{"custom_model_data":517},"model":"modelengine:stingerhead/leg11"},{"predicate":{"custom_model_data":518},"model":"modelengine:stingerhead/leg12"},{"predicate":{"custom_model_data":519},"model":"modelengine:stingerhead/leg13"},{"predicate":{"custom_model_data":520},"model":"modelengine:stingerhead/back_leg_2"},{"predicate":{"custom_model_data":521},"model":"modelengine:stingerhead/leg14"},{"predicate":{"custom_model_data":522},"model":"modelengine:stingerhead/leg15"},{"predicate":{"custom_model_data":523},"model":"modelengine:stingerhead/leg16"},{"predicate":{"custom_model_data":524},"model":"modelengine:stingerhead/front_back_leg_2"},{"predicate":{"custom_model_data":525},"model":"modelengine:stingerhead/leg17"},{"predicate":{"custom_model_data":526},"model":"modelengine:stingerhead/leg18"},{"predicate":{"custom_model_data":527},"model":"modelengine:stingerhead/leg19"},{"predicate":{"custom_model_data":528},"model":"modelengine:stingerhead/front_middle_back_leg_2"},{"predicate":{"custom_model_data":529},"model":"modelengine:stingerhead/leg20"},{"predicate":{"custom_model_data":530},"model":"modelengine:stingerhead/leg21"},{"predicate":{"custom_model_data":531},"model":"modelengine:stingerhead/leg22"},{"predicate":{"custom_model_data":532},"model":"modelengine:stingerhead/leg23"},{"predicate":{"custom_model_data":533},"model":"modelengine:stingerhead/leg24"},{"predicate":{"custom_model_data":534},"model":"modelengine:stingerhead/leg25"},{"predicate":{"custom_model_data":535},"model":"modelengine:stingerhead/leg26"},{"predicate":{"custom_model_data":536},"model":"modelengine:stingerhead/leg27"},{"predicate":{"custom_model_data":537},"model":"modelengine:stingerhead/leg28"},{"predicate":{"custom_model_data":538},"model":"modelengine:stingerhead/front_middle_leg_2"},{"predicate":{"custom_model_data":539},"model":"modelengine:stingerhead/leg29"},{"predicate":{"custom_model_data":540},"model":"modelengine:stingerhead/leg30"},{"predicate":{"custom_model_data":541},"model":"modelengine:stingerhead/leg31"},{"predicate":{"custom_model_data":542},"model":"modelengine:stingerhead/front_leg_3"},{"predicate":{"custom_model_data":543},"model":"modelengine:stingerhead/leg32"},{"predicate":{"custom_model_data":544},"model":"modelengine:stingerhead/leg33"},{"predicate":{"custom_model_data":545},"model":"modelengine:stingerhead/leg34"},{"predicate":{"custom_model_data":546},"model":"modelengine:stingerhead/under_leg_2"},{"predicate":{"custom_model_data":547},"model":"modelengine:stingerhead/leg35"},{"predicate":{"custom_model_data":548},"model":"modelengine:stingerhead/leg36"},{"predicate":{"custom_model_data":549},"model":"modelengine:stingerhead/leg37"},{"predicate":{"custom_model_data":550},"model":"modelengine:stingerhead/under_middle_leg_2"},{"predicate":{"custom_model_data":551},"model":"modelengine:stingerhead/leg38"},{"predicate":{"custom_model_data":552},"model":"modelengine:stingerhead/leg39"},{"predicate":{"custom_model_data":553},"model":"modelengine:stingerhead/leg40"},{"predicate":{"custom_model_data":554},"model":"modelengine:stingerhead/body"},{"predicate":{"custom_model_data":555},"model":"modelengine:stingerhead/arm1"},{"predicate":{"custom_model_data":556},"model":"modelengine:stingerhead/arm6"},{"predicate":{"custom_model_data":557},"model":"modelengine:stingerhead/arm7"},{"predicate":{"custom_model_data":558},"model":"modelengine:stingerhead/arm8"},{"predicate":{"custom_model_data":559},"model":"modelengine:stingerhead/arm3"},{"predicate":{"custom_model_data":560},"model":"modelengine:stingerhead/arm4"},{"predicate":{"custom_model_data":561},"model":"modelengine:stingerhead/arms"},{"predicate":{"custom_model_data":562},"model":"modelengine:stingerhead/mouth2"},{"predicate":{"custom_model_data":563},"model":"modelengine:stingerhead/mouth1"},{"predicate":{"custom_model_data":564},"model":"modelengine:stingerhead/mouth3"},{"predicate":{"custom_model_data":565},"model":"modelengine:stingerhead/head"},{"predicate":{"custom_model_data":566},"model":"modelengine:stingerhead/tail_joint"},{"predicate":{"custom_model_data":567},"model":"modelengine:stingerhead/middle_side_tail_right"},{"predicate":{"custom_model_data":568},"model":"modelengine:stingerhead/tail22"},{"predicate":{"custom_model_data":569},"model":"modelengine:stingerhead/tail23"},{"predicate":{"custom_model_data":570},"model":"modelengine:stingerhead/tail24"},{"predicate":{"custom_model_data":571},"model":"modelengine:stingerhead/tail25"},{"predicate":{"custom_model_data":572},"model":"modelengine:stingerhead/tail26"},{"predicate":{"custom_model_data":573},"model":"modelengine:stingerhead/tail27"},{"predicate":{"custom_model_data":574},"model":"modelengine:stingerhead/tail28"},{"predicate":{"custom_model_data":575},"model":"modelengine:stingerhead/tail29"},{"predicate":{"custom_model_data":576},"model":"modelengine:stingerhead/tail_end4"},{"predicate":{"custom_model_data":577},"model":"modelengine:stingerhead/middle_side_tail_left"},{"predicate":{"custom_model_data":578},"model":"modelengine:stingerhead/tail30"},{"predicate":{"custom_model_data":579},"model":"modelengine:stingerhead/tail31"},{"predicate":{"custom_model_data":580},"model":"modelengine:stingerhead/tail32"},{"predicate":{"custom_model_data":581},"model":"modelengine:stingerhead/tail33"},{"predicate":{"custom_model_data":582},"model":"modelengine:stingerhead/tail34"},{"predicate":{"custom_model_data":583},"model":"modelengine:stingerhead/tail35"},{"predicate":{"custom_model_data":584},"model":"modelengine:stingerhead/tail36"},{"predicate":{"custom_model_data":585},"model":"modelengine:stingerhead/tail37"},{"predicate":{"custom_model_data":586},"model":"modelengine:stingerhead/tail_end5"},{"predicate":{"custom_model_data":587},"model":"modelengine:stingerhead/main_tail_center"},{"predicate":{"custom_model_data":588},"model":"modelengine:stingerhead/tail38"},{"predicate":{"custom_model_data":589},"model":"modelengine:stingerhead/tail39"},{"predicate":{"custom_model_data":590},"model":"modelengine:stingerhead/tail40"},{"predicate":{"custom_model_data":591},"model":"modelengine:stingerhead/tail41"},{"predicate":{"custom_model_data":592},"model":"modelengine:stingerhead/tail42"},{"predicate":{"custom_model_data":593},"model":"modelengine:stingerhead/tail7"},{"predicate":{"custom_model_data":594},"model":"modelengine:stingerhead/tail43"},{"predicate":{"custom_model_data":595},"model":"modelengine:stingerhead/tail9"},{"predicate":{"custom_model_data":596},"model":"modelengine:stingerhead/tail_end6"},{"predicate":{"custom_model_data":597},"model":"modelengine:stingerhead/main_tail_right"},{"predicate":{"custom_model_data":598},"model":"modelengine:stingerhead/tail44"},{"predicate":{"custom_model_data":599},"model":"modelengine:stingerhead/tail45"},{"predicate":{"custom_model_data":600},"model":"modelengine:stingerhead/tail46"},{"predicate":{"custom_model_data":601},"model":"modelengine:stingerhead/tail47"},{"predicate":{"custom_model_data":602},"model":"modelengine:stingerhead/tail48"},{"predicate":{"custom_model_data":603},"model":"modelengine:stingerhead/tail49"},{"predicate":{"custom_model_data":604},"model":"modelengine:stingerhead/tail_end7"},{"predicate":{"custom_model_data":605},"model":"modelengine:stingerhead/main_tail_left"},{"predicate":{"custom_model_data":606},"model":"modelengine:stingerhead/tail2"},{"predicate":{"custom_model_data":607},"model":"modelengine:stingerhead/tail3"},{"predicate":{"custom_model_data":608},"model":"modelengine:stingerhead/tail4"},{"predicate":{"custom_model_data":609},"model":"modelengine:stingerhead/tail5"},{"predicate":{"custom_model_data":610},"model":"modelengine:stingerhead/tail6"},{"predicate":{"custom_model_data":611},"model":"modelengine:stingerhead/tail8"},{"predicate":{"custom_model_data":612},"model":"modelengine:stingerhead/tail_end"},{"predicate":{"custom_model_data":613},"model":"modelengine:stingerhead/middle_rear_tail_right"},{"predicate":{"custom_model_data":614},"model":"modelengine:stingerhead/tail10"},{"predicate":{"custom_model_data":615},"model":"modelengine:stingerhead/tail11"},{"predicate":{"custom_model_data":616},"model":"modelengine:stingerhead/tail12"},{"predicate":{"custom_model_data":617},"model":"modelengine:stingerhead/tail13"},{"predicate":{"custom_model_data":618},"model":"modelengine:stingerhead/tail14"},{"predicate":{"custom_model_data":619},"model":"modelengine:stingerhead/tail15"},{"predicate":{"custom_model_data":620},"model":"modelengine:stingerhead/tail_end2"},{"predicate":{"custom_model_data":621},"model":"modelengine:stingerhead/middle_rear_tail_left"},{"predicate":{"custom_model_data":622},"model":"modelengine:stingerhead/tail16"},{"predicate":{"custom_model_data":623},"model":"modelengine:stingerhead/tail17"},{"predicate":{"custom_model_data":624},"model":"modelengine:stingerhead/tail18"},{"predicate":{"custom_model_data":625},"model":"modelengine:stingerhead/tail19"},{"predicate":{"custom_model_data":626},"model":"modelengine:stingerhead/tail20"},{"predicate":{"custom_model_data":627},"model":"modelengine:stingerhead/tail21"},{"predicate":{"custom_model_data":628},"model":"modelengine:stingerhead/tail_end3"},{"predicate":{"custom_model_data":629},"model":"modelengine:tesuchi/model"},{"predicate":{"custom_model_data":630},"model":"modelengine:titanjaw/titanjaw"},{"predicate":{"custom_model_data":631},"model":"modelengine:uibuta/uibuta"},{"predicate":{"custom_model_data":632},"model":"modelengine:virinsipede/virinsipede"},{"predicate":{"custom_model_data":400},"model":"modelengine:belaf/head"},{"predicate":{"custom_model_data":401},"model":"modelengine:belaf/1"},{"predicate":{"custom_model_data":402},"model":"modelengine:belaf/2"},{"predicate":{"custom_model_data":403},"model":"modelengine:belaf/3"},{"predicate":{"custom_model_data":404},"model":"modelengine:belaf/4"},{"predicate":{"custom_model_data":405},"model":"modelengine:belaf/5"},{"predicate":{"custom_model_data":406},"model":"modelengine:belaf/6"},{"predicate":{"custom_model_data":407},"model":"modelengine:belaf/7"},{"predicate":{"custom_model_data":408},"model":"modelengine:belaf/8"},{"predicate":{"custom_model_data":409},"model":"modelengine:belaf/9"},{"predicate":{"custom_model_data":410},"model":"modelengine:belaf/10"},{"predicate":{"custom_model_data":411},"model":"modelengine:belchero/head"},{"predicate":{"custom_model_data":412},"model":"modelengine:belchero/body"},{"predicate":{"custom_model_data":413},"model":"modelengine:belchero/arms"},{"predicate":{"custom_model_data":414},"model":"modelengine:bondrewd/root"},{"predicate":{"custom_model_data":415},"model":"modelengine:faputa/right_leg"},{"predicate":{"custom_model_data":416},"model":"modelengine:faputa/left_leg"},{"predicate":{"custom_model_data":417},"model":"modelengine:faputa/tail_and_body"},{"predicate":{"custom_model_data":418},"model":"modelengine:faputa/right_arm"},{"predicate":{"custom_model_data":419},"model":"modelengine:faputa/back_right_arm"},{"predicate":{"custom_model_data":420},"model":"modelengine:faputa/left_arm"},{"predicate":{"custom_model_data":421},"model":"modelengine:faputa/back_left_arm"},{"predicate":{"custom_model_data":422},"model":"modelengine:faputa/head"},{"predicate":{"custom_model_data":423},"model":"modelengine:gaburoon/hip"},{"predicate":{"custom_model_data":424},"model":"modelengine:gaburoon/waist"},{"predicate":{"custom_model_data":425},"model":"modelengine:gaburoon/chest"},{"predicate":{"custom_model_data":426},"model":"modelengine:gaburoon/face"},{"predicate":{"custom_model_data":427},"model":"modelengine:gaburoon/head_lower"},{"predicate":{"custom_model_data":428},"model":"modelengine:gaburoon/head_top"},{"predicate":{"custom_model_data":429},"model":"modelengine:gaburoon/cape"},{"predicate":{"custom_model_data":430},"model":"modelengine:gaburoon/cart"},{"predicate":{"custom_model_data":431},"model":"modelengine:gaburoon/steering"},{"predicate":{"custom_model_data":432},"model":"modelengine:gaburoon/right_arm"},{"predicate":{"custom_model_data":433},"model":"modelengine:gaburoon/cannon"},{"predicate":{"custom_model_data":434},"model":"modelengine:gaburoon/beam_claws"},{"predicate":{"custom_model_data":435},"model":"modelengine:gaburoon/beam"},{"predicate":{"custom_model_data":436},"model":"modelengine:gaburoon/right_forearm"},{"predicate":{"custom_model_data":437},"model":"modelengine:gaburoon/left_arm"},{"predicate":{"custom_model_data":438},"model":"modelengine:gaburoon/left_forearm"},{"predicate":{"custom_model_data":439},"model":"modelengine:gaburoon/claw_1"},{"predicate":{"custom_model_data":440},"model":"modelengine:gaburoon/claw_2"},{"predicate":{"custom_model_data":441},"model":"modelengine:gaburoon/right_leg"},{"predicate":{"custom_model_data":442},"model":"modelengine:gaburoon/right_foreleg"},{"predicate":{"custom_model_data":443},"model":"modelengine:gaburoon/left_leg"},{"predicate":{"custom_model_data":444},"model":"modelengine:gaburoon/left_foreleg"},{"predicate":{"custom_model_data":445},"model":"modelengine:guildmaster/head"},{"predicate":{"custom_model_data":446},"model":"modelengine:guildmaster/arm"},{"predicate":{"custom_model_data":447},"model":"modelengine:guildmaster/upper_body"},{"predicate":{"custom_model_data":448},"model":"modelengine:guildmaster/lower_body"},{"predicate":{"custom_model_data":449},"model":"modelengine:habo/head"},{"predicate":{"custom_model_data":450},"model":"modelengine:habo/body"},{"predicate":{"custom_model_data":451},"model":"modelengine:habo/arms"},{"predicate":{"custom_model_data":452},"model":"modelengine:jiruo/torso"},{"predicate":{"custom_model_data":453},"model":"modelengine:jiruo/head"},{"predicate":{"custom_model_data":454},"model":"modelengine:jiruo/right_arm"},{"predicate":{"custom_model_data":455},"model":"modelengine:jiruo/left_arm"},{"predicate":{"custom_model_data":456},"model":"modelengine:jiruo/right_leg"},{"predicate":{"custom_model_data":457},"model":"modelengine:jiruo/left_leg"},{"predicate":{"custom_model_data":458},"model":"modelengine:kiyui/head"},{"predicate":{"custom_model_data":459},"model":"modelengine:kiyui/arm"},{"predicate":{"custom_model_data":460},"model":"modelengine:kiyui/body"},{"predicate":{"custom_model_data":461},"model":"modelengine:laffi/head"},{"predicate":{"custom_model_data":462},"model":"modelengine:laffi/arms"},{"predicate":{"custom_model_data":463},"model":"modelengine:laffi/bone"},{"predicate":{"custom_model_data":464},"model":"modelengine:lyza/body"},{"predicate":{"custom_model_data":465},"model":"modelengine:lyza/right_leg"},{"predicate":{"custom_model_data":466},"model":"modelengine:lyza/left_leg"},{"predicate":{"custom_model_data":467},"model":"modelengine:lyza/right_arm"},{"predicate":{"custom_model_data":468},"model":"modelengine:lyza/left_arm"},{"predicate":{"custom_model_data":469},"model":"modelengine:lyza/hair"},{"predicate":{"custom_model_data":470},"model":"modelengine:lyza/head"},{"predicate":{"custom_model_data":471},"model":"modelengine:marulk/head"},{"predicate":{"custom_model_data":472},"model":"modelengine:marulk/right_arm"},{"predicate":{"custom_model_data":473},"model":"modelengine:marulk/left_arm"},{"predicate":{"custom_model_data":474},"model":"modelengine:marulk/left_leg"},{"predicate":{"custom_model_data":475},"model":"modelengine:marulk/right_leg"},{"predicate":{"custom_model_data":476},"model":"modelengine:marulk/torso"},{"predicate":{"custom_model_data":477},"model":"modelengine:mio/arms"},{"predicate":{"custom_model_data":478},"model":"modelengine:mio/head"},{"predicate":{"custom_model_data":479},"model":"modelengine:mio/hair"},{"predicate":{"custom_model_data":480},"model":"modelengine:mio/body"},{"predicate":{"custom_model_data":481},"model":"modelengine:moogie/body"},{"predicate":{"custom_model_data":482},"model":"modelengine:moogie/head"},{"predicate":{"custom_model_data":483},"model":"modelengine:moogie/1a"},{"predicate":{"custom_model_data":484},"model":"modelengine:moogie/t1"},{"predicate":{"custom_model_data":485},"model":"modelengine:moogie/2a"},{"predicate":{"custom_model_data":486},"model":"modelengine:moogie/t2"},{"predicate":{"custom_model_data":487},"model":"modelengine:moogie/3a"},{"predicate":{"custom_model_data":488},"model":"modelengine:moogie/t3"},{"predicate":{"custom_model_data":489},"model":"modelengine:moogie/4a"},{"predicate":{"custom_model_data":490},"model":"modelengine:moogie/t4"},{"predicate":{"custom_model_data":491},"model":"modelengine:moogie/lleg"},{"predicate":{"custom_model_data":492},"model":"modelengine:moogie/rleg"},{"predicate":{"custom_model_data":493},"model":"modelengine:moogie/rarm"},{"predicate":{"custom_model_data":494},"model":"modelengine:moogie/larm"},{"predicate":{"custom_model_data":495},"model":"modelengine:nanachi/helmet"},{"predicate":{"custom_model_data":496},"model":"modelengine:nanachi/head"},{"predicate":{"custom_model_data":497},"model":"modelengine:nanachi/root"},{"predicate":{"custom_model_data":498},"model":"modelengine:nat/torso"},{"predicate":{"custom_model_data":499},"model":"modelengine:nat/head"},{"predicate":{"custom_model_data":500},"model":"modelengine:nat/arms"},{"predicate":{"custom_model_data":501},"model":"modelengine:ozen/head"},{"predicate":{"custom_model_data":502},"model":"modelengine:ozen/lleg"},{"predicate":{"custom_model_data":503},"model":"modelengine:ozen/la"},{"predicate":{"custom_model_data":504},"model":"modelengine:ozen/rleg"},{"predicate":{"custom_model_data":505},"model":"modelengine:ozen/ra"},{"predicate":{"custom_model_data":506},"model":"modelengine:ozen/larm"},{"predicate":{"custom_model_data":507},"model":"modelengine:ozen/rarm"},{"predicate":{"custom_model_data":508},"model":"modelengine:ozen/bone"},{"predicate":{"custom_model_data":509},"model":"modelengine:ozen_despair/head"},{"predicate":{"custom_model_data":510},"model":"modelengine:ozen_despair/bone"},{"predicate":{"custom_model_data":511},"model":"modelengine:prushka/bone"},{"predicate":{"custom_model_data":512},"model":"modelengine:prushka/head"},{"predicate":{"custom_model_data":513},"model":"modelengine:prushka/left_leg"},{"predicate":{"custom_model_data":514},"model":"modelengine:prushka/right_leg"},{"predicate":{"custom_model_data":515},"model":"modelengine:prushka/left_arm"},{"predicate":{"custom_model_data":516},"model":"modelengine:prushka/right_arm"},{"predicate":{"custom_model_data":517},"model":"modelengine:reg/head"},{"predicate":{"custom_model_data":518},"model":"modelengine:reg/reg"},{"predicate":{"custom_model_data":519},"model":"modelengine:riko/root"},{"predicate":{"custom_model_data":520},"model":"modelengine:riko/head"},{"predicate":{"custom_model_data":521},"model":"modelengine:shiggy/torso"},{"predicate":{"custom_model_data":522},"model":"modelengine:shiggy/head"},{"predicate":{"custom_model_data":523},"model":"modelengine:shiggy/arm"},{"predicate":{"custom_model_data":524},"model":"modelengine:simred/torso"},{"predicate":{"custom_model_data":525},"model":"modelengine:simred/head"},{"predicate":{"custom_model_data":526},"model":"modelengine:simred/right_arm"},{"predicate":{"custom_model_data":527},"model":"modelengine:simred/left_arm"},{"predicate":{"custom_model_data":528},"model":"modelengine:simred/right_leg"},{"predicate":{"custom_model_data":529},"model":"modelengine:simred/left_leg"},{"predicate":{"custom_model_data":530},"model":"modelengine:tepaste/torso"},{"predicate":{"custom_model_data":531},"model":"modelengine:tepaste/head"},{"predicate":{"custom_model_data":532},"model":"modelengine:tepaste/right_arm"},{"predicate":{"custom_model_data":533},"model":"modelengine:tepaste/left_arm"},{"predicate":{"custom_model_data":534},"model":"modelengine:tepaste/right_leg"},{"predicate":{"custom_model_data":535},"model":"modelengine:tepaste/left_leg"},{"predicate":{"custom_model_data":536},"model":"modelengine:torka/torso"},{"predicate":{"custom_model_data":537},"model":"modelengine:torka/head"},{"predicate":{"custom_model_data":538},"model":"modelengine:torka/right_arm"},{"predicate":{"custom_model_data":539},"model":"modelengine:torka/left_arm"},{"predicate":{"custom_model_data":540},"model":"modelengine:torka/right_leg"},{"predicate":{"custom_model_data":541},"model":"modelengine:torka/left_leg"},{"predicate":{"custom_model_data":542},"model":"modelengine:vueko/body"},{"predicate":{"custom_model_data":543},"model":"modelengine:vueko/arms"},{"predicate":{"custom_model_data":544},"model":"modelengine:vueko/head"},{"predicate":{"custom_model_data":545},"model":"modelengine:vueko/giants"},{"predicate":{"custom_model_data":546},"model":"modelengine:wazukyan/head"},{"predicate":{"custom_model_data":547},"model":"modelengine:wazukyan/body"},{"predicate":{"custom_model_data":548},"model":"modelengine:wazukyan/lleg"},{"predicate":{"custom_model_data":549},"model":"modelengine:wazukyan/rleg"},{"predicate":{"custom_model_data":550},"model":"modelengine:yelme/torso"},{"predicate":{"custom_model_data":551},"model":"modelengine:yelme/head"},{"predicate":{"custom_model_data":552},"model":"modelengine:yelme/right_arm"},{"predicate":{"custom_model_data":553},"model":"modelengine:yelme/left_arm"},{"predicate":{"custom_model_data":554},"model":"modelengine:yelme/right_leg"},{"predicate":{"custom_model_data":555},"model":"modelengine:yelme/left_leg"}]}