{"data":10,"parent":"item/generated","textures":{"layer0":"item/leather_horse_armor"},"overrides":[{"predicate":{"custom_model_data":1},"model":"modelengine:windmill/fan8"},{"predicate":{"custom_model_data":2},"model":"modelengine:windmill/fan7"},{"predicate":{"custom_model_data":3},"model":"modelengine:windmill/fan6"},{"predicate":{"custom_model_data":4},"model":"modelengine:windmill/fan5"},{"predicate":{"custom_model_data":5},"model":"modelengine:windmill/fan4"},{"predicate":{"custom_model_data":6},"model":"modelengine:windmill/fan3"},{"predicate":{"custom_model_data":7},"model":"modelengine:windmill/fan2"},{"predicate":{"custom_model_data":8},"model":"modelengine:windmill/fan1"},{"predicate":{"custom_model_data":9},"model":"modelengine:windmill/front"},{"predicate":{"custom_model_data":10},"model":"modelengine:windmill/1_cube_pain"}]}