{"parent":"item/generated","textures":{"layer0":"item/paper"},"overrides":[{"predicate":{"custom_model_data":1},"model":"mineinabyss:ui/invisible_slot_icon"},{"predicate":{"custom_model_data":2},"model":"mineinabyss:ui/pvp_toggle_enabled"},{"predicate":{"custom_model_data":3},"model":"mineinabyss:ui/pvp_toggle_disabled"},{"predicate":{"custom_model_data":1000},"model":"mineinabyss:block/furniture/stone_bench"},{"predicate":{"custom_model_data":1001},"model":"mineinabyss:block/furniture/sunny_wood_chair"},{"predicate":{"custom_model_data":2000},"model":"minecraft:block/note_block"},{"predicate":{"custom_model_data":2001},"model":"mineinabyss:block/ores/charcoal_sand_ore"},{"predicate":{"custom_model_data":2002},"model":"mineinabyss:block/trees/mangrove/mangrove_log"},{"predicate":{"custom_model_data":2003},"model":"mineinabyss:block/trees/mangrove/stripped_mangrove_log"},{"predicate":{"custom_model_data":2004},"model":"mineinabyss:block/trees/mangrove/mangrove_wood"},{"predicate":{"custom_model_data":2005},"model":"mineinabyss:block/trees/mangrove/stripped_mangrove_wood"},{"predicate":{"custom_model_data":2006},"model":"mineinabyss:block/trees/mangrove/mangrove_planks"},{"predicate":{"custom_model_data":2007},"model":"mineinabyss:block/mud/mud"},{"predicate":{"custom_model_data":2008},"model":"mineinabyss:block/mud/mud_bricks"},{"predicate":{"custom_model_data":2009},"model":"mineinabyss:block/mud/packed_mud"},{"predicate":{"custom_model_data":2010},"model":"mineinabyss:block/mud/muddy_mangrove_roots"},{"predicate":{"custom_model_data":2011},"model":"mineinabyss:block/deepslate/reinforced_deepslate"},{"predicate":{"custom_model_data":2012},"model":"mineinabyss:block/sculk/sculk"},{"predicate":{"custom_model_data":2013},"model":"mineinabyss:block/sculk/sculk_catalyst"},{"predicate":{"custom_model_data":2014},"model":"mineinabyss:block/sculk/sculk_catalyst_bloom"},{"predicate":{"custom_model_data":2015},"model":"mineinabyss:block/froglight/ochre_froglight"},{"predicate":{"custom_model_data":2016},"model":"mineinabyss:block/froglight/pearlescent_froglight"},{"predicate":{"custom_model_data":2017},"model":"mineinabyss:block/froglight/verdant_froglight"},{"predicate":{"custom_model_data":2018},"model":"mineinabyss:block/building/crate1"},{"predicate":{"custom_model_data":2019},"model":"mineinabyss:block/building/crate2"},{"predicate":{"custom_model_data":3001},"model":"mineinabyss:block/nature/foliage1"},{"predicate":{"custom_model_data":3002},"model":"mineinabyss:block/nature/foliage2"},{"predicate":{"custom_model_data":3003},"model":"mineinabyss:block/nature/foliage3"},{"predicate":{"custom_model_data":3004},"model":"mineinabyss:block/nature/foliage4"},{"predicate":{"custom_model_data":3005},"model":"mineinabyss:block/nature/foliage5"},{"predicate":{"custom_model_data":3006},"model":"mineinabyss:block/nature/foliage6"},{"predicate":{"custom_model_data":3007},"model":"mineinabyss:block/nature/foliage7"},{"predicate":{"custom_model_data":3008},"model":"mineinabyss:block/nature/foliage8"},{"predicate":{"custom_model_data":4001},"model":"mineinabyss:block/trees/mangrove/mangrove_leaves"}]}