{"parent":"item/generated","textures":{"layer0":"item/paper"},"overrides":[{"predicate":{"custom_model_data":1},"model":"mineinabyss:ui/invisible_slot_icon"},{"predicate":{"custom_model_data":2},"model":"mineinabyss:ui/pvp/pvp_toggle_enabled"},{"predicate":{"custom_model_data":3},"model":"mineinabyss:ui/pvp/pvp_toggle_disabled"},{"predicate":{"custom_model_data":4},"model":"mineinabyss:ui/guilds/guild_jointype_any"},{"predicate":{"custom_model_data":5},"model":"mineinabyss:ui/guilds/guild_jointype_invite"},{"predicate":{"custom_model_data":6},"model":"mineinabyss:ui/guilds/guild_jointype_request"},{"predicate":{"custom_model_data":101},"model":"mineinabyss:item/relics/boob_stone"},{"predicate":{"custom_model_data":102},"model":"mineinabyss:item/relics/blaze_reap"},{"predicate":{"custom_model_data":103},"model":"mineinabyss:item/relics/sparagmos"},{"predicate":{"custom_model_data":104},"model":"mineinabyss:item/relics/star_compass"},{"predicate":{"custom_model_data":105},"model":"mineinabyss:item/relics/zephyr_disk"},{"predicate":{"custom_model_data":106},"model":"mineinabyss:item/relics/grim_ripper"},{"predicate":{"custom_model_data":107},"model":"mineinabyss:item/relics/sonic_stone"},{"predicate":{"custom_model_data":108},"model":"mineinabyss:item/relics/ghost_seek"},{"predicate":{"custom_model_data":109},"model":"mineinabyss:item/relics/flamethrower"},{"predicate":{"custom_model_data":110},"model":"mineinabyss:item/relics/lie_supor"},{"predicate":{"custom_model_data":111},"model":"mineinabyss:item/relics/flash_cannon"},{"predicate":{"custom_model_data":112},"model":"mineinabyss:item/relics/tomorrow_signal"},{"predicate":{"custom_model_data":113},"model":"mineinabyss:item/relics/bounding_lance"},{"predicate":{"custom_model_data":114},"model":"mineinabyss:item/relics/shielding_mask"},{"predicate":{"custom_model_data":115},"model":"mineinabyss:item/relics/osteo_falchion/osteo_falchion"},{"predicate":{"custom_model_data":115,"damaged":1,"damage":0.2},"model":"mineinabyss:item/relics/osteo_falchion/osteo_falchion_damage1"},{"predicate":{"custom_model_data":115,"damaged":1,"damage":0.4},"model":"mineinabyss:item/relics/osteo_falchion/osteo_falchion_damage2"},{"predicate":{"custom_model_data":115,"damaged":1,"damage":0.7},"model":"mineinabyss:item/relics/osteo_falchion/osteo_falchion_damage3"},{"predicate":{"custom_model_data":115,"damaged":1,"damage":0.99},"model":"mineinabyss:item/relics/osteo_falchion/osteo_falchion_broken"},{"predicate":{"custom_model_data":116},"model":"mineinabyss:item/relics/airform_b"},{"predicate":{"custom_model_data":117},"model":"mineinabyss:item/relics/respiratis"},{"predicate":{"custom_model_data":118},"model":"mineinabyss:item/relics/verdau_effax"},{"predicate":{"custom_model_data":119},"model":"mineinabyss:item/relics/conterein"},{"predicate":{"custom_model_data":120},"model":"mineinabyss:item/relics/moniscelti"},{"predicate":{"custom_model_data":121},"model":"mineinabyss:item/relics/saw_arm"},{"predicate":{"custom_model_data":122},"model":"mineinabyss:item/relics/3_branched_sword"},{"predicate":{"custom_model_data":123},"model":"mineinabyss:item/relics/unheard_bell"},{"predicate":{"custom_model_data":124},"model":"mineinabyss:item/relics/star_compass/star_compass_needle"},{"predicate":{"custom_model_data":125},"model":"mineinabyss:item/relics/star_compass/star_compass"},{"predicate":{"custom_model_data":126},"model":"mineinabyss:item/tools/depth_meter"},{"predicate":{"custom_model_data":127},"model":"mineinabyss:item/materials/haste_paste"},{"predicate":{"custom_model_data":500},"model":"hmcwraps:wrappers/unwrapper"},{"predicate":{"custom_model_data":501},"model":"hmcwraps:wrappers/sword_wrapper_icon"},{"predicate":{"custom_model_data":502},"model":"hmcwraps:wrappers/shield_wrapper_icon"},{"predicate":{"custom_model_data":503},"model":"hmcwraps:wrappers/shovel_wrapper_icon"},{"predicate":{"custom_model_data":504},"model":"hmcwraps:wrappers/pickaxe_wrapper_icon"},{"predicate":{"custom_model_data":505},"model":"hmcwraps:wrappers/fishing_rod_wrapper_icon"},{"predicate":{"custom_model_data":506},"model":"hmcwraps:wrappers/hoe_wrapper_icon"},{"predicate":{"custom_model_data":507},"model":"hmcwraps:wrappers/axe_wrapper_icon"},{"predicate":{"custom_model_data":508},"model":"hmcwraps:wrappers/bow_wrapper_icon"},{"predicate":{"custom_model_data":509},"model":"hmcwraps:wrappers/trident_wrapper_icon"},{"predicate":{"custom_model_data":1000},"model":"mineinabyss:furniture/stone_bench"},{"predicate":{"custom_model_data":1001},"model":"mineinabyss:furniture/sunny_wood_chair"},{"predicate":{"custom_model_data":1002},"model":"hmcmodels:furniture/bamboo_furniture/bamboo_drawer"},{"predicate":{"custom_model_data":1003},"model":"hmcmodels:furniture/bamboo_furniture/bamboo_flower"},{"predicate":{"custom_model_data":1004},"model":"hmcmodels:furniture/bamboo_furniture/bamboo_mirror"},{"predicate":{"custom_model_data":1005},"model":"hmcmodels:furniture/bamboo_furniture/bamboo_plant"},{"predicate":{"custom_model_data":1006},"model":"hmcmodels:furniture/bamboo_furniture/bamboo_rack"},{"predicate":{"custom_model_data":1007},"model":"hmcmodels:furniture/bamboo_furniture/bamboo_side_table"},{"predicate":{"custom_model_data":1008},"model":"hmcmodels:furniture/bamboo_furniture/bamboo_table"},{"predicate":{"custom_model_data":1009},"model":"hmcmodels:furniture/bamboo_furniture/bamboo_wind_chimes"},{"predicate":{"custom_model_data":1010},"model":"hmcmodels:furniture/chess_furniture/black_pawn"},{"predicate":{"custom_model_data":1011},"model":"hmcmodels:furniture/chess_furniture/black_bishop"},{"predicate":{"custom_model_data":1012},"model":"hmcmodels:furniture/chess_furniture/black_knight"},{"predicate":{"custom_model_data":1013},"model":"hmcmodels:furniture/chess_furniture/black_rook"},{"predicate":{"custom_model_data":1014},"model":"hmcmodels:furniture/chess_furniture/black_queen"},{"predicate":{"custom_model_data":1015},"model":"hmcmodels:furniture/chess_furniture/black_king"},{"predicate":{"custom_model_data":1016},"model":"hmcmodels:furniture/chess_furniture/white_pawn"},{"predicate":{"custom_model_data":1017},"model":"hmcmodels:furniture/chess_furniture/white_bishop"},{"predicate":{"custom_model_data":1018},"model":"hmcmodels:furniture/chess_furniture/white_knight"},{"predicate":{"custom_model_data":1019},"model":"hmcmodels:furniture/chess_furniture/white_rook"},{"predicate":{"custom_model_data":1020},"model":"hmcmodels:furniture/chess_furniture/white_queen"},{"predicate":{"custom_model_data":1021},"model":"hmcmodels:furniture/chess_furniture/white_king"},{"predicate":{"custom_model_data":1022},"model":"hmcmodels:furniture/sculk_furniture/sculk_big_table"},{"predicate":{"custom_model_data":1023},"model":"hmcmodels:furniture/sculk_furniture/sculk_chair"},{"predicate":{"custom_model_data":1024},"model":"hmcmodels:furniture/sculk_furniture/sculk_deco"},{"predicate":{"custom_model_data":1025},"model":"hmcmodels:furniture/sculk_furniture/sculk_deco_2"},{"predicate":{"custom_model_data":1026},"model":"hmcmodels:furniture/sculk_furniture/sculk_lamp"},{"predicate":{"custom_model_data":1027},"model":"hmcmodels:furniture/sculk_furniture/sculk_shelf"},{"predicate":{"custom_model_data":1028},"model":"hmcmodels:furniture/sculk_furniture/sculk_stool"},{"predicate":{"custom_model_data":1029},"model":"hmcmodels:furniture/sculk_furniture/sculk_table"},{"predicate":{"custom_model_data":1030},"model":"hmcmodels:furniture/sculk_furniture/sculk_vase"},{"predicate":{"custom_model_data":1031},"model":"hmcmodels:furniture/sculk_furniture/sculk_vase_2"},{"predicate":{"custom_model_data":2000},"model":"minecraft:block/note_block"},{"predicate":{"custom_model_data":2001},"model":"mineinabyss:block/ores/charcoal_sand_ore"},{"predicate":{"custom_model_data":2018},"model":"mineinabyss:block/building/crate1"},{"predicate":{"custom_model_data":2019},"model":"mineinabyss:block/building/crate2"},{"predicate":{"custom_model_data":2020},"model":"mineinabyss:block/logs/carved_acacia_log"},{"predicate":{"custom_model_data":2021},"model":"mineinabyss:block/logs/carved_birch_log"},{"predicate":{"custom_model_data":2022},"model":"mineinabyss:block/logs/carved_crimson_stem"},{"predicate":{"custom_model_data":2023},"model":"mineinabyss:block/logs/carved_dark_oak_log"},{"predicate":{"custom_model_data":2024},"model":"mineinabyss:block/logs/carved_jungle_log"},{"predicate":{"custom_model_data":2025},"model":"mineinabyss:block/logs/carved_mangrove_log"},{"predicate":{"custom_model_data":2026},"model":"mineinabyss:block/logs/carved_oak_log"},{"predicate":{"custom_model_data":2027},"model":"mineinabyss:block/logs/carved_spruce_log"},{"predicate":{"custom_model_data":2028},"model":"mineinabyss:block/logs/carved_warped_stem"},{"predicate":{"custom_model_data":2029},"model":"minecraft:block/bamboo_block"},{"predicate":{"custom_model_data":2030},"model":"minecraft:block/bamboo_planks"},{"predicate":{"custom_model_data":2031},"model":"minecraft:block/bamboo_mosaic"},{"predicate":{"custom_model_data":2032},"model":"minecraft:block/chiseled_bookshelf_empty"},{"predicate":{"custom_model_data":2033},"model":"minecraft:block/chiseled_bookshelf_full"},{"predicate":{"custom_model_data":2034},"model":"mineinabyss:block/building/cut_diorite_pillar"},{"predicate":{"custom_model_data":2036},"model":"minecraft:block/cherry_planks"},{"predicate":{"custom_model_data":2037},"model":"minecraft:block/cherry_log"},{"predicate":{"custom_model_data":2038},"model":"minecraft:block/cherry_wood"},{"predicate":{"custom_model_data":2039},"model":"minecraft:block/stripped_cherry_log"},{"predicate":{"custom_model_data":2040},"model":"minecraft:block/stripped_cherry_wood"},{"predicate":{"custom_model_data":2041},"model":"mineinabyss:block/snow/chiseled_packed_ice"},{"predicate":{"custom_model_data":2042},"model":"mineinabyss:block/snow/cryosol"},{"predicate":{"custom_model_data":2043},"model":"mineinabyss:block/snow/ice_bricks"},{"predicate":{"custom_model_data":2044},"model":"mineinabyss:block/snow/ice_pillar"},{"predicate":{"custom_model_data":2045},"model":"mineinabyss:block/snow/packed_ice_bricks"},{"predicate":{"custom_model_data":2046},"model":"mineinabyss:block/snow/packed_ice_pillar"},{"predicate":{"custom_model_data":2047},"model":"mineinabyss:block/snow/perma_frost"},{"predicate":{"custom_model_data":2048},"model":"mineinabyss:block/snow/polished_packed_ice"},{"predicate":{"custom_model_data":2049},"model":"mineinabyss:block/snow/snow_bricks"},{"predicate":{"custom_model_data":2050},"model":"mineinabyss:block/snow/snow_pillar"},{"predicate":{"custom_model_data":2051},"model":"mineinabyss:block/snow/snow_tiles"},{"predicate":{"custom_model_data":3001},"model":"mineinabyss:block/nature/foliage1"},{"predicate":{"custom_model_data":3002},"model":"mineinabyss:block/nature/foliage2"},{"predicate":{"custom_model_data":3003},"model":"mineinabyss:block/nature/foliage3"},{"predicate":{"custom_model_data":3004},"model":"mineinabyss:block/nature/foliage4"},{"predicate":{"custom_model_data":3005},"model":"mineinabyss:block/nature/foliage5"},{"predicate":{"custom_model_data":3006},"model":"mineinabyss:block/nature/foliage6"},{"predicate":{"custom_model_data":3007},"model":"mineinabyss:block/nature/foliage7"},{"predicate":{"custom_model_data":3008},"model":"mineinabyss:block/nature/foliage8"},{"predicate":{"custom_model_data":3009},"model":"minecraft:block/cherry_sapling"},{"predicate":{"custom_model_data":4001},"model":"mineinabyss:block"}]}