{"parent":"item/handheld","textures":{"layer0":"item/stick"},"overrides":[{"predicate":{"custom_model_data":1},"model":"camelot:sword/arondight"},{"predicate":{"custom_model_data":2},"model":"camelot:sword/clarent"},{"predicate":{"custom_model_data":3},"model":"camelot:sword/excalibur"},{"predicate":{"custom_model_data":4},"model":"camelot:sword/galatine"},{"predicate":{"custom_model_data":5},"model":"camelot:sword/hassan_sword"},{"predicate":{"custom_model_data":6},"model":"camelot:sword/steel_sword"},{"predicate":{"custom_model_data":10},"model":"camelot:weapon/brynhildr_spear"},{"predicate":{"custom_model_data":11},"model":"camelot:weapon/bunyan_axe"},{"predicate":{"custom_model_data":12},"model":"camelot:weapon/marthas_cross"},{"predicate":{"custom_model_data":13},"model":"camelot:weapon/nitocris_staff"},{"predicate":{"custom_model_data":14},"model":"camelot:weapon/ozy_staff"},{"predicate":{"custom_model_data":15},"model":"camelot:weapon/photon_ray"},{"predicate":{"custom_model_data":16},"model":"camelot:weapon/rhongomyniad"},{"predicate":{"custom_model_data":20},"model":"camelot:other/bediviere_effect"},{"predicate":{"custom_model_data":21},"model":"camelot:other/holy_grail"},{"predicate":{"custom_model_data":22},"model":"camelot:other/not_so_holy_grail"},{"predicate":{"custom_model_data":23},"model":"camelot:other/nursery_rhyme"},{"predicate":{"custom_model_data":24},"model":"camelot:other/shuten_bowl"},{"predicate":{"custom_model_data":25},"model":"camelot:other/shuten_sakazuki"},{"predicate":{"custom_model_data":100},"model":"nazarick:3f"},{"predicate":{"custom_model_data":101},"model":"nazarick:ainz_axe"},{"predicate":{"custom_model_data":102},"model":"nazarick:ainz_staff"},{"predicate":{"custom_model_data":103},"model":"nazarick:albedo_mob_model"},{"predicate":{"custom_model_data":104},"model":"nazarick:decapitation_fang"},{"predicate":{"custom_model_data":105},"model":"nazarick:demi_claw"},{"predicate":{"custom_model_data":106},"model":"nazarick:god_slaying_emperor_blade"},{"predicate":{"custom_model_data":107},"model":"nazarick:mare_staff"},{"predicate":{"custom_model_data":108},"model":"nazarick:ring"},{"predicate":{"custom_model_data":109},"model":"nazarick:shalltear_lance"},{"predicate":{"custom_model_data":110},"model":"camelot:sword/excalibur_alter"},{"predicate":{"custom_model_data":1000},"model":"mineinabyss:block/furniture/stone_bench"},{"predicate":{"custom_model_data":1001},"model":"mineinabyss:block/furniture/sunny_wood_chair"},{"predicate":{"custom_model_data":2000},"model":"minecraft:block/note_block"},{"predicate":{"custom_model_data":2001},"model":"mineinabyss:block/ores/charcoal_sand_ore"},{"predicate":{"custom_model_data":2002},"model":"mineinabyss:block/trees/mangrove/mangrove_log"},{"predicate":{"custom_model_data":2003},"model":"mineinabyss:block/trees/mangrove/stripped_mangrove_log"},{"predicate":{"custom_model_data":2004},"model":"mineinabyss:block/trees/mangrove/mangrove_wood"},{"predicate":{"custom_model_data":2005},"model":"mineinabyss:block/trees/mangrove/stripped_mangrove_wood"},{"predicate":{"custom_model_data":2006},"model":"mineinabyss:block/trees/mangrove/mangrove_planks"},{"predicate":{"custom_model_data":2007},"model":"mineinabyss:block/mud/mud"},{"predicate":{"custom_model_data":2008},"model":"mineinabyss:block/mud/mud_bricks"},{"predicate":{"custom_model_data":2009},"model":"mineinabyss:block/mud/packed_mud"},{"predicate":{"custom_model_data":2010},"model":"mineinabyss:block/mud/muddy_mangrove_roots"},{"predicate":{"custom_model_data":2011},"model":"mineinabyss:block/deepslate/reinforced_deepslate"},{"predicate":{"custom_model_data":2012},"model":"mineinabyss:block/sculk/sculk"},{"predicate":{"custom_model_data":2013},"model":"mineinabyss:block/sculk/sculk_catalyst"},{"predicate":{"custom_model_data":2014},"model":"mineinabyss:block/sculk/sculk_catalyst_bloom"},{"predicate":{"custom_model_data":2015},"model":"mineinabyss:block/froglight/ochre_froglight"},{"predicate":{"custom_model_data":2016},"model":"mineinabyss:block/froglight/pearlescent_froglight"},{"predicate":{"custom_model_data":2017},"model":"mineinabyss:block/froglight/verdant_froglight"},{"predicate":{"custom_model_data":2018},"model":"mineinabyss:block/building/crate1"},{"predicate":{"custom_model_data":2019},"model":"mineinabyss:block/building/crate2"},{"predicate":{"custom_model_data":3001},"model":"mineinabyss:block/nature/foliage1"},{"predicate":{"custom_model_data":3002},"model":"mineinabyss:block/nature/foliage2"},{"predicate":{"custom_model_data":3003},"model":"mineinabyss:block/nature/foliage3"},{"predicate":{"custom_model_data":3004},"model":"mineinabyss:block/nature/foliage4"},{"predicate":{"custom_model_data":3005},"model":"mineinabyss:block/nature/foliage5"},{"predicate":{"custom_model_data":3006},"model":"mineinabyss:block/nature/foliage6"},{"predicate":{"custom_model_data":3007},"model":"mineinabyss:block/nature/foliage7"},{"predicate":{"custom_model_data":3008},"model":"mineinabyss:block/nature/foliage8"},{"predicate":{"custom_model_data":4001},"model":"mineinabyss:block/trees/mangrove/mangrove_leaves"}]}