{"credit":"Made with Blockbench","texture_size":[32,32],"textures":{"0":"mineinabyss:block/furniture/stone_bench","particle":"mineinabyss:block/furniture/stone_bench"},"elements":[{"from":[4,8,4],"to":[13,10,12],"rotation":{"angle":45,"axis":"z","origin":[4,8,0]},"faces":{"north":{"uv":[0,0,4.5,1],"texture":"#0"},"south":{"uv":[0,0,4.5,1],"texture":"#0"},"west":{"uv":[0,0,4,1],"texture":"#0"},"up":{"uv":[0,0,4.5,4],"texture":"#0"},"down":{"uv":[0,0,4.5,4],"texture":"#0"}}},{"from":[19,8,4],"to":[28,10,12],"rotation":{"angle":-45,"axis":"z","origin":[28,8,0]},"faces":{"north":{"uv":[4.5,0,9,1],"texture":"#0"},"east":{"uv":[4,0,8,1],"texture":"#0"},"south":{"uv":[4.5,0,9,1],"texture":"#0"},"up":{"uv":[4.5,0,9,4],"texture":"#0"},"down":{"uv":[4.5,0,9,4],"texture":"#0"}}},{"from":[0,14,2],"to":[32,16,14],"rotation":{"angle":0,"axis":"y","origin":[4,8,0]},"faces":{"north":{"uv":[0,0,16,1],"texture":"#0"},"east":{"uv":[0,0,6,1],"texture":"#0"},"south":{"uv":[0,0,16,1],"texture":"#0"},"west":{"uv":[0,0,6,1],"texture":"#0"},"up":{"uv":[0,0,16,6],"texture":"#0"},"down":{"uv":[0,0,16,6],"texture":"#0"}}},{"from":[0,0,2],"to":[32,8,14],"rotation":{"angle":0,"axis":"y","origin":[4,8,0]},"faces":{"north":{"uv":[0,0,16,4],"texture":"#0"},"east":{"uv":[0,0,6,4],"texture":"#0"},"south":{"uv":[0,0,16,4],"texture":"#0"},"west":{"uv":[10,0,16,4],"texture":"#0"},"up":{"uv":[0,0,16,6],"texture":"#0"}}},{"from":[7,0,0],"to":[25,9,16],"rotation":{"angle":0,"axis":"y","origin":[4,8,0]},"faces":{"north":{"uv":[0,7,9,11.5],"texture":"#0"},"east":{"uv":[0,7,8,11.5],"texture":"#0"},"south":{"uv":[0,7,9,11.5],"texture":"#0"},"west":{"uv":[1,7,9,11.5],"texture":"#0"},"up":{"uv":[0,7,9,15],"texture":"#0"}}},{"from":[0,0,2],"to":[32,8,14],"rotation":{"angle":0,"axis":"y","origin":[4,8,0]},"faces":{"north":{"uv":[0,0,16,4],"texture":"#0"},"east":{"uv":[0,0,6,4],"texture":"#0"},"south":{"uv":[0,0,16,4],"texture":"#0"},"west":{"uv":[10,0,16,4],"texture":"#0"},"up":{"uv":[0,0,16,6],"texture":"#0"}}},{"from":[0,18,12],"to":[32,28,14],"rotation":{"angle":22.5,"axis":"x","origin":[8,14,14]},"faces":{"north":{"uv":[0,0.5,16,5.5],"texture":"#0"},"east":{"uv":[0,0,1,5],"texture":"#0"},"south":{"uv":[0,0.5,16,5.5],"texture":"#0"},"west":{"uv":[0,0,1,5],"texture":"#0"},"up":{"uv":[0,0,16,1],"texture":"#0"},"down":{"uv":[0,0,16,1],"texture":"#0"}}},{"from":[7,14,13],"to":[9,18,14],"rotation":{"angle":22.5,"axis":"x","origin":[8,14,14]},"faces":{"north":{"uv":[0,7.5,1,9.5],"texture":"#0"},"east":{"uv":[0,7.5,0.5,9.5],"texture":"#0"},"south":{"uv":[0,7.5,1,9.5],"texture":"#0"},"west":{"uv":[0,7.5,0.5,9.5],"texture":"#0"}}},{"from":[23,14,13],"to":[25,18,14],"rotation":{"angle":22.5,"axis":"x","origin":[8,14,14]},"faces":{"north":{"uv":[0,7.5,1,9.5],"texture":"#0"},"east":{"uv":[0,7.5,0.5,9.5],"texture":"#0"},"south":{"uv":[0,7.5,1,9.5],"texture":"#0"},"west":{"uv":[0,7.5,0.5,9.5],"texture":"#0"}}}],"display":{"thirdperson_righthand":{"rotation":[0,134,0],"scale":[0.3,0.3,0.3]},"thirdperson_lefthand":{"rotation":[0,134,0],"scale":[0.3,0.3,0.3]},"firstperson_righthand":{"rotation":[0,115,0],"scale":[0.3,0.3,0.3]},"firstperson_lefthand":{"rotation":[0,115,0],"translation":[0,0,-4],"scale":[0.3,0.3,0.3]},"ground":{"translation":[-3.5,0,0],"scale":[0.5,0.5,0.5]},"gui":{"rotation":[26,-141,0],"translation":[2,-0.25,0],"scale":[0.3,0.3,0.3]},"fixed":{"rotation":[-90,0,0],"translation":[-31.75,0,-15.5],"scale":[2,2,2]}}}