{"credit":"Made with Blockbench","textures":{"0":"camelot:item/eyes","particle":"camelot:item/eyes"},"elements":[{"from":[5,4,6],"to":[6,5,7],"rotation":{"angle":0,"axis":"y","origin":[13,12,14]},"faces":{"north":{"uv":[0,0,1,1],"texture":"#0"},"east":{"uv":[0,0,1,1],"texture":"#0"},"south":{"uv":[0,0,1,1],"texture":"#0"},"west":{"uv":[0,0,1,1],"texture":"#0"},"up":{"uv":[0,0,1,1],"texture":"#0"},"down":{"uv":[0,0,1,1],"texture":"#0"}}},{"from":[6,5,5],"to":[7,7,6],"rotation":{"angle":0,"axis":"y","origin":[14,13,13]},"faces":{"north":{"uv":[0,0,1,1],"texture":"#0"},"east":{"uv":[0,0,1,1],"texture":"#0"},"south":{"uv":[0,0,1,1],"texture":"#0"},"west":{"uv":[0,0,1,1],"texture":"#0"},"up":{"uv":[0,0,1,1],"texture":"#0"},"down":{"uv":[0,0,1,1],"texture":"#0"}}},{"from":[7,7,4],"to":[8,10,5],"rotation":{"angle":0,"axis":"y","origin":[15,15,12]},"faces":{"north":{"uv":[0,0,1,1],"texture":"#0"},"east":{"uv":[0,0,1,1],"texture":"#0"},"south":{"uv":[0,0,1,1],"texture":"#0"},"west":{"uv":[0,0,1,1],"texture":"#0"},"up":{"uv":[0,0,1,1],"texture":"#0"},"down":{"uv":[0,0,1,1],"texture":"#0"}}},{"from":[8,8,4],"to":[9,10,5],"rotation":{"angle":0,"axis":"y","origin":[16,15,12]},"faces":{"north":{"uv":[0,0,1,1],"texture":"#0"},"east":{"uv":[0,0,1,1],"texture":"#0"},"south":{"uv":[0,0,1,1],"texture":"#0"},"west":{"uv":[0,0,1,1],"texture":"#0"},"up":{"uv":[0,0,1,1],"texture":"#0"},"down":{"uv":[0,0,1,1],"texture":"#0"}}},{"from":[9,9,4],"to":[10,11,5],"rotation":{"angle":0,"axis":"y","origin":[17,16,12]},"faces":{"north":{"uv":[0,0,1,1],"texture":"#0"},"east":{"uv":[0,0,1,1],"texture":"#0"},"south":{"uv":[0,0,1,1],"texture":"#0"},"west":{"uv":[0,0,1,1],"texture":"#0"},"up":{"uv":[0,0,1,1],"texture":"#0"},"down":{"uv":[0,0,1,1],"texture":"#0"}}},{"from":[11,11,5],"to":[12,13,6],"rotation":{"angle":0,"axis":"y","origin":[19,17,13]},"faces":{"north":{"uv":[0,0,1,1],"texture":"#0"},"east":{"uv":[0,0,1,1],"texture":"#0"},"south":{"uv":[0,0,1,1],"texture":"#0"},"west":{"uv":[0,0,1,1],"texture":"#0"},"up":{"uv":[0,0,1,1],"texture":"#0"},"down":{"uv":[0,0,1,1],"texture":"#0"}}},{"from":[10,10,4],"to":[11,11,5],"rotation":{"angle":0,"axis":"y","origin":[18,16,12]},"faces":{"north":{"uv":[0,0,1,1],"texture":"#0"},"east":{"uv":[0,0,1,1],"texture":"#0"},"south":{"uv":[0,0,1,1],"texture":"#0"},"west":{"uv":[0,0,1,1],"texture":"#0"},"up":{"uv":[0,0,1,1],"texture":"#0"},"down":{"uv":[0,0,1,1],"texture":"#0"}}},{"from":[12,12,6],"to":[13,14,7],"rotation":{"angle":0,"axis":"y","origin":[20,19,14]},"faces":{"north":{"uv":[0,0,1,1],"texture":"#0"},"east":{"uv":[0,0,1,1],"texture":"#0"},"south":{"uv":[0,0,1,1],"texture":"#0"},"west":{"uv":[0,0,1,1],"texture":"#0"},"up":{"uv":[0,0,1,1],"texture":"#0"},"down":{"uv":[0,0,1,1],"texture":"#0"}}},{"from":[13,15,9],"to":[14,16,11],"rotation":{"angle":0,"axis":"y","origin":[21,21,17]},"faces":{"north":{"uv":[0,0,1,1],"texture":"#0"},"east":{"uv":[0,0,1,1],"texture":"#0"},"south":{"uv":[0,0,1,1],"texture":"#0"},"west":{"uv":[0,0,1,1],"texture":"#0"},"up":{"uv":[0,0,1,1],"texture":"#0"},"down":{"uv":[0,0,1,1],"texture":"#0"}}},{"from":[13,13,7],"to":[14,15,9],"rotation":{"angle":0,"axis":"y","origin":[21,20,15]},"faces":{"north":{"uv":[0,0,1,1],"texture":"#0"},"east":{"uv":[0,0,1,1],"texture":"#0"},"south":{"uv":[0,0,1,1],"texture":"#0"},"west":{"uv":[0,0,1,1],"texture":"#0"},"up":{"uv":[0,0,1,1],"texture":"#0"},"down":{"uv":[0,0,1,1],"texture":"#0"}}},{"from":[12,14,11],"to":[13,15,12],"rotation":{"angle":0,"axis":"y","origin":[20,20,19]},"faces":{"north":{"uv":[0,0,1,1],"texture":"#0"},"east":{"uv":[0,0,1,1],"texture":"#0"},"south":{"uv":[0,0,1,1],"texture":"#0"},"west":{"uv":[0,0,1,1],"texture":"#0"},"up":{"uv":[0,0,1,1],"texture":"#0"},"down":{"uv":[0,0,1,1],"texture":"#0"}}},{"from":[13,16,12],"to":[14,17,13],"rotation":{"angle":0,"axis":"y","origin":[21,22,20]},"faces":{"north":{"uv":[0,0,1,1],"texture":"#0"},"east":{"uv":[0,0,1,1],"texture":"#0"},"south":{"uv":[0,0,1,1],"texture":"#0"},"west":{"uv":[0,0,1,1],"texture":"#0"},"up":{"uv":[0,0,1,1],"texture":"#0"},"down":{"uv":[0,0,1,1],"texture":"#0"}}},{"from":[11,16,13],"to":[12,17,14],"rotation":{"angle":0,"axis":"y","origin":[19,22,21]},"faces":{"north":{"uv":[0,0,1,1],"texture":"#0"},"east":{"uv":[0,0,1,1],"texture":"#0"},"south":{"uv":[0,0,1,1],"texture":"#0"},"west":{"uv":[0,0,1,1],"texture":"#0"},"up":{"uv":[0,0,1,1],"texture":"#0"},"down":{"uv":[0,0,1,1],"texture":"#0"}}},{"from":[5,2,6],"to":[6,3,7],"rotation":{"angle":0,"axis":"y","origin":[13,10,14]},"faces":{"north":{"uv":[3,0,4,1],"texture":"#0"},"east":{"uv":[3,0,4,1],"texture":"#0"},"south":{"uv":[3,0,4,1],"texture":"#0"},"west":{"uv":[3,0,4,1],"texture":"#0"},"up":{"uv":[3,0,4,1],"texture":"#0"},"down":{"uv":[3,0,4,1],"texture":"#0"}}},{"from":[6,4,5],"to":[7,6,6],"rotation":{"angle":0,"axis":"y","origin":[14,12,13]},"faces":{"north":{"uv":[3,0,4,1],"texture":"#0"},"east":{"uv":[3,0,4,1],"texture":"#0"},"south":{"uv":[3,0,4,1],"texture":"#0"},"west":{"uv":[3,0,4,1],"texture":"#0"},"up":{"uv":[3,0,4,1],"texture":"#0"},"down":{"uv":[3,0,4,1],"texture":"#0"}}},{"from":[7,6,4],"to":[8,8,5],"rotation":{"angle":0,"axis":"y","origin":[15,13,12]},"faces":{"north":{"uv":[3,0,4,1],"texture":"#0"},"east":{"uv":[3,0,4,1],"texture":"#0"},"south":{"uv":[3,0,4,1],"texture":"#0"},"west":{"uv":[3,0,4,1],"texture":"#0"},"up":{"uv":[3,0,4,1],"texture":"#0"},"down":{"uv":[3,0,4,1],"texture":"#0"}}},{"from":[9,8,4],"to":[10,9,5],"rotation":{"angle":0,"axis":"y","origin":[17,14,12]},"faces":{"north":{"uv":[3,0,4,1],"texture":"#0"},"east":{"uv":[3,0,4,1],"texture":"#0"},"south":{"uv":[3,0,4,1],"texture":"#0"},"west":{"uv":[3,0,4,1],"texture":"#0"},"up":{"uv":[3,0,4,1],"texture":"#0"},"down":{"uv":[3,0,4,1],"texture":"#0"}}},{"from":[9,10,4],"to":[10,11,5],"rotation":{"angle":0,"axis":"y","origin":[17,16,12]},"faces":{"north":{"uv":[3,0,4,1],"texture":"#0"},"east":{"uv":[3,0,4,1],"texture":"#0"},"south":{"uv":[3,0,4,1],"texture":"#0"},"west":{"uv":[3,0,4,1],"texture":"#0"},"up":{"uv":[3,0,4,1],"texture":"#0"},"down":{"uv":[3,0,4,1],"texture":"#0"}}},{"from":[11,12,5],"to":[12,13,6],"rotation":{"angle":0,"axis":"y","origin":[19,17,13]},"faces":{"north":{"uv":[3,0,4,1],"texture":"#0"},"east":{"uv":[3,0,4,1],"texture":"#0"},"south":{"uv":[3,0,4,1],"texture":"#0"},"west":{"uv":[3,0,4,1],"texture":"#0"},"up":{"uv":[3,0,4,1],"texture":"#0"},"down":{"uv":[3,0,4,1],"texture":"#0"}}},{"from":[12,13,6],"to":[13,14,7],"rotation":{"angle":0,"axis":"y","origin":[20,19,14]},"faces":{"north":{"uv":[3,0,4,1],"texture":"#0"},"east":{"uv":[3,0,4,1],"texture":"#0"},"south":{"uv":[3,0,4,1],"texture":"#0"},"west":{"uv":[3,0,4,1],"texture":"#0"},"up":{"uv":[3,0,4,1],"texture":"#0"},"down":{"uv":[3,0,4,1],"texture":"#0"}}},{"from":[13,13,8],"to":[14,14,9],"rotation":{"angle":0,"axis":"y","origin":[21,19,16]},"faces":{"north":{"uv":[3,0,4,1],"texture":"#0"},"east":{"uv":[3,0,4,1],"texture":"#0"},"south":{"uv":[3,0,4,1],"texture":"#0"},"west":{"uv":[3,0,4,1],"texture":"#0"},"up":{"uv":[3,0,4,1],"texture":"#0"},"down":{"uv":[3,0,4,1],"texture":"#0"}}},{"from":[13,15,10],"to":[14,16,11],"rotation":{"angle":0,"axis":"y","origin":[21,21,17]},"faces":{"north":{"uv":[3,0,4,1],"texture":"#0"},"east":{"uv":[3,0,4,1],"texture":"#0"},"south":{"uv":[3,0,4,1],"texture":"#0"},"west":{"uv":[3,0,4,1],"texture":"#0"},"up":{"uv":[3,0,4,1],"texture":"#0"},"down":{"uv":[3,0,4,1],"texture":"#0"}}},{"from":[13,14,7],"to":[14,15,9],"rotation":{"angle":0,"axis":"y","origin":[21,20,15]},"faces":{"north":{"uv":[3,0,4,1],"texture":"#0"},"east":{"uv":[3,0,4,1],"texture":"#0"},"south":{"uv":[3,0,4,1],"texture":"#0"},"west":{"uv":[3,0,4,1],"texture":"#0"},"up":{"uv":[3,0,4,1],"texture":"#0"},"down":{"uv":[3,0,4,1],"texture":"#0"}}},{"from":[12,13,12],"to":[13,14,13],"rotation":{"angle":0,"axis":"y","origin":[20,19,20]},"faces":{"north":{"uv":[3,0,4,1],"texture":"#0"},"east":{"uv":[3,0,4,1],"texture":"#0"},"south":{"uv":[3,0,4,1],"texture":"#0"},"west":{"uv":[3,0,4,1],"texture":"#0"},"up":{"uv":[3,0,4,1],"texture":"#0"},"down":{"uv":[3,0,4,1],"texture":"#0"}}},{"from":[11,16,14],"to":[12,17,15],"rotation":{"angle":0,"axis":"y","origin":[19,22,22]},"faces":{"north":{"uv":[3,0,4,1],"texture":"#0"},"east":{"uv":[3,0,4,1],"texture":"#0"},"south":{"uv":[3,0,4,1],"texture":"#0"},"west":{"uv":[3,0,4,1],"texture":"#0"},"up":{"uv":[3,0,4,1],"texture":"#0"},"down":{"uv":[3,0,4,1],"texture":"#0"}}},{"from":[5,1,6],"to":[6,2,7],"rotation":{"angle":0,"axis":"y","origin":[13,9,14]},"faces":{"north":{"uv":[6,0,7,1],"texture":"#0"},"east":{"uv":[6,0,7,1],"texture":"#0"},"south":{"uv":[6,0,7,1],"texture":"#0"},"west":{"uv":[6,0,7,1],"texture":"#0"},"up":{"uv":[6,0,7,1],"texture":"#0"},"down":{"uv":[6,0,7,1],"texture":"#0"}}},{"from":[6,5,6],"to":[7,6,7],"rotation":{"angle":0,"axis":"y","origin":[14,12,14]},"faces":{"north":{"uv":[6,0,7,1],"texture":"#0"},"east":{"uv":[6,0,7,1],"texture":"#0"},"south":{"uv":[6,0,7,1],"texture":"#0"},"west":{"uv":[6,0,7,1],"texture":"#0"},"up":{"uv":[6,0,7,1],"texture":"#0"},"down":{"uv":[6,0,7,1],"texture":"#0"}}},{"from":[7,7,4],"to":[8,8,5],"rotation":{"angle":0,"axis":"y","origin":[15,13,12]},"faces":{"north":{"uv":[6,0,7,1],"texture":"#0"},"east":{"uv":[6,0,7,1],"texture":"#0"},"south":{"uv":[6,0,7,1],"texture":"#0"},"west":{"uv":[6,0,7,1],"texture":"#0"},"up":{"uv":[6,0,7,1],"texture":"#0"},"down":{"uv":[6,0,7,1],"texture":"#0"}}},{"from":[9,9,3],"to":[10,10,4],"rotation":{"angle":0,"axis":"y","origin":[17,15,11]},"faces":{"north":{"uv":[6,0,7,1],"texture":"#0"},"east":{"uv":[6,0,7,1],"texture":"#0"},"south":{"uv":[6,0,7,1],"texture":"#0"},"west":{"uv":[6,0,7,1],"texture":"#0"},"up":{"uv":[6,0,7,1],"texture":"#0"},"down":{"uv":[6,0,7,1],"texture":"#0"}}},{"from":[11,12,5],"to":[12,13,6],"rotation":{"angle":0,"axis":"y","origin":[19,17,13]},"faces":{"north":{"uv":[6,0,7,1],"texture":"#0"},"east":{"uv":[6,0,7,1],"texture":"#0"},"south":{"uv":[6,0,7,1],"texture":"#0"},"west":{"uv":[6,0,7,1],"texture":"#0"},"up":{"uv":[6,0,7,1],"texture":"#0"},"down":{"uv":[6,0,7,1],"texture":"#0"}}},{"from":[13,12,8],"to":[14,13,9],"rotation":{"angle":0,"axis":"y","origin":[21,18,16]},"faces":{"north":{"uv":[6,0,7,1],"texture":"#0"},"east":{"uv":[6,0,7,1],"texture":"#0"},"south":{"uv":[6,0,7,1],"texture":"#0"},"west":{"uv":[6,0,7,1],"texture":"#0"},"up":{"uv":[6,0,7,1],"texture":"#0"},"down":{"uv":[6,0,7,1],"texture":"#0"}}},{"from":[13,16,10],"to":[14,17,11],"rotation":{"angle":0,"axis":"y","origin":[21,22,17]},"faces":{"north":{"uv":[6,0,7,1],"texture":"#0"},"east":{"uv":[6,0,7,1],"texture":"#0"},"south":{"uv":[6,0,7,1],"texture":"#0"},"west":{"uv":[6,0,7,1],"texture":"#0"},"up":{"uv":[6,0,7,1],"texture":"#0"},"down":{"uv":[6,0,7,1],"texture":"#0"}}},{"from":[13,13,7],"to":[14,14,9],"rotation":{"angle":0,"axis":"y","origin":[21,19,15]},"faces":{"north":{"uv":[6,0,7,1],"texture":"#0"},"east":{"uv":[6,0,7,1],"texture":"#0"},"south":{"uv":[6,0,7,1],"texture":"#0"},"west":{"uv":[6,0,7,1],"texture":"#0"},"up":{"uv":[6,0,7,1],"texture":"#0"},"down":{"uv":[6,0,7,1],"texture":"#0"}}},{"from":[12,13,12],"to":[13,14,13],"rotation":{"angle":0,"axis":"y","origin":[20,19,20]},"faces":{"north":{"uv":[6,0,7,1],"texture":"#0"},"east":{"uv":[6,0,7,1],"texture":"#0"},"south":{"uv":[6,0,7,1],"texture":"#0"},"west":{"uv":[6,0,7,1],"texture":"#0"},"up":{"uv":[6,0,7,1],"texture":"#0"},"down":{"uv":[6,0,7,1],"texture":"#0"}}},{"from":[11,16,15],"to":[12,17,16],"rotation":{"angle":0,"axis":"y","origin":[19,22,23]},"faces":{"north":{"uv":[6,0,7,1],"texture":"#0"},"east":{"uv":[6,0,7,1],"texture":"#0"},"south":{"uv":[6,0,7,1],"texture":"#0"},"west":{"uv":[6,0,7,1],"texture":"#0"},"up":{"uv":[6,0,7,1],"texture":"#0"},"down":{"uv":[6,0,7,1],"texture":"#0"}}},{"from":[7,11,2],"to":[8,14,3],"rotation":{"angle":0,"axis":"y","origin":[15,19,10]},"faces":{"north":{"uv":[1,0,2,1],"texture":"#0"},"east":{"uv":[1,0,2,1],"texture":"#0"},"south":{"uv":[1,0,2,1],"texture":"#0"},"west":{"uv":[1,0,2,1],"texture":"#0"},"up":{"uv":[1,0,2,1],"texture":"#0"},"down":{"uv":[1,0,2,1],"texture":"#0"}}},{"from":[4,5,6],"to":[5,6,7],"rotation":{"angle":0,"axis":"y","origin":[12,13,14]},"faces":{"north":{"uv":[1,0,2,1],"texture":"#0"},"east":{"uv":[1,0,2,1],"texture":"#0"},"south":{"uv":[1,0,2,1],"texture":"#0"},"west":{"uv":[1,0,2,1],"texture":"#0"},"up":{"uv":[1,0,2,1],"texture":"#0"},"down":{"uv":[1,0,2,1],"texture":"#0"}}},{"from":[5,8,3],"to":[6,10,4],"rotation":{"angle":0,"axis":"y","origin":[13,16,12]},"faces":{"north":{"uv":[1,0,2,1],"texture":"#0"},"east":{"uv":[1,0,2,1],"texture":"#0"},"south":{"uv":[1,0,2,1],"texture":"#0"},"west":{"uv":[1,0,2,1],"texture":"#0"},"up":{"uv":[1,0,2,1],"texture":"#0"},"down":{"uv":[1,0,2,1],"texture":"#0"}}},{"from":[6,9,2],"to":[7,12,3],"rotation":{"angle":0,"axis":"y","origin":[14,17,11]},"faces":{"north":{"uv":[1,0,2,1],"texture":"#0"},"east":{"uv":[1,0,2,1],"texture":"#0"},"south":{"uv":[1,0,2,1],"texture":"#0"},"west":{"uv":[1,0,2,1],"texture":"#0"},"up":{"uv":[1,0,2,1],"texture":"#0"},"down":{"uv":[1,0,2,1],"texture":"#0"}}},{"from":[8,13,2],"to":[9,16,3],"rotation":{"angle":0,"axis":"y","origin":[16,21,10]},"faces":{"north":{"uv":[1,0,2,1],"texture":"#0"},"east":{"uv":[1,0,2,1],"texture":"#0"},"south":{"uv":[1,0,2,1],"texture":"#0"},"west":{"uv":[1,0,2,1],"texture":"#0"},"up":{"uv":[1,0,2,1],"texture":"#0"},"down":{"uv":[1,0,2,1],"texture":"#0"}}},{"from":[9,15,2],"to":[10,17,3],"rotation":{"angle":0,"axis":"y","origin":[17,22,10]},"faces":{"north":{"uv":[1,0,2,1],"texture":"#0"},"east":{"uv":[1,0,2,1],"texture":"#0"},"south":{"uv":[1,0,2,1],"texture":"#0"},"west":{"uv":[1,0,2,1],"texture":"#0"},"up":{"uv":[1,0,2,1],"texture":"#0"},"down":{"uv":[1,0,2,1],"texture":"#0"}}},{"from":[10,16,3],"to":[12,18,4],"rotation":{"angle":0,"axis":"y","origin":[18,23,11]},"faces":{"north":{"uv":[1,0,2,1],"texture":"#0"},"east":{"uv":[1,0,2,1],"texture":"#0"},"south":{"uv":[1,0,2,1],"texture":"#0"},"west":{"uv":[1,0,2,1],"texture":"#0"},"up":{"uv":[1,0,2,1],"texture":"#0"},"down":{"uv":[1,0,2,1],"texture":"#0"}}},{"from":[12,17,4],"to":[13,19,5],"rotation":{"angle":0,"axis":"y","origin":[20,24,12]},"faces":{"north":{"uv":[1,0,2,1],"texture":"#0"},"east":{"uv":[1,0,2,1],"texture":"#0"},"south":{"uv":[1,0,2,1],"texture":"#0"},"west":{"uv":[1,0,2,1],"texture":"#0"},"up":{"uv":[1,0,2,1],"texture":"#0"},"down":{"uv":[1,0,2,1],"texture":"#0"}}},{"from":[13,18,5],"to":[14,19,6],"rotation":{"angle":0,"axis":"y","origin":[21,24,13]},"faces":{"north":{"uv":[1,0,2,1],"texture":"#0"},"east":{"uv":[1,0,2,1],"texture":"#0"},"south":{"uv":[1,0,2,1],"texture":"#0"},"west":{"uv":[1,0,2,1],"texture":"#0"},"up":{"uv":[1,0,2,1],"texture":"#0"},"down":{"uv":[1,0,2,1],"texture":"#0"}}},{"from":[13,19,6],"to":[14,20,8],"rotation":{"angle":0,"axis":"y","origin":[21,25,14]},"faces":{"north":{"uv":[1,0,2,1],"texture":"#0"},"east":{"uv":[1,0,2,1],"texture":"#0"},"south":{"uv":[1,0,2,1],"texture":"#0"},"west":{"uv":[1,0,2,1],"texture":"#0"},"up":{"uv":[1,0,2,1],"texture":"#0"},"down":{"uv":[1,0,2,1],"texture":"#0"}}},{"from":[13,18,8],"to":[14,19,9],"rotation":{"angle":0,"axis":"y","origin":[21,24,16]},"faces":{"north":{"uv":[1,0,2,1],"texture":"#0"},"east":{"uv":[1,0,2,1],"texture":"#0"},"south":{"uv":[1,0,2,1],"texture":"#0"},"west":{"uv":[1,0,2,1],"texture":"#0"},"up":{"uv":[1,0,2,1],"texture":"#0"},"down":{"uv":[1,0,2,1],"texture":"#0"}}},{"from":[4,6,4],"to":[5,8,6],"rotation":{"angle":0,"axis":"y","origin":[12,14,13]},"faces":{"north":{"uv":[1,0,2,1],"texture":"#0"},"east":{"uv":[1,0,2,1],"texture":"#0"},"south":{"uv":[1,0,2,1],"texture":"#0"},"west":{"uv":[1,0,2,1],"texture":"#0"},"up":{"uv":[1,0,2,1],"texture":"#0"},"down":{"uv":[1,0,2,1],"texture":"#0"}}},{"from":[4,4,7],"to":[5,6,8],"rotation":{"angle":0,"axis":"y","origin":[12,12,15]},"faces":{"north":{"uv":[1,0,2,1],"texture":"#0"},"east":{"uv":[1,0,2,1],"texture":"#0"},"south":{"uv":[1,0,2,1],"texture":"#0"},"west":{"uv":[1,0,2,1],"texture":"#0"},"up":{"uv":[1,0,2,1],"texture":"#0"},"down":{"uv":[1,0,2,1],"texture":"#0"}}},{"from":[5,2,8],"to":[6,4,9],"rotation":{"angle":0,"axis":"y","origin":[13,10,16]},"faces":{"north":{"uv":[1,0,2,1],"texture":"#0"},"east":{"uv":[1,0,2,1],"texture":"#0"},"south":{"uv":[1,0,2,1],"texture":"#0"},"west":{"uv":[1,0,2,1],"texture":"#0"},"up":{"uv":[1,0,2,1],"texture":"#0"},"down":{"uv":[1,0,2,1],"texture":"#0"}}},{"from":[12,20,10],"to":[13,21,11],"rotation":{"angle":0,"axis":"y","origin":[20,26,18]},"faces":{"north":{"uv":[1,0,2,1],"texture":"#0"},"east":{"uv":[1,0,2,1],"texture":"#0"},"south":{"uv":[1,0,2,1],"texture":"#0"},"west":{"uv":[1,0,2,1],"texture":"#0"},"up":{"uv":[1,0,2,1],"texture":"#0"},"down":{"uv":[1,0,2,1],"texture":"#0"}}},{"from":[7,11,2],"to":[8,13,3],"rotation":{"angle":0,"axis":"y","origin":[15,19,10]},"faces":{"north":{"uv":[4,0,5,1],"texture":"#0"},"east":{"uv":[4,0,5,1],"texture":"#0"},"south":{"uv":[4,0,5,1],"texture":"#0"},"west":{"uv":[4,0,5,1],"texture":"#0"},"up":{"uv":[4,0,5,1],"texture":"#0"},"down":{"uv":[4,0,5,1],"texture":"#0"}}},{"from":[4,4,6],"to":[5,5,7],"rotation":{"angle":0,"axis":"y","origin":[12,12,14]},"faces":{"north":{"uv":[4,0,5,1],"texture":"#0"},"east":{"uv":[4,0,5,1],"texture":"#0"},"south":{"uv":[4,0,5,1],"texture":"#0"},"west":{"uv":[4,0,5,1],"texture":"#0"},"up":{"uv":[4,0,5,1],"texture":"#0"},"down":{"uv":[4,0,5,1],"texture":"#0"}}},{"from":[5,8,4],"to":[6,9,5],"rotation":{"angle":0,"axis":"y","origin":[13,16,13]},"faces":{"north":{"uv":[4,0,5,1],"texture":"#0"},"east":{"uv":[4,0,5,1],"texture":"#0"},"south":{"uv":[4,0,5,1],"texture":"#0"},"west":{"uv":[4,0,5,1],"texture":"#0"},"up":{"uv":[4,0,5,1],"texture":"#0"},"down":{"uv":[4,0,5,1],"texture":"#0"}}},{"from":[6,9,3],"to":[7,11,4],"rotation":{"angle":0,"axis":"y","origin":[14,17,12]},"faces":{"north":{"uv":[4,0,5,1],"texture":"#0"},"east":{"uv":[4,0,5,1],"texture":"#0"},"south":{"uv":[4,0,5,1],"texture":"#0"},"west":{"uv":[4,0,5,1],"texture":"#0"},"up":{"uv":[4,0,5,1],"texture":"#0"},"down":{"uv":[4,0,5,1],"texture":"#0"}}},{"from":[8,13,3],"to":[9,15,4],"rotation":{"angle":0,"axis":"y","origin":[16,21,11]},"faces":{"north":{"uv":[4,0,5,1],"texture":"#0"},"east":{"uv":[4,0,5,1],"texture":"#0"},"south":{"uv":[4,0,5,1],"texture":"#0"},"west":{"uv":[4,0,5,1],"texture":"#0"},"up":{"uv":[4,0,5,1],"texture":"#0"},"down":{"uv":[4,0,5,1],"texture":"#0"}}},{"from":[8,15,2],"to":[9,16,3],"rotation":{"angle":0,"axis":"y","origin":[16,22,10]},"faces":{"north":{"uv":[4,0,5,1],"texture":"#0"},"east":{"uv":[4,0,5,1],"texture":"#0"},"south":{"uv":[4,0,5,1],"texture":"#0"},"west":{"uv":[4,0,5,1],"texture":"#0"},"up":{"uv":[4,0,5,1],"texture":"#0"},"down":{"uv":[4,0,5,1],"texture":"#0"}}},{"from":[9,17,3],"to":[11,18,4],"rotation":{"angle":0,"axis":"y","origin":[17,23,11]},"faces":{"north":{"uv":[4,0,5,1],"texture":"#0"},"east":{"uv":[4,0,5,1],"texture":"#0"},"south":{"uv":[4,0,5,1],"texture":"#0"},"west":{"uv":[4,0,5,1],"texture":"#0"},"up":{"uv":[4,0,5,1],"texture":"#0"},"down":{"uv":[4,0,5,1],"texture":"#0"}}},{"from":[11,18,4],"to":[12,19,5],"rotation":{"angle":0,"axis":"y","origin":[19,24,12]},"faces":{"north":{"uv":[4,0,5,1],"texture":"#0"},"east":{"uv":[4,0,5,1],"texture":"#0"},"south":{"uv":[4,0,5,1],"texture":"#0"},"west":{"uv":[4,0,5,1],"texture":"#0"},"up":{"uv":[4,0,5,1],"texture":"#0"},"down":{"uv":[4,0,5,1],"texture":"#0"}}},{"from":[13,19,6],"to":[14,20,7],"rotation":{"angle":0,"axis":"y","origin":[21,25,14]},"faces":{"north":{"uv":[4,0,5,1],"texture":"#0"},"east":{"uv":[4,0,5,1],"texture":"#0"},"south":{"uv":[4,0,5,1],"texture":"#0"},"west":{"uv":[4,0,5,1],"texture":"#0"},"up":{"uv":[4,0,5,1],"texture":"#0"},"down":{"uv":[4,0,5,1],"texture":"#0"}}},{"from":[13,17,9],"to":[14,18,10],"rotation":{"angle":0,"axis":"y","origin":[21,23,17]},"faces":{"north":{"uv":[4,0,5,1],"texture":"#0"},"east":{"uv":[4,0,5,1],"texture":"#0"},"south":{"uv":[4,0,5,1],"texture":"#0"},"west":{"uv":[4,0,5,1],"texture":"#0"},"up":{"uv":[4,0,5,1],"texture":"#0"},"down":{"uv":[4,0,5,1],"texture":"#0"}}},{"from":[4,6,6],"to":[5,8,7],"rotation":{"angle":0,"axis":"y","origin":[12,14,14]},"faces":{"north":{"uv":[4,0,5,1],"texture":"#0"},"east":{"uv":[4,0,5,1],"texture":"#0"},"south":{"uv":[4,0,5,1],"texture":"#0"},"west":{"uv":[4,0,5,1],"texture":"#0"},"up":{"uv":[4,0,5,1],"texture":"#0"},"down":{"uv":[4,0,5,1],"texture":"#0"}}},{"from":[4,7,5],"to":[5,8,6],"rotation":{"angle":0,"axis":"y","origin":[12,14,13]},"faces":{"north":{"uv":[4,0,5,1],"texture":"#0"},"east":{"uv":[4,0,5,1],"texture":"#0"},"south":{"uv":[4,0,5,1],"texture":"#0"},"west":{"uv":[4,0,5,1],"texture":"#0"},"up":{"uv":[4,0,5,1],"texture":"#0"},"down":{"uv":[4,0,5,1],"texture":"#0"}}},{"from":[4,4,8],"to":[5,6,9],"rotation":{"angle":0,"axis":"y","origin":[12,12,16]},"faces":{"north":{"uv":[4,0,5,1],"texture":"#0"},"east":{"uv":[4,0,5,1],"texture":"#0"},"south":{"uv":[4,0,5,1],"texture":"#0"},"west":{"uv":[4,0,5,1],"texture":"#0"},"up":{"uv":[4,0,5,1],"texture":"#0"},"down":{"uv":[4,0,5,1],"texture":"#0"}}},{"from":[5,2,9],"to":[6,3,10],"rotation":{"angle":0,"axis":"y","origin":[13,10,17]},"faces":{"north":{"uv":[4,0,5,1],"texture":"#0"},"east":{"uv":[4,0,5,1],"texture":"#0"},"south":{"uv":[4,0,5,1],"texture":"#0"},"west":{"uv":[4,0,5,1],"texture":"#0"},"up":{"uv":[4,0,5,1],"texture":"#0"},"down":{"uv":[4,0,5,1],"texture":"#0"}}},{"from":[12,20,11],"to":[13,21,12],"rotation":{"angle":0,"axis":"y","origin":[20,26,19]},"faces":{"north":{"uv":[4,0,5,1],"texture":"#0"},"east":{"uv":[4,0,5,1],"texture":"#0"},"south":{"uv":[4,0,5,1],"texture":"#0"},"west":{"uv":[4,0,5,1],"texture":"#0"},"up":{"uv":[4,0,5,1],"texture":"#0"},"down":{"uv":[4,0,5,1],"texture":"#0"}}},{"from":[7,11,2],"to":[8,12,3],"rotation":{"angle":0,"axis":"y","origin":[15,19,10]},"faces":{"north":{"uv":[7,0,8,1],"texture":"#0"},"east":{"uv":[7,0,8,1],"texture":"#0"},"south":{"uv":[7,0,8,1],"texture":"#0"},"west":{"uv":[7,0,8,1],"texture":"#0"},"up":{"uv":[7,0,8,1],"texture":"#0"},"down":{"uv":[7,0,8,1],"texture":"#0"}}},{"from":[6,10,4],"to":[7,11,5],"rotation":{"angle":0,"axis":"y","origin":[14,17,13]},"faces":{"north":{"uv":[7,0,8,1],"texture":"#0"},"east":{"uv":[7,0,8,1],"texture":"#0"},"south":{"uv":[7,0,8,1],"texture":"#0"},"west":{"uv":[7,0,8,1],"texture":"#0"},"up":{"uv":[7,0,8,1],"texture":"#0"},"down":{"uv":[7,0,8,1],"texture":"#0"}}},{"from":[8,14,4],"to":[9,15,5],"rotation":{"angle":0,"axis":"y","origin":[16,21,12]},"faces":{"north":{"uv":[7,0,8,1],"texture":"#0"},"east":{"uv":[7,0,8,1],"texture":"#0"},"south":{"uv":[7,0,8,1],"texture":"#0"},"west":{"uv":[7,0,8,1],"texture":"#0"},"up":{"uv":[7,0,8,1],"texture":"#0"},"down":{"uv":[7,0,8,1],"texture":"#0"}}},{"from":[9,17,1],"to":[11,18,2],"rotation":{"angle":0,"axis":"y","origin":[17,23,9]},"faces":{"north":{"uv":[7,0,8,1],"texture":"#0"},"east":{"uv":[7,0,8,1],"texture":"#0"},"south":{"uv":[7,0,8,1],"texture":"#0"},"west":{"uv":[7,0,8,1],"texture":"#0"},"up":{"uv":[7,0,8,1],"texture":"#0"},"down":{"uv":[7,0,8,1],"texture":"#0"}}},{"from":[13,20,6],"to":[14,21,7],"rotation":{"angle":0,"axis":"y","origin":[21,26,14]},"faces":{"north":{"uv":[7,0,8,1],"texture":"#0"},"east":{"uv":[7,0,8,1],"texture":"#0"},"south":{"uv":[7,0,8,1],"texture":"#0"},"west":{"uv":[7,0,8,1],"texture":"#0"},"up":{"uv":[7,0,8,1],"texture":"#0"},"down":{"uv":[7,0,8,1],"texture":"#0"}}},{"from":[4,5,6],"to":[5,7,7],"rotation":{"angle":0,"axis":"y","origin":[12,13,14]},"faces":{"north":{"uv":[7,0,8,1],"texture":"#0"},"east":{"uv":[7,0,8,1],"texture":"#0"},"south":{"uv":[7,0,8,1],"texture":"#0"},"west":{"uv":[7,0,8,1],"texture":"#0"},"up":{"uv":[7,0,8,1],"texture":"#0"},"down":{"uv":[7,0,8,1],"texture":"#0"}}},{"from":[4,7,5],"to":[5,8,6],"rotation":{"angle":0,"axis":"y","origin":[12,14,13]},"faces":{"north":{"uv":[7,0,8,1],"texture":"#0"},"east":{"uv":[7,0,8,1],"texture":"#0"},"south":{"uv":[7,0,8,1],"texture":"#0"},"west":{"uv":[7,0,8,1],"texture":"#0"},"up":{"uv":[7,0,8,1],"texture":"#0"},"down":{"uv":[7,0,8,1],"texture":"#0"}}},{"from":[4,5,8],"to":[5,6,9],"rotation":{"angle":0,"axis":"y","origin":[12,12,16]},"faces":{"north":{"uv":[7,0,8,1],"texture":"#0"},"east":{"uv":[7,0,8,1],"texture":"#0"},"south":{"uv":[7,0,8,1],"texture":"#0"},"west":{"uv":[7,0,8,1],"texture":"#0"},"up":{"uv":[7,0,8,1],"texture":"#0"},"down":{"uv":[7,0,8,1],"texture":"#0"}}},{"from":[5,1,9],"to":[6,2,10],"rotation":{"angle":0,"axis":"y","origin":[13,9,17]},"faces":{"north":{"uv":[7,0,8,1],"texture":"#0"},"east":{"uv":[7,0,8,1],"texture":"#0"},"south":{"uv":[7,0,8,1],"texture":"#0"},"west":{"uv":[7,0,8,1],"texture":"#0"},"up":{"uv":[7,0,8,1],"texture":"#0"},"down":{"uv":[7,0,8,1],"texture":"#0"}}},{"from":[12,20,11],"to":[13,21,12],"rotation":{"angle":0,"axis":"y","origin":[20,26,19]},"faces":{"north":{"uv":[7,0,8,1],"texture":"#0"},"east":{"uv":[7,0,8,1],"texture":"#0"},"south":{"uv":[7,0,8,1],"texture":"#0"},"west":{"uv":[7,0,8,1],"texture":"#0"},"up":{"uv":[7,0,8,1],"texture":"#0"},"down":{"uv":[7,0,8,1],"texture":"#0"}}},{"from":[8,5,4],"to":[9,6,5],"rotation":{"angle":0,"axis":"y","origin":[16,13,12]},"faces":{"north":{"uv":[0,3,1,4],"texture":"#0"},"east":{"uv":[0,3,1,4],"texture":"#0"},"south":{"uv":[0,3,1,4],"texture":"#0"},"west":{"uv":[0,3,1,4],"texture":"#0"},"up":{"uv":[0,3,1,4],"texture":"#0"},"down":{"uv":[0,3,1,4],"texture":"#0"}}},{"from":[13,17,11],"to":[14,18,12],"rotation":{"angle":0,"axis":"y","origin":[20,22,19]},"faces":{"north":{"uv":[0,3,1,4],"texture":"#0"},"east":{"uv":[0,3,1,4],"texture":"#0"},"south":{"uv":[0,3,1,4],"texture":"#0"},"west":{"uv":[0,3,1,4],"texture":"#0"},"up":{"uv":[0,3,1,4],"texture":"#0"},"down":{"uv":[0,3,1,4],"texture":"#0"}}},{"from":[11,16,10],"to":[12,17,12],"rotation":{"angle":0,"axis":"y","origin":[18,22,18]},"faces":{"north":{"uv":[0,3,1,4],"texture":"#0"},"east":{"uv":[0,3,1,4],"texture":"#0"},"south":{"uv":[0,3,1,4],"texture":"#0"},"west":{"uv":[0,3,1,4],"texture":"#0"},"up":{"uv":[0,3,1,4],"texture":"#0"},"down":{"uv":[0,3,1,4],"texture":"#0"}}},{"from":[12,14,9],"to":[13,15,10],"rotation":{"angle":0,"axis":"y","origin":[19,20,17]},"faces":{"north":{"uv":[0,3,1,4],"texture":"#0"},"east":{"uv":[0,3,1,4],"texture":"#0"},"south":{"uv":[0,3,1,4],"texture":"#0"},"west":{"uv":[0,3,1,4],"texture":"#0"},"up":{"uv":[0,3,1,4],"texture":"#0"},"down":{"uv":[0,3,1,4],"texture":"#0"}}},{"from":[12,15,8],"to":[13,16,9],"rotation":{"angle":0,"axis":"y","origin":[19,21,16]},"faces":{"north":{"uv":[0,3,1,4],"texture":"#0"},"east":{"uv":[0,3,1,4],"texture":"#0"},"south":{"uv":[0,3,1,4],"texture":"#0"},"west":{"uv":[0,3,1,4],"texture":"#0"},"up":{"uv":[0,3,1,4],"texture":"#0"},"down":{"uv":[0,3,1,4],"texture":"#0"}}},{"from":[13,13,6],"to":[14,15,7],"rotation":{"angle":0,"axis":"y","origin":[20,20,14]},"faces":{"north":{"uv":[0,3,1,4],"texture":"#0"},"east":{"uv":[0,3,1,4],"texture":"#0"},"south":{"uv":[0,3,1,4],"texture":"#0"},"west":{"uv":[0,3,1,4],"texture":"#0"},"up":{"uv":[0,3,1,4],"texture":"#0"},"down":{"uv":[0,3,1,4],"texture":"#0"}}},{"from":[13,14,7],"to":[14,15,8],"rotation":{"angle":0,"axis":"y","origin":[20,20,14]},"faces":{"north":{"uv":[0,3,1,4],"texture":"#0"},"east":{"uv":[0,3,1,4],"texture":"#0"},"south":{"uv":[0,3,1,4],"texture":"#0"},"west":{"uv":[0,3,1,4],"texture":"#0"},"up":{"uv":[0,3,1,4],"texture":"#0"},"down":{"uv":[0,3,1,4],"texture":"#0"}}},{"from":[13,13,5],"to":[14,14,6],"rotation":{"angle":0,"axis":"y","origin":[20,20,13]},"faces":{"north":{"uv":[0,3,1,4],"texture":"#0"},"east":{"uv":[0,3,1,4],"texture":"#0"},"south":{"uv":[0,3,1,4],"texture":"#0"},"west":{"uv":[0,3,1,4],"texture":"#0"},"up":{"uv":[0,3,1,4],"texture":"#0"},"down":{"uv":[0,3,1,4],"texture":"#0"}}},{"from":[12,12,4],"to":[13,13,5],"rotation":{"angle":0,"axis":"y","origin":[19,19,12]},"faces":{"north":{"uv":[0,3,1,4],"texture":"#0"},"east":{"uv":[0,3,1,4],"texture":"#0"},"south":{"uv":[0,3,1,4],"texture":"#0"},"west":{"uv":[0,3,1,4],"texture":"#0"},"up":{"uv":[0,3,1,4],"texture":"#0"},"down":{"uv":[0,3,1,4],"texture":"#0"}}},{"from":[11,11,3],"to":[12,13,4],"rotation":{"angle":0,"axis":"y","origin":[18,19,11]},"faces":{"north":{"uv":[0,3,1,4],"texture":"#0"},"east":{"uv":[0,3,1,4],"texture":"#0"},"south":{"uv":[0,3,1,4],"texture":"#0"},"west":{"uv":[0,3,1,4],"texture":"#0"},"up":{"uv":[0,3,1,4],"texture":"#0"},"down":{"uv":[0,3,1,4],"texture":"#0"}}},{"from":[10,10,2],"to":[11,11,3],"rotation":{"angle":0,"axis":"y","origin":[17,18,10]},"faces":{"north":{"uv":[0,3,1,4],"texture":"#0"},"east":{"uv":[0,3,1,4],"texture":"#0"},"south":{"uv":[0,3,1,4],"texture":"#0"},"west":{"uv":[0,3,1,4],"texture":"#0"},"up":{"uv":[0,3,1,4],"texture":"#0"},"down":{"uv":[0,3,1,4],"texture":"#0"}}},{"from":[10,10,3],"to":[11,12,4],"rotation":{"angle":0,"axis":"y","origin":[17,18,11]},"faces":{"north":{"uv":[0,3,1,4],"texture":"#0"},"east":{"uv":[0,3,1,4],"texture":"#0"},"south":{"uv":[0,3,1,4],"texture":"#0"},"west":{"uv":[0,3,1,4],"texture":"#0"},"up":{"uv":[0,3,1,4],"texture":"#0"},"down":{"uv":[0,3,1,4],"texture":"#0"}}},{"from":[9,8,2],"to":[11,10,3],"rotation":{"angle":0,"axis":"y","origin":[17,16,10]},"faces":{"north":{"uv":[0,3,1,4],"texture":"#0"},"east":{"uv":[0,3,1,4],"texture":"#0"},"south":{"uv":[0,3,1,4],"texture":"#0"},"west":{"uv":[0,3,1,4],"texture":"#0"},"up":{"uv":[0,3,1,4],"texture":"#0"},"down":{"uv":[0,3,1,4],"texture":"#0"}}},{"from":[9,6,3],"to":[10,8,4],"rotation":{"angle":0,"axis":"y","origin":[17,14,11]},"faces":{"north":{"uv":[0,3,1,4],"texture":"#0"},"east":{"uv":[0,3,1,4],"texture":"#0"},"south":{"uv":[0,3,1,4],"texture":"#0"},"west":{"uv":[0,3,1,4],"texture":"#0"},"up":{"uv":[0,3,1,4],"texture":"#0"},"down":{"uv":[0,3,1,4],"texture":"#0"}}},{"from":[8,4,4],"to":[9,5,5],"rotation":{"angle":0,"axis":"y","origin":[16,12,12]},"faces":{"north":{"uv":[3,3,4,4],"texture":"#0"},"east":{"uv":[3,3,4,4],"texture":"#0"},"south":{"uv":[3,3,4,4],"texture":"#0"},"west":{"uv":[3,3,4,4],"texture":"#0"},"up":{"uv":[3,3,4,4],"texture":"#0"},"down":{"uv":[3,3,4,4],"texture":"#0"}}},{"from":[13,18,11],"to":[14,19,12],"rotation":{"angle":0,"axis":"y","origin":[20,23,19]},"faces":{"north":{"uv":[3,3,4,4],"texture":"#0"},"east":{"uv":[3,3,4,4],"texture":"#0"},"south":{"uv":[3,3,4,4],"texture":"#0"},"west":{"uv":[3,3,4,4],"texture":"#0"},"up":{"uv":[3,3,4,4],"texture":"#0"},"down":{"uv":[3,3,4,4],"texture":"#0"}}},{"from":[10,16,10],"to":[11,17,12],"rotation":{"angle":0,"axis":"y","origin":[17,22,18]},"faces":{"north":{"uv":[3,3,4,4],"texture":"#0"},"east":{"uv":[3,3,4,4],"texture":"#0"},"south":{"uv":[3,3,4,4],"texture":"#0"},"west":{"uv":[3,3,4,4],"texture":"#0"},"up":{"uv":[3,3,4,4],"texture":"#0"},"down":{"uv":[3,3,4,4],"texture":"#0"}}},{"from":[12,16,9],"to":[13,17,10],"rotation":{"angle":0,"axis":"y","origin":[19,22,17]},"faces":{"north":{"uv":[3,3,4,4],"texture":"#0"},"east":{"uv":[3,3,4,4],"texture":"#0"},"south":{"uv":[3,3,4,4],"texture":"#0"},"west":{"uv":[3,3,4,4],"texture":"#0"},"up":{"uv":[3,3,4,4],"texture":"#0"},"down":{"uv":[3,3,4,4],"texture":"#0"}}},{"from":[11,15,8],"to":[12,16,9],"rotation":{"angle":0,"axis":"y","origin":[18,21,16]},"faces":{"north":{"uv":[3,3,4,4],"texture":"#0"},"east":{"uv":[3,3,4,4],"texture":"#0"},"south":{"uv":[3,3,4,4],"texture":"#0"},"west":{"uv":[3,3,4,4],"texture":"#0"},"up":{"uv":[3,3,4,4],"texture":"#0"},"down":{"uv":[3,3,4,4],"texture":"#0"}}},{"from":[13,14,6],"to":[14,15,7],"rotation":{"angle":0,"axis":"y","origin":[20,20,14]},"faces":{"north":{"uv":[3,3,4,4],"texture":"#0"},"east":{"uv":[3,3,4,4],"texture":"#0"},"south":{"uv":[3,3,4,4],"texture":"#0"},"west":{"uv":[3,3,4,4],"texture":"#0"},"up":{"uv":[3,3,4,4],"texture":"#0"},"down":{"uv":[3,3,4,4],"texture":"#0"}}},{"from":[13,15,7],"to":[14,16,8],"rotation":{"angle":0,"axis":"y","origin":[20,21,14]},"faces":{"north":{"uv":[3,3,4,4],"texture":"#0"},"east":{"uv":[3,3,4,4],"texture":"#0"},"south":{"uv":[3,3,4,4],"texture":"#0"},"west":{"uv":[3,3,4,4],"texture":"#0"},"up":{"uv":[3,3,4,4],"texture":"#0"},"down":{"uv":[3,3,4,4],"texture":"#0"}}},{"from":[12,13,5],"to":[13,14,6],"rotation":{"angle":0,"axis":"y","origin":[19,20,13]},"faces":{"north":{"uv":[3,3,4,4],"texture":"#0"},"east":{"uv":[3,3,4,4],"texture":"#0"},"south":{"uv":[3,3,4,4],"texture":"#0"},"west":{"uv":[3,3,4,4],"texture":"#0"},"up":{"uv":[3,3,4,4],"texture":"#0"},"down":{"uv":[3,3,4,4],"texture":"#0"}}},{"from":[11,12,3],"to":[12,13,4],"rotation":{"angle":0,"axis":"y","origin":[18,19,11]},"faces":{"north":{"uv":[3,3,4,4],"texture":"#0"},"east":{"uv":[3,3,4,4],"texture":"#0"},"south":{"uv":[3,3,4,4],"texture":"#0"},"west":{"uv":[3,3,4,4],"texture":"#0"},"up":{"uv":[3,3,4,4],"texture":"#0"},"down":{"uv":[3,3,4,4],"texture":"#0"}}},{"from":[9,10,2],"to":[10,11,3],"rotation":{"angle":0,"axis":"y","origin":[16,18,10]},"faces":{"north":{"uv":[3,3,4,4],"texture":"#0"},"east":{"uv":[3,3,4,4],"texture":"#0"},"south":{"uv":[3,3,4,4],"texture":"#0"},"west":{"uv":[3,3,4,4],"texture":"#0"},"up":{"uv":[3,3,4,4],"texture":"#0"},"down":{"uv":[3,3,4,4],"texture":"#0"}}},{"from":[9,11,3],"to":[10,12,4],"rotation":{"angle":0,"axis":"y","origin":[16,18,11]},"faces":{"north":{"uv":[3,3,4,4],"texture":"#0"},"east":{"uv":[3,3,4,4],"texture":"#0"},"south":{"uv":[3,3,4,4],"texture":"#0"},"west":{"uv":[3,3,4,4],"texture":"#0"},"up":{"uv":[3,3,4,4],"texture":"#0"},"down":{"uv":[3,3,4,4],"texture":"#0"}}},{"from":[10,8,2],"to":[11,10,3],"rotation":{"angle":0,"axis":"y","origin":[17,16,10]},"faces":{"north":{"uv":[3,3,4,4],"texture":"#0"},"east":{"uv":[3,3,4,4],"texture":"#0"},"south":{"uv":[3,3,4,4],"texture":"#0"},"west":{"uv":[3,3,4,4],"texture":"#0"},"up":{"uv":[3,3,4,4],"texture":"#0"},"down":{"uv":[3,3,4,4],"texture":"#0"}}},{"from":[9,7,3],"to":[10,8,4],"rotation":{"angle":0,"axis":"y","origin":[17,14,11]},"faces":{"north":{"uv":[3,3,4,4],"texture":"#0"},"east":{"uv":[3,3,4,4],"texture":"#0"},"south":{"uv":[3,3,4,4],"texture":"#0"},"west":{"uv":[3,3,4,4],"texture":"#0"},"up":{"uv":[3,3,4,4],"texture":"#0"},"down":{"uv":[3,3,4,4],"texture":"#0"}}},{"from":[8,3,4],"to":[9,4,5],"rotation":{"angle":0,"axis":"y","origin":[16,11,12]},"faces":{"north":{"uv":[6,3,7,4],"texture":"#0"},"east":{"uv":[6,3,7,4],"texture":"#0"},"south":{"uv":[6,3,7,4],"texture":"#0"},"west":{"uv":[6,3,7,4],"texture":"#0"},"up":{"uv":[6,3,7,4],"texture":"#0"},"down":{"uv":[6,3,7,4],"texture":"#0"}}},{"from":[14,18,11],"to":[15,19,12],"rotation":{"angle":0,"axis":"y","origin":[21,23,19]},"faces":{"north":{"uv":[6,3,7,4],"texture":"#0"},"east":{"uv":[6,3,7,4],"texture":"#0"},"south":{"uv":[6,3,7,4],"texture":"#0"},"west":{"uv":[6,3,7,4],"texture":"#0"},"up":{"uv":[6,3,7,4],"texture":"#0"},"down":{"uv":[6,3,7,4],"texture":"#0"}}},{"from":[11,15,8],"to":[12,16,9],"rotation":{"angle":0,"axis":"y","origin":[18,21,16]},"faces":{"north":{"uv":[6,3,7,4],"texture":"#0"},"east":{"uv":[6,3,7,4],"texture":"#0"},"south":{"uv":[6,3,7,4],"texture":"#0"},"west":{"uv":[6,3,7,4],"texture":"#0"},"up":{"uv":[6,3,7,4],"texture":"#0"},"down":{"uv":[6,3,7,4],"texture":"#0"}}},{"from":[13,13,6],"to":[14,14,7],"rotation":{"angle":0,"axis":"y","origin":[20,19,14]},"faces":{"north":{"uv":[6,3,7,4],"texture":"#0"},"east":{"uv":[6,3,7,4],"texture":"#0"},"south":{"uv":[6,3,7,4],"texture":"#0"},"west":{"uv":[6,3,7,4],"texture":"#0"},"up":{"uv":[6,3,7,4],"texture":"#0"},"down":{"uv":[6,3,7,4],"texture":"#0"}}},{"from":[13,13,7],"to":[14,15,8],"rotation":{"angle":0,"axis":"y","origin":[20,20,14]},"faces":{"north":{"uv":[6,3,7,4],"texture":"#0"},"east":{"uv":[6,3,7,4],"texture":"#0"},"south":{"uv":[6,3,7,4],"texture":"#0"},"west":{"uv":[6,3,7,4],"texture":"#0"},"up":{"uv":[6,3,7,4],"texture":"#0"},"down":{"uv":[6,3,7,4],"texture":"#0"}}},{"from":[11,11,3],"to":[12,12,4],"rotation":{"angle":0,"axis":"y","origin":[18,18,11]},"faces":{"north":{"uv":[6,3,7,4],"texture":"#0"},"east":{"uv":[6,3,7,4],"texture":"#0"},"south":{"uv":[6,3,7,4],"texture":"#0"},"west":{"uv":[6,3,7,4],"texture":"#0"},"up":{"uv":[6,3,7,4],"texture":"#0"},"down":{"uv":[6,3,7,4],"texture":"#0"}}},{"from":[8,10,2],"to":[9,11,3],"rotation":{"angle":0,"axis":"y","origin":[15,18,10]},"faces":{"north":{"uv":[6,3,7,4],"texture":"#0"},"east":{"uv":[6,3,7,4],"texture":"#0"},"south":{"uv":[6,3,7,4],"texture":"#0"},"west":{"uv":[6,3,7,4],"texture":"#0"},"up":{"uv":[6,3,7,4],"texture":"#0"},"down":{"uv":[6,3,7,4],"texture":"#0"}}},{"from":[10,7,2],"to":[11,9,3],"rotation":{"angle":0,"axis":"y","origin":[17,15,10]},"faces":{"north":{"uv":[6,3,7,4],"texture":"#0"},"east":{"uv":[6,3,7,4],"texture":"#0"},"south":{"uv":[6,3,7,4],"texture":"#0"},"west":{"uv":[6,3,7,4],"texture":"#0"},"up":{"uv":[6,3,7,4],"texture":"#0"},"down":{"uv":[6,3,7,4],"texture":"#0"}}},{"from":[7,4,5],"to":[8,5,6],"rotation":{"angle":0,"axis":"y","origin":[15,11,13]},"faces":{"north":{"uv":[1,3,2,4],"texture":"#0"},"east":{"uv":[1,3,2,4],"texture":"#0"},"south":{"uv":[1,3,2,4],"texture":"#0"},"west":{"uv":[1,3,2,4],"texture":"#0"},"up":{"uv":[1,3,2,4],"texture":"#0"},"down":{"uv":[1,3,2,4],"texture":"#0"}}},{"from":[6,5,4],"to":[7,7,5],"rotation":{"angle":0,"axis":"y","origin":[14,13,12]},"faces":{"north":{"uv":[1,3,2,4],"texture":"#0"},"east":{"uv":[1,3,2,4],"texture":"#0"},"south":{"uv":[1,3,2,4],"texture":"#0"},"west":{"uv":[1,3,2,4],"texture":"#0"},"up":{"uv":[1,3,2,4],"texture":"#0"},"down":{"uv":[1,3,2,4],"texture":"#0"}}},{"from":[5,6,4],"to":[6,8,5],"rotation":{"angle":0,"axis":"y","origin":[13,14,12]},"faces":{"north":{"uv":[1,3,2,4],"texture":"#0"},"east":{"uv":[1,3,2,4],"texture":"#0"},"south":{"uv":[1,3,2,4],"texture":"#0"},"west":{"uv":[1,3,2,4],"texture":"#0"},"up":{"uv":[1,3,2,4],"texture":"#0"},"down":{"uv":[1,3,2,4],"texture":"#0"}}},{"from":[6,8,4],"to":[7,10,5],"rotation":{"angle":0,"axis":"y","origin":[14,16,12]},"faces":{"north":{"uv":[1,3,2,4],"texture":"#0"},"east":{"uv":[1,3,2,4],"texture":"#0"},"south":{"uv":[1,3,2,4],"texture":"#0"},"west":{"uv":[1,3,2,4],"texture":"#0"},"up":{"uv":[1,3,2,4],"texture":"#0"},"down":{"uv":[1,3,2,4],"texture":"#0"}}},{"from":[7,9,4],"to":[8,11,5],"rotation":{"angle":0,"axis":"y","origin":[15,17,12]},"faces":{"north":{"uv":[1,3,2,4],"texture":"#0"},"east":{"uv":[1,3,2,4],"texture":"#0"},"south":{"uv":[1,3,2,4],"texture":"#0"},"west":{"uv":[1,3,2,4],"texture":"#0"},"up":{"uv":[1,3,2,4],"texture":"#0"},"down":{"uv":[1,3,2,4],"texture":"#0"}}},{"from":[7,12,5],"to":[8,14,6],"rotation":{"angle":0,"axis":"y","origin":[15,20,13]},"faces":{"north":{"uv":[1,3,2,4],"texture":"#0"},"east":{"uv":[1,3,2,4],"texture":"#0"},"south":{"uv":[1,3,2,4],"texture":"#0"},"west":{"uv":[1,3,2,4],"texture":"#0"},"up":{"uv":[1,3,2,4],"texture":"#0"},"down":{"uv":[1,3,2,4],"texture":"#0"}}},{"from":[6,13,6],"to":[7,17,7],"rotation":{"angle":0,"axis":"y","origin":[14,21,14]},"faces":{"north":{"uv":[1,3,2,4],"texture":"#0"},"east":{"uv":[1,3,2,4],"texture":"#0"},"south":{"uv":[1,3,2,4],"texture":"#0"},"west":{"uv":[1,3,2,4],"texture":"#0"},"up":{"uv":[1,3,2,4],"texture":"#0"},"down":{"uv":[1,3,2,4],"texture":"#0"}}},{"from":[7,17,6],"to":[8,19,7],"rotation":{"angle":0,"axis":"y","origin":[15,25,14]},"faces":{"north":{"uv":[1,3,2,4],"texture":"#0"},"east":{"uv":[1,3,2,4],"texture":"#0"},"south":{"uv":[1,3,2,4],"texture":"#0"},"west":{"uv":[1,3,2,4],"texture":"#0"},"up":{"uv":[1,3,2,4],"texture":"#0"},"down":{"uv":[1,3,2,4],"texture":"#0"}}},{"from":[8,19,5],"to":[9,20,6],"rotation":{"angle":0,"axis":"y","origin":[16,27,13]},"faces":{"north":{"uv":[1,3,2,4],"texture":"#0"},"east":{"uv":[1,3,2,4],"texture":"#0"},"south":{"uv":[1,3,2,4],"texture":"#0"},"west":{"uv":[1,3,2,4],"texture":"#0"},"up":{"uv":[1,3,2,4],"texture":"#0"},"down":{"uv":[1,3,2,4],"texture":"#0"}}},{"from":[9,21,4],"to":[10,22,5],"rotation":{"angle":0,"axis":"y","origin":[17,29,12]},"faces":{"north":{"uv":[1,3,2,4],"texture":"#0"},"east":{"uv":[1,3,2,4],"texture":"#0"},"south":{"uv":[1,3,2,4],"texture":"#0"},"west":{"uv":[1,3,2,4],"texture":"#0"},"up":{"uv":[1,3,2,4],"texture":"#0"},"down":{"uv":[1,3,2,4],"texture":"#0"}}},{"from":[7,22,6],"to":[8,23,7],"rotation":{"angle":0,"axis":"y","origin":[15,30,14]},"faces":{"north":{"uv":[1,3,2,4],"texture":"#0"},"east":{"uv":[1,3,2,4],"texture":"#0"},"south":{"uv":[1,3,2,4],"texture":"#0"},"west":{"uv":[1,3,2,4],"texture":"#0"},"up":{"uv":[1,3,2,4],"texture":"#0"},"down":{"uv":[1,3,2,4],"texture":"#0"}}},{"from":[7,10,5],"to":[9,12,6],"rotation":{"angle":0,"axis":"y","origin":[15,18,13]},"faces":{"north":{"uv":[1,3,2,4],"texture":"#0"},"east":{"uv":[1,3,2,4],"texture":"#0"},"south":{"uv":[1,3,2,4],"texture":"#0"},"west":{"uv":[1,3,2,4],"texture":"#0"},"up":{"uv":[1,3,2,4],"texture":"#0"},"down":{"uv":[1,3,2,4],"texture":"#0"}}},{"from":[7,3,5],"to":[8,4,6],"rotation":{"angle":0,"axis":"y","origin":[15,10,13]},"faces":{"north":{"uv":[4,3,5,4],"texture":"#0"},"east":{"uv":[4,3,5,4],"texture":"#0"},"south":{"uv":[4,3,5,4],"texture":"#0"},"west":{"uv":[4,3,5,4],"texture":"#0"},"up":{"uv":[4,3,5,4],"texture":"#0"},"down":{"uv":[4,3,5,4],"texture":"#0"}}},{"from":[6,5,4],"to":[7,7,5],"rotation":{"angle":0,"axis":"y","origin":[14,13,12]},"faces":{"north":{"uv":[4,3,5,4],"texture":"#0"},"east":{"uv":[4,3,5,4],"texture":"#0"},"south":{"uv":[4,3,5,4],"texture":"#0"},"west":{"uv":[4,3,5,4],"texture":"#0"},"up":{"uv":[4,3,5,4],"texture":"#0"},"down":{"uv":[4,3,5,4],"texture":"#0"}}},{"from":[5,7,4],"to":[6,8,5],"rotation":{"angle":0,"axis":"y","origin":[13,14,12]},"faces":{"north":{"uv":[4,3,5,4],"texture":"#0"},"east":{"uv":[4,3,5,4],"texture":"#0"},"south":{"uv":[4,3,5,4],"texture":"#0"},"west":{"uv":[4,3,5,4],"texture":"#0"},"up":{"uv":[4,3,5,4],"texture":"#0"},"down":{"uv":[4,3,5,4],"texture":"#0"}}},{"from":[6,9,4],"to":[7,11,5],"rotation":{"angle":0,"axis":"y","origin":[14,17,12]},"faces":{"north":{"uv":[4,3,5,4],"texture":"#0"},"east":{"uv":[4,3,5,4],"texture":"#0"},"south":{"uv":[4,3,5,4],"texture":"#0"},"west":{"uv":[4,3,5,4],"texture":"#0"},"up":{"uv":[4,3,5,4],"texture":"#0"},"down":{"uv":[4,3,5,4],"texture":"#0"}}},{"from":[7,10,4],"to":[8,11,5],"rotation":{"angle":0,"axis":"y","origin":[15,17,12]},"faces":{"north":{"uv":[4,3,5,4],"texture":"#0"},"east":{"uv":[4,3,5,4],"texture":"#0"},"south":{"uv":[4,3,5,4],"texture":"#0"},"west":{"uv":[4,3,5,4],"texture":"#0"},"up":{"uv":[4,3,5,4],"texture":"#0"},"down":{"uv":[4,3,5,4],"texture":"#0"}}},{"from":[7,12,5],"to":[8,13,6],"rotation":{"angle":0,"axis":"y","origin":[15,20,13]},"faces":{"north":{"uv":[4,3,5,4],"texture":"#0"},"east":{"uv":[4,3,5,4],"texture":"#0"},"south":{"uv":[4,3,5,4],"texture":"#0"},"west":{"uv":[4,3,5,4],"texture":"#0"},"up":{"uv":[4,3,5,4],"texture":"#0"},"down":{"uv":[4,3,5,4],"texture":"#0"}}},{"from":[6,14,6],"to":[7,17,7],"rotation":{"angle":0,"axis":"y","origin":[14,21,14]},"faces":{"north":{"uv":[4,3,5,4],"texture":"#0"},"east":{"uv":[4,3,5,4],"texture":"#0"},"south":{"uv":[4,3,5,4],"texture":"#0"},"west":{"uv":[4,3,5,4],"texture":"#0"},"up":{"uv":[4,3,5,4],"texture":"#0"},"down":{"uv":[4,3,5,4],"texture":"#0"}}},{"from":[7,16,6],"to":[8,18,7],"rotation":{"angle":0,"axis":"y","origin":[15,24,14]},"faces":{"north":{"uv":[4,3,5,4],"texture":"#0"},"east":{"uv":[4,3,5,4],"texture":"#0"},"south":{"uv":[4,3,5,4],"texture":"#0"},"west":{"uv":[4,3,5,4],"texture":"#0"},"up":{"uv":[4,3,5,4],"texture":"#0"},"down":{"uv":[4,3,5,4],"texture":"#0"}}},{"from":[9,19,5],"to":[10,20,6],"rotation":{"angle":0,"axis":"y","origin":[17,27,13]},"faces":{"north":{"uv":[4,3,5,4],"texture":"#0"},"east":{"uv":[4,3,5,4],"texture":"#0"},"south":{"uv":[4,3,5,4],"texture":"#0"},"west":{"uv":[4,3,5,4],"texture":"#0"},"up":{"uv":[4,3,5,4],"texture":"#0"},"down":{"uv":[4,3,5,4],"texture":"#0"}}},{"from":[10,22,4],"to":[11,23,5],"rotation":{"angle":0,"axis":"y","origin":[18,30,12]},"faces":{"north":{"uv":[4,3,5,4],"texture":"#0"},"east":{"uv":[4,3,5,4],"texture":"#0"},"south":{"uv":[4,3,5,4],"texture":"#0"},"west":{"uv":[4,3,5,4],"texture":"#0"},"up":{"uv":[4,3,5,4],"texture":"#0"},"down":{"uv":[4,3,5,4],"texture":"#0"}}},{"from":[7,21,6],"to":[8,22,7],"rotation":{"angle":0,"axis":"y","origin":[15,29,14]},"faces":{"north":{"uv":[4,3,5,4],"texture":"#0"},"east":{"uv":[4,3,5,4],"texture":"#0"},"south":{"uv":[4,3,5,4],"texture":"#0"},"west":{"uv":[4,3,5,4],"texture":"#0"},"up":{"uv":[4,3,5,4],"texture":"#0"},"down":{"uv":[4,3,5,4],"texture":"#0"}}},{"from":[7,11,5],"to":[9,12,6],"rotation":{"angle":0,"axis":"y","origin":[15,18,13]},"faces":{"north":{"uv":[4,3,5,4],"texture":"#0"},"east":{"uv":[4,3,5,4],"texture":"#0"},"south":{"uv":[4,3,5,4],"texture":"#0"},"west":{"uv":[4,3,5,4],"texture":"#0"},"up":{"uv":[4,3,5,4],"texture":"#0"},"down":{"uv":[4,3,5,4],"texture":"#0"}}},{"from":[7,2,5],"to":[8,3,6],"rotation":{"angle":0,"axis":"y","origin":[15,9,13]},"faces":{"north":{"uv":[7,3,8,4],"texture":"#0"},"east":{"uv":[7,3,8,4],"texture":"#0"},"south":{"uv":[7,3,8,4],"texture":"#0"},"west":{"uv":[7,3,8,4],"texture":"#0"},"up":{"uv":[7,3,8,4],"texture":"#0"},"down":{"uv":[7,3,8,4],"texture":"#0"}}},{"from":[5,6,4],"to":[6,7,5],"rotation":{"angle":0,"axis":"y","origin":[13,13,12]},"faces":{"north":{"uv":[7,3,8,4],"texture":"#0"},"east":{"uv":[7,3,8,4],"texture":"#0"},"south":{"uv":[7,3,8,4],"texture":"#0"},"west":{"uv":[7,3,8,4],"texture":"#0"},"up":{"uv":[7,3,8,4],"texture":"#0"},"down":{"uv":[7,3,8,4],"texture":"#0"}}},{"from":[6,9,4],"to":[7,10,5],"rotation":{"angle":0,"axis":"y","origin":[14,17,12]},"faces":{"north":{"uv":[7,3,8,4],"texture":"#0"},"east":{"uv":[7,3,8,4],"texture":"#0"},"south":{"uv":[7,3,8,4],"texture":"#0"},"west":{"uv":[7,3,8,4],"texture":"#0"},"up":{"uv":[7,3,8,4],"texture":"#0"},"down":{"uv":[7,3,8,4],"texture":"#0"}}},{"from":[7,10,4],"to":[8,11,5],"rotation":{"angle":0,"axis":"y","origin":[15,17,12]},"faces":{"north":{"uv":[7,3,8,4],"texture":"#0"},"east":{"uv":[7,3,8,4],"texture":"#0"},"south":{"uv":[7,3,8,4],"texture":"#0"},"west":{"uv":[7,3,8,4],"texture":"#0"},"up":{"uv":[7,3,8,4],"texture":"#0"},"down":{"uv":[7,3,8,4],"texture":"#0"}}},{"from":[6,14,6],"to":[7,16,7],"rotation":{"angle":0,"axis":"y","origin":[14,21,14]},"faces":{"north":{"uv":[7,3,8,4],"texture":"#0"},"east":{"uv":[7,3,8,4],"texture":"#0"},"south":{"uv":[7,3,8,4],"texture":"#0"},"west":{"uv":[7,3,8,4],"texture":"#0"},"up":{"uv":[7,3,8,4],"texture":"#0"},"down":{"uv":[7,3,8,4],"texture":"#0"}}},{"from":[7,17,6],"to":[8,18,7],"rotation":{"angle":0,"axis":"y","origin":[15,24,14]},"faces":{"north":{"uv":[7,3,8,4],"texture":"#0"},"east":{"uv":[7,3,8,4],"texture":"#0"},"south":{"uv":[7,3,8,4],"texture":"#0"},"west":{"uv":[7,3,8,4],"texture":"#0"},"up":{"uv":[7,3,8,4],"texture":"#0"},"down":{"uv":[7,3,8,4],"texture":"#0"}}},{"from":[10,19,5],"to":[11,20,6],"rotation":{"angle":0,"axis":"y","origin":[18,27,13]},"faces":{"north":{"uv":[7,3,8,4],"texture":"#0"},"east":{"uv":[7,3,8,4],"texture":"#0"},"south":{"uv":[7,3,8,4],"texture":"#0"},"west":{"uv":[7,3,8,4],"texture":"#0"},"up":{"uv":[7,3,8,4],"texture":"#0"},"down":{"uv":[7,3,8,4],"texture":"#0"}}},{"from":[7,22,6],"to":[8,23,7],"rotation":{"angle":0,"axis":"y","origin":[15,30,14]},"faces":{"north":{"uv":[7,3,8,4],"texture":"#0"},"east":{"uv":[7,3,8,4],"texture":"#0"},"south":{"uv":[7,3,8,4],"texture":"#0"},"west":{"uv":[7,3,8,4],"texture":"#0"},"up":{"uv":[7,3,8,4],"texture":"#0"},"down":{"uv":[7,3,8,4],"texture":"#0"}}},{"from":[5,5,4],"to":[6,7,5],"rotation":{"angle":0,"axis":"y","origin":[13,13,12]},"faces":{"north":{"uv":[0,6,1,7],"texture":"#0"},"east":{"uv":[0,6,1,7],"texture":"#0"},"south":{"uv":[0,6,1,7],"texture":"#0"},"west":{"uv":[0,6,1,7],"texture":"#0"},"up":{"uv":[0,6,1,7],"texture":"#0"},"down":{"uv":[0,6,1,7],"texture":"#0"}}},{"from":[7,8,2],"to":[10,9,3],"rotation":{"angle":0,"axis":"y","origin":[15,16,10]},"faces":{"north":{"uv":[0,6,1,7],"texture":"#0"},"east":{"uv":[0,6,1,7],"texture":"#0"},"south":{"uv":[0,6,1,7],"texture":"#0"},"west":{"uv":[0,6,1,7],"texture":"#0"},"up":{"uv":[0,6,1,7],"texture":"#0"},"down":{"uv":[0,6,1,7],"texture":"#0"}}},{"from":[6,7,3],"to":[7,8,4],"rotation":{"angle":0,"axis":"y","origin":[14,15,11]},"faces":{"north":{"uv":[0,6,1,7],"texture":"#0"},"east":{"uv":[0,6,1,7],"texture":"#0"},"south":{"uv":[0,6,1,7],"texture":"#0"},"west":{"uv":[0,6,1,7],"texture":"#0"},"up":{"uv":[0,6,1,7],"texture":"#0"},"down":{"uv":[0,6,1,7],"texture":"#0"}}},{"from":[9,9,3],"to":[11,10,4],"rotation":{"angle":0,"axis":"y","origin":[16,17,11]},"faces":{"north":{"uv":[0,6,1,7],"texture":"#0"},"east":{"uv":[0,6,1,7],"texture":"#0"},"south":{"uv":[0,6,1,7],"texture":"#0"},"west":{"uv":[0,6,1,7],"texture":"#0"},"up":{"uv":[0,6,1,7],"texture":"#0"},"down":{"uv":[0,6,1,7],"texture":"#0"}}},{"from":[11,10,4],"to":[12,11,5],"rotation":{"angle":0,"axis":"y","origin":[18,18,12]},"faces":{"north":{"uv":[0,6,1,7],"texture":"#0"},"east":{"uv":[0,6,1,7],"texture":"#0"},"south":{"uv":[0,6,1,7],"texture":"#0"},"west":{"uv":[0,6,1,7],"texture":"#0"},"up":{"uv":[0,6,1,7],"texture":"#0"},"down":{"uv":[0,6,1,7],"texture":"#0"}}},{"from":[12,11,5],"to":[13,12,6],"rotation":{"angle":0,"axis":"y","origin":[19,19,13]},"faces":{"north":{"uv":[0,6,1,7],"texture":"#0"},"east":{"uv":[0,6,1,7],"texture":"#0"},"south":{"uv":[0,6,1,7],"texture":"#0"},"west":{"uv":[0,6,1,7],"texture":"#0"},"up":{"uv":[0,6,1,7],"texture":"#0"},"down":{"uv":[0,6,1,7],"texture":"#0"}}},{"from":[12,12,5],"to":[14,13,6],"rotation":{"angle":0,"axis":"y","origin":[19,20,13]},"faces":{"north":{"uv":[0,6,1,7],"texture":"#0"},"east":{"uv":[0,6,1,7],"texture":"#0"},"south":{"uv":[0,6,1,7],"texture":"#0"},"west":{"uv":[0,6,1,7],"texture":"#0"},"up":{"uv":[0,6,1,7],"texture":"#0"},"down":{"uv":[0,6,1,7],"texture":"#0"}}},{"from":[11,13,4],"to":[13,14,5],"rotation":{"angle":0,"axis":"y","origin":[18,21,12]},"faces":{"north":{"uv":[0,6,1,7],"texture":"#0"},"east":{"uv":[0,6,1,7],"texture":"#0"},"south":{"uv":[0,6,1,7],"texture":"#0"},"west":{"uv":[0,6,1,7],"texture":"#0"},"up":{"uv":[0,6,1,7],"texture":"#0"},"down":{"uv":[0,6,1,7],"texture":"#0"}}},{"from":[10,14,3],"to":[11,15,4],"rotation":{"angle":0,"axis":"y","origin":[16,22,11]},"faces":{"north":{"uv":[0,6,1,7],"texture":"#0"},"east":{"uv":[0,6,1,7],"texture":"#0"},"south":{"uv":[0,6,1,7],"texture":"#0"},"west":{"uv":[0,6,1,7],"texture":"#0"},"up":{"uv":[0,6,1,7],"texture":"#0"},"down":{"uv":[0,6,1,7],"texture":"#0"}}},{"from":[9,15,3],"to":[10,16,4],"rotation":{"angle":0,"axis":"y","origin":[15,23,11]},"faces":{"north":{"uv":[0,6,1,7],"texture":"#0"},"east":{"uv":[0,6,1,7],"texture":"#0"},"south":{"uv":[0,6,1,7],"texture":"#0"},"west":{"uv":[0,6,1,7],"texture":"#0"},"up":{"uv":[0,6,1,7],"texture":"#0"},"down":{"uv":[0,6,1,7],"texture":"#0"}}},{"from":[8,16,4],"to":[10,17,5],"rotation":{"angle":0,"axis":"y","origin":[15,24,12]},"faces":{"north":{"uv":[0,6,1,7],"texture":"#0"},"east":{"uv":[0,6,1,7],"texture":"#0"},"south":{"uv":[0,6,1,7],"texture":"#0"},"west":{"uv":[0,6,1,7],"texture":"#0"},"up":{"uv":[0,6,1,7],"texture":"#0"},"down":{"uv":[0,6,1,7],"texture":"#0"}}},{"from":[9,17,5],"to":[10,18,6],"rotation":{"angle":0,"axis":"y","origin":[15,25,13]},"faces":{"north":{"uv":[0,6,1,7],"texture":"#0"},"east":{"uv":[0,6,1,7],"texture":"#0"},"south":{"uv":[0,6,1,7],"texture":"#0"},"west":{"uv":[0,6,1,7],"texture":"#0"},"up":{"uv":[0,6,1,7],"texture":"#0"},"down":{"uv":[0,6,1,7],"texture":"#0"}}},{"from":[10,17,6],"to":[11,19,7],"rotation":{"angle":0,"axis":"y","origin":[16,25,14]},"faces":{"north":{"uv":[0,6,1,7],"texture":"#0"},"east":{"uv":[0,6,1,7],"texture":"#0"},"south":{"uv":[0,6,1,7],"texture":"#0"},"west":{"uv":[0,6,1,7],"texture":"#0"},"up":{"uv":[0,6,1,7],"texture":"#0"},"down":{"uv":[0,6,1,7],"texture":"#0"}}},{"from":[11,19,5],"to":[12,20,6],"rotation":{"angle":0,"axis":"y","origin":[17,27,13]},"faces":{"north":{"uv":[0,6,1,7],"texture":"#0"},"east":{"uv":[0,6,1,7],"texture":"#0"},"south":{"uv":[0,6,1,7],"texture":"#0"},"west":{"uv":[0,6,1,7],"texture":"#0"},"up":{"uv":[0,6,1,7],"texture":"#0"},"down":{"uv":[0,6,1,7],"texture":"#0"}}},{"from":[10,20,4],"to":[11,21,5],"rotation":{"angle":0,"axis":"y","origin":[16,28,12]},"faces":{"north":{"uv":[0,6,1,7],"texture":"#0"},"east":{"uv":[0,6,1,7],"texture":"#0"},"south":{"uv":[0,6,1,7],"texture":"#0"},"west":{"uv":[0,6,1,7],"texture":"#0"},"up":{"uv":[0,6,1,7],"texture":"#0"},"down":{"uv":[0,6,1,7],"texture":"#0"}}},{"from":[12,21,5],"to":[13,23,6],"rotation":{"angle":0,"axis":"y","origin":[18,29,13]},"faces":{"north":{"uv":[0,6,1,7],"texture":"#0"},"east":{"uv":[0,6,1,7],"texture":"#0"},"south":{"uv":[0,6,1,7],"texture":"#0"},"west":{"uv":[0,6,1,7],"texture":"#0"},"up":{"uv":[0,6,1,7],"texture":"#0"},"down":{"uv":[0,6,1,7],"texture":"#0"}}},{"from":[5,5,4],"to":[6,6,5],"rotation":{"angle":0,"axis":"y","origin":[13,13,12]},"faces":{"north":{"uv":[3,6,4,7],"texture":"#0"},"east":{"uv":[3,6,4,7],"texture":"#0"},"south":{"uv":[3,6,4,7],"texture":"#0"},"west":{"uv":[3,6,4,7],"texture":"#0"},"up":{"uv":[3,6,4,7],"texture":"#0"},"down":{"uv":[3,6,4,7],"texture":"#0"}}},{"from":[7,7,2],"to":[9,8,3],"rotation":{"angle":0,"axis":"y","origin":[15,15,10]},"faces":{"north":{"uv":[3,6,4,7],"texture":"#0"},"east":{"uv":[3,6,4,7],"texture":"#0"},"south":{"uv":[3,6,4,7],"texture":"#0"},"west":{"uv":[3,6,4,7],"texture":"#0"},"up":{"uv":[3,6,4,7],"texture":"#0"},"down":{"uv":[3,6,4,7],"texture":"#0"}}},{"from":[6,6,3],"to":[7,7,4],"rotation":{"angle":0,"axis":"y","origin":[14,14,11]},"faces":{"north":{"uv":[3,6,4,7],"texture":"#0"},"east":{"uv":[3,6,4,7],"texture":"#0"},"south":{"uv":[3,6,4,7],"texture":"#0"},"west":{"uv":[3,6,4,7],"texture":"#0"},"up":{"uv":[3,6,4,7],"texture":"#0"},"down":{"uv":[3,6,4,7],"texture":"#0"}}},{"from":[9,8,3],"to":[10,9,4],"rotation":{"angle":0,"axis":"y","origin":[16,16,11]},"faces":{"north":{"uv":[3,6,4,7],"texture":"#0"},"east":{"uv":[3,6,4,7],"texture":"#0"},"south":{"uv":[3,6,4,7],"texture":"#0"},"west":{"uv":[3,6,4,7],"texture":"#0"},"up":{"uv":[3,6,4,7],"texture":"#0"},"down":{"uv":[3,6,4,7],"texture":"#0"}}},{"from":[11,9,4],"to":[12,10,5],"rotation":{"angle":0,"axis":"y","origin":[18,17,12]},"faces":{"north":{"uv":[3,6,4,7],"texture":"#0"},"east":{"uv":[3,6,4,7],"texture":"#0"},"south":{"uv":[3,6,4,7],"texture":"#0"},"west":{"uv":[3,6,4,7],"texture":"#0"},"up":{"uv":[3,6,4,7],"texture":"#0"},"down":{"uv":[3,6,4,7],"texture":"#0"}}},{"from":[12,10,5],"to":[13,12,6],"rotation":{"angle":0,"axis":"y","origin":[19,19,13]},"faces":{"north":{"uv":[3,6,4,7],"texture":"#0"},"east":{"uv":[3,6,4,7],"texture":"#0"},"south":{"uv":[3,6,4,7],"texture":"#0"},"west":{"uv":[3,6,4,7],"texture":"#0"},"up":{"uv":[3,6,4,7],"texture":"#0"},"down":{"uv":[3,6,4,7],"texture":"#0"}}},{"from":[12,11,5],"to":[14,12,6],"rotation":{"angle":0,"axis":"y","origin":[19,19,13]},"faces":{"north":{"uv":[3,6,4,7],"texture":"#0"},"east":{"uv":[3,6,4,7],"texture":"#0"},"south":{"uv":[3,6,4,7],"texture":"#0"},"west":{"uv":[3,6,4,7],"texture":"#0"},"up":{"uv":[3,6,4,7],"texture":"#0"},"down":{"uv":[3,6,4,7],"texture":"#0"}}},{"from":[11,13,4],"to":[12,14,5],"rotation":{"angle":0,"axis":"y","origin":[18,21,12]},"faces":{"north":{"uv":[3,6,4,7],"texture":"#0"},"east":{"uv":[3,6,4,7],"texture":"#0"},"south":{"uv":[3,6,4,7],"texture":"#0"},"west":{"uv":[3,6,4,7],"texture":"#0"},"up":{"uv":[3,6,4,7],"texture":"#0"},"down":{"uv":[3,6,4,7],"texture":"#0"}}},{"from":[9,15,3],"to":[10,16,4],"rotation":{"angle":0,"axis":"y","origin":[15,23,11]},"faces":{"north":{"uv":[3,6,4,7],"texture":"#0"},"east":{"uv":[3,6,4,7],"texture":"#0"},"south":{"uv":[3,6,4,7],"texture":"#0"},"west":{"uv":[3,6,4,7],"texture":"#0"},"up":{"uv":[3,6,4,7],"texture":"#0"},"down":{"uv":[3,6,4,7],"texture":"#0"}}},{"from":[8,16,4],"to":[9,17,5],"rotation":{"angle":0,"axis":"y","origin":[15,24,12]},"faces":{"north":{"uv":[3,6,4,7],"texture":"#0"},"east":{"uv":[3,6,4,7],"texture":"#0"},"south":{"uv":[3,6,4,7],"texture":"#0"},"west":{"uv":[3,6,4,7],"texture":"#0"},"up":{"uv":[3,6,4,7],"texture":"#0"},"down":{"uv":[3,6,4,7],"texture":"#0"}}},{"from":[9,17,5],"to":[10,18,6],"rotation":{"angle":0,"axis":"y","origin":[15,25,13]},"faces":{"north":{"uv":[3,6,4,7],"texture":"#0"},"east":{"uv":[3,6,4,7],"texture":"#0"},"south":{"uv":[3,6,4,7],"texture":"#0"},"west":{"uv":[3,6,4,7],"texture":"#0"},"up":{"uv":[3,6,4,7],"texture":"#0"},"down":{"uv":[3,6,4,7],"texture":"#0"}}},{"from":[9,18,6],"to":[10,19,7],"rotation":{"angle":0,"axis":"y","origin":[15,25,14]},"faces":{"north":{"uv":[3,6,4,7],"texture":"#0"},"east":{"uv":[3,6,4,7],"texture":"#0"},"south":{"uv":[3,6,4,7],"texture":"#0"},"west":{"uv":[3,6,4,7],"texture":"#0"},"up":{"uv":[3,6,4,7],"texture":"#0"},"down":{"uv":[3,6,4,7],"texture":"#0"}}},{"from":[11,18,5],"to":[12,19,6],"rotation":{"angle":0,"axis":"y","origin":[17,26,13]},"faces":{"north":{"uv":[3,6,4,7],"texture":"#0"},"east":{"uv":[3,6,4,7],"texture":"#0"},"south":{"uv":[3,6,4,7],"texture":"#0"},"west":{"uv":[3,6,4,7],"texture":"#0"},"up":{"uv":[3,6,4,7],"texture":"#0"},"down":{"uv":[3,6,4,7],"texture":"#0"}}},{"from":[9,20,4],"to":[10,21,5],"rotation":{"angle":0,"axis":"y","origin":[15,28,12]},"faces":{"north":{"uv":[3,6,4,7],"texture":"#0"},"east":{"uv":[3,6,4,7],"texture":"#0"},"south":{"uv":[3,6,4,7],"texture":"#0"},"west":{"uv":[3,6,4,7],"texture":"#0"},"up":{"uv":[3,6,4,7],"texture":"#0"},"down":{"uv":[3,6,4,7],"texture":"#0"}}},{"from":[12,22,5],"to":[13,23,6],"rotation":{"angle":0,"axis":"y","origin":[18,29,13]},"faces":{"north":{"uv":[3,6,4,7],"texture":"#0"},"east":{"uv":[3,6,4,7],"texture":"#0"},"south":{"uv":[3,6,4,7],"texture":"#0"},"west":{"uv":[3,6,4,7],"texture":"#0"},"up":{"uv":[3,6,4,7],"texture":"#0"},"down":{"uv":[3,6,4,7],"texture":"#0"}}},{"from":[5,5,4],"to":[6,6,5],"rotation":{"angle":0,"axis":"y","origin":[13,13,12]},"faces":{"north":{"uv":[6,6,7,7],"texture":"#0"},"east":{"uv":[6,6,7,7],"texture":"#0"},"south":{"uv":[6,6,7,7],"texture":"#0"},"west":{"uv":[6,6,7,7],"texture":"#0"},"up":{"uv":[6,6,7,7],"texture":"#0"},"down":{"uv":[6,6,7,7],"texture":"#0"}}},{"from":[7,7,2],"to":[9,8,3],"rotation":{"angle":0,"axis":"y","origin":[15,15,10]},"faces":{"north":{"uv":[6,6,7,7],"texture":"#0"},"east":{"uv":[6,6,7,7],"texture":"#0"},"south":{"uv":[6,6,7,7],"texture":"#0"},"west":{"uv":[6,6,7,7],"texture":"#0"},"up":{"uv":[6,6,7,7],"texture":"#0"},"down":{"uv":[6,6,7,7],"texture":"#0"}}},{"from":[8,8,3],"to":[9,9,4],"rotation":{"angle":0,"axis":"y","origin":[15,16,11]},"faces":{"north":{"uv":[6,6,7,7],"texture":"#0"},"east":{"uv":[6,6,7,7],"texture":"#0"},"south":{"uv":[6,6,7,7],"texture":"#0"},"west":{"uv":[6,6,7,7],"texture":"#0"},"up":{"uv":[6,6,7,7],"texture":"#0"},"down":{"uv":[6,6,7,7],"texture":"#0"}}},{"from":[12,9,5],"to":[13,11,6],"rotation":{"angle":0,"axis":"y","origin":[19,18,13]},"faces":{"north":{"uv":[6,6,7,7],"texture":"#0"},"east":{"uv":[6,6,7,7],"texture":"#0"},"south":{"uv":[6,6,7,7],"texture":"#0"},"west":{"uv":[6,6,7,7],"texture":"#0"},"up":{"uv":[6,6,7,7],"texture":"#0"},"down":{"uv":[6,6,7,7],"texture":"#0"}}},{"from":[11,10,5],"to":[13,11,6],"rotation":{"angle":0,"axis":"y","origin":[18,18,13]},"faces":{"north":{"uv":[6,6,7,7],"texture":"#0"},"east":{"uv":[6,6,7,7],"texture":"#0"},"south":{"uv":[6,6,7,7],"texture":"#0"},"west":{"uv":[6,6,7,7],"texture":"#0"},"up":{"uv":[6,6,7,7],"texture":"#0"},"down":{"uv":[6,6,7,7],"texture":"#0"}}},{"from":[11,13,4],"to":[12,14,5],"rotation":{"angle":0,"axis":"y","origin":[18,21,12]},"faces":{"north":{"uv":[6,6,7,7],"texture":"#0"},"east":{"uv":[6,6,7,7],"texture":"#0"},"south":{"uv":[6,6,7,7],"texture":"#0"},"west":{"uv":[6,6,7,7],"texture":"#0"},"up":{"uv":[6,6,7,7],"texture":"#0"},"down":{"uv":[6,6,7,7],"texture":"#0"}}},{"from":[9,15,3],"to":[10,16,4],"rotation":{"angle":0,"axis":"y","origin":[15,23,11]},"faces":{"north":{"uv":[6,6,7,7],"texture":"#0"},"east":{"uv":[6,6,7,7],"texture":"#0"},"south":{"uv":[6,6,7,7],"texture":"#0"},"west":{"uv":[6,6,7,7],"texture":"#0"},"up":{"uv":[6,6,7,7],"texture":"#0"},"down":{"uv":[6,6,7,7],"texture":"#0"}}},{"from":[8,17,5],"to":[9,18,6],"rotation":{"angle":0,"axis":"y","origin":[14,25,13]},"faces":{"north":{"uv":[6,6,7,7],"texture":"#0"},"east":{"uv":[6,6,7,7],"texture":"#0"},"south":{"uv":[6,6,7,7],"texture":"#0"},"west":{"uv":[6,6,7,7],"texture":"#0"},"up":{"uv":[6,6,7,7],"texture":"#0"},"down":{"uv":[6,6,7,7],"texture":"#0"}}},{"from":[12,18,5],"to":[13,19,6],"rotation":{"angle":0,"axis":"y","origin":[18,26,13]},"faces":{"north":{"uv":[6,6,7,7],"texture":"#0"},"east":{"uv":[6,6,7,7],"texture":"#0"},"south":{"uv":[6,6,7,7],"texture":"#0"},"west":{"uv":[6,6,7,7],"texture":"#0"},"up":{"uv":[6,6,7,7],"texture":"#0"},"down":{"uv":[6,6,7,7],"texture":"#0"}}},{"from":[9,21,4],"to":[10,22,5],"rotation":{"angle":0,"axis":"y","origin":[15,29,12]},"faces":{"north":{"uv":[6,6,7,7],"texture":"#0"},"east":{"uv":[6,6,7,7],"texture":"#0"},"south":{"uv":[6,6,7,7],"texture":"#0"},"west":{"uv":[6,6,7,7],"texture":"#0"},"up":{"uv":[6,6,7,7],"texture":"#0"},"down":{"uv":[6,6,7,7],"texture":"#0"}}},{"from":[13,22,5],"to":[14,23,6],"rotation":{"angle":0,"axis":"y","origin":[19,29,13]},"faces":{"north":{"uv":[6,6,7,7],"texture":"#0"},"east":{"uv":[6,6,7,7],"texture":"#0"},"south":{"uv":[6,6,7,7],"texture":"#0"},"west":{"uv":[6,6,7,7],"texture":"#0"},"up":{"uv":[6,6,7,7],"texture":"#0"},"down":{"uv":[6,6,7,7],"texture":"#0"}}},{"from":[13,6,4],"to":[14,7,5],"rotation":{"angle":0,"axis":"y","origin":[21,14,12]},"faces":{"north":{"uv":[1,6,2,7],"texture":"#0"},"east":{"uv":[1,6,2,7],"texture":"#0"},"south":{"uv":[1,6,2,7],"texture":"#0"},"west":{"uv":[1,6,2,7],"texture":"#0"},"up":{"uv":[1,6,2,7],"texture":"#0"},"down":{"uv":[1,6,2,7],"texture":"#0"}}},{"from":[11,7,5],"to":[13,8,6],"rotation":{"angle":0,"axis":"y","origin":[20,15,13]},"faces":{"north":{"uv":[1,6,2,7],"texture":"#0"},"east":{"uv":[1,6,2,7],"texture":"#0"},"south":{"uv":[1,6,2,7],"texture":"#0"},"west":{"uv":[1,6,2,7],"texture":"#0"},"up":{"uv":[1,6,2,7],"texture":"#0"},"down":{"uv":[1,6,2,7],"texture":"#0"}}},{"from":[9,8,6],"to":[12,9,7],"rotation":{"angle":0,"axis":"y","origin":[19,16,14]},"faces":{"north":{"uv":[1,6,2,7],"texture":"#0"},"east":{"uv":[1,6,2,7],"texture":"#0"},"south":{"uv":[1,6,2,7],"texture":"#0"},"west":{"uv":[1,6,2,7],"texture":"#0"},"up":{"uv":[1,6,2,7],"texture":"#0"},"down":{"uv":[1,6,2,7],"texture":"#0"}}},{"from":[7,9,6],"to":[9,10,7],"rotation":{"angle":0,"axis":"y","origin":[16,17,14]},"faces":{"north":{"uv":[1,6,2,7],"texture":"#0"},"east":{"uv":[1,6,2,7],"texture":"#0"},"south":{"uv":[1,6,2,7],"texture":"#0"},"west":{"uv":[1,6,2,7],"texture":"#0"},"up":{"uv":[1,6,2,7],"texture":"#0"},"down":{"uv":[1,6,2,7],"texture":"#0"}}},{"from":[6,10,5],"to":[8,11,6],"rotation":{"angle":0,"axis":"y","origin":[15,18,13]},"faces":{"north":{"uv":[1,6,2,7],"texture":"#0"},"east":{"uv":[1,6,2,7],"texture":"#0"},"south":{"uv":[1,6,2,7],"texture":"#0"},"west":{"uv":[1,6,2,7],"texture":"#0"},"up":{"uv":[1,6,2,7],"texture":"#0"},"down":{"uv":[1,6,2,7],"texture":"#0"}}},{"from":[6,11,5],"to":[7,13,6],"rotation":{"angle":0,"axis":"y","origin":[15,19,13]},"faces":{"north":{"uv":[1,6,2,7],"texture":"#0"},"east":{"uv":[1,6,2,7],"texture":"#0"},"south":{"uv":[1,6,2,7],"texture":"#0"},"west":{"uv":[1,6,2,7],"texture":"#0"},"up":{"uv":[1,6,2,7],"texture":"#0"},"down":{"uv":[1,6,2,7],"texture":"#0"}}},{"from":[5,12,4],"to":[6,14,5],"rotation":{"angle":0,"axis":"y","origin":[14,20,12]},"faces":{"north":{"uv":[1,6,2,7],"texture":"#0"},"east":{"uv":[1,6,2,7],"texture":"#0"},"south":{"uv":[1,6,2,7],"texture":"#0"},"west":{"uv":[1,6,2,7],"texture":"#0"},"up":{"uv":[1,6,2,7],"texture":"#0"},"down":{"uv":[1,6,2,7],"texture":"#0"}}},{"from":[4,13,3],"to":[5,17,4],"rotation":{"angle":0,"axis":"y","origin":[13,21,11]},"faces":{"north":{"uv":[1,6,2,7],"texture":"#0"},"east":{"uv":[1,6,2,7],"texture":"#0"},"south":{"uv":[1,6,2,7],"texture":"#0"},"west":{"uv":[1,6,2,7],"texture":"#0"},"up":{"uv":[1,6,2,7],"texture":"#0"},"down":{"uv":[1,6,2,7],"texture":"#0"}}},{"from":[3,15,3],"to":[4,16,4],"rotation":{"angle":0,"axis":"y","origin":[12,21,11]},"faces":{"north":{"uv":[1,6,2,7],"texture":"#0"},"east":{"uv":[1,6,2,7],"texture":"#0"},"south":{"uv":[1,6,2,7],"texture":"#0"},"west":{"uv":[1,6,2,7],"texture":"#0"},"up":{"uv":[1,6,2,7],"texture":"#0"},"down":{"uv":[1,6,2,7],"texture":"#0"}}},{"from":[5,16,4],"to":[6,18,5],"rotation":{"angle":0,"axis":"y","origin":[14,22,12]},"faces":{"north":{"uv":[1,6,2,7],"texture":"#0"},"east":{"uv":[1,6,2,7],"texture":"#0"},"south":{"uv":[1,6,2,7],"texture":"#0"},"west":{"uv":[1,6,2,7],"texture":"#0"},"up":{"uv":[1,6,2,7],"texture":"#0"},"down":{"uv":[1,6,2,7],"texture":"#0"}}},{"from":[6,18,5],"to":[7,20,6],"rotation":{"angle":0,"axis":"y","origin":[15,24,13]},"faces":{"north":{"uv":[1,6,2,7],"texture":"#0"},"east":{"uv":[1,6,2,7],"texture":"#0"},"south":{"uv":[1,6,2,7],"texture":"#0"},"west":{"uv":[1,6,2,7],"texture":"#0"},"up":{"uv":[1,6,2,7],"texture":"#0"},"down":{"uv":[1,6,2,7],"texture":"#0"}}},{"from":[5,19,3],"to":[6,21,4],"rotation":{"angle":0,"axis":"y","origin":[14,25,11]},"faces":{"north":{"uv":[1,6,2,7],"texture":"#0"},"east":{"uv":[1,6,2,7],"texture":"#0"},"south":{"uv":[1,6,2,7],"texture":"#0"},"west":{"uv":[1,6,2,7],"texture":"#0"},"up":{"uv":[1,6,2,7],"texture":"#0"},"down":{"uv":[1,6,2,7],"texture":"#0"}}},{"from":[13,5,4],"to":[14,6,5],"rotation":{"angle":0,"axis":"y","origin":[21,13,12]},"faces":{"north":{"uv":[4,6,5,7],"texture":"#0"},"east":{"uv":[4,6,5,7],"texture":"#0"},"south":{"uv":[4,6,5,7],"texture":"#0"},"west":{"uv":[4,6,5,7],"texture":"#0"},"up":{"uv":[4,6,5,7],"texture":"#0"},"down":{"uv":[4,6,5,7],"texture":"#0"}}},{"from":[12,7,5],"to":[13,8,6],"rotation":{"angle":0,"axis":"y","origin":[20,15,13]},"faces":{"north":{"uv":[4,6,5,7],"texture":"#0"},"east":{"uv":[4,6,5,7],"texture":"#0"},"south":{"uv":[4,6,5,7],"texture":"#0"},"west":{"uv":[4,6,5,7],"texture":"#0"},"up":{"uv":[4,6,5,7],"texture":"#0"},"down":{"uv":[4,6,5,7],"texture":"#0"}}},{"from":[10,8,6],"to":[12,9,7],"rotation":{"angle":0,"axis":"y","origin":[19,16,14]},"faces":{"north":{"uv":[4,6,5,7],"texture":"#0"},"east":{"uv":[4,6,5,7],"texture":"#0"},"south":{"uv":[4,6,5,7],"texture":"#0"},"west":{"uv":[4,6,5,7],"texture":"#0"},"up":{"uv":[4,6,5,7],"texture":"#0"},"down":{"uv":[4,6,5,7],"texture":"#0"}}},{"from":[7,10,6],"to":[9,11,7],"rotation":{"angle":0,"axis":"y","origin":[16,18,14]},"faces":{"north":{"uv":[4,6,5,7],"texture":"#0"},"east":{"uv":[4,6,5,7],"texture":"#0"},"south":{"uv":[4,6,5,7],"texture":"#0"},"west":{"uv":[4,6,5,7],"texture":"#0"},"up":{"uv":[4,6,5,7],"texture":"#0"},"down":{"uv":[4,6,5,7],"texture":"#0"}}},{"from":[6,11,5],"to":[7,12,6],"rotation":{"angle":0,"axis":"y","origin":[15,19,13]},"faces":{"north":{"uv":[4,6,5,7],"texture":"#0"},"east":{"uv":[4,6,5,7],"texture":"#0"},"south":{"uv":[4,6,5,7],"texture":"#0"},"west":{"uv":[4,6,5,7],"texture":"#0"},"up":{"uv":[4,6,5,7],"texture":"#0"},"down":{"uv":[4,6,5,7],"texture":"#0"}}},{"from":[5,13,4],"to":[6,14,5],"rotation":{"angle":0,"axis":"y","origin":[14,20,12]},"faces":{"north":{"uv":[4,6,5,7],"texture":"#0"},"east":{"uv":[4,6,5,7],"texture":"#0"},"south":{"uv":[4,6,5,7],"texture":"#0"},"west":{"uv":[4,6,5,7],"texture":"#0"},"up":{"uv":[4,6,5,7],"texture":"#0"},"down":{"uv":[4,6,5,7],"texture":"#0"}}},{"from":[4,13,3],"to":[5,16,4],"rotation":{"angle":0,"axis":"y","origin":[13,20,11]},"faces":{"north":{"uv":[4,6,5,7],"texture":"#0"},"east":{"uv":[4,6,5,7],"texture":"#0"},"south":{"uv":[4,6,5,7],"texture":"#0"},"west":{"uv":[4,6,5,7],"texture":"#0"},"up":{"uv":[4,6,5,7],"texture":"#0"},"down":{"uv":[4,6,5,7],"texture":"#0"}}},{"from":[3,15,3],"to":[4,16,4],"rotation":{"angle":0,"axis":"y","origin":[12,21,11]},"faces":{"north":{"uv":[4,6,5,7],"texture":"#0"},"east":{"uv":[4,6,5,7],"texture":"#0"},"south":{"uv":[4,6,5,7],"texture":"#0"},"west":{"uv":[4,6,5,7],"texture":"#0"},"up":{"uv":[4,6,5,7],"texture":"#0"},"down":{"uv":[4,6,5,7],"texture":"#0"}}},{"from":[5,17,4],"to":[6,18,5],"rotation":{"angle":0,"axis":"y","origin":[14,22,12]},"faces":{"north":{"uv":[4,6,5,7],"texture":"#0"},"east":{"uv":[4,6,5,7],"texture":"#0"},"south":{"uv":[4,6,5,7],"texture":"#0"},"west":{"uv":[4,6,5,7],"texture":"#0"},"up":{"uv":[4,6,5,7],"texture":"#0"},"down":{"uv":[4,6,5,7],"texture":"#0"}}},{"from":[7,19,5],"to":[8,20,6],"rotation":{"angle":0,"axis":"y","origin":[16,24,13]},"faces":{"north":{"uv":[4,6,5,7],"texture":"#0"},"east":{"uv":[4,6,5,7],"texture":"#0"},"south":{"uv":[4,6,5,7],"texture":"#0"},"west":{"uv":[4,6,5,7],"texture":"#0"},"up":{"uv":[4,6,5,7],"texture":"#0"},"down":{"uv":[4,6,5,7],"texture":"#0"}}},{"from":[4,20,3],"to":[5,21,4],"rotation":{"angle":0,"axis":"y","origin":[13,25,11]},"faces":{"north":{"uv":[4,6,5,7],"texture":"#0"},"east":{"uv":[4,6,5,7],"texture":"#0"},"south":{"uv":[4,6,5,7],"texture":"#0"},"west":{"uv":[4,6,5,7],"texture":"#0"},"up":{"uv":[4,6,5,7],"texture":"#0"},"down":{"uv":[4,6,5,7],"texture":"#0"}}},{"from":[13,5,4],"to":[14,6,5],"rotation":{"angle":0,"axis":"y","origin":[21,13,12]},"faces":{"north":{"uv":[7,6,8,7],"texture":"#0"},"east":{"uv":[7,6,8,7],"texture":"#0"},"south":{"uv":[7,6,8,7],"texture":"#0"},"west":{"uv":[7,6,8,7],"texture":"#0"},"up":{"uv":[7,6,8,7],"texture":"#0"},"down":{"uv":[7,6,8,7],"texture":"#0"}}},{"from":[10,8,6],"to":[12,9,7],"rotation":{"angle":0,"axis":"y","origin":[19,16,14]},"faces":{"north":{"uv":[7,6,8,7],"texture":"#0"},"east":{"uv":[7,6,8,7],"texture":"#0"},"south":{"uv":[7,6,8,7],"texture":"#0"},"west":{"uv":[7,6,8,7],"texture":"#0"},"up":{"uv":[7,6,8,7],"texture":"#0"},"down":{"uv":[7,6,8,7],"texture":"#0"}}},{"from":[6,10,6],"to":[7,11,7],"rotation":{"angle":0,"axis":"y","origin":[15,18,14]},"faces":{"north":{"uv":[7,6,8,7],"texture":"#0"},"east":{"uv":[7,6,8,7],"texture":"#0"},"south":{"uv":[7,6,8,7],"texture":"#0"},"west":{"uv":[7,6,8,7],"texture":"#0"},"up":{"uv":[7,6,8,7],"texture":"#0"},"down":{"uv":[7,6,8,7],"texture":"#0"}}},{"from":[5,11,5],"to":[6,12,6],"rotation":{"angle":0,"axis":"y","origin":[14,19,13]},"faces":{"north":{"uv":[7,6,8,7],"texture":"#0"},"east":{"uv":[7,6,8,7],"texture":"#0"},"south":{"uv":[7,6,8,7],"texture":"#0"},"west":{"uv":[7,6,8,7],"texture":"#0"},"up":{"uv":[7,6,8,7],"texture":"#0"},"down":{"uv":[7,6,8,7],"texture":"#0"}}},{"from":[4,13,4],"to":[5,14,5],"rotation":{"angle":0,"axis":"y","origin":[13,20,12]},"faces":{"north":{"uv":[7,6,8,7],"texture":"#0"},"east":{"uv":[7,6,8,7],"texture":"#0"},"south":{"uv":[7,6,8,7],"texture":"#0"},"west":{"uv":[7,6,8,7],"texture":"#0"},"up":{"uv":[7,6,8,7],"texture":"#0"},"down":{"uv":[7,6,8,7],"texture":"#0"}}},{"from":[3,14,3],"to":[4,16,4],"rotation":{"angle":0,"axis":"y","origin":[12,20,11]},"faces":{"north":{"uv":[7,6,8,7],"texture":"#0"},"east":{"uv":[7,6,8,7],"texture":"#0"},"south":{"uv":[7,6,8,7],"texture":"#0"},"west":{"uv":[7,6,8,7],"texture":"#0"},"up":{"uv":[7,6,8,7],"texture":"#0"},"down":{"uv":[7,6,8,7],"texture":"#0"}}},{"from":[2,14,3],"to":[3,15,4],"rotation":{"angle":0,"axis":"y","origin":[11,20,11]},"faces":{"north":{"uv":[7,6,8,7],"texture":"#0"},"east":{"uv":[7,6,8,7],"texture":"#0"},"south":{"uv":[7,6,8,7],"texture":"#0"},"west":{"uv":[7,6,8,7],"texture":"#0"},"up":{"uv":[7,6,8,7],"texture":"#0"},"down":{"uv":[7,6,8,7],"texture":"#0"}}},{"from":[5,16,4],"to":[6,17,5],"rotation":{"angle":0,"axis":"y","origin":[14,21,12]},"faces":{"north":{"uv":[7,6,8,7],"texture":"#0"},"east":{"uv":[7,6,8,7],"texture":"#0"},"south":{"uv":[7,6,8,7],"texture":"#0"},"west":{"uv":[7,6,8,7],"texture":"#0"},"up":{"uv":[7,6,8,7],"texture":"#0"},"down":{"uv":[7,6,8,7],"texture":"#0"}}},{"from":[8,19,5],"to":[9,20,6],"rotation":{"angle":0,"axis":"y","origin":[17,24,13]},"faces":{"north":{"uv":[7,6,8,7],"texture":"#0"},"east":{"uv":[7,6,8,7],"texture":"#0"},"south":{"uv":[7,6,8,7],"texture":"#0"},"west":{"uv":[7,6,8,7],"texture":"#0"},"up":{"uv":[7,6,8,7],"texture":"#0"},"down":{"uv":[7,6,8,7],"texture":"#0"}}},{"from":[4,21,3],"to":[5,22,4],"rotation":{"angle":0,"axis":"y","origin":[13,26,11]},"faces":{"north":{"uv":[7,6,8,7],"texture":"#0"},"east":{"uv":[7,6,8,7],"texture":"#0"},"south":{"uv":[7,6,8,7],"texture":"#0"},"west":{"uv":[7,6,8,7],"texture":"#0"},"up":{"uv":[7,6,8,7],"texture":"#0"},"down":{"uv":[7,6,8,7],"texture":"#0"}}}],"display":{"thirdperson_righthand":{"rotation":[86,11,0],"translation":[-0.75,-1.25,2],"scale":[0.7,0.7,0.7]},"thirdperson_lefthand":{"rotation":[86,11,0],"translation":[0.5,0.5,2],"scale":[0.7,0.7,0.7]},"firstperson_righthand":{"rotation":[20,116,6],"translation":[7.25,-4.25,-7]},"firstperson_lefthand":{"rotation":[-16,128,-3],"translation":[8,-3,-7]},"gui":{"rotation":[-6,-38,-30],"translation":[-2,-2.75,0],"scale":[0.7,0.7,0.7]},"head":{"translation":[-2,-33.25,2],"scale":[3,3,3]},"fixed":{"translation":[0,-5.5,0]}},"groups":[{"name":"1","origin":[8,8,8],"children":[{"name":"green 1","origin":[19,22,21],"children":[0,1,2,3,4,5,6,7,8,9,10,11,12]},{"name":"green 2","origin":[19,22,21],"children":[13,14,15,16,17,18,19,20,21,22,23,24]},{"name":"green 3","origin":[19,22,21],"children":[25,26,27,28,29,30,31,32,33,34]},{"name":"red 1","origin":[8,8,8],"children":[35,36,37,38,39,40,41,42,43,44,45,46,47,48,49]},{"name":"red 2","origin":[8,8,8],"children":[50,51,52,53,54,55,56,57,58,59,60,61,62,63,64]},{"name":"red 3","origin":[8,8,8],"children":[65,66,67,68,69,70,71,72,73,74]}]},{"name":"2","origin":[8,8,8],"children":[{"name":"green 1","origin":[8,8,8],"children":[75,76,77,78,79,80,81,82,83,84,85,86,87,88]},{"name":"green 2","origin":[8,8,8],"children":[89,90,91,92,93,94,95,96,97,98,99,100,101]},{"name":"green 3","origin":[8,8,8],"children":[102,103,104,105,106,107,108,109]},{"name":"red 1","origin":[8,8,8],"children":[110,111,112,113,114,115,116,117,118,119,120,121]},{"name":"red 2","origin":[8,8,8],"children":[122,123,124,125,126,127,128,129,130,131,132,133]},{"name":"red 3","origin":[8,8,8],"children":[134,135,136,137,138,139,140,141]}]},{"name":"3","origin":[8,8,8],"children":[{"name":"green 1","origin":[8,8,8],"children":[142,143,144,145,146,147,148,149,150,151,152,153,154,155,156,157]},{"name":"green 2","origin":[8,8,8],"children":[158,159,160,161,162,163,164,165,166,167,168,169,170,171,172]},{"name":"green 3","origin":[8,8,8],"children":[173,174,175,176,177,178,179,180,181,182,183]},{"name":"red 1","origin":[8,8,8],"children":[184,185,186,187,188,189,190,191,192,193,194,195]},{"name":"red 2","origin":[8,8,8],"children":[196,197,198,199,200,201,202,203,204,205,206]},{"name":"red 3","origin":[8,8,8],"children":[207,208,209,210,211,212,213,214,215,216]}]}]}