{"credit":"Made with Blockbench","texture_size":[64,64],"textures":{"1":"hmcmodels:furniture/dungeon_decorations/dungeon_crate"},"elements":[{"from":[-0.5,7,0],"to":[16.5,9,16],"rotation":{"angle":0,"axis":"y","origin":[0,-2,0]},"faces":{"north":{"uv":[0,9.5,4.25,10],"texture":"#1"},"east":{"uv":[0,10,4,10.5],"texture":"#1"},"south":{"uv":[7.75,9.5,12,10],"texture":"#1"},"west":{"uv":[4,10,8,10.5],"texture":"#1"},"up":{"uv":[4.25,4,0,0],"texture":"#1"},"down":{"uv":[4.25,4,0,8],"texture":"#1"}}},{"from":[6.498,5.498,-1.002],"to":[9.502,9.502,1.002],"rotation":{"angle":0,"axis":"y","origin":[0,-2,0]},"faces":{"north":{"uv":[3.5,8,4.25,9],"texture":"#1"},"east":{"uv":[11.25,8,11.75,9],"texture":"#1"},"south":{"uv":[11.25,4,12,5],"texture":"#1"},"west":{"uv":[7,11.5,7.5,12.5],"texture":"#1"},"up":{"uv":[4.25,9.5,3.5,9],"texture":"#1"},"down":{"uv":[12,5,11.25,5.5],"texture":"#1"}}},{"from":[0.998,8.998,0.998],"to":[15.002,12.002,15.002],"rotation":{"angle":0,"axis":"y","origin":[0,-1.996,0]},"faces":{"north":{"uv":[0,8,3.5,8.75],"texture":"#1"},"east":{"uv":[7.75,8,11.25,8.75],"texture":"#1"},"south":{"uv":[0,8.75,3.5,9.5],"texture":"#1"},"west":{"uv":[7.75,8.75,11.25,9.5],"texture":"#1"},"up":{"uv":[7.75,3.5,4.25,0],"texture":"#1"},"down":{"uv":[7.75,3.5,4.25,7],"texture":"#1"}}},{"from":[2,1,1],"to":[14,3,3],"faces":{"north":{"uv":[8,10,11,10.5],"texture":"#1"},"east":{"uv":[8,11.5,8.5,12],"texture":"#1"},"south":{"uv":[0,10.5,3,11],"texture":"#1"},"west":{"uv":[8.5,11.5,9,12],"texture":"#1"},"up":{"uv":[6,11,3,10.5],"texture":"#1"},"down":{"uv":[9,10.5,6,11],"texture":"#1"}}},{"from":[0,1,3],"to":[2,3,13],"rotation":{"angle":0,"axis":"y","origin":[-7,1,0]},"faces":{"north":{"uv":[11.75,1,12.25,1.5],"texture":"#1"},"east":{"uv":[10.75,7.5,13.25,8],"texture":"#1"},"south":{"uv":[11.75,1.5,12.25,2],"texture":"#1"},"west":{"uv":[10.75,7,13.25,7.5],"texture":"#1"},"up":{"uv":[2.5,11.5,0,11],"rotation":270,"texture":"#1"},"down":{"uv":[5,11,2.5,11.5],"rotation":90,"texture":"#1"}}},{"from":[14,1,3],"to":[16,3,13],"rotation":{"angle":0,"axis":"y","origin":[12,1,-7]},"faces":{"north":{"uv":[11.75,2.5,12.25,3],"texture":"#1"},"east":{"uv":[5,11,7.5,11.5],"texture":"#1"},"south":{"uv":[11.75,2,12.25,2.5],"texture":"#1"},"west":{"uv":[7.5,11,10,11.5],"texture":"#1"},"up":{"uv":[12.5,11.5,10,11],"rotation":90,"texture":"#1"},"down":{"uv":[13.5,10,11,10.5],"rotation":270,"texture":"#1"}}},{"from":[0,0,1],"to":[2,8,3],"faces":{"north":{"uv":[11.25,0,11.75,2],"texture":"#1"},"east":{"uv":[11.25,2,11.75,4],"texture":"#1"},"south":{"uv":[0,11.5,0.5,13.5],"texture":"#1"},"west":{"uv":[0.5,11.5,1,13.5],"texture":"#1"},"up":{"uv":[11.75,9.5,11.25,9],"texture":"#1"},"down":{"uv":[8,11.5,7.5,12],"texture":"#1"}}},{"from":[14,0,1],"to":[16,8,3],"faces":{"north":{"uv":[1,11.5,1.5,13.5],"texture":"#1"},"east":{"uv":[1.5,11.5,2,13.5],"texture":"#1"},"south":{"uv":[2,11.5,2.5,13.5],"texture":"#1"},"west":{"uv":[2.5,11.5,3,13.5],"texture":"#1"},"up":{"uv":[9.5,12,9,11.5],"texture":"#1"},"down":{"uv":[10,11.5,9.5,12],"texture":"#1"}}},{"from":[14,0,13],"to":[16,8,15],"faces":{"north":{"uv":[5,11.5,5.5,13.5],"texture":"#1"},"east":{"uv":[5.5,11.5,6,13.5],"texture":"#1"},"south":{"uv":[6,11.5,6.5,13.5],"texture":"#1"},"west":{"uv":[6.5,11.5,7,13.5],"texture":"#1"},"up":{"uv":[12.25,0.5,11.75,0],"texture":"#1"},"down":{"uv":[12.25,0.5,11.75,1],"texture":"#1"}}},{"from":[0,0,13],"to":[2,8,15],"faces":{"north":{"uv":[3,11.5,3.5,13.5],"texture":"#1"},"east":{"uv":[3.5,11.5,4,13.5],"texture":"#1"},"south":{"uv":[4,11.5,4.5,13.5],"texture":"#1"},"west":{"uv":[4.5,11.5,5,13.5],"texture":"#1"},"up":{"uv":[11.5,12,11,11.5],"texture":"#1"},"down":{"uv":[12,11.5,11.5,12],"texture":"#1"}}},{"from":[2,1,13],"to":[14,3,15],"faces":{"north":{"uv":[9,10.5,12,11],"texture":"#1"},"east":{"uv":[10,11.5,10.5,12],"texture":"#1"},"south":{"uv":[10.75,5.5,13.75,6],"texture":"#1"},"west":{"uv":[10.5,11.5,11,12],"texture":"#1"},"up":{"uv":[13.75,6.5,10.75,6],"texture":"#1"},"down":{"uv":[13.75,6.5,10.75,7],"texture":"#1"}}},{"from":[1,2,2],"to":[15,7,14],"faces":{"north":{"uv":[7.75,3,11.25,4.25],"texture":"#1"},"east":{"uv":[7.75,5.5,10.75,6.75],"texture":"#1"},"south":{"uv":[7.75,4.25,11.25,5.5],"texture":"#1"},"west":{"uv":[7.75,6.75,10.75,8],"texture":"#1"},"up":{"uv":[7.75,10,4.25,7],"texture":"#1"},"down":{"uv":[11.25,0,7.75,3],"texture":"#1"}}}],"display":{"thirdperson_righthand":{"rotation":[75,45,0],"translation":[0,2.5,0],"scale":[0.375,0.375,0.375]},"thirdperson_lefthand":{"rotation":[75,45,0],"translation":[0,2.5,0],"scale":[0.375,0.375,0.375]},"firstperson_righthand":{"rotation":[0,45,0],"scale":[0.4,0.4,0.4]},"firstperson_lefthand":{"rotation":[0,225,0],"scale":[0.4,0.4,0.4]},"ground":{"translation":[0,3,0],"scale":[0.25,0.25,0.25]},"gui":{"rotation":[30,225,0],"scale":[0.625,0.625,0.625]},"fixed":{"rotation":[-90,0,0],"translation":[0,0,-16],"scale":[2,2,2]}},"groups":[{"name":"crate","origin":[0,0,0],"color":0,"nbt":"{}","armAnimationEnabled":false,"children":[{"name":"top","origin":[0,7,6],"color":0,"nbt":"{}","armAnimationEnabled":false,"children":[0,1,2]},3,4,5,6,7,8,9,10,11]}]}