{"credit":"Made with Blockbench","texture_size":[64,64],"textures":{"1":"hmcmodels:furniture/dungeon_decorations/dungeon_cage","particle":"dungeon_decorations/dungeon_cage"},"elements":[{"from":[0,-3,0],"to":[16,-1,16],"faces":{"north":{"uv":[8,8,12,8.5],"texture":"#1"},"east":{"uv":[8,8.5,12,9],"texture":"#1"},"south":{"uv":[8,9,12,9.5],"texture":"#1"},"west":{"uv":[8,9.5,12,10],"texture":"#1"},"up":{"uv":[4,11.25,0,7.25],"texture":"#1"},"down":{"uv":[4,7.25,0,11.25],"texture":"#1"}}},{"from":[0,28,0],"to":[16,29,16],"faces":{"north":{"uv":[8,10,12,10.25],"texture":"#1"},"east":{"uv":[8,10.25,12,10.5],"texture":"#1"},"south":{"uv":[8,10.5,12,10.75],"texture":"#1"},"west":{"uv":[8,10.75,12,11],"texture":"#1"},"up":{"uv":[12,4,8,0],"texture":"#1"},"down":{"uv":[12,4,8,8],"texture":"#1"}}},{"from":[8,29,6],"to":[8,32,10],"rotation":{"angle":45,"axis":"y","origin":[8,30.5,8]},"faces":{"north":{"uv":[0,0,0,0.75],"texture":"#1"},"east":{"uv":[8,11,9,11.75],"texture":"#1"},"south":{"uv":[0,0,0,0.75],"texture":"#1"},"west":{"uv":[9,11,10,11.75],"texture":"#1"},"up":{"uv":[0,1,0,0],"texture":"#1"},"down":{"uv":[0,0,0,1],"texture":"#1"}}},{"from":[8,29,6],"to":[8,32,10],"rotation":{"angle":-45,"axis":"y","origin":[8,30.5,8]},"faces":{"north":{"uv":[0,0,0,0.75],"texture":"#1"},"east":{"uv":[9,11,10,11.75],"texture":"#1"},"south":{"uv":[0,0,0,0.75],"texture":"#1"},"west":{"uv":[8,11,9,11.75],"texture":"#1"},"up":{"uv":[0,1,0,0],"rotation":180,"texture":"#1"},"down":{"uv":[0,0,0,1],"rotation":180,"texture":"#1"}}},{"from":[0,-1,0],"to":[16,28,0],"faces":{"north":{"uv":[0,0,4,7.25],"texture":"#1"},"east":{"uv":[0,0,0,7.25],"texture":"#1"},"south":{"uv":[0,0,4,7.25],"texture":"#1"},"west":{"uv":[0,0,0,7.25],"texture":"#1"},"up":{"uv":[4,0,0,0],"texture":"#1"},"down":{"uv":[4,0,0,0],"texture":"#1"}}},{"from":[0,-1,16],"to":[16,28,16],"faces":{"north":{"uv":[0,0,4,7.25],"texture":"#1"},"east":{"uv":[0,0,0,7.25],"texture":"#1"},"south":{"uv":[0,0,4,7.25],"texture":"#1"},"west":{"uv":[0,0,0,7.25],"texture":"#1"},"up":{"uv":[4,0,0,0],"texture":"#1"},"down":{"uv":[4,0,0,0],"texture":"#1"}}},{"from":[0,-1,0],"to":[0,28,16],"rotation":{"angle":0,"axis":"y","origin":[8,13.5,8]},"faces":{"north":{"uv":[0,0,0,7.25],"texture":"#1"},"east":{"uv":[0,0,4,7.25],"texture":"#1"},"south":{"uv":[0,0,0,7.25],"texture":"#1"},"west":{"uv":[0,0,4,7.25],"texture":"#1"},"up":{"uv":[4,0,0,0],"rotation":90,"texture":"#1"},"down":{"uv":[4,0,0,0],"rotation":270,"texture":"#1"}}},{"from":[16,-1,0],"to":[16,28,16],"rotation":{"angle":0,"axis":"y","origin":[8,13.5,8]},"faces":{"north":{"uv":[0,0,0,7.25],"texture":"#1"},"east":{"uv":[0,0,4,7.25],"texture":"#1"},"south":{"uv":[0,0,0,7.25],"texture":"#1"},"west":{"uv":[0,0,4,7.25],"texture":"#1"},"up":{"uv":[4,0,0,0],"rotation":90,"texture":"#1"},"down":{"uv":[4,0,0,0],"rotation":270,"texture":"#1"}}}],"display":{"thirdperson_righthand":{"rotation":[75,45,0],"translation":[0,2.5,0],"scale":[0.375,0.375,0.375]},"thirdperson_lefthand":{"rotation":[75,45,0],"translation":[0,2.5,0],"scale":[0.375,0.375,0.375]},"firstperson_righthand":{"rotation":[0,45,0],"scale":[0.4,0.4,0.4]},"firstperson_lefthand":{"rotation":[0,225,0],"scale":[0.4,0.4,0.4]},"ground":{"translation":[0,3,0],"scale":[0.25,0.25,0.25]},"gui":{"rotation":[30,225,0],"translation":[0,-1.25,0],"scale":[0.3,0.3,0.3]},"fixed":{"rotation":[-90,0,0],"translation":[0,0,-22],"scale":[2,2,2]}}}