{"credit":"Made with Blockbench","texture_size":[64,64],"textures":{"2":"hmcmodels:furniture/dungeon_decorations/dungeon_triangle_banner","particle":"dungeon_decorations/dungeon_triangle_banner"},"elements":[{"from":[-2.5,30,0],"to":[-0.5,32,2],"faces":{"north":{"uv":[5.25,8.25,5.75,8.75],"texture":"#2"},"east":{"uv":[5.75,8.25,6.25,8.75],"texture":"#2"},"south":{"uv":[6.25,8.25,6.75,8.75],"texture":"#2"},"west":{"uv":[6.75,8.25,7.25,8.75],"texture":"#2"},"up":{"uv":[7.75,8.75,7.25,8.25],"texture":"#2"},"down":{"uv":[8.25,8.25,7.75,8.75],"texture":"#2"}}},{"from":[16.5,30,0],"to":[18.5,32,2],"rotation":{"angle":0,"axis":"y","origin":[16,0,0]},"faces":{"north":{"uv":[3.75,8.75,4.25,9.25],"texture":"#2"},"east":{"uv":[4.25,8.75,4.75,9.25],"texture":"#2"},"south":{"uv":[4.75,8.75,5.25,9.25],"texture":"#2"},"west":{"uv":[5.25,8.75,5.75,9.25],"texture":"#2"},"up":{"uv":[6.25,9.25,5.75,8.75],"texture":"#2"},"down":{"uv":[6.75,8.75,6.25,9.25],"texture":"#2"}}},{"from":[0.5,-0.7,0.2],"to":[15.5,29.3,0.2],"rotation":{"angle":0,"axis":"y","origin":[0,0.6,0]},"faces":{"north":{"uv":[0,0,3.75,7.5],"texture":"#2"},"east":{"uv":[0,0,0,7.5],"texture":"#2"},"south":{"uv":[3.75,0,7.5,7.5],"texture":"#2"},"west":{"uv":[0,0,0,7.5],"texture":"#2"},"up":{"uv":[3.75,0,0,0],"texture":"#2"},"down":{"uv":[3.75,0,0,0],"texture":"#2"}}},{"from":[0.5,29.3,0.2],"to":[2.5,31.7,0.2],"faces":{"north":{"uv":[8,7.75,8.5,8.25],"texture":"#2"},"east":{"uv":[0,0,0,0.5],"texture":"#2"},"south":{"uv":[3.75,8.25,4.25,8.75],"texture":"#2"},"west":{"uv":[0,0,0,0.5],"texture":"#2"},"up":{"uv":[0.5,0,0,0],"texture":"#2"},"down":{"uv":[0.5,0,0,0],"texture":"#2"}}},{"from":[0.5,31.7,0.2],"to":[2.5,31.7,1.7],"faces":{"north":{"uv":[0,0,0.5,0],"texture":"#2"},"east":{"uv":[0,0,0.25,0],"texture":"#2"},"south":{"uv":[0,0,0.5,0],"texture":"#2"},"west":{"uv":[0,0,0.25,0],"texture":"#2"},"up":{"uv":[8.25,9,7.75,8.75],"texture":"#2"},"down":{"uv":[8.75,8.75,8.25,9],"texture":"#2"}}},{"from":[0.5,30.3,1.7],"to":[2.5,31.7,1.7],"faces":{"north":{"uv":[8.75,8.25,9.25,8.5],"texture":"#2"},"east":{"uv":[0,0,0,0.25],"texture":"#2"},"south":{"uv":[8.75,8.5,9.25,8.75],"texture":"#2"},"west":{"uv":[0,0,0,0.25],"texture":"#2"},"up":{"uv":[0.5,0,0,0],"texture":"#2"},"down":{"uv":[0.5,0,0,0],"texture":"#2"}}},{"from":[0.5,30.3,0.2],"to":[2.5,30.3,1.7],"faces":{"north":{"uv":[0,0,0.5,0],"texture":"#2"},"east":{"uv":[0,0,0.25,0],"texture":"#2"},"south":{"uv":[0,0,0.5,0],"texture":"#2"},"west":{"uv":[0,0,0.25,0],"texture":"#2"},"up":{"uv":[9.25,9,8.75,8.75],"texture":"#2"},"down":{"uv":[8.25,9,7.75,9.25],"texture":"#2"}}},{"from":[13.5,30.3,0.2],"to":[15.5,30.3,1.7],"faces":{"north":{"uv":[0,0,0.5,0],"texture":"#2"},"east":{"uv":[0,0,0.25,0],"texture":"#2"},"south":{"uv":[0,0,0.5,0],"texture":"#2"},"west":{"uv":[0,0,0.25,0],"texture":"#2"},"up":{"uv":[9.5,8,9,7.75],"texture":"#2"},"down":{"uv":[9.5,8,9,8.25],"texture":"#2"}}},{"from":[13.5,31.7,0.2],"to":[15.5,31.7,1.7],"faces":{"north":{"uv":[0,0,0.5,0],"texture":"#2"},"east":{"uv":[0,0,0.25,0],"texture":"#2"},"south":{"uv":[0,0,0.5,0],"texture":"#2"},"west":{"uv":[0,0,0.25,0],"texture":"#2"},"up":{"uv":[8.75,9.25,8.25,9],"texture":"#2"},"down":{"uv":[9.25,9,8.75,9.25],"texture":"#2"}}},{"from":[13.5,29.3,0.2],"to":[15.5,31.7,0.2],"faces":{"north":{"uv":[4.25,8.25,4.75,8.75],"texture":"#2"},"east":{"uv":[0,0,0,0.5],"texture":"#2"},"south":{"uv":[4.75,8.25,5.25,8.75],"texture":"#2"},"west":{"uv":[0,0,0,0.5],"texture":"#2"},"up":{"uv":[0.5,0,0,0],"texture":"#2"},"down":{"uv":[0.5,0,0,0],"texture":"#2"}}},{"from":[13.5,30.3,1.7],"to":[15.5,31.7,1.7],"faces":{"north":{"uv":[3.75,9.25,4.25,9.5],"texture":"#2"},"east":{"uv":[0,0,0,0.25],"texture":"#2"},"south":{"uv":[4.25,9.25,4.75,9.5],"texture":"#2"},"west":{"uv":[0,0,0,0.25],"texture":"#2"},"up":{"uv":[0.5,0,0,0],"texture":"#2"},"down":{"uv":[0.5,0,0,0],"texture":"#2"}}},{"from":[-0.5,30.5,0.5],"to":[16.5,31.5,1.5],"faces":{"north":{"uv":[3.75,7.5,8,7.75],"texture":"#2"},"east":{"uv":[9.25,9,9.5,9.25],"texture":"#2"},"south":{"uv":[3.75,7.75,8,8],"texture":"#2"},"west":{"uv":[9.25,9.25,9.5,9.5],"texture":"#2"},"up":{"uv":[8,8.25,3.75,8],"texture":"#2"},"down":{"uv":[12.25,7.5,8,7.75],"texture":"#2"}}},{"from":[0.5,-0.7,0.2],"to":[15.5,29.3,0.2],"rotation":{"angle":0,"axis":"y","origin":[0,0.6,0]},"faces":{"north":{"uv":[0,7.5,3.75,15],"texture":"#2","tintindex":0},"east":{"uv":[0,0,0,7.5],"texture":"#2"},"south":{"uv":[7.5,0,11.25,7.5],"texture":"#2","tintindex":0},"west":{"uv":[0,0,0,7.5],"texture":"#2"},"up":{"uv":[3.75,0,0,0],"texture":"#2","tintindex":0},"down":{"uv":[3.75,0,0,0],"texture":"#2","tintindex":0}}},{"from":[0.5,29.3,0.2],"to":[2.5,31.7,0.2],"faces":{"north":{"uv":[8.25,8.25,8.75,8.75],"texture":"#2","tintindex":0},"east":{"uv":[0,0,0,0.5],"texture":"#2"},"south":{"uv":[8.5,7.75,9,8.25],"texture":"#2","tintindex":0},"west":{"uv":[0,0,0,0.5],"texture":"#2"},"up":{"uv":[0.5,0,0,0],"texture":"#2","tintindex":0},"down":{"uv":[0.5,0,0,0],"texture":"#2","tintindex":0}}},{"from":[13.5,29.3,0.2],"to":[15.5,31.7,0.2],"faces":{"north":{"uv":[6.75,8.75,7.25,9.25],"texture":"#2","tintindex":0},"east":{"uv":[0,0,0,0.5],"texture":"#2"},"south":{"uv":[7.25,8.75,7.75,9.25],"texture":"#2","tintindex":0},"west":{"uv":[0,0,0,0.5],"texture":"#2"},"up":{"uv":[0.5,0,0,0],"texture":"#2","tintindex":0},"down":{"uv":[0.5,0,0,0],"texture":"#2","tintindex":0}}},{"from":[13.5,31.7,0.2],"to":[15.5,31.7,1.7],"faces":{"north":{"uv":[0,0,0.5,0],"texture":"#2","tintindex":0},"east":{"uv":[0,0,0.25,0],"texture":"#2"},"south":{"uv":[0,0,0.5,0],"texture":"#2","tintindex":0},"west":{"uv":[0,0,0.25,0],"texture":"#2"},"up":{"uv":[9.75,8.5,9.25,8.25],"texture":"#2","tintindex":0},"down":{"uv":[9.75,8.5,9.25,8.75],"texture":"#2","tintindex":0}}},{"from":[0.5,31.7,0.2],"to":[2.5,31.7,1.7],"faces":{"north":{"uv":[0,0,0.5,0],"texture":"#2","tintindex":0},"east":{"uv":[0,0,0.25,0],"texture":"#2"},"south":{"uv":[0,0,0.5,0],"texture":"#2","tintindex":0},"west":{"uv":[0,0,0.25,0],"texture":"#2"},"up":{"uv":[5.25,9.5,4.75,9.25],"texture":"#2","tintindex":0},"down":{"uv":[5.75,9.25,5.25,9.5],"texture":"#2","tintindex":0}}},{"from":[0.5,30.3,1.7],"to":[2.5,31.7,1.7],"faces":{"north":{"uv":[5.75,9.25,6.25,9.5],"texture":"#2","tintindex":0},"east":{"uv":[0,0,0,0.25],"texture":"#2"},"south":{"uv":[6.25,9.25,6.75,9.5],"texture":"#2","tintindex":0},"west":{"uv":[0,0,0,0.25],"texture":"#2"},"up":{"uv":[0.5,0,0,0],"texture":"#2","tintindex":0},"down":{"uv":[0.5,0,0,0],"texture":"#2","tintindex":0}}},{"from":[13.5,30.3,1.7],"to":[15.5,31.7,1.7],"faces":{"north":{"uv":[8.75,9.25,9.25,9.5],"texture":"#2","tintindex":0},"east":{"uv":[0,0,0,0.25],"texture":"#2"},"south":{"uv":[9.25,8.75,9.75,9],"texture":"#2","tintindex":0},"west":{"uv":[0,0,0,0.25],"texture":"#2"},"up":{"uv":[0.5,0,0,0],"texture":"#2","tintindex":0},"down":{"uv":[0.5,0,0,0],"texture":"#2","tintindex":0}}},{"from":[13.5,30.3,0.2],"to":[15.5,30.3,1.7],"faces":{"north":{"uv":[0,0,0.5,0],"texture":"#2","tintindex":0},"east":{"uv":[0,0,0.25,0],"texture":"#2"},"south":{"uv":[0,0,0.5,0],"texture":"#2","tintindex":0},"west":{"uv":[0,0,0.25,0],"texture":"#2"},"up":{"uv":[8.25,9.5,7.75,9.25],"texture":"#2","tintindex":0},"down":{"uv":[8.75,9.25,8.25,9.5],"texture":"#2","tintindex":0}}},{"from":[0.5,30.3,0.2],"to":[2.5,30.3,1.7],"faces":{"north":{"uv":[0,0,0.5,0],"texture":"#2","tintindex":0},"east":{"uv":[0,0,0.25,0],"texture":"#2"},"south":{"uv":[0,0,0.5,0],"texture":"#2","tintindex":0},"west":{"uv":[0,0,0.25,0],"texture":"#2"},"up":{"uv":[7.25,9.5,6.75,9.25],"texture":"#2","tintindex":0},"down":{"uv":[7.75,9.25,7.25,9.5],"texture":"#2","tintindex":0}}}],"display":{"thirdperson_righthand":{"rotation":[75,45,0],"translation":[0,2.5,0],"scale":[0.375,0.375,0.375]},"thirdperson_lefthand":{"rotation":[75,45,0],"translation":[0,2.5,0],"scale":[0.375,0.375,0.375]},"firstperson_righthand":{"rotation":[0,45,0],"scale":[0.4,0.4,0.4]},"firstperson_lefthand":{"rotation":[0,225,0],"scale":[0.4,0.4,0.4]},"ground":{"translation":[0,3,0],"scale":[0.25,0.25,0.25]},"gui":{"rotation":[30,225,0],"translation":[-1.75,-2,0],"scale":[0.4,0.4,0.4]},"fixed":{"translation":[0,-32,13],"scale":[2,2,2]}},"groups":[0,1,2,3,4,5,6,7,8,9,10,11,{"name":"tint","origin":[0,0,0],"color":0,"nbt":"{}","armAnimationEnabled":false,"children":[12,13,14,15,16,17,18,19,20]}]}