{"credit":"Made with Blockbench","texture_size":[32,32],"textures":{"2":"hmcmodels:furniture/dungeon_decorations/metal_bars_stacked_copper"},"elements":[{"from":[6.5,0,2],"to":[9.5,2,13],"rotation":{"angle":0,"axis":"y","origin":[23.5,6,7.5]},"faces":{"north":{"uv":[7.5,12,9,13],"texture":"#2"},"east":{"uv":[9,10,14.5,11],"texture":"#2"},"south":{"uv":[9,12,10.5,13],"texture":"#2"},"west":{"uv":[0,11,5.5,12],"texture":"#2"},"up":{"uv":[9,5.5,7.5,0],"texture":"#2"},"down":{"uv":[9,5.5,7.5,11],"texture":"#2"}}}],"display":{"thirdperson_righthand":{"rotation":[75,45,0],"translation":[0,2.5,0],"scale":[0.375,0.375,0.375]},"thirdperson_lefthand":{"rotation":[75,45,0],"translation":[0,2.5,0],"scale":[0.375,0.375,0.375]},"firstperson_righthand":{"rotation":[0,45,0],"scale":[0.4,0.4,0.4]},"firstperson_lefthand":{"rotation":[0,225,0],"scale":[0.4,0.4,0.4]},"ground":{"translation":[0,3,0],"scale":[0.25,0.25,0.25]},"gui":{"rotation":[30,225,0],"translation":[0,2.5,0],"scale":[0.7,0.7,0.7]},"fixed":{"rotation":[-90,0,0],"translation":[0,0,-16],"scale":[2,2,2]}}}