{"credit":"Made with Blockbench","texture_size":[64,64],"textures":{"1":"hmcmodels:furniture/dungeon_decorations/practice_target"},"elements":[{"from":[1,4,3],"to":[15,18,9],"rotation":{"angle":22.5,"axis":"x","origin":[8,8,3]},"faces":{"north":{"uv":[0,0,3.5,3.5],"texture":"#1"},"east":{"uv":[3.5,0,5,3.5],"texture":"#1"},"south":{"uv":[0,3.5,3.5,7],"texture":"#1"},"west":{"uv":[3.5,3.5,5,7],"texture":"#1"},"up":{"uv":[8.5,1.5,5,0],"texture":"#1"},"down":{"uv":[8.5,1.5,5,3],"texture":"#1"}}},{"from":[0,0,3],"to":[2,13,5],"rotation":{"angle":45,"axis":"x","origin":[1,5,1]},"faces":{"north":{"uv":[5,3,5.5,6.25],"texture":"#1"},"east":{"uv":[5.5,3,6,6.25],"texture":"#1"},"south":{"uv":[6,3,6.5,6.25],"texture":"#1"},"west":{"uv":[5,6.25,5.5,9.5],"texture":"#1"},"up":{"uv":[1.5,8.5,1,8],"texture":"#1"},"down":{"uv":[2,8,1.5,8.5],"texture":"#1"}}},{"from":[2,4,3],"to":[14,6,5],"rotation":{"angle":45,"axis":"x","origin":[1,5,1]},"faces":{"north":{"uv":[5.5,6.25,8.75,6.75],"texture":"#1"},"east":{"uv":[7.5,8.25,8,8.75],"texture":"#1"},"south":{"uv":[6.5,3,9.75,3.5],"texture":"#1"},"west":{"uv":[8,8.25,8.5,8.75],"texture":"#1"},"up":{"uv":[9.75,4,6.5,3.5],"texture":"#1"},"down":{"uv":[9.75,4,6.5,4.5],"texture":"#1"}}},{"from":[0,11,5],"to":[2,13,16],"rotation":{"angle":45,"axis":"x","origin":[1,5,1]},"faces":{"north":{"uv":[2,8,2.5,8.5],"texture":"#1"},"east":{"uv":[7,6.75,9.75,7.25],"texture":"#1"},"south":{"uv":[2.5,8,3,8.5],"texture":"#1"},"west":{"uv":[7,7.25,9.75,7.75],"texture":"#1"},"up":{"uv":[4,9.75,3.5,7],"texture":"#1"},"down":{"uv":[4.5,7,4,9.75],"texture":"#1"}}},{"from":[14,0,3],"to":[16,13,5],"rotation":{"angle":45,"axis":"x","origin":[15,5,1]},"faces":{"north":{"uv":[5.5,6.75,6,10],"texture":"#1"},"east":{"uv":[6,6.75,6.5,10],"texture":"#1"},"south":{"uv":[6.5,6.75,7,10],"texture":"#1"},"west":{"uv":[0,7,0.5,10.25],"texture":"#1"},"up":{"uv":[1.5,9,1,8.5],"texture":"#1"},"down":{"uv":[9,1,8.5,1.5],"texture":"#1"}}},{"from":[14,11,5],"to":[16,13,16],"rotation":{"angle":45,"axis":"x","origin":[15,5,1]},"faces":{"north":{"uv":[8.5,0,9,0.5],"texture":"#1"},"east":{"uv":[0.5,7.5,3.25,8],"texture":"#1"},"south":{"uv":[8.5,0.5,9,1],"texture":"#1"},"west":{"uv":[7,7.75,9.75,8.25],"texture":"#1"},"up":{"uv":[5,9.75,4.5,7],"texture":"#1"},"down":{"uv":[1,8,0.5,10.75],"texture":"#1"}}},{"from":[2,11,5],"to":[14,13,7],"rotation":{"angle":45,"axis":"x","origin":[1,5,1]},"faces":{"north":{"uv":[6.5,4.5,9.5,5],"texture":"#1"},"east":{"uv":[3,8,3.5,8.5],"texture":"#1"},"south":{"uv":[6.5,5,9.5,5.5],"texture":"#1"},"west":{"uv":[7,8.25,7.5,8.75],"texture":"#1"},"up":{"uv":[9.5,6,6.5,5.5],"texture":"#1"},"down":{"uv":[3.5,7,0.5,7.5],"texture":"#1"}}}],"display":{"thirdperson_righthand":{"rotation":[75,45,0],"translation":[0,2.5,0],"scale":[0.375,0.375,0.375]},"thirdperson_lefthand":{"rotation":[75,45,0],"translation":[0,2.5,0],"scale":[0.375,0.375,0.375]},"firstperson_righthand":{"rotation":[0,45,0],"scale":[0.4,0.4,0.4]},"firstperson_lefthand":{"rotation":[0,225,0],"scale":[0.4,0.4,0.4]},"ground":{"translation":[0,3,0],"scale":[0.25,0.25,0.25]},"gui":{"rotation":[30,225,0],"scale":[0.5,0.5,0.5]},"fixed":{"rotation":[-90,0,0],"translation":[0,0,-16],"scale":[2,2,2]}}}