{"credit":"Made with Blockbench","textures":{"0":"hmcmodels:furniture/dungeon_decorations/skeleton"},"elements":[{"name":"head","from":[3.17157,0.27157,10],"to":[11.17157,8.27157,10],"rotation":{"angle":0,"axis":"y","origin":[-0.82843,15.27157,13]},"faces":{"north":{"uv":[6,4,8,8],"texture":"#0"},"east":{"uv":[0,4,2,8],"texture":"#0"},"south":{"uv":[6,4,8,8],"texture":"#0"},"west":{"uv":[4,4,6,8],"texture":"#0"},"up":{"uv":[4,4,2,0],"texture":"#0"},"down":{"uv":[6,0,4,4],"texture":"#0"}}},{"name":"head","from":[11.17157,0.27157,2],"to":[11.17157,8.27157,10],"rotation":{"angle":0,"axis":"y","origin":[-0.82843,15.27157,13]},"faces":{"north":{"uv":[2,4,4,8],"texture":"#0"},"east":{"uv":[0,4,2,8],"texture":"#0"},"south":{"uv":[6,4,8,8],"texture":"#0"},"west":{"uv":[4,4,6,8],"texture":"#0"},"up":{"uv":[4,4,2,0],"texture":"#0"},"down":{"uv":[6,0,4,4],"texture":"#0"}}},{"name":"head","from":[3.17157,8.27157,2],"to":[11.17157,8.27157,10],"rotation":{"angle":0,"axis":"y","origin":[-0.82843,15.27157,13]},"faces":{"north":{"uv":[2,4,4,8],"texture":"#0"},"east":{"uv":[0,4,2,8],"texture":"#0"},"south":{"uv":[6,4,8,8],"texture":"#0"},"west":{"uv":[4,4,6,8],"texture":"#0"},"up":{"uv":[4,4,2,0],"texture":"#0"},"down":{"uv":[4,0,2,4],"texture":"#0"}}},{"name":"head","from":[3.17157,0.27157,2],"to":[11.17157,0.27157,10],"rotation":{"angle":0,"axis":"y","origin":[-0.82843,15.27157,13]},"faces":{"north":{"uv":[2,4,4,8],"texture":"#0"},"east":{"uv":[0,4,2,8],"texture":"#0"},"south":{"uv":[6,4,8,8],"texture":"#0"},"west":{"uv":[4,4,6,8],"texture":"#0"},"up":{"uv":[6,4,4,0],"texture":"#0"},"down":{"uv":[6,0,4,4],"texture":"#0"}}},{"name":"head","from":[3.17157,0.27157,2],"to":[3.17157,8.27157,10],"rotation":{"angle":0,"axis":"y","origin":[-0.82843,15.27157,13]},"faces":{"north":{"uv":[2,4,4,8],"texture":"#0"},"east":{"uv":[0,4,2,8],"texture":"#0"},"south":{"uv":[6,4,8,8],"texture":"#0"},"west":{"uv":[4,4,6,8],"texture":"#0"},"up":{"uv":[4,4,2,0],"texture":"#0"},"down":{"uv":[6,0,4,4],"texture":"#0"}}},{"name":"head","from":[3.17157,0.27157,2],"to":[11.17157,8.27157,2],"rotation":{"angle":0,"axis":"y","origin":[-0.82843,15.27157,13]},"faces":{"north":{"uv":[2,4,4,8],"texture":"#0"},"east":{"uv":[0,4,2,8],"texture":"#0"},"south":{"uv":[4,4,2,8],"texture":"#0"},"west":{"uv":[4,4,6,8],"texture":"#0"},"up":{"uv":[4,4,2,0],"texture":"#0"},"down":{"uv":[6,0,4,4],"texture":"#0"}}},{"name":"body","from":[3,2.1,11],"to":[3,14.1,15],"rotation":{"angle":22.5,"axis":"z","origin":[7,2.1,13]},"faces":{"north":{"uv":[5,10,7,16],"texture":"#0"},"east":{"uv":[8,10,7,16],"texture":"#0"},"south":{"uv":[8,10,10,16],"texture":"#0"},"west":{"uv":[7,10,8,16],"texture":"#0"},"up":{"uv":[7,10,5,8],"texture":"#0"},"down":{"uv":[9,8,7,10],"texture":"#0"}}},{"name":"body","from":[11,2.1,11],"to":[11,14.1,15],"rotation":{"angle":22.5,"axis":"z","origin":[7,2.1,13]},"faces":{"north":{"uv":[7,10,5,16],"texture":"#0"},"east":{"uv":[8,10,7,16],"texture":"#0"},"south":{"uv":[10,10,8,16],"texture":"#0"},"west":{"uv":[7,10,8,16],"texture":"#0"},"up":{"uv":[5,10,7,8],"texture":"#0"},"down":{"uv":[7,8,9,10],"texture":"#0"}}},{"name":"body","from":[3,2.1,15],"to":[11,14.1,15],"rotation":{"angle":22.5,"axis":"z","origin":[7,2.1,13]},"faces":{"north":{"uv":[10,10,8,16],"texture":"#0"},"east":{"uv":[4,10,5,16],"texture":"#0"},"south":{"uv":[8,10,10,16],"texture":"#0"},"west":{"uv":[7,10,8,16],"texture":"#0"},"up":{"uv":[7,10,5,8],"texture":"#0"},"down":{"uv":[9,8,7,10],"texture":"#0"}}},{"name":"body","from":[3,2.1,11],"to":[11,2.1,15],"rotation":{"angle":22.5,"axis":"z","origin":[7,2.1,13]},"faces":{"north":{"uv":[5,10,7,16],"texture":"#0"},"east":{"uv":[4,10,5,16],"texture":"#0"},"south":{"uv":[8,10,10,16],"texture":"#0"},"west":{"uv":[7,10,8,16],"texture":"#0"},"up":{"uv":[9,10,7,8],"texture":"#0"},"down":{"uv":[9,8,7,10],"texture":"#0"}}},{"name":"body","from":[3,2.1,11],"to":[11,14.1,11],"rotation":{"angle":22.5,"axis":"z","origin":[7,2.1,13]},"faces":{"north":{"uv":[5,10,7,16],"texture":"#0"},"east":{"uv":[4,10,5,16],"texture":"#0"},"south":{"uv":[7,10,5,16],"texture":"#0"},"west":{"uv":[7,10,8,16],"texture":"#0"},"up":{"uv":[7,10,5,8],"texture":"#0"},"down":{"uv":[9,8,7,10],"texture":"#0"}}},{"name":"left_arm","from":[-1,0.1,12],"to":[1,12.1,14],"shade":false,"rotation":{"angle":-22.5,"axis":"z","origin":[-2,13.1,13]},"faces":{"north":{"uv":[11,9,10.5,15],"texture":"#0"},"east":{"uv":[11.5,9,11,15],"texture":"#0"},"south":{"uv":[12,9,11.5,15],"texture":"#0"},"west":{"uv":[10.5,9,10,15],"texture":"#0"},"up":{"uv":[10.5,9,11,8],"texture":"#0"},"down":{"uv":[11,8,11.5,9],"texture":"#0"}}},{"name":"right_arm","from":[6.38687,12.18239,4],"to":[8.38687,14.18239,16],"rotation":{"angle":-22.5,"axis":"x","origin":[9.38687,9.18239,13]},"faces":{"north":{"uv":[11.5,8,11,9],"rotation":180,"texture":"#0"},"east":{"uv":[10,9,10.5,15],"rotation":270,"texture":"#0"},"south":{"uv":[11,9,10.5,8],"texture":"#0"},"west":{"uv":[11,9,11.5,15],"rotation":90,"texture":"#0"},"up":{"uv":[10.5,9,11,15],"rotation":180,"texture":"#0"},"down":{"uv":[11.5,9,12,15],"texture":"#0"}}},{"name":"left_leg","from":[4,0.1,2],"to":[6,2.1,14],"shade":false,"rotation":{"angle":22.5,"axis":"y","origin":[5,1.1,13]},"faces":{"north":{"uv":[1,8,1.5,9],"rotation":180,"texture":"#0"},"east":{"uv":[1.5,9,1,15],"rotation":270,"texture":"#0"},"south":{"uv":[0.5,9,1,8],"texture":"#0"},"west":{"uv":[0.5,9,0,15],"rotation":90,"texture":"#0"},"up":{"uv":[1,9,0.5,15],"rotation":180,"texture":"#0"},"down":{"uv":[2,9,1.5,15],"texture":"#0"}}},{"name":"right_leg","from":[8,0.1,12],"to":[20,2.1,14],"rotation":{"angle":45,"axis":"y","origin":[9,1.1,13]},"faces":{"north":{"uv":[1,9,1.5,15],"rotation":90,"texture":"#0"},"east":{"uv":[1.5,8,1,9],"rotation":180,"texture":"#0"},"south":{"uv":[0,9,0.5,15],"rotation":270,"texture":"#0"},"west":{"uv":[1,9,0.5,8],"texture":"#0"},"up":{"uv":[0.5,9,1,15],"rotation":270,"texture":"#0"},"down":{"uv":[1.5,9,2,15],"rotation":270,"texture":"#0"}}}],"display":{"thirdperson_righthand":{"rotation":[75,45,0],"translation":[0,2.5,0],"scale":[0.375,0.375,0.375]},"thirdperson_lefthand":{"rotation":[75,45,0],"translation":[0,2.5,0],"scale":[0.375,0.375,0.375]},"firstperson_righthand":{"rotation":[0,45,0],"scale":[0.4,0.4,0.4]},"firstperson_lefthand":{"rotation":[0,225,0],"scale":[0.4,0.4,0.4]},"ground":{"translation":[0,3,0],"scale":[0.25,0.25,0.25]},"gui":{"rotation":[30,225,0],"scale":[0.625,0.625,0.625]},"fixed":{"rotation":[-90,0,0],"translation":[0,0,-16],"scale":[2,2,2]}},"groups":[{"name":"head","origin":[0,24,0],"color":0,"nbt":"{}","armAnimationEnabled":false,"children":[0,1,2,3,4,5]},{"name":"body","origin":[0,24,0],"color":0,"nbt":"{}","armAnimationEnabled":false,"children":[6,7,8,9,10]},{"name":"left_arm","origin":[5,22,0],"color":0,"nbt":"{}","armAnimationEnabled":false,"shade":false,"children":[11]},{"name":"right_arm","origin":[-5,22,0],"color":0,"nbt":"{}","armAnimationEnabled":false,"children":[12]},{"name":"left_leg","origin":[2,12,0.1],"color":0,"nbt":"{}","armAnimationEnabled":false,"shade":false,"children":[13]},{"name":"right_leg","origin":[-2,12,0.1],"color":0,"nbt":"{}","armAnimationEnabled":false,"children":[14]}]}