{"credit":"Made with Blockbench","textures":{"0":"hmcmodels:furniture/dungeon_decorations/skeleton"},"elements":[{"name":"head","from":[3,1.18776,16.19276],"to":[11,9.18776,16.19276],"rotation":{"angle":22.5,"axis":"x","origin":[7,5.18776,12.19276]},"faces":{"north":{"uv":[6,4,8,8],"texture":"#0"},"east":{"uv":[0,4,2,8],"texture":"#0"},"south":{"uv":[6,4,8,8],"texture":"#0"},"west":{"uv":[4,4,6,8],"texture":"#0"},"up":{"uv":[4,4,2,0],"texture":"#0"},"down":{"uv":[6,0,4,4],"texture":"#0"}}},{"name":"head","from":[11,1.18776,8.19276],"to":[11,9.18776,16.19276],"rotation":{"angle":22.5,"axis":"x","origin":[7,5.18776,12.19276]},"faces":{"north":{"uv":[2,4,4,8],"texture":"#0"},"east":{"uv":[0,4,2,8],"texture":"#0"},"south":{"uv":[6,4,8,8],"texture":"#0"},"west":{"uv":[4,4,6,8],"texture":"#0"},"up":{"uv":[4,4,2,0],"texture":"#0"},"down":{"uv":[6,0,4,4],"texture":"#0"}}},{"name":"head","from":[3,9.18776,8.19276],"to":[11,9.18776,16.19276],"rotation":{"angle":22.5,"axis":"x","origin":[7,5.18776,12.19276]},"faces":{"north":{"uv":[2,4,4,8],"texture":"#0"},"east":{"uv":[0,4,2,8],"texture":"#0"},"south":{"uv":[6,4,8,8],"texture":"#0"},"west":{"uv":[4,4,6,8],"texture":"#0"},"up":{"uv":[4,4,2,0],"texture":"#0"},"down":{"uv":[4,0,2,4],"texture":"#0"}}},{"name":"head","from":[3,1.18776,8.19276],"to":[11,1.18776,16.19276],"rotation":{"angle":22.5,"axis":"x","origin":[7,5.18776,12.19276]},"faces":{"north":{"uv":[2,4,4,8],"texture":"#0"},"east":{"uv":[0,4,2,8],"texture":"#0"},"south":{"uv":[6,4,8,8],"texture":"#0"},"west":{"uv":[4,4,6,8],"texture":"#0"},"up":{"uv":[6,4,4,0],"texture":"#0"},"down":{"uv":[6,0,4,4],"texture":"#0"}}},{"name":"head","from":[3,1.18776,8.19276],"to":[3,9.18776,16.19276],"rotation":{"angle":22.5,"axis":"x","origin":[7,5.18776,12.19276]},"faces":{"north":{"uv":[2,4,4,8],"texture":"#0"},"east":{"uv":[0,4,2,8],"texture":"#0"},"south":{"uv":[6,4,8,8],"texture":"#0"},"west":{"uv":[4,4,6,8],"texture":"#0"},"up":{"uv":[4,4,2,0],"texture":"#0"},"down":{"uv":[6,0,4,4],"texture":"#0"}}},{"name":"head","from":[3,1.18776,8.19276],"to":[11,9.18776,8.19276],"rotation":{"angle":22.5,"axis":"x","origin":[7,5.18776,12.19276]},"faces":{"north":{"uv":[2,4,4,8],"texture":"#0"},"east":{"uv":[0,4,2,8],"texture":"#0"},"south":{"uv":[4,4,2,8],"texture":"#0"},"west":{"uv":[4,4,6,8],"texture":"#0"},"up":{"uv":[4,4,2,0],"texture":"#0"},"down":{"uv":[6,0,4,4],"texture":"#0"}}},{"name":"body","from":[3.29289,-0.69023,7.76329],"to":[15.29289,3.30977,7.76329],"rotation":{"angle":-22.5,"axis":"y","origin":[7,5.60266,3.76329]},"faces":{"north":{"uv":[8,10,7,16],"rotation":270,"texture":"#0"},"east":{"uv":[7,10,5,8],"texture":"#0"},"south":{"uv":[7,10,8,16],"rotation":90,"texture":"#0"},"west":{"uv":[9,8,7,10],"rotation":180,"texture":"#0"},"up":{"uv":[5,10,7,16],"rotation":90,"texture":"#0"},"down":{"uv":[8,10,10,16],"rotation":90,"texture":"#0"}}},{"name":"body","from":[3.29289,-0.69023,-0.23671],"to":[15.29289,3.30977,-0.23671],"rotation":{"angle":-22.5,"axis":"y","origin":[7,5.60266,3.76329]},"faces":{"north":{"uv":[8,10,7,16],"rotation":270,"texture":"#0"},"east":{"uv":[5,10,7,8],"texture":"#0"},"south":{"uv":[7,10,8,16],"rotation":90,"texture":"#0"},"west":{"uv":[7,8,9,10],"rotation":180,"texture":"#0"},"up":{"uv":[7,10,5,16],"rotation":90,"texture":"#0"},"down":{"uv":[10,10,8,16],"rotation":90,"texture":"#0"}}},{"name":"body","from":[3.29289,-0.69023,-0.23671],"to":[15.29289,-0.69023,7.76329],"rotation":{"angle":-22.5,"axis":"y","origin":[7,5.60266,3.76329]},"faces":{"north":{"uv":[4,10,5,16],"rotation":270,"texture":"#0"},"east":{"uv":[7,10,5,8],"texture":"#0"},"south":{"uv":[7,10,8,16],"rotation":90,"texture":"#0"},"west":{"uv":[9,8,7,10],"rotation":180,"texture":"#0"},"up":{"uv":[10,10,8,16],"rotation":90,"texture":"#0"},"down":{"uv":[8,10,10,16],"rotation":90,"texture":"#0"}}},{"name":"body","from":[3.29289,-0.69023,-0.23671],"to":[3.29289,3.30977,7.76329],"rotation":{"angle":-22.5,"axis":"y","origin":[7,5.60266,3.76329]},"faces":{"north":{"uv":[4,10,5,16],"rotation":270,"texture":"#0"},"east":{"uv":[9,10,7,8],"texture":"#0"},"south":{"uv":[7,10,8,16],"rotation":90,"texture":"#0"},"west":{"uv":[9,8,7,10],"rotation":180,"texture":"#0"},"up":{"uv":[5,10,7,16],"rotation":90,"texture":"#0"},"down":{"uv":[8,10,10,16],"rotation":90,"texture":"#0"}}},{"name":"body","from":[3.29289,3.30977,-0.23671],"to":[15.29289,3.30977,7.76329],"rotation":{"angle":-22.5,"axis":"y","origin":[7,5.60266,3.76329]},"faces":{"north":{"uv":[4,10,5,16],"rotation":270,"texture":"#0"},"east":{"uv":[7,10,5,8],"texture":"#0"},"south":{"uv":[7,10,8,16],"rotation":90,"texture":"#0"},"west":{"uv":[9,8,7,10],"rotation":180,"texture":"#0"},"up":{"uv":[5,10,7,16],"rotation":90,"texture":"#0"},"down":{"uv":[7,10,5,16],"rotation":90,"texture":"#0"}}},{"name":"right_arm","from":[12.57487,0.02122,9.83519],"to":[14.57487,12.02122,11.83519],"rotation":{"angle":22.5,"axis":"z","origin":[14.47487,6.02122,10.83519]},"faces":{"north":{"uv":[10.5,9,11,15],"texture":"#0"},"east":{"uv":[10,9,10.5,15],"texture":"#0"},"south":{"uv":[11.5,9,12,15],"texture":"#0"},"west":{"uv":[11,9,11.5,15],"texture":"#0"},"up":{"uv":[11,9,10.5,8],"texture":"#0"},"down":{"uv":[11.5,8,11,9],"texture":"#0"}}},{"name":"left_leg","from":[11.28356,-0.1,-0.5349],"to":[13.28356,1.9,11.4651],"shade":false,"rotation":{"angle":-45,"axis":"y","origin":[3.28356,0.9,-3.5349]},"faces":{"north":{"uv":[0.5,9,1,8],"texture":"#0"},"east":{"uv":[0.5,9,0,15],"rotation":90,"texture":"#0"},"south":{"uv":[1,8,1.5,9],"rotation":180,"texture":"#0"},"west":{"uv":[1.5,9,1,15],"rotation":270,"texture":"#0"},"up":{"uv":[1,9,0.5,15],"texture":"#0"},"down":{"uv":[2,9,1.5,15],"rotation":180,"texture":"#0"}}}],"display":{"thirdperson_righthand":{"rotation":[75,45,0],"translation":[0,2.5,0],"scale":[0.375,0.375,0.375]},"thirdperson_lefthand":{"rotation":[75,45,0],"translation":[0,2.5,0],"scale":[0.375,0.375,0.375]},"firstperson_righthand":{"rotation":[0,45,0],"scale":[0.4,0.4,0.4]},"firstperson_lefthand":{"rotation":[0,225,0],"scale":[0.4,0.4,0.4]},"ground":{"translation":[0,3,0],"scale":[0.25,0.25,0.25]},"gui":{"rotation":[30,225,0],"translation":[0,-0.5,0],"scale":[0.5,0.5,0.5]},"fixed":{"rotation":[-90,0,0],"translation":[0,0,-16],"scale":[2,2,2]}},"groups":[{"name":"head","origin":[0,24,0],"color":0,"nbt":"{}","armAnimationEnabled":false,"children":[0,1,2,3,4,5]},{"name":"body","origin":[0,24,0],"color":0,"nbt":"{}","armAnimationEnabled":false,"children":[6,7,8,9,10]},{"name":"right_arm","origin":[-5,22,0],"color":0,"nbt":"{}","armAnimationEnabled":false,"children":[11]},{"name":"left_leg","origin":[2,12,0.1],"color":0,"nbt":"{}","armAnimationEnabled":false,"shade":false,"children":[12]}]}