{"credit":"Made with Blockbench","texture_size":[64,64],"textures":{"1":"hmcmodels:furniture/dungeon_decorations/wall_fountain"},"elements":[{"from":[1,0,6],"to":[15,1,16],"faces":{"north":{"uv":[8.5,1.75,12,2],"texture":"#1"},"east":{"uv":[8.5,5.75,11,6],"texture":"#1"},"south":{"uv":[8.5,2,12,2.25],"texture":"#1"},"west":{"uv":[8.5,6,11,6.25],"texture":"#1"},"up":{"uv":[3.5,2.5,0,0],"texture":"#1"},"down":{"uv":[3.5,2.5,0,5],"texture":"#1"}}},{"from":[2,5,7],"to":[14,5,16],"faces":{"north":{"uv":[0,0,3,0],"texture":"#1"},"east":{"uv":[0,0,2.25,0],"texture":"#1"},"south":{"uv":[0,0,3,0],"texture":"#1"},"west":{"uv":[0,0,2.25,0],"texture":"#1"},"up":{"uv":[6.5,2.25,3.5,0],"texture":"#1"},"down":{"uv":[6.5,0,3.5,2.25],"texture":"#1"}}},{"from":[4,13,13],"to":[12,19,16],"faces":{"north":{"uv":[6.5,1.25,8.5,2.75],"texture":"#1"},"east":{"uv":[1.5,8.25,2.25,9.75],"texture":"#1"},"south":{"uv":[6.5,2.75,8.5,4.25],"texture":"#1"},"west":{"uv":[2.25,8.25,3,9.75],"texture":"#1"},"up":{"uv":[4.5,7.75,2.5,7],"texture":"#1"},"down":{"uv":[6.5,7,4.5,7.75],"texture":"#1"}}},{"from":[6.5,13,12],"to":[9.5,13,13],"faces":{"north":{"uv":[0,0,0.75,0],"texture":"#1"},"east":{"uv":[0,0,0.25,0],"texture":"#1"},"south":{"uv":[0,0,0.75,0],"texture":"#1"},"west":{"uv":[0,0,0.25,0],"texture":"#1"},"up":{"uv":[1.75,7.75,1,7.5],"texture":"#1"},"down":{"uv":[1.75,7.5,1,7.75],"texture":"#1"}}},{"from":[6.5,5,12],"to":[9.5,13,12],"faces":{"north":{"uv":[6.5,7,7.25,9],"texture":"#1"},"east":{"uv":[0,0,0,2],"texture":"#1"},"south":{"uv":[7.25,7,6.5,9],"texture":"#1"},"west":{"uv":[0,0,0,2],"texture":"#1"},"up":{"uv":[0.75,0,0,0],"texture":"#1"},"down":{"uv":[0.75,0,0,0],"texture":"#1"}}},{"from":[3.5,13,12],"to":[12.5,15,12],"rotation":{"angle":-22.5,"axis":"x","origin":[8,14,16]},"faces":{"north":{"uv":[3,8.25,5.25,8.75],"texture":"#1"},"east":{"uv":[0,0,0,0.5],"texture":"#1"},"south":{"uv":[8.5,1.25,10.75,1.75],"texture":"#1"},"west":{"uv":[0,0,0,0.5],"texture":"#1"},"up":{"uv":[2.25,0,0,0],"texture":"#1"},"down":{"uv":[2.25,0,0,0],"texture":"#1"}}},{"from":[3.5,13,12],"to":[3.5,15,16],"rotation":{"angle":-22.5,"axis":"x","origin":[8,14,16]},"faces":{"north":{"uv":[0,0,0,0.5],"texture":"#1"},"east":{"uv":[8.5,6.25,9.5,6.75],"texture":"#1"},"south":{"uv":[0,0,0,0.5],"texture":"#1"},"west":{"uv":[8.5,6.75,9.5,7.25],"texture":"#1"},"up":{"uv":[0,1,0,0],"texture":"#1"},"down":{"uv":[0,0,0,1],"texture":"#1"}}},{"from":[12.5,13,12],"to":[12.5,15,16],"rotation":{"angle":-22.5,"axis":"x","origin":[8,14,16]},"faces":{"north":{"uv":[0,0,0,0.5],"texture":"#1"},"east":{"uv":[8.5,7.25,9.5,7.75],"texture":"#1"},"south":{"uv":[0,0,0,0.5],"texture":"#1"},"west":{"uv":[8.5,7.75,9.5,8.25],"texture":"#1"},"up":{"uv":[0,1,0,0],"texture":"#1"},"down":{"uv":[0,0,0,1],"texture":"#1"}}},{"from":[3.5,13,12],"to":[12.5,13,15],"rotation":{"angle":-22.5,"axis":"x","origin":[8,14,16]},"faces":{"north":{"uv":[0,0,2.25,0],"texture":"#1"},"east":{"uv":[0,0,0.75,0],"texture":"#1"},"south":{"uv":[0,0,2.25,0],"texture":"#1"},"west":{"uv":[0,0,0.75,0],"texture":"#1"},"up":{"uv":[8.75,5,6.5,4.25],"texture":"#1"},"down":{"uv":[8.75,5,6.5,5.75],"texture":"#1"}}},{"from":[1,1,6],"to":[2,6,16],"faces":{"north":{"uv":[6.25,8.25,6.5,9.5],"texture":"#1"},"east":{"uv":[3,5.75,5.5,7],"texture":"#1"},"south":{"uv":[8,8.5,8.25,9.75],"texture":"#1"},"west":{"uv":[5.5,5.75,8,7],"texture":"#1"},"up":{"uv":[5.5,10.75,5.25,8.25],"texture":"#1"},"down":{"uv":[5.75,8.25,5.5,10.75],"texture":"#1"}}},{"from":[14,1,6],"to":[15,6,16],"rotation":{"angle":0,"axis":"y","origin":[16,0,0]},"faces":{"north":{"uv":[3,8.75,3.25,10],"texture":"#1"},"east":{"uv":[0,6.25,2.5,7.5],"texture":"#1"},"south":{"uv":[3.25,8.75,3.5,10],"texture":"#1"},"west":{"uv":[6.5,0,9,1.25],"texture":"#1"},"up":{"uv":[6,10.75,5.75,8.25],"texture":"#1"},"down":{"uv":[6.25,8.25,6,10.75],"texture":"#1"}}},{"from":[0.5,6,5.5],"to":[2.5,7,16.5],"faces":{"north":{"uv":[3,5,3.5,5.25],"texture":"#1"},"east":{"uv":[8.5,2.75,11.25,3],"texture":"#1"},"south":{"uv":[3,5.25,3.5,5.5],"texture":"#1"},"west":{"uv":[8.5,3,11.25,3.25],"texture":"#1"},"up":{"uv":[0.5,10.25,0,7.5],"texture":"#1"},"down":{"uv":[1,7.5,0.5,10.25],"texture":"#1"}}},{"from":[13.5,6,5.5],"to":[15.5,7,16.5],"rotation":{"angle":0,"axis":"y","origin":[16,0,0]},"faces":{"north":{"uv":[2.5,6.5,3,6.75],"texture":"#1"},"east":{"uv":[8.5,3.75,11.25,4],"texture":"#1"},"south":{"uv":[2.5,6.75,3,7],"texture":"#1"},"west":{"uv":[8.5,4,11.25,4.25],"texture":"#1"},"up":{"uv":[8.5,8.5,8,5.75],"texture":"#1"},"down":{"uv":[1.5,8.25,1,11],"texture":"#1"}}},{"from":[2.5,6,5.5],"to":[13.5,7,7.5],"faces":{"north":{"uv":[8.5,3.25,11.25,3.5],"texture":"#1"},"east":{"uv":[3,5.5,3.5,5.75],"texture":"#1"},"south":{"uv":[8.5,3.5,11.25,3.75],"texture":"#1"},"west":{"uv":[2.5,6.25,3,6.5],"texture":"#1"},"up":{"uv":[3.75,8.25,1,7.75],"texture":"#1"},"down":{"uv":[6.5,7.75,3.75,8.25],"texture":"#1"}}},{"from":[2,1,6],"to":[14,6,7],"faces":{"north":{"uv":[3.5,4.5,6.5,5.75],"texture":"#1"},"east":{"uv":[8.25,8.5,8.5,9.75],"texture":"#1"},"south":{"uv":[0,5,3,6.25],"texture":"#1"},"west":{"uv":[8.5,8.25,8.75,9.5],"texture":"#1"},"up":{"uv":[11.5,2.5,8.5,2.25],"texture":"#1"},"down":{"uv":[11.5,2.5,8.5,2.75],"texture":"#1"}}}],"display":{"thirdperson_righthand":{"rotation":[75,45,0],"translation":[0,2.5,0],"scale":[0.375,0.375,0.375]},"thirdperson_lefthand":{"rotation":[75,45,0],"translation":[0,2.5,0],"scale":[0.375,0.375,0.375]},"firstperson_righthand":{"rotation":[0,45,0],"scale":[0.4,0.4,0.4]},"firstperson_lefthand":{"rotation":[0,225,0],"scale":[0.4,0.4,0.4]},"ground":{"translation":[0,3,0],"scale":[0.25,0.25,0.25]},"gui":{"rotation":[30,225,0],"translation":[1.5,-1,0],"scale":[0.5,0.5,0.5]},"fixed":{"translation":[0,0,-16],"scale":[2,2,2]}}}