{"credit":"Made with Blockbench","texture_size":[32,32],"textures":{"3":"hmcmodels:furniture/dungeon_decorations/wall_shackle_bone"},"elements":[{"from":[1,0,15],"to":[15,3,16],"faces":{"north":{"uv":[0,0,7,1.5],"texture":"#3"},"east":{"uv":[7,0,7.5,1.5],"texture":"#3"},"south":{"uv":[0,1.5,7,3],"texture":"#3"},"west":{"uv":[7,1.5,7.5,3],"texture":"#3"},"up":{"uv":[15.5,5,8.5,4.5],"texture":"#3"},"down":{"uv":[15.5,5,8.5,5.5],"texture":"#3"}}},{"from":[3,-6,13],"to":[3,3,16],"rotation":{"angle":45,"axis":"y","origin":[3,-2,14.5]},"faces":{"north":{"uv":[0,0,0,4.5],"texture":"#3"},"east":{"uv":[0,3,1.5,7.5],"texture":"#3"},"south":{"uv":[0,0,0,4.5],"texture":"#3"},"west":{"uv":[1.5,3,3,7.5],"texture":"#3"},"up":{"uv":[0,1.5,0,0],"texture":"#3"},"down":{"uv":[0,0,0,1.5],"texture":"#3"}}},{"from":[1.5,-7,14.5],"to":[4.5,2,14.5],"rotation":{"angle":45,"axis":"y","origin":[3,-2,14.5]},"faces":{"north":{"uv":[3,3,4.5,7.5],"texture":"#3"},"east":{"uv":[0,0,0,4.5],"texture":"#3"},"south":{"uv":[4.5,3,6,7.5],"texture":"#3"},"west":{"uv":[0,0,0,4.5],"texture":"#3"},"up":{"uv":[1.5,0,0,0],"texture":"#3"},"down":{"uv":[1.5,0,0,0],"texture":"#3"}}},{"from":[1,-8,14.5],"to":[5,-6,15.5],"rotation":{"angle":-22.5,"axis":"x","origin":[3,-9,14.5]},"faces":{"north":{"uv":[9,10,11,11],"texture":"#3"},"east":{"uv":[7,10.5,7.5,11.5],"texture":"#3"},"south":{"uv":[10.5,0,12.5,1],"texture":"#3"},"west":{"uv":[7,12.5,7.5,13.5],"texture":"#3"},"up":{"uv":[12.5,4.5,10.5,4],"texture":"#3"},"down":{"uv":[13.5,5.5,11.5,6],"texture":"#3"}}},{"from":[1,-8,11.5],"to":[5,-6,12.5],"rotation":{"angle":-22.5,"axis":"x","origin":[3,-9,14.5]},"faces":{"north":{"uv":[10.5,1,12.5,2],"texture":"#3"},"east":{"uv":[12.5,8.5,13,9.5],"texture":"#3"},"south":{"uv":[10.5,2,12.5,3],"texture":"#3"},"west":{"uv":[0,13,0.5,14],"texture":"#3"},"up":{"uv":[8,12,6,11.5],"texture":"#3"},"down":{"uv":[13.5,6,11.5,6.5],"texture":"#3"}}},{"from":[1,-8,12.5],"to":[2,-6,14.5],"rotation":{"angle":-22.5,"axis":"x","origin":[3,-9,14.5]},"faces":{"north":{"uv":[7.5,12.5,8,13.5],"texture":"#3"},"east":{"uv":[7.5,9,8.5,10],"texture":"#3"},"south":{"uv":[12.5,7.5,13,8.5],"texture":"#3"},"west":{"uv":[6,10.5,7,11.5],"texture":"#3"},"up":{"uv":[8.5,13.5,8,12.5],"texture":"#3"},"down":{"uv":[9,12.5,8.5,13.5],"texture":"#3"}}},{"from":[4,-8,12.5],"to":[5,-6,14.5],"rotation":{"angle":-22.5,"axis":"x","origin":[3,-9,14.5]},"faces":{"north":{"uv":[0.5,13,1,14],"texture":"#3"},"east":{"uv":[11.5,6.5,12.5,7.5],"texture":"#3"},"south":{"uv":[1,13,1.5,14],"texture":"#3"},"west":{"uv":[11.5,7.5,12.5,8.5],"texture":"#3"},"up":{"uv":[2,14,1.5,13],"texture":"#3"},"down":{"uv":[13.5,7.5,13,8.5],"texture":"#3"}}},{"from":[13,-6,13],"to":[13,3,16],"rotation":{"angle":-45,"axis":"y","origin":[13,-2,14.5]},"faces":{"north":{"uv":[0,0,0,4.5],"texture":"#3"},"east":{"uv":[7.5,0,9,4.5],"texture":"#3"},"south":{"uv":[0,0,0,4.5],"texture":"#3"},"west":{"uv":[1.5,7.5,3,12],"texture":"#3"},"up":{"uv":[0,1.5,0,0],"texture":"#3"},"down":{"uv":[0,0,0,1.5],"texture":"#3"}}},{"from":[11.5,-7,14.5],"to":[14.5,2,14.5],"rotation":{"angle":-45,"axis":"y","origin":[13,-2,14.5]},"faces":{"north":{"uv":[6,3,7.5,7.5],"texture":"#3"},"east":{"uv":[0,0,0,4.5],"texture":"#3"},"south":{"uv":[0,7.5,1.5,12],"texture":"#3"},"west":{"uv":[0,0,0,4.5],"texture":"#3"},"up":{"uv":[1.5,0,0,0],"texture":"#3"},"down":{"uv":[1.5,0,0,0],"texture":"#3"}}},{"from":[11,-11,13.5],"to":[15,-10,15.5],"rotation":{"angle":0,"axis":"y","origin":[16,0,1]},"faces":{"north":{"uv":[4,12,6,12.5],"texture":"#3"},"east":{"uv":[13,12,14,12.5],"texture":"#3"},"south":{"uv":[6,12,8,12.5],"texture":"#3"},"west":{"uv":[12.5,13,13.5,13.5],"texture":"#3"},"up":{"uv":[13,11,11,10],"texture":"#3"},"down":{"uv":[13,11,11,12],"texture":"#3"}}},{"from":[11,-8,13.5],"to":[15,-7,15.5],"rotation":{"angle":0,"axis":"y","origin":[16,0,1]},"faces":{"north":{"uv":[11.5,9.5,13.5,10],"texture":"#3"},"east":{"uv":[12.5,4,13.5,4.5],"texture":"#3"},"south":{"uv":[2,12,4,12.5],"texture":"#3"},"west":{"uv":[11.5,13,12.5,13.5],"texture":"#3"},"up":{"uv":[12.5,4,10.5,3],"texture":"#3"},"down":{"uv":[11,11,9,12],"texture":"#3"}}},{"from":[14,-10,13.5],"to":[15,-8,15.5],"rotation":{"angle":0,"axis":"y","origin":[16,0,1]},"faces":{"north":{"uv":[13,10,13.5,11],"texture":"#3"},"east":{"uv":[0,12,1,13],"texture":"#3"},"south":{"uv":[10.5,13,11,14],"texture":"#3"},"west":{"uv":[1,12,2,13],"texture":"#3"},"up":{"uv":[11.5,14,11,13],"texture":"#3"},"down":{"uv":[13.5,11,13,12],"texture":"#3"}}},{"from":[11,-10,13.5],"to":[12,-8,15.5],"rotation":{"angle":0,"axis":"y","origin":[16,0,1]},"faces":{"north":{"uv":[13,8.5,13.5,9.5],"texture":"#3"},"east":{"uv":[8,11.5,9,12.5],"texture":"#3"},"south":{"uv":[9,13,9.5,14],"texture":"#3"},"west":{"uv":[11.5,8.5,12.5,9.5],"texture":"#3"},"up":{"uv":[10,14,9.5,13],"texture":"#3"},"down":{"uv":[10.5,13,10,14],"texture":"#3"}}},{"from":[2,-13,8],"to":[4,-4,10],"rotation":{"angle":-22.5,"axis":"x","origin":[8,1.5,7.5]},"faces":{"north":{"uv":[3,7.5,4,12],"texture":"#3"},"east":{"uv":[4,7.5,5,12],"texture":"#3"},"south":{"uv":[7.5,4.5,8.5,9],"texture":"#3"},"west":{"uv":[5,7.5,6,12],"texture":"#3"},"up":{"uv":[10,13,9,12],"texture":"#3"},"down":{"uv":[11,12,10,13],"texture":"#3"}}},{"from":[2.5,-4.5,7.5],"to":[5.5,-1.5,10.5],"rotation":{"angle":-22.5,"axis":"x","origin":[8,1.5,7.5]},"faces":{"north":{"uv":[6,7.5,7.5,9],"texture":"#3"},"east":{"uv":[8.5,5.5,10,7],"texture":"#3"},"south":{"uv":[8.5,7,10,8.5],"texture":"#3"},"west":{"uv":[8.5,8.5,10,10],"texture":"#3"},"up":{"uv":[10.5,1.5,9,0],"texture":"#3"},"down":{"uv":[10.5,1.5,9,3],"texture":"#3"}}},{"from":[0.5,-4,8],"to":[2.5,-2,10],"rotation":{"angle":-22.5,"axis":"x","origin":[8,1.5,7.5]},"faces":{"north":{"uv":[11,12,12,13],"texture":"#3"},"east":{"uv":[12,12,13,13],"texture":"#3"},"south":{"uv":[12.5,0,13.5,1],"texture":"#3"},"west":{"uv":[12.5,1,13.5,2],"texture":"#3"},"up":{"uv":[3,13.5,2,12.5],"texture":"#3"},"down":{"uv":[13.5,2,12.5,3],"texture":"#3"}}},{"from":[0.5,-15.5,7.5],"to":[3.5,-12.5,10.5],"rotation":{"angle":-22.5,"axis":"x","origin":[8,1.5,7.5]},"faces":{"north":{"uv":[9,3,10.5,4.5],"texture":"#3"},"east":{"uv":[6,9,7.5,10.5],"texture":"#3"},"south":{"uv":[10,5.5,11.5,7],"texture":"#3"},"west":{"uv":[10,7,11.5,8.5],"texture":"#3"},"up":{"uv":[9,11.5,7.5,10],"texture":"#3"},"down":{"uv":[11.5,8.5,10,10],"texture":"#3"}}},{"from":[3.5,-15,8],"to":[5.5,-13,10],"rotation":{"angle":-22.5,"axis":"x","origin":[8,1.5,7.5]},"faces":{"north":{"uv":[3,12.5,4,13.5],"texture":"#3"},"east":{"uv":[12.5,3,13.5,4],"texture":"#3"},"south":{"uv":[4,12.5,5,13.5],"texture":"#3"},"west":{"uv":[5,12.5,6,13.5],"texture":"#3"},"up":{"uv":[7,13.5,6,12.5],"texture":"#3"},"down":{"uv":[13.5,6.5,12.5,7.5],"texture":"#3"}}}],"display":{"thirdperson_righthand":{"rotation":[75,45,0],"translation":[0,2.5,0],"scale":[0.375,0.375,0.375]},"thirdperson_lefthand":{"rotation":[75,45,0],"translation":[0,2.5,0],"scale":[0.375,0.375,0.375]},"firstperson_righthand":{"rotation":[0,45,0],"scale":[0.4,0.4,0.4]},"firstperson_lefthand":{"rotation":[0,225,0],"scale":[0.4,0.4,0.4]},"ground":{"translation":[0,3,0],"scale":[0.25,0.25,0.25]},"gui":{"rotation":[-162.98,-20.2,-178.84],"translation":[2,6,0],"scale":[0.625,0.625,0.625]},"fixed":{"translation":[0,22,-16],"scale":[2,2,2]}}}