{"credit":"Made with Blockbench","textures":{"2":"hmcmodels:furniture/dungeon_decorations/wall_key"},"elements":[{"from":[5.5,-2,13.5],"to":[10.5,-1,14.5],"rotation":{"angle":0,"axis":"y","origin":[5.5,-1,13.5]},"faces":{"north":{"uv":[4,6,9,7],"texture":"#2"},"east":{"uv":[4,11,5,12],"texture":"#2"},"south":{"uv":[6,4,11,5],"texture":"#2"},"west":{"uv":[11,4,12,5],"texture":"#2"},"up":{"uv":[11,6,6,5],"texture":"#2"},"down":{"uv":[9,7,4,8],"texture":"#2"}}},{"from":[5.5,2,13.5],"to":[10.5,3,14.5],"rotation":{"angle":0,"axis":"y","origin":[5.5,-1,13.5]},"faces":{"north":{"uv":[4,8,9,9],"texture":"#2"},"east":{"uv":[11,10,12,11],"texture":"#2"},"south":{"uv":[4,9,9,10],"texture":"#2"},"west":{"uv":[11,11,12,12],"texture":"#2"},"up":{"uv":[14,7,9,6],"texture":"#2"},"down":{"uv":[14,7,9,8],"texture":"#2"}}},{"from":[7.5,1.8,13],"to":[8.5,1.8,15],"rotation":{"angle":0,"axis":"y","origin":[5.5,-1,13.5]},"faces":{"north":{"uv":[0,0,1,0],"texture":"#2"},"east":{"uv":[0,0,2,0],"texture":"#2"},"south":{"uv":[0,0,1,0],"texture":"#2"},"west":{"uv":[0,0,2,0],"texture":"#2"},"up":{"uv":[3,13,2,11],"texture":"#2"},"down":{"uv":[4,11,3,13],"texture":"#2"}}},{"from":[7.5,1.8,13],"to":[8.5,2.8,13],"rotation":{"angle":0,"axis":"y","origin":[5.5,-1,13.5]},"faces":{"north":{"uv":[12,1,13,2],"texture":"#2"},"east":{"uv":[0,0,0,1],"texture":"#2"},"south":{"uv":[12,2,13,3],"texture":"#2"},"west":{"uv":[0,0,0,1],"texture":"#2"},"up":{"uv":[1,0,0,0],"texture":"#2"},"down":{"uv":[1,0,0,0],"texture":"#2"}}},{"from":[5.5,-1,13.5],"to":[6.5,2,14.5],"rotation":{"angle":0,"axis":"y","origin":[5.5,-1,13.5]},"faces":{"north":{"uv":[10,1,11,4],"texture":"#2"},"east":{"uv":[5,10,6,13],"texture":"#2"},"south":{"uv":[6,10,7,13],"texture":"#2"},"west":{"uv":[7,10,8,13],"texture":"#2"},"up":{"uv":[12,6,11,5],"texture":"#2"},"down":{"uv":[12,8,11,9],"texture":"#2"}}},{"from":[9.5,-1,13.5],"to":[10.5,2,14.5],"rotation":{"angle":0,"axis":"y","origin":[5.5,-1,13.5]},"faces":{"north":{"uv":[8,10,9,13],"texture":"#2"},"east":{"uv":[10,8,11,11],"texture":"#2"},"south":{"uv":[1,11,2,14],"texture":"#2"},"west":{"uv":[11,1,12,4],"texture":"#2"},"up":{"uv":[12,10,11,9],"texture":"#2"},"down":{"uv":[11,11,10,12],"texture":"#2"}}},{"from":[8,-6,12.5],"to":[8,0,15.5],"rotation":{"angle":22.5,"axis":"x","origin":[8,-1,14]},"faces":{"north":{"uv":[0,0,0,6],"texture":"#2"},"east":{"uv":[0,0,3,6],"texture":"#2"},"south":{"uv":[0,0,0,6],"texture":"#2"},"west":{"uv":[3,0,6,6],"texture":"#2"},"up":{"uv":[0,3,0,0],"texture":"#2"},"down":{"uv":[0,0,0,3],"texture":"#2"}}},{"from":[6,0,15],"to":[10,4,16],"faces":{"north":{"uv":[0,6,4,10],"texture":"#2"},"east":{"uv":[9,8,10,12],"texture":"#2"},"south":{"uv":[6,0,10,4],"texture":"#2"},"west":{"uv":[0,10,1,14],"texture":"#2"},"up":{"uv":[14,1,10,0],"texture":"#2"},"down":{"uv":[5,10,1,11],"texture":"#2"}}}],"display":{"thirdperson_righthand":{"rotation":[75,45,0],"translation":[0,2.5,0],"scale":[0.375,0.375,0.375]},"thirdperson_lefthand":{"rotation":[75,45,0],"translation":[0,2.5,0],"scale":[0.375,0.375,0.375]},"firstperson_righthand":{"rotation":[0,45,0],"scale":[0.4,0.4,0.4]},"firstperson_lefthand":{"rotation":[0,225,0],"scale":[0.4,0.4,0.4]},"ground":{"translation":[0,3,0],"scale":[0.25,0.25,0.25]},"gui":{"rotation":[30,225,0],"translation":[5.25,4,0]},"fixed":{"translation":[0,12,-16],"scale":[2,2,2]}}}