{"credit":"Made with Blockbench","texture_size":[32,32],"textures":{"2":"hmcmodels:furniture/dungeon_decorations/wall_shackle","particle":"dungeon_decorations/wall_shackle"},"elements":[{"from":[1,0,15],"to":[15,3,16],"faces":{"north":{"uv":[0,0,7,1.5],"texture":"#2"},"east":{"uv":[7,0,7.5,1.5],"texture":"#2"},"south":{"uv":[0,1.5,7,3],"texture":"#2"},"west":{"uv":[7,1.5,7.5,3],"texture":"#2"},"up":{"uv":[10,8,3,7.5],"texture":"#2"},"down":{"uv":[14.5,4.5,7.5,5],"texture":"#2"}}},{"from":[3,-6,13],"to":[3,3,16],"rotation":{"angle":45,"axis":"y","origin":[3,-2,14.5]},"faces":{"north":{"uv":[0,0,0,4.5],"texture":"#2"},"east":{"uv":[0,3,1.5,7.5],"texture":"#2"},"south":{"uv":[0,0,0,4.5],"texture":"#2"},"west":{"uv":[1.5,3,3,7.5],"texture":"#2"},"up":{"uv":[0,1.5,0,0],"texture":"#2"},"down":{"uv":[0,0,0,1.5],"texture":"#2"}}},{"from":[1.5,-7,14.5],"to":[4.5,2,14.5],"rotation":{"angle":45,"axis":"y","origin":[3,-2,14.5]},"faces":{"north":{"uv":[3,3,4.5,7.5],"texture":"#2"},"east":{"uv":[0,0,0,4.5],"texture":"#2"},"south":{"uv":[4.5,3,6,7.5],"texture":"#2"},"west":{"uv":[0,0,0,4.5],"texture":"#2"},"up":{"uv":[1.5,0,0,0],"texture":"#2"},"down":{"uv":[1.5,0,0,0],"texture":"#2"}}},{"from":[1,-8,13.5],"to":[5,-7,15.5],"rotation":{"angle":0,"axis":"y","origin":[0,0,1]},"faces":{"north":{"uv":[7.5,7,9.5,7.5],"texture":"#2"},"east":{"uv":[10,3,11,3.5],"texture":"#2"},"south":{"uv":[3,9,5,9.5],"texture":"#2"},"west":{"uv":[10,3.5,11,4],"texture":"#2"},"up":{"uv":[9.5,6,7.5,5],"texture":"#2"},"down":{"uv":[9.5,6,7.5,7],"texture":"#2"}}},{"from":[1,-11,13.5],"to":[5,-10,15.5],"rotation":{"angle":0,"axis":"y","origin":[0,0,1]},"faces":{"north":{"uv":[9,4,11,4.5],"texture":"#2"},"east":{"uv":[7,10,8,10.5],"texture":"#2"},"south":{"uv":[6,9,8,9.5],"texture":"#2"},"west":{"uv":[10,7.5,11,8],"texture":"#2"},"up":{"uv":[5,9,3,8],"texture":"#2"},"down":{"uv":[7,8,5,9],"texture":"#2"}}},{"from":[1,-10,13.5],"to":[2,-8,15.5],"rotation":{"angle":0,"axis":"y","origin":[0,0,1]},"faces":{"north":{"uv":[5,10,5.5,11],"texture":"#2"},"east":{"uv":[9,3,10,4],"texture":"#2"},"south":{"uv":[5.5,10,6,11],"texture":"#2"},"west":{"uv":[5,9,6,10],"texture":"#2"},"up":{"uv":[6.5,11,6,10],"texture":"#2"},"down":{"uv":[7,10,6.5,11],"texture":"#2"}}},{"from":[4,-10,13.5],"to":[5,-8,15.5],"rotation":{"angle":0,"axis":"y","origin":[0,0,1]},"faces":{"north":{"uv":[8,10,8.5,11],"texture":"#2"},"east":{"uv":[8,9,9,10],"texture":"#2"},"south":{"uv":[10,8,10.5,9],"texture":"#2"},"west":{"uv":[9,8,10,9],"texture":"#2"},"up":{"uv":[9,11,8.5,10],"texture":"#2"},"down":{"uv":[9.5,10,9,11],"texture":"#2"}}},{"from":[13,-6,13],"to":[13,3,16],"rotation":{"angle":-45,"axis":"y","origin":[13,-2,14.5]},"faces":{"north":{"uv":[0,0,0,4.5],"texture":"#2"},"east":{"uv":[7.5,0,9,4.5],"texture":"#2"},"south":{"uv":[0,0,0,4.5],"texture":"#2"},"west":{"uv":[1.5,7.5,3,12],"texture":"#2"},"up":{"uv":[0,1.5,0,0],"texture":"#2"},"down":{"uv":[0,0,0,1.5],"texture":"#2"}}},{"from":[11.5,-7,14.5],"to":[14.5,2,14.5],"rotation":{"angle":-45,"axis":"y","origin":[13,-2,14.5]},"faces":{"north":{"uv":[6,3,7.5,7.5],"texture":"#2"},"east":{"uv":[0,0,0,4.5],"texture":"#2"},"south":{"uv":[0,7.5,1.5,12],"texture":"#2"},"west":{"uv":[0,0,0,4.5],"texture":"#2"},"up":{"uv":[1.5,0,0,0],"texture":"#2"},"down":{"uv":[1.5,0,0,0],"texture":"#2"}}},{"from":[11,-11,13.5],"to":[15,-10,15.5],"rotation":{"angle":0,"axis":"y","origin":[16,0,1]},"faces":{"north":{"uv":[9.5,6.5,11.5,7],"texture":"#2"},"east":{"uv":[10.5,8.5,11.5,9],"texture":"#2"},"south":{"uv":[9.5,7,11.5,7.5],"texture":"#2"},"west":{"uv":[10.5,9,11.5,9.5],"texture":"#2"},"up":{"uv":[11,2,9,1],"texture":"#2"},"down":{"uv":[11,2,9,3],"texture":"#2"}}},{"from":[11,-8,13.5],"to":[15,-7,15.5],"rotation":{"angle":0,"axis":"y","origin":[16,0,1]},"faces":{"north":{"uv":[6,9.5,8,10],"texture":"#2"},"east":{"uv":[7,10.5,8,11],"texture":"#2"},"south":{"uv":[9.5,6,11.5,6.5],"texture":"#2"},"west":{"uv":[10.5,8,11.5,8.5],"texture":"#2"},"up":{"uv":[9,9,7,8],"texture":"#2"},"down":{"uv":[11,0,9,1],"texture":"#2"}}},{"from":[14,-10,13.5],"to":[15,-8,15.5],"rotation":{"angle":0,"axis":"y","origin":[16,0,1]},"faces":{"north":{"uv":[3.5,10.5,4,11.5],"texture":"#2"},"east":{"uv":[4,9.5,5,10.5],"texture":"#2"},"south":{"uv":[4,10.5,4.5,11.5],"texture":"#2"},"west":{"uv":[9.5,5,10.5,6],"texture":"#2"},"up":{"uv":[5,11.5,4.5,10.5],"texture":"#2"},"down":{"uv":[11,5,10.5,6],"texture":"#2"}}},{"from":[11,-10,13.5],"to":[12,-8,15.5],"rotation":{"angle":0,"axis":"y","origin":[16,0,1]},"faces":{"north":{"uv":[10,9,10.5,10],"texture":"#2"},"east":{"uv":[9,9,10,10],"texture":"#2"},"south":{"uv":[9.5,10,10,11],"texture":"#2"},"west":{"uv":[3,9.5,4,10.5],"texture":"#2"},"up":{"uv":[10.5,11,10,10],"texture":"#2"},"down":{"uv":[3.5,10.5,3,11.5],"texture":"#2"}}}],"display":{"thirdperson_righthand":{"rotation":[75,45,0],"translation":[0,2.5,0],"scale":[0.375,0.375,0.375]},"thirdperson_lefthand":{"rotation":[75,45,0],"translation":[0,2.5,0],"scale":[0.375,0.375,0.375]},"firstperson_righthand":{"rotation":[0,45,0],"translation":[0,8.75,0],"scale":[0.4,0.4,0.4]},"firstperson_lefthand":{"rotation":[0,225,0],"translation":[0,6.25,0],"scale":[0.4,0.4,0.4]},"ground":{"translation":[0,3,0],"scale":[0.25,0.25,0.25]},"gui":{"rotation":[-162.98,-20.2,-178.84],"translation":[2,6,0],"scale":[0.625,0.625,0.625]},"fixed":{"translation":[0,24,-16],"scale":[2,2,2]}}}