{"credit":"Made with Blockbench","textures":{"0":"cosmetics:backpacks/miner_backpack","particle":"cosmetics:backpacks/miner_backpack"},"elements":[{"from":[2,0,2],"to":[14,15,13],"faces":{"north":{"uv":[0,0,3,3.75],"texture":"#0"},"east":{"uv":[5.75,0,3,3.75],"texture":"#0"},"south":{"uv":[5.75,0,8.75,3.75],"texture":"#0"},"west":{"uv":[3,0,5.75,3.75],"texture":"#0"},"up":{"uv":[3,3.75,6,6.5],"texture":"#0"},"down":{"uv":[0,3.75,3,6.5],"texture":"#0"}}},{"from":[3,2,13],"to":[13,14,20],"faces":{"east":{"uv":[13.5,0,11.75,3],"texture":"#0"},"south":{"uv":[13.5,0,16,3],"texture":"#0"},"west":{"uv":[11.75,0,13.5,3],"texture":"#0"},"up":{"uv":[13.5,3,16,4.75],"texture":"#0"},"down":{"uv":[13.5,4.75,16,6.5],"texture":"#0"}}},{"from":[12.98,13.98,19.98],"to":[3.02,2.02,13.02],"faces":{"north":{"uv":[13.5,3,16,0],"texture":"#0"},"east":{"uv":[11.75,3,13.5,0],"texture":"#0"},"west":{"uv":[13.5,3,11.75,0],"texture":"#0"},"up":{"uv":[16,4.75,13.5,6.5],"texture":"#0"},"down":{"uv":[16,3,13.5,4.75],"texture":"#0"}}},{"from":[1.75,12.6,1.75],"to":[14.25,15.1,13.25],"faces":{"north":{"uv":[0,0,3,0.5],"texture":"#0"},"east":{"uv":[5.75,0,3,0.5],"texture":"#0"},"south":{"uv":[5.75,0,8.75,0.5],"texture":"#0"},"west":{"uv":[3,0,5.75,0.5],"texture":"#0"},"up":{"uv":[3,3.75,6,6.5],"texture":"#0"}}},{"from":[3,1,-1],"to":[13,8,2],"faces":{"north":{"uv":[0,7.25,2.5,9],"texture":"#0"},"east":{"uv":[3.25,7.25,2.5,9],"texture":"#0"},"west":{"uv":[2.5,7.25,3.25,9],"texture":"#0"},"up":{"uv":[0,7.25,2.5,6.5],"texture":"#0"},"down":{"uv":[0,9.75,2.5,9],"texture":"#0"}}},{"from":[14,1,4],"to":[16,8,11],"faces":{"north":{"uv":[1.75,10.25,2.25,12],"texture":"#0"},"east":{"uv":[0,10.25,1.75,12],"texture":"#0"},"south":{"uv":[2.25,10.25,1.75,12],"texture":"#0"},"up":{"uv":[0,10.25,1.75,9.75],"rotation":90,"texture":"#0"},"down":{"uv":[0,12,1.75,12.5],"rotation":90,"texture":"#0"}}},{"from":[0,1,4],"to":[2,8,11],"faces":{"north":{"uv":[2.25,10.25,1.75,12],"texture":"#0"},"south":{"uv":[1.75,10.25,2.25,12],"texture":"#0"},"west":{"uv":[1.75,10.25,0,12],"texture":"#0"},"up":{"uv":[0,9.75,1.75,10.25],"rotation":90,"texture":"#0"},"down":{"uv":[0,12.5,1.75,12],"rotation":90,"texture":"#0"}}},{"from":[3,11,8],"to":[8,16,13],"rotation":{"angle":-22.5,"axis":"x","origin":[0,0,0]},"faces":{"north":{"uv":[1.25,14.75,2.5,16],"texture":"#0","tintindex":0},"east":{"uv":[1.25,14.75,0,16],"texture":"#0","tintindex":0},"south":{"uv":[0,14.75,1.25,16],"texture":"#0","tintindex":0},"west":{"uv":[2.5,14.75,1.25,16],"texture":"#0","tintindex":0},"up":{"uv":[0,13.5,1.25,14.75],"texture":"#0","tintindex":0}}},{"from":[8.3,16.8,0.4],"to":[13.3,21.8,5.4],"rotation":{"angle":22.5,"axis":"x","origin":[0,0,0]},"faces":{"north":{"uv":[1.25,14.75,2.5,16],"texture":"#0","tintindex":0},"east":{"uv":[1.25,14.75,0,16],"texture":"#0","tintindex":0},"south":{"uv":[0,14.75,1.25,16],"texture":"#0","tintindex":0},"west":{"uv":[2.5,14.75,1.25,16],"texture":"#0","tintindex":0},"up":{"uv":[0,13.5,1.25,14.75],"texture":"#0","tintindex":0}}},{"from":[2,17,2.8],"to":[7,22,7.8],"rotation":{"angle":-22.5,"axis":"z","origin":[0,0,0]},"faces":{"north":{"uv":[1.25,14.75,2.5,16],"texture":"#0","tintindex":0},"east":{"uv":[1.25,14.75,0,16],"texture":"#0","tintindex":0},"south":{"uv":[0,14.75,1.25,16],"texture":"#0","tintindex":0},"west":{"uv":[2.5,14.75,1.25,16],"texture":"#0","tintindex":0},"up":{"uv":[0,13.5,1.25,14.75],"texture":"#0","tintindex":0}}},{"from":[8,11,7.6],"to":[13,16,12.6],"rotation":{"angle":22.5,"axis":"z","origin":[0,0,0]},"faces":{"north":{"uv":[1.25,14.75,2.5,16],"texture":"#0","tintindex":0},"east":{"uv":[1.25,14.75,0,16],"texture":"#0","tintindex":0},"south":{"uv":[0,14.75,1.25,16],"texture":"#0","tintindex":0},"west":{"uv":[2.5,14.75,1.25,16],"texture":"#0","tintindex":0},"up":{"uv":[0,13.5,1.25,14.75],"texture":"#0","tintindex":0}}}],"gui_light":"front","display":{"thirdperson_righthand":{"rotation":[75,45,0],"translation":[-2.5,1.25,0],"scale":[0.4,0.4,0.4]},"thirdperson_lefthand":{"rotation":[75,45,0],"translation":[-2.5,1.25,0],"scale":[0.4,0.4,0.4]},"firstperson_righthand":{"rotation":[0,8,0],"translation":[2.5,0,0],"scale":[0.4,0.4,0.4]},"firstperson_lefthand":{"rotation":[0,8,0],"translation":[2.5,0,0],"scale":[0.4,0.4,0.4]},"ground":{"translation":[0,3,0],"scale":[0.5,0.5,0.5]},"gui":{"rotation":[30,-150,0],"translation":[0,-0.25,0],"scale":[0.6,0.6,0.6]},"head":{"rotation":[5,180,0],"translation":[0,-50.5,14.25],"scale":[1.5,1.5,1.5]}}}