{"credit":"by w11shes","textures":{"0":"hmcmodels:furniture/office_furniture/computer_table","particle":"#0"},"elements":[{"from":[0,14,-2],"to":[32,16,16],"faces":{"north":{"uv":[0,4.5,8,5],"texture":"#0"},"east":{"uv":[12.5,0,8,0.5],"texture":"#0"},"south":{"uv":[0,4.5,8,5],"texture":"#0"},"west":{"uv":[8,0,12.5,0.5],"texture":"#0"},"up":{"uv":[0,0,8,4.5],"texture":"#0"},"down":{"uv":[0,0,8,4.5],"texture":"#0"}}},{"from":[0,0,0],"to":[14,14,16],"faces":{"north":{"uv":[3.5,5,7,9],"texture":"#0"},"east":{"uv":[0,9,4,13],"texture":"#0"},"south":{"uv":[0,5,3.5,9],"texture":"#0"},"west":{"uv":[0,9,4,13],"texture":"#0"},"down":{"uv":[4,9,7.5,13],"texture":"#0"}}},{"from":[30,0,0],"to":[32,14,16],"faces":{"north":{"uv":[3.75,9,4,13],"texture":"#0"},"east":{"uv":[0,9,4,13],"texture":"#0"},"south":{"uv":[3.75,9,4,13],"texture":"#0"},"west":{"uv":[0,9,4,13],"texture":"#0"},"down":{"uv":[0,12.75,4,13],"rotation":90,"texture":"#0"}}}],"display":{"thirdperson_righthand":{"rotation":[75,45,0],"translation":[-4.5,-1.5,0],"scale":[0.375,0.375,0.375]},"thirdperson_lefthand":{"rotation":[75,45,0],"translation":[0,2.5,0],"scale":[0.375,0.375,0.375]},"firstperson_righthand":{"rotation":[0,139,0],"translation":[1,1.5,0],"scale":[0.4,0.4,0.4]},"firstperson_lefthand":{"rotation":[0,139,0],"translation":[-3.5,1.5,0],"scale":[0.4,0.4,0.4]},"gui":{"rotation":[30,225,0],"translation":[2,0.5,0],"scale":[0.4,0.4,0.4]},"head":{"translation":[-13,-31,0],"scale":[1.6,1.6,1.6]},"fixed":{"rotation":[-90,0,0],"translation":[0,0,-16],"scale":[2,2,2]}}}