{"credit":"by w11shes","textures":{"0":"hmcmodels:furniture/office_furniture/computer","particle":"#0"},"elements":[{"from":[1,0,-1.5],"to":[15,2,5.5],"faces":{"north":{"uv":[3.25,6.75,6.75,7.25],"texture":"#0"},"east":{"uv":[3.25,7.25,5,7.75],"texture":"#0"},"south":{"uv":[3.25,6.75,6.75,7.25],"texture":"#0"},"west":{"uv":[3.25,7.25,5,7.75],"texture":"#0"},"up":{"uv":[3.25,5,6.75,6.75],"texture":"#0"},"down":{"uv":[6.75,5,10.25,6.75],"texture":"#0"}}},{"from":[1.5,0,6],"to":[14.5,5,16],"faces":{"north":{"uv":[3.25,12.25,6.5,13.5],"texture":"#0"},"east":{"uv":[0,13.5,2.5,14.75],"texture":"#0"},"south":{"uv":[0,12.25,3.25,13.5],"texture":"#0"},"west":{"uv":[0,13.5,2.5,14.75],"texture":"#0"},"up":{"uv":[0,9.75,3.25,12.25],"texture":"#0"},"down":{"uv":[3.25,9.75,6.5,12.25],"texture":"#0"}}},{"from":[1.5,8,6],"to":[14.5,18,10],"faces":{"north":{"uv":[0,1,3.25,3.5],"texture":"#0"},"east":{"uv":[3.25,1,4.25,3.5],"texture":"#0"},"south":{"uv":[0,4.5,3.25,7],"texture":"#0"},"west":{"uv":[3.25,1,4.25,3.5],"texture":"#0"},"up":{"uv":[0,1,3.25,0],"texture":"#0"},"down":{"uv":[0,4.25,3.25,3.5],"texture":"#0"}}},{"from":[4.5,5,7],"to":[11.5,7,15],"faces":{"north":{"uv":[0,8.75,1.75,9.25],"texture":"#0"},"east":{"uv":[0,9.25,2,9.75],"texture":"#0"},"south":{"uv":[0,8.75,1.75,9.25],"texture":"#0"},"west":{"uv":[0,9.25,2,9.75],"texture":"#0"},"up":{"uv":[0,7,1.75,9],"texture":"#0"}}},{"from":[6,7,9],"to":[10,8,13],"faces":{"north":{"uv":[3.25,0,4.25,0.25],"texture":"#0"},"east":{"uv":[3.25,0,4.25,0.25],"texture":"#0"},"south":{"uv":[3.25,0,4.25,0.25],"texture":"#0"},"west":{"uv":[3.25,0,4.25,0.25],"texture":"#0"}}},{"from":[2.5,8,10],"to":[13.5,16,16],"faces":{"east":{"uv":[8.5,1.5,7,3.5],"texture":"#0"},"south":{"uv":[4.25,1.5,7,3.5],"texture":"#0"},"west":{"uv":[7,1.5,8.5,3.5],"texture":"#0"},"up":{"uv":[4.25,0,7,1.5],"texture":"#0"},"down":{"uv":[4.25,3.5,7,5],"texture":"#0"}}}],"display":{"thirdperson_righthand":{"rotation":[75,45,0],"translation":[0.5,1.5,2],"scale":[0.4,0.4,0.4]},"thirdperson_lefthand":{"rotation":[75,45,0],"translation":[0.5,1.5,2],"scale":[0.4,0.4,0.4]},"firstperson_righthand":{"rotation":[0,127,0],"translation":[1,1.5,0],"scale":[0.4,0.4,0.4]},"firstperson_lefthand":{"rotation":[0,127,0],"translation":[1,1.5,0],"scale":[0.4,0.4,0.4]},"ground":{"translation":[0,3,0],"scale":[0.25,0.25,0.25]},"gui":{"rotation":[30,225,0],"scale":[0.625,0.625,0.625]},"head":{"translation":[0,-31,0],"scale":[1.6,1.6,1.6]},"fixed":{"rotation":[-90,0,0],"translation":[0,0,-16],"scale":[2,2,2]}}}