{"credit":"by w11shes","textures":{"0":"office_furniture/fan","particle":"#0"},"elements":[{"from":[4.5,0,6.5],"to":[11.5,2,13.5],"faces":{"north":{"uv":[0,3.5,3.5,4.5],"texture":"#0","tintindex":1},"east":{"uv":[0,3.5,3.5,4.5],"texture":"#0","tintindex":1},"south":{"uv":[0,8,3.5,9],"texture":"#0","tintindex":1},"west":{"uv":[0,3.5,3.5,4.5],"texture":"#0","tintindex":1},"up":{"uv":[0,3.5,3.5,0],"texture":"#0","tintindex":1},"down":{"uv":[0,8,3.5,4.5],"texture":"#0","tintindex":1}}},{"from":[5.5,9,5.2],"to":[10.5,13,11.2],"faces":{"north":{"uv":[8,2.5,10.5,4.5],"texture":"#0","tintindex":1},"east":{"uv":[8,2.5,5,4.5],"texture":"#0","tintindex":1},"south":{"uv":[8,2.5,10.5,4.5],"texture":"#0","tintindex":1},"west":{"uv":[5,2.5,8,4.5],"texture":"#0","tintindex":1},"up":{"uv":[5,0,8,2.5],"rotation":90,"texture":"#0","tintindex":1},"down":{"uv":[5,4.5,8,7],"rotation":90,"texture":"#0","tintindex":1}}},{"from":[3,6,3.6],"to":[13,16,3.65],"rotation":{"angle":0,"axis":"y","origin":[0,0,2]},"faces":{"north":{"uv":[0.5,10,6,15.5],"texture":"#0"},"south":{"uv":[0.5,10,6,15.5],"texture":"#0"}}},{"from":[7.5,3.95,6.325],"to":[8.5,4.95,8.325],"rotation":{"angle":22.5,"axis":"x","origin":[0,0,2]},"faces":{"north":{"uv":[1.5,3,2,2.5],"texture":"#0"},"east":{"uv":[1.5,3,2,2],"rotation":90,"texture":"#0"},"south":{"uv":[1.5,3,2,2.5],"texture":"#0"},"west":{"uv":[1.5,2,2,3],"rotation":90,"texture":"#0"},"up":{"uv":[1.5,3,2,2],"texture":"#0"}}},{"from":[7,-2.55,10.375],"to":[9,6.45,13.375],"rotation":{"angle":-22.5,"axis":"x","origin":[0,0,2]},"faces":{"north":{"uv":[3.5,0,4,4.5],"texture":"#0","tintindex":1},"east":{"uv":[5,0,3.5,4.5],"texture":"#0","tintindex":1},"south":{"uv":[4.5,0,5,4.5],"texture":"#0","tintindex":1},"west":{"uv":[3.5,0,5,4.5],"texture":"#0","tintindex":1}}},{"from":[6.5,9.5,2.25],"to":[9.5,12.5,3.25],"faces":{"north":{"uv":[3.5,4.5,5,6],"texture":"#0"},"east":{"uv":[4.5,4.5,5,6],"texture":"#0"},"west":{"uv":[4.5,4.5,5,6],"texture":"#0"},"up":{"uv":[3.5,4.5,5,5],"texture":"#0"},"down":{"uv":[3.5,5.5,5,6],"texture":"#0"}}},{"from":[6.5,9.5,3.25],"to":[9.5,12.5,5.25],"faces":{"east":{"uv":[4.5,4.5,5,6],"texture":"#0","tintindex":1},"west":{"uv":[4.5,4.5,5,6],"texture":"#0","tintindex":1},"up":{"uv":[3.5,4.5,5,5],"texture":"#0","tintindex":1},"down":{"uv":[3.5,5.5,5,6],"texture":"#0","tintindex":1}}}],"display":{"thirdperson_righthand":{"rotation":[42,21,0],"translation":[0,0.25,0],"scale":[0.5,0.5,0.5]},"thirdperson_lefthand":{"rotation":[42,21,0],"translation":[0,0.25,0],"scale":[0.5,0.5,0.5]},"firstperson_righthand":{"rotation":[0,103,0],"translation":[2.5,4.5,0],"scale":[0.5,0.5,0.5]},"firstperson_lefthand":{"rotation":[0,103,0],"translation":[2.5,4.5,0],"scale":[0.5,0.5,0.5]},"ground":{"translation":[0,3,0],"scale":[0.25,0.25,0.25]},"gui":{"rotation":[30,225,0],"translation":[-2,0.5,0],"scale":[0.625,0.625,0.625]},"head":{"translation":[0,-31,0],"scale":[1.6,1.6,1.6]},"fixed":{"rotation":[-91,0,0],"translation":[0,0,-16],"scale":[2,2,2]}}}