{"credit":"by w11shes","textures":{"0":"hmcmodels:furniture/office_furniture/lamp_table","particle":"#0"},"elements":[{"from":[4.5,0,4.5],"to":[11.5,2,11.5],"faces":{"north":{"uv":[0,3.5,3.5,4.5],"texture":"#0","tintindex":0},"east":{"uv":[0,3.5,3.5,4.5],"texture":"#0","tintindex":0},"south":{"uv":[0,8,3.5,9],"texture":"#0","tintindex":0},"west":{"uv":[0,3.5,3.5,4.5],"texture":"#0","tintindex":0},"up":{"uv":[0,3.5,3.5,0],"texture":"#0","tintindex":0},"down":{"uv":[0,8,3.5,4.5],"texture":"#0","tintindex":0}}},{"from":[7.5,-1.25,5.85],"to":[8.5,-0.25,7.85],"rotation":{"angle":-22.5,"axis":"x","origin":[0,0,0]},"faces":{"north":{"uv":[1.5,3,2,2.5],"texture":"#0"},"east":{"uv":[1.5,3,2,2],"rotation":90,"texture":"#0"},"south":{"uv":[1.5,3,2,2.5],"texture":"#0"},"west":{"uv":[1.5,2,2,3],"rotation":90,"texture":"#0"},"up":{"uv":[1.5,3,2,2],"texture":"#0"}}},{"from":[7,2,8.5],"to":[9,8,10.5],"rotation":{"angle":22.5,"axis":"x","origin":[8,2,8.5]},"faces":{"north":{"uv":[3.5,0,4,3],"texture":"#0","tintindex":0},"east":{"uv":[4.5,0,3.5,3],"texture":"#0","tintindex":0},"south":{"uv":[4.5,0,4,3],"texture":"#0","tintindex":0},"west":{"uv":[3.5,0,4.5,3],"texture":"#0","tintindex":0}}},{"from":[6.98,6.77534,10.64321],"to":[9.02,14.77534,12.64321],"rotation":{"angle":-22.5,"axis":"x","origin":[7,6.775,12.65]},"faces":{"north":{"uv":[3.5,4,4,6.75],"texture":"#0","tintindex":0},"east":{"uv":[4.5,4,3.5,6.75],"texture":"#0","tintindex":0},"south":{"uv":[4,4,4.5,6.75],"texture":"#0","tintindex":0},"west":{"uv":[3.5,4,4.5,6.75],"texture":"#0","tintindex":0},"up":{"uv":[4,4,4.5,4.5],"texture":"#0","tintindex":0}}},{"from":[6,7.4,9.75],"to":[10,11.4,13.75],"rotation":{"angle":-22.5,"axis":"x","origin":[0,0,0]},"faces":{"east":{"uv":[6.5,2,4.5,0],"rotation":90,"texture":"#0","tintindex":0},"south":{"uv":[4.5,4,6.5,6],"texture":"#0","tintindex":0},"west":{"uv":[6.5,0,4.5,2],"rotation":90,"texture":"#0","tintindex":0},"up":{"uv":[4.5,2,6.5,4],"rotation":90,"texture":"#0","tintindex":0},"down":{"uv":[4.5,6,6.5,8],"rotation":90,"texture":"#0","tintindex":0}}},{"from":[5,6.4,7.75],"to":[11,12.4,9.75],"rotation":{"angle":-22.5,"axis":"x","origin":[0,0,0]},"faces":{"north":{"uv":[6.5,0,9.5,3],"texture":"#0","tintindex":0},"east":{"uv":[10.5,0,9.5,3],"texture":"#0","tintindex":0},"south":{"uv":[6.5,5,9.5,8],"texture":"#0","tintindex":0},"west":{"uv":[9.5,0,10.5,3],"texture":"#0","tintindex":0},"up":{"uv":[6.5,3,9.5,4],"texture":"#0","tintindex":0},"down":{"uv":[6.5,4,9.5,5],"texture":"#0","tintindex":0}}},{"from":[6,7.4,7.72],"to":[10,11.4,9.72],"rotation":{"angle":-22.5,"axis":"x","origin":[0,0,0]},"faces":{"north":{"uv":[0,9,2,11],"texture":"#0"}}}],"display":{"thirdperson_righthand":{"rotation":[42,21,0],"translation":[0,0.25,0],"scale":[0.5,0.5,0.5]},"thirdperson_lefthand":{"rotation":[42,21,0],"translation":[0,0.25,0],"scale":[0.5,0.5,0.5]},"firstperson_righthand":{"rotation":[0,103,0],"translation":[2.5,4.5,0],"scale":[0.5,0.5,0.5]},"firstperson_lefthand":{"rotation":[0,103,0],"translation":[2.5,4.5,0],"scale":[0.5,0.5,0.5]},"ground":{"translation":[0,3,0],"scale":[0.25,0.25,0.25]},"gui":{"rotation":[30,225,0],"scale":[0.625,0.625,0.625]},"head":{"translation":[0,-31,0],"scale":[1.6,1.6,1.6]},"fixed":{"rotation":[-91,0,0],"translation":[0,0,-16],"scale":[2,2,2]}}}