{"credit":"by w11shes","textures":{"0":"hmcmodels:furniture/office_furniture/nightstand","particle":"#0"},"elements":[{"from":[1,0,1],"to":[15,14,15],"faces":{"north":{"uv":[0,9,7,16],"texture":"#0"},"east":{"uv":[7,9,14,16],"texture":"#0"},"south":{"uv":[7,9,14,16],"texture":"#0"},"west":{"uv":[7,9,14,16],"texture":"#0"},"down":{"uv":[9,0,16,7],"texture":"#0"}}},{"from":[0,14,0],"to":[16,16,16],"faces":{"north":{"uv":[0,8,8,9],"texture":"#0"},"east":{"uv":[8,8,16,9],"texture":"#0"},"south":{"uv":[0,8,8,9],"texture":"#0"},"west":{"uv":[8,8,16,9],"texture":"#0"},"up":{"uv":[0,0,8,8],"texture":"#0"},"down":{"uv":[0,8.5,8,9],"texture":"#0"}}}],"display":{"thirdperson_righthand":{"rotation":[75,45,0],"translation":[0,2.5,0],"scale":[0.4,0.4,0.4]},"thirdperson_lefthand":{"rotation":[75,45,0],"translation":[0,2.5,0],"scale":[0.4,0.4,0.4]},"firstperson_righthand":{"rotation":[0,122,0],"translation":[0,2,0],"scale":[0.4,0.4,0.4]},"firstperson_lefthand":{"rotation":[0,122,0],"translation":[0,2,0],"scale":[0.4,0.4,0.4]},"ground":{"translation":[0,3,0],"scale":[0.25,0.25,0.25]},"gui":{"rotation":[30,225,0],"scale":[0.625,0.625,0.625]},"head":{"translation":[0,-31,0],"scale":[1.6,1.6,1.6]},"fixed":{"rotation":[-90,0,0],"translation":[0,0,-16],"scale":[2,2,2]}}}