{"credit":"by w11shes","textures":{"0":"hmcmodels:furniture/office_furniture/office_chair","particle":"#0"},"elements":[{"from":[7,2,3],"to":[9,3,13],"rotation":{"angle":45,"axis":"y","origin":[8,2,8]},"faces":{"north":{"uv":[0,0,1,0.5],"texture":"#0"},"east":{"uv":[0.5,0,1,5],"rotation":90,"texture":"#0"},"south":{"uv":[0,0,1,0.5],"texture":"#0"},"west":{"uv":[0,0,0.5,5],"rotation":90,"texture":"#0"},"up":{"uv":[0,0,1,5],"texture":"#0"},"down":{"uv":[0,0,1,5],"texture":"#0"}}},{"from":[7,3,7],"to":[9,7,9],"faces":{"north":{"uv":[1,1,2,3],"texture":"#0"},"east":{"uv":[1,1,2,3],"texture":"#0"},"south":{"uv":[1,1,2,3],"texture":"#0"},"west":{"uv":[1,1,2,3],"texture":"#0"}}},{"from":[6.5,7,11],"to":[9.5,14,13],"faces":{"north":{"uv":[0,5,1.5,8.5],"texture":"#0"},"east":{"uv":[0,5,1,8.5],"texture":"#0"},"south":{"uv":[0,5,1.5,8.5],"texture":"#0"},"west":{"uv":[0.5,5,1.5,8.5],"texture":"#0"},"down":{"uv":[0,8.5,1.5,9.5],"texture":"#0"}}},{"from":[3,14,12],"to":[13,20,13],"faces":{"east":{"uv":[3,5,3.5,8],"texture":"#0"},"south":{"uv":[3,5,8,8],"texture":"#0"},"west":{"uv":[3,5,3.5,8],"texture":"#0"},"up":{"uv":[3,5,8,5.5],"texture":"#0"},"down":{"uv":[3,7.5,8,8],"texture":"#0"}}},{"from":[3,14,11],"to":[13,20,12],"faces":{"north":{"uv":[3,8,8,11],"texture":"#0","tintindex":0},"east":{"uv":[3,8,3.5,11],"texture":"#0","tintindex":0},"west":{"uv":[3,8,3.5,11],"texture":"#0","tintindex":0},"up":{"uv":[3,8,8,8.5],"texture":"#0","tintindex":0},"down":{"uv":[3,10.5,8,11],"texture":"#0","tintindex":0}}},{"from":[3,2,7],"to":[13,3,9],"rotation":{"angle":45,"axis":"y","origin":[8,2,8]},"faces":{"north":{"uv":[0.5,0,1,5],"rotation":90,"texture":"#0"},"east":{"uv":[0,0,1,0.5],"texture":"#0"},"south":{"uv":[0,0,0.5,5],"rotation":90,"texture":"#0"},"west":{"uv":[0,0,1,0.5],"texture":"#0"},"up":{"uv":[1,0,0,5],"rotation":90,"texture":"#0"},"down":{"uv":[1,0,0,5],"rotation":90,"texture":"#0"}}},{"from":[3.8,0,3.8],"to":[5.8,2,5.8],"faces":{"north":{"uv":[1,0,2,1],"texture":"#0"},"east":{"uv":[1.5,0,1,1],"texture":"#0"},"south":{"uv":[2,0,1,1],"texture":"#0"},"west":{"uv":[1.5,0,2,1],"texture":"#0"},"up":{"uv":[2,0,1,1],"texture":"#0"},"down":{"uv":[2,0,1,1],"texture":"#0"}}},{"from":[10.2,0,3.8],"to":[12.2,2,5.8],"faces":{"north":{"uv":[1,0,2,1],"texture":"#0"},"east":{"uv":[1.5,0,1,1],"texture":"#0"},"south":{"uv":[2,0,1,1],"texture":"#0"},"west":{"uv":[1.5,0,2,1],"texture":"#0"},"up":{"uv":[2,0,1,1],"texture":"#0"},"down":{"uv":[2,0,1,1],"texture":"#0"}}},{"from":[10.2,0,10.2],"to":[12.2,2,12.2],"faces":{"north":{"uv":[1,0,2,1],"texture":"#0"},"east":{"uv":[1.5,0,1,1],"texture":"#0"},"south":{"uv":[2,0,1,1],"texture":"#0"},"west":{"uv":[1.5,0,2,1],"texture":"#0"},"up":{"uv":[2,0,1,1],"texture":"#0"},"down":{"uv":[2,0,1,1],"texture":"#0"}}},{"from":[3.8,0,10.2],"to":[5.8,2,12.2],"faces":{"north":{"uv":[1,0,2,1],"texture":"#0"},"east":{"uv":[1.5,0,1,1],"texture":"#0"},"south":{"uv":[2,0,1,1],"texture":"#0"},"west":{"uv":[1.5,0,2,1],"texture":"#0"},"up":{"uv":[2,0,1,1],"texture":"#0"},"down":{"uv":[2,0,1,1],"texture":"#0"}}},{"from":[2,7,2],"to":[14,8,12],"faces":{"north":{"uv":[2,0,8,0.5],"texture":"#0"},"east":{"uv":[2,0,7,0.5],"texture":"#0"},"south":{"uv":[2,0,8,0.5],"texture":"#0"},"west":{"uv":[2,0,7,0.5],"texture":"#0"},"down":{"uv":[2,5,8,0],"texture":"#0"}}},{"from":[2,8,2],"to":[14,10,12],"faces":{"north":{"uv":[8,5,14,6],"texture":"#0","tintindex":0},"east":{"uv":[14,5,15,0],"rotation":90,"texture":"#0","tintindex":0},"south":{"uv":[8,6,14,7],"texture":"#0","tintindex":0},"west":{"uv":[14,0,15,5],"rotation":90,"texture":"#0","tintindex":0},"up":{"uv":[8,5,14,0],"texture":"#0","tintindex":0}}}],"display":{"thirdperson_righthand":{"rotation":[75,45,0],"translation":[0,2.5,0],"scale":[0.4,0.4,0.4]},"thirdperson_lefthand":{"rotation":[75,45,0],"translation":[0,2.5,0],"scale":[0.4,0.4,0.4]},"firstperson_righthand":{"rotation":[0,128,0],"translation":[1,1,0],"scale":[0.4,0.4,0.4]},"firstperson_lefthand":{"rotation":[0,128,0],"translation":[1,1,0],"scale":[0.4,0.4,0.4]},"ground":{"translation":[0,3,0],"scale":[0.25,0.25,0.25]},"gui":{"rotation":[30,225,0],"translation":[0,-1.5,0],"scale":[0.6,0.6,0.6]},"head":{"translation":[0,-31,0],"scale":[1.6,1.6,1.6]},"fixed":{"rotation":[-90,0,0],"translation":[0,0,-16],"scale":[2,2,2]}}}