{"credit":"Made with Blockbench","texture_size":[64,64],"textures":{"2":"mineinabyss:item/cosmetics/bondrewd/bondrewd_hat"},"elements":[{"from":[7.2481,5.31409,4.11543],"to":[8.7519,6.81788,5.61922],"rotation":{"angle":-22.5,"axis":"x","origin":[8,8.37079,8.15403]},"faces":{"north":{"uv":[2.25,6.25,2.625,6.625],"texture":"#2","tintindex":0},"east":{"uv":[6.25,6.5,6.625,6.875],"texture":"#2"},"south":{"uv":[0,6.75,0.375,7.125],"texture":"#2"},"west":{"uv":[6.75,0,7.125,0.375],"texture":"#2"},"up":{"uv":[0.875,7.125,0.5,6.75],"texture":"#2"},"down":{"uv":[7.125,0.5,6.75,0.875],"texture":"#2"}}},{"from":[7.2481,5.39059,5.01712],"to":[8.7519,9.90196,6.52091],"rotation":{"angle":0,"axis":"y","origin":[8,8.37079,8.15403]},"faces":{"north":{"uv":[4.5,0,4.875,1.125],"texture":"#2","tintindex":0},"east":{"uv":[4.5,1.25,4.875,2.375],"texture":"#2"},"south":{"uv":[5,0,5.375,1.125],"texture":"#2"},"west":{"uv":[5,1.25,5.375,2.375],"texture":"#2"},"up":{"uv":[1.375,7.125,1,6.75],"texture":"#2"},"down":{"uv":[7.125,1,6.75,1.375],"texture":"#2"}}},{"from":[7.2481,8.58497,4.66995],"to":[8.7519,10.08876,6.17374],"rotation":{"angle":22.5,"axis":"x","origin":[8,8.37079,8.15403]},"faces":{"north":{"uv":[1.5,6.75,1.875,7.125],"texture":"#2","tintindex":0},"east":{"uv":[6.75,1.5,7.125,1.875],"texture":"#2"},"south":{"uv":[2,6.75,2.375,7.125],"texture":"#2"},"west":{"uv":[6.75,2,7.125,2.375],"texture":"#2"},"up":{"uv":[2.875,7.125,2.5,6.75],"texture":"#2"},"down":{"uv":[3.375,6.75,3,7.125],"texture":"#2"}}},{"from":[7.2481,10.54539,6.9052],"to":[8.7519,12.04919,8.40899],"rotation":{"angle":-22.5,"axis":"x","origin":[8,8.37079,8.15403]},"faces":{"north":{"uv":[3.5,6.75,3.875,7.125],"texture":"#2"},"east":{"uv":[6.75,3.5,7.125,3.875],"texture":"#2"},"south":{"uv":[6.75,5.5,7.125,5.875],"texture":"#2"},"west":{"uv":[6.75,6.5,7.125,6.875],"texture":"#2"},"up":{"uv":[7.375,6.375,7,6],"texture":"#2","tintindex":0},"down":{"uv":[6.625,7,6.25,7.375],"texture":"#2"}}},{"from":[5.74431,8.72884,5.01728],"to":[10.25569,10.23263,6.52107],"rotation":{"angle":22.5,"axis":"x","origin":[8,8.37079,8.15403]},"faces":{"north":{"uv":[4,5,5.125,5.375],"texture":"#2"},"east":{"uv":[6.75,7,7.125,7.375],"texture":"#2"},"south":{"uv":[0,5.25,1.125,5.625],"texture":"#2"},"west":{"uv":[0,7.25,0.375,7.625],"texture":"#2"},"up":{"uv":[6.375,4.375,5.25,4],"texture":"#2"},"down":{"uv":[6.375,4.5,5.25,4.875],"texture":"#2"}}},{"from":[5.74431,10.40153,7.25253],"to":[10.25569,11.90532,8.75632],"rotation":{"angle":-22.5,"axis":"x","origin":[8,8.37079,8.15403]},"faces":{"north":{"uv":[5.25,5,6.375,5.375],"texture":"#2"},"east":{"uv":[7.25,0,7.625,0.375],"texture":"#2"},"south":{"uv":[5.5,0,6.625,0.375],"texture":"#2"},"west":{"uv":[0.5,7.25,0.875,7.625],"texture":"#2"},"up":{"uv":[6.625,0.875,5.5,0.5],"texture":"#2"},"down":{"uv":[6.625,1,5.5,1.375],"texture":"#2"}}},{"from":[6.74431,11.90532,8.75632],"to":[9.25569,11.90532,10.75632],"rotation":{"angle":-22.5,"axis":"x","origin":[8,8.37079,8.15403]},"faces":{"north":{"uv":[0,0,0.625,0],"texture":"#2"},"east":{"uv":[0,0,0.5,0],"texture":"#2"},"south":{"uv":[0,0,0.625,0],"texture":"#2"},"west":{"uv":[0,0,0.5,0],"texture":"#2"},"up":{"uv":[6.625,4,6,3.5],"texture":"#2"},"down":{"uv":[0.625,6.25,0,6.75],"texture":"#2"}}},{"from":[5.74431,9.90196,7.64876],"to":[10.25569,11.40575,10.65634],"rotation":{"angle":0,"axis":"y","origin":[8,8.37079,8.15403]},"faces":{"north":{"uv":[5.5,1.5,6.625,1.875],"texture":"#2"},"east":{"uv":[0.75,6.25,1.5,6.625],"texture":"#2"},"south":{"uv":[5.5,2,6.625,2.375],"texture":"#2"},"west":{"uv":[1.5,6.25,2.25,6.625],"texture":"#2"},"up":{"uv":[5.125,5,4,4.25],"texture":"#2"},"down":{"uv":[1.125,4.5,0,5.25],"texture":"#2"}}},{"from":[4.99242,5.01464,6.52091],"to":[11.00758,11.02981,12.53608],"rotation":{"angle":0,"axis":"y","origin":[8,8.37079,8.15403]},"faces":{"north":{"uv":[0,0,1.5,1.5],"texture":"#2"},"east":{"uv":[0,1.5,1.5,3],"texture":"#2"},"south":{"uv":[1.5,0,3,1.5],"texture":"#2"},"west":{"uv":[1.5,1.5,3,3],"texture":"#2"},"up":{"uv":[1.5,4.5,0,3],"texture":"#2"},"down":{"uv":[4.5,0,3,1.5],"texture":"#2"}}},{"from":[6.80787,5.76653,4.65233],"to":[8.31167,10.27791,6.15613],"rotation":{"angle":45,"axis":"y","origin":[8,8.37079,8.15403]},"faces":{"north":{"uv":[5.5,2.5,5.875,3.625],"texture":"#2"},"east":{"uv":[2.75,5.5,3.125,6.625],"texture":"#2"},"south":{"uv":[3.25,5.5,3.625,6.625],"texture":"#2"},"west":{"uv":[3.75,5.5,4.125,6.625],"texture":"#2"},"up":{"uv":[7.625,0.875,7.25,0.5],"texture":"#2"},"down":{"uv":[1.375,7.25,1,7.625],"texture":"#2"}}},{"from":[7.12688,4.63869,5.39667],"to":[8.63067,6.14248,6.90047],"rotation":{"angle":45,"axis":"y","origin":[8,8.37079,8.15403]},"faces":{"north":{"uv":[7.25,1,7.625,1.375],"texture":"#2"},"east":{"uv":[1.5,7.25,1.875,7.625],"texture":"#2"},"south":{"uv":[7.25,1.5,7.625,1.875],"texture":"#2"},"west":{"uv":[2,7.25,2.375,7.625],"texture":"#2"},"up":{"uv":[7.625,2.375,7.25,2],"texture":"#2"},"down":{"uv":[2.875,7.25,2.5,7.625],"texture":"#2"}}},{"from":[6.49621,5.17022,4.46276],"to":[9.50379,6.67401,5.96655],"rotation":{"angle":-22.5,"axis":"x","origin":[8,8.37079,8.15403]},"faces":{"north":{"uv":[6.25,6,7,6.375],"texture":"#2"},"east":{"uv":[7.25,2.5,7.625,2.875],"texture":"#2"},"south":{"uv":[6.5,4,7.25,4.375],"texture":"#2"},"west":{"uv":[3,7.25,3.375,7.625],"texture":"#2"},"up":{"uv":[7.25,4.875,6.5,4.5],"texture":"#2"},"down":{"uv":[7.25,5,6.5,5.375],"texture":"#2"}}},{"from":[5.74431,5.39059,5.39307],"to":[10.25569,9.90196,11.40824],"rotation":{"angle":0,"axis":"y","origin":[8,8.37079,8.15403]},"faces":{"north":{"uv":[2.75,4.25,3.875,5.375],"texture":"#2"},"east":{"uv":[1.5,3,3,4.125],"texture":"#2"},"south":{"uv":[4.25,2.75,5.375,3.875],"texture":"#2"},"west":{"uv":[3,1.5,4.5,2.625],"texture":"#2"},"up":{"uv":[4.125,4.25,3,2.75],"texture":"#2"},"down":{"uv":[2.625,4.25,1.5,5.75],"texture":"#2"}}},{"from":[5.36789,5.7774,9.45331],"to":[6.87168,7.2812,10.9571],"rotation":{"angle":-45,"axis":"z","origin":[8,8.37079,8.15403]},"faces":{"north":{"uv":[7.25,3,7.625,3.375],"texture":"#2"},"east":{"uv":[3.5,7.25,3.875,7.625],"texture":"#2"},"south":{"uv":[7.25,3.5,7.625,3.875],"texture":"#2"},"west":{"uv":[4,7.25,4.375,7.625],"texture":"#2"},"up":{"uv":[7.625,4.375,7.25,4],"texture":"#2"},"down":{"uv":[4.875,7.25,4.5,7.625],"texture":"#2"}}},{"from":[5.10206,5.51157,8.32546],"to":[6.60585,7.01536,9.82926],"rotation":{"angle":-45,"axis":"z","origin":[8,8.37079,8.15403]},"faces":{"north":{"uv":[7.25,4.5,7.625,4.875],"texture":"#2"},"east":{"uv":[5,7.25,5.375,7.625],"texture":"#2"},"south":{"uv":[7.25,5,7.625,5.375],"texture":"#2"},"west":{"uv":[5.5,7.25,5.875,7.625],"texture":"#2"},"up":{"uv":[7.625,5.875,7.25,5.5],"texture":"#2"},"down":{"uv":[7.625,6.5,7.25,6.875],"texture":"#2"}}},{"from":[5.74431,8.39817,12.53608],"to":[10.25569,9.90196,14.03987],"rotation":{"angle":0,"axis":"y","origin":[8,8.37079,8.15403]},"faces":{"north":{"uv":[4.25,5.5,5.375,5.875],"texture":"#2"},"east":{"uv":[7.25,7,7.625,7.375],"texture":"#2"},"south":{"uv":[5.5,5.5,6.625,5.875],"texture":"#2"},"west":{"uv":[6,7.5,6.375,7.875],"texture":"#2"},"up":{"uv":[1.125,6.125,0,5.75],"texture":"#2"},"down":{"uv":[2.375,5.75,1.25,6.125],"texture":"#2"}}},{"from":[5.74431,7.64627,12.53608],"to":[10.25569,7.64627,14.03987],"rotation":{"angle":0,"axis":"y","origin":[8,8.37079,8.15403]},"faces":{"north":{"uv":[0,0,1.125,0],"texture":"#2"},"east":{"uv":[0,0,0.375,0],"texture":"#2"},"south":{"uv":[0,0,1.125,0],"texture":"#2"},"west":{"uv":[0,0,0.375,0],"texture":"#2"},"up":{"uv":[7.125,2.875,6,2.5],"texture":"#2"},"down":{"uv":[7.125,3,6,3.375],"texture":"#2"}}},{"from":[9.39415,5.51157,8.32546],"to":[10.89794,7.01536,9.82926],"rotation":{"angle":45,"axis":"z","origin":[8,8.37079,8.15403]},"faces":{"north":{"uv":[7.5,6,7.875,6.375],"texture":"#2"},"east":{"uv":[6.5,7.5,6.875,7.875],"texture":"#2"},"south":{"uv":[7,7.5,7.375,7.875],"texture":"#2"},"west":{"uv":[7.5,7.5,7.875,7.875],"texture":"#2"},"up":{"uv":[0.375,8.125,0,7.75],"texture":"#2"},"down":{"uv":[8.125,0,7.75,0.375],"texture":"#2"}}},{"from":[9.12832,5.7774,9.45331],"to":[10.63211,7.2812,10.9571],"rotation":{"angle":45,"axis":"z","origin":[8,8.37079,8.15403]},"faces":{"north":{"uv":[0.5,7.75,0.875,8.125],"texture":"#2"},"east":{"uv":[7.75,0.5,8.125,0.875],"texture":"#2"},"south":{"uv":[1,7.75,1.375,8.125],"texture":"#2"},"west":{"uv":[7.75,1,8.125,1.375],"texture":"#2"},"up":{"uv":[1.875,8.125,1.5,7.75],"texture":"#2"},"down":{"uv":[8.125,1.5,7.75,1.875],"texture":"#2"}}},{"from":[7.68833,5.76653,4.65233],"to":[9.19213,10.27791,6.15613],"rotation":{"angle":-45,"axis":"y","origin":[8,8.37079,8.15403]},"faces":{"north":{"uv":[4.25,6,4.625,7.125],"texture":"#2"},"east":{"uv":[4.75,6,5.125,7.125],"texture":"#2"},"south":{"uv":[5.25,6,5.625,7.125],"texture":"#2"},"west":{"uv":[5.75,6,6.125,7.125],"texture":"#2"},"up":{"uv":[2.375,8.125,2,7.75],"texture":"#2"},"down":{"uv":[8.125,2,7.75,2.375],"texture":"#2"}}},{"from":[7.36933,4.63869,5.39667],"to":[8.87312,6.14248,6.90047],"rotation":{"angle":-45,"axis":"y","origin":[8,8.37079,8.15403]},"faces":{"north":{"uv":[2.5,7.75,2.875,8.125],"texture":"#2"},"east":{"uv":[7.75,2.5,8.125,2.875],"texture":"#2"},"south":{"uv":[3,7.75,3.375,8.125],"texture":"#2"},"west":{"uv":[7.75,3,8.125,3.375],"texture":"#2"},"up":{"uv":[3.875,8.125,3.5,7.75],"texture":"#2"},"down":{"uv":[8.125,3.5,7.75,3.875],"texture":"#2"}}}],"display":{"thirdperson_righthand":{"rotation":[0,30,0],"translation":[-0.5,0.5,-0.5],"scale":[0.5,0.5,0.5]},"thirdperson_lefthand":{"rotation":[0,30,0],"translation":[-0.5,0.5,-0.5],"scale":[0.5,0.5,0.5]},"firstperson_righthand":{"rotation":[0,115,0],"translation":[0,2.75,0],"scale":[0.6,0.6,0.6]},"firstperson_lefthand":{"rotation":[0,115,0],"translation":[0,2.75,0],"scale":[0.6,0.6,0.6]},"gui":{"rotation":[35,-135,0],"translation":[1.25,-0.75,0],"scale":[1.2,1.2,1.2]},"head":{"translation":[0,0,-4],"scale":[2.4,2.3,2.3]},"fixed":{"rotation":[-35,0,0],"translation":[0,0,-2.5]}},"groups":[{"name":"main","origin":[7.97,23.98956,1.57615],"color":0,"children":[0,1,2,3,4,5,6,7,8,9,10,11,12,13,14,15,16,17,18,19,20]}]}