{"credit":"Made with Blockbench","textures":{"11":"characters/habo/habo_hat"},"elements":[{"from":[3.68948,8.32384,2.93264],"to":[12.31052,9.73696,4.90736],"rotation":{"angle":0,"axis":"y","origin":[8,8,8]},"faces":{"north":{"uv":[4.5,13,7.5,13.5],"texture":"#11"},"east":{"uv":[7,13,7.5,13.5],"texture":"#11"},"south":{"uv":[0,0,0,0],"texture":"#11"},"west":{"uv":[4.5,13,5,13.5],"texture":"#11"},"up":{"uv":[5,12.5,7,13],"texture":"#11"},"down":{"uv":[5,12.5,7,13],"texture":"#11"}}},{"from":[0.96948,6.55744,2.93264],"to":[15.03052,7.97056,17.14736],"rotation":{"angle":0,"axis":"y","origin":[8,8,8]},"faces":{"north":{"uv":[0,14,4,14.5],"texture":"#11"},"east":{"uv":[0,14,4,14.5],"texture":"#11"},"south":{"uv":[0,14,4,14.5],"texture":"#11"},"west":{"uv":[0,14,4,14.5],"texture":"#11"},"up":{"uv":[0,14,4,14.5],"texture":"#11"},"down":{"uv":[0,14,4,14.5],"texture":"#11"}}},{"from":[2.32948,3.90784,4.29264],"to":[13.67052,11.50336,15.78736],"rotation":{"angle":0,"axis":"y","origin":[8,8,8]},"faces":{"north":{"uv":[4,12,8,16],"texture":"#11"},"east":{"uv":[0,12,4,16],"texture":"#11"},"south":{"uv":[12,12,16,16],"texture":"#11"},"west":{"uv":[8,12,12,16],"texture":"#11"},"up":{"uv":[4,8,8,12],"texture":"#11"}}}],"display":{"thirdperson_righthand":{"rotation":[45,45,0],"translation":[0,2,0.75],"scale":[0.4,0.4,0.4]},"thirdperson_lefthand":{"rotation":[45,45,0],"translation":[-0.75,1,0.75],"scale":[0.4,0.4,0.5]},"firstperson_righthand":{"rotation":[0,130,0],"translation":[0,3,0],"scale":[0.5,0.5,0.5]},"firstperson_lefthand":{"rotation":[0,130,0],"translation":[0,3,0],"scale":[0.5,0.5,0.5]},"ground":{"translation":[0,-1,0],"scale":[0.75,0.75,0.75]},"gui":{"rotation":[35,-135,0],"translation":[1,-0.5,0],"scale":[0.75,0.75,0.75]},"head":{"translation":[0,2.5,-2.75],"scale":[1.3,1.3,1.3]},"fixed":{"rotation":[-30,0,0],"translation":[0.5,0,-1.75]}},"groups":[{"name":"main","origin":[8,8,8],"color":0,"children":[0,1,2]}]}