{"credit":"Made with Blockbench","textures":{"0":"characters/lyza/lyza_head","5":"characters/lyza/lyza_feather"},"elements":[{"from":[4.2723,4.76,4.008],"to":[14.6113,6.36,14.31],"rotation":{"angle":0,"axis":"y","origin":[7.31468,8,8.24364]},"faces":{"north":{"uv":[0,14,4,14.5],"texture":"#0"},"east":{"uv":[0,14,4,14.5],"texture":"#0"},"south":{"uv":[0,14,4,14.5],"texture":"#0"},"west":{"uv":[0,14,4,14.5],"texture":"#0"},"up":{"uv":[0,14,4,14.5],"texture":"#0"},"down":{"uv":[0,14,4,14.5],"texture":"#0"}}},{"from":[5.2723,1.76,5.008],"to":[13.6113,10.36,13.46],"rotation":{"angle":0,"axis":"y","origin":[7.31468,8,8.24364]},"faces":{"north":{"uv":[4,12,8,16],"texture":"#0"},"east":{"uv":[0,12,4,16],"texture":"#0"},"south":{"uv":[12,12,16,16],"texture":"#0"},"west":{"uv":[8,12,12,16],"texture":"#0"},"up":{"uv":[4,8,8,12],"texture":"#0"}}},{"from":[6.2723,6.76,4.008],"to":[12.6113,8.36,5.46],"rotation":{"angle":0,"axis":"y","origin":[7.31468,8,8.24364]},"faces":{"north":{"uv":[4.5,13,7.5,13.5],"texture":"#0"},"east":{"uv":[7,13,7.5,13.5],"texture":"#0"},"west":{"uv":[4.5,13,5,13.5],"texture":"#0"},"up":{"uv":[5,12.5,7,13],"texture":"#0"},"down":{"uv":[5,12.5,7,13],"texture":"#0"}}},{"from":[3.19006,5.66,5.8696],"to":[7.74006,14.06,5.8796],"rotation":{"angle":45,"axis":"y","origin":[7.31468,8,8.24364]},"faces":{"north":{"uv":[1,4,6.5,16],"texture":"#5"},"east":{"uv":[0,0,1,12],"texture":"#missing"},"south":{"uv":[6.5,4,1,16],"texture":"#5"},"west":{"uv":[0,0,1,12],"texture":"#missing"},"up":{"uv":[0,0,1,10.5],"rotation":90,"texture":"#missing"},"down":{"uv":[0,0,1,10.5],"rotation":270,"texture":"#missing"}}},{"from":[5.08705,4.66,8.63293],"to":[5.09705,17.26,14.88293],"rotation":{"angle":-22.5,"axis":"y","origin":[7.31468,8,8.24364]},"faces":{"north":{"uv":[0,0,1,12],"texture":"#missing"},"east":{"uv":[15,0,9,15.5],"texture":"#5"},"south":{"uv":[0,0,1,12],"texture":"#missing"},"west":{"uv":[9,0,15,16],"texture":"#5"},"up":{"uv":[0,0,1,10.5],"texture":"#missing"},"down":{"uv":[0,0,1,10.5],"texture":"#missing"}}}],"display":{"thirdperson_righthand":{"rotation":[45,30,0],"translation":[-0.75,1.25,0],"scale":[0.5,0.5,0.5]},"thirdperson_lefthand":{"rotation":[45,30,0],"translation":[0.25,1.25,0],"scale":[0.5,0.5,0.5]},"firstperson_righthand":{"rotation":[0,145,0],"translation":[0,2.5,0],"scale":[0.5,0.5,0.5]},"firstperson_lefthand":{"rotation":[0,135,0],"translation":[0,2.5,0],"scale":[0.5,0.5,0.5]},"ground":{"translation":[-2,0,-0.25]},"gui":{"rotation":[35,-135,0],"translation":[1.75,-1.25,0]},"head":{"translation":[-2.5,5.75,-2],"scale":[1.75,1.75,1.75]},"fixed":{"rotation":[-30,0,0],"translation":[0,0,-3.75]}},"groups":[{"name":"main","origin":[8,8,8],"color":0,"children":[0,1,2,3,4]}]}