{"credit":"Made with Blockbench","textures":{"5":"characters/marulk/marulk_pouch","6":"characters/marulk/marulk_hat"},"elements":[{"from":[4,10.83,10.76],"to":[12,11.83,11.76],"rotation":{"angle":0,"axis":"y","origin":[8,8.36136,8]},"faces":{"north":{"uv":[1,0.5,5,1],"texture":"#6"},"east":{"uv":[5.5,0.5,6,1],"texture":"#6"},"south":{"uv":[1,0.5,5,1],"texture":"#6"},"west":{"uv":[0,0.5,0.5,1],"texture":"#6"},"up":{"uv":[1,0.5,5,1],"texture":"#6"},"down":{"uv":[1,0.5,5,1],"texture":"#6"}}},{"from":[4,10.83,4.16],"to":[12,11.83,5.16],"rotation":{"angle":0,"axis":"y","origin":[8,8.36136,8]},"faces":{"north":{"uv":[1,0.5,5,1],"texture":"#6"},"east":{"uv":[0,0.5,0.5,1],"texture":"#6"},"south":{"uv":[1,0.5,5,1],"texture":"#6"},"west":{"uv":[5.5,0.5,6,1],"texture":"#6"},"up":{"uv":[1,0.5,5,1],"texture":"#6"},"down":{"uv":[1,0.5,5,1],"texture":"#6"}}},{"from":[4,10.83,5.16],"to":[12,11.33,11.16],"rotation":{"angle":0,"axis":"y","origin":[8,8.36136,8]},"faces":{"north":{"uv":[4.5,1.5,8.5,2],"texture":"#6"},"east":{"uv":[5,4,8,4.5],"texture":"#6"},"south":{"uv":[4.5,1.5,8.5,2],"texture":"#6"},"west":{"uv":[5,4,8,4.5],"texture":"#6"},"up":{"uv":[4.5,1.5,8.5,4.5],"texture":"#6"},"down":{"uv":[4.5,1.5,8.5,4.5],"texture":"#6"}}},{"from":[3.5,7.33,5.16],"to":[4,11.33,11.16],"rotation":{"angle":0,"axis":"y","origin":[8,8.36136,8]},"faces":{"north":{"uv":[9,1.5,11,2],"rotation":90,"texture":"#6"},"east":{"uv":[9,1.5,11,4.5],"rotation":270,"texture":"#6"},"south":{"uv":[9,1.5,11,2],"rotation":270,"texture":"#6"},"west":{"uv":[9,1.5,11,4.5],"rotation":90,"texture":"#6"},"up":{"uv":[5,4,8,4.5],"rotation":270,"texture":"#6"},"down":{"uv":[5,4,8,4.5],"rotation":270,"texture":"#6"}}},{"from":[3,7.33,4.16],"to":[4,11.33,5.16],"rotation":{"angle":0,"axis":"y","origin":[8,8.36136,8]},"faces":{"north":{"uv":[1.5,0.5,4.5,1],"rotation":90,"texture":"#6"},"east":{"uv":[1.5,0.5,4.5,1],"rotation":90,"texture":"#6"},"south":{"uv":[1.5,0.5,4.5,1],"rotation":90,"texture":"#6"},"west":{"uv":[1.5,0.5,4.5,1],"rotation":90,"texture":"#6"},"up":{"uv":[0,0.5,0.5,1],"rotation":90,"texture":"#6"},"down":{"uv":[5.5,0.5,6,1],"rotation":90,"texture":"#6"}}},{"from":[2.99,7.32,10.75],"to":[4.01,11.34,11.77],"rotation":{"angle":0,"axis":"y","origin":[8,8.36136,8]},"faces":{"north":{"uv":[1.5,0.5,4.5,1],"rotation":90,"texture":"#6"},"east":{"uv":[1.5,0.5,4.5,1],"rotation":90,"texture":"#6"},"south":{"uv":[1.5,0.5,4.5,1],"rotation":90,"texture":"#6"},"west":{"uv":[1.5,0.5,4.5,1],"rotation":90,"texture":"#6"},"up":{"uv":[0,0.5,0.5,1],"rotation":90,"texture":"#6"},"down":{"uv":[5.5,0.5,6,1],"rotation":90,"texture":"#6"}}},{"from":[11.99,7.32,10.75],"to":[13.01,11.34,11.77],"rotation":{"angle":0,"axis":"y","origin":[8,8.36136,8]},"faces":{"north":{"uv":[1.5,0.5,4.5,1],"rotation":90,"texture":"#6"},"east":{"uv":[1.5,0.5,4.5,1],"rotation":90,"texture":"#6"},"south":{"uv":[1.5,0.5,4.5,1],"rotation":90,"texture":"#6"},"west":{"uv":[1.5,0.5,4.5,1],"rotation":90,"texture":"#6"},"up":{"uv":[0,0.5,0.5,1],"rotation":90,"texture":"#6"},"down":{"uv":[5.5,0.5,6,1],"rotation":90,"texture":"#6"}}},{"from":[12,7.33,4.16],"to":[13,11.33,5.16],"rotation":{"angle":0,"axis":"y","origin":[8,8.36136,8]},"faces":{"north":{"uv":[1.5,0.5,4.5,1],"rotation":270,"texture":"#6"},"east":{"uv":[1.5,0.5,4.5,1],"rotation":270,"texture":"#6"},"south":{"uv":[1.5,0.5,4.5,1],"rotation":270,"texture":"#6"},"west":{"uv":[1.5,0.5,4.5,1],"rotation":270,"texture":"#6"},"up":{"uv":[0,0.5,0.5,1],"rotation":270,"texture":"#6"},"down":{"uv":[5.5,0.5,6,1],"rotation":270,"texture":"#6"}}},{"from":[12,7.33,5.16],"to":[12.5,11.33,11.16],"rotation":{"angle":0,"axis":"y","origin":[8,8.36136,8]},"faces":{"north":{"uv":[9,1.5,11,2],"rotation":90,"texture":"#6"},"east":{"uv":[9,1.5,11,4.5],"rotation":270,"texture":"#6"},"south":{"uv":[9,1.5,11,2],"rotation":270,"texture":"#6"},"west":{"uv":[9,1.5,11,4.5],"rotation":90,"texture":"#6"},"up":{"uv":[5,4,8,4.5],"rotation":270,"texture":"#6"},"down":{"uv":[5,4,8,4.5],"rotation":270,"texture":"#6"}}},{"from":[3.55225,3.37419,5.71],"to":[5.35225,7.87419,10.21],"rotation":{"angle":-22.5,"axis":"z","origin":[8,8.36136,8]},"faces":{"north":{"uv":[6,2,8,7],"texture":"#5"},"east":{"uv":[9,2,14,7],"texture":"#5"},"south":{"uv":[6,2,8,7],"texture":"#5"},"west":{"uv":[0,2,5,7],"texture":"#5"},"up":{"uv":[6,2,8,7],"texture":"#5"},"down":{"uv":[6,2,8,7],"texture":"#5"}}},{"from":[10.64775,3.37419,5.71],"to":[12.44775,7.87419,10.21],"rotation":{"angle":22.5,"axis":"z","origin":[8,8.36136,8]},"faces":{"north":{"uv":[6,2,8,7],"texture":"#5"},"east":{"uv":[0,2,5,7],"texture":"#5"},"south":{"uv":[6,2,8,7],"texture":"#5"},"west":{"uv":[9,2,14,7],"texture":"#5"},"up":{"uv":[6,2,8,7],"texture":"#5"},"down":{"uv":[6,2,8,7],"texture":"#5"}}},{"from":[12,3.33,6.16],"to":[13,7.33,7.16],"rotation":{"angle":0,"axis":"y","origin":[8,8.36136,8]},"faces":{"north":{"uv":[1.5,0.5,4.5,1],"rotation":270,"texture":"#6"},"east":{"uv":[1.5,0.5,4.5,1],"rotation":270,"texture":"#6"},"south":{"uv":[1.5,0.5,4.5,1],"rotation":270,"texture":"#6"},"west":{"uv":[1.5,0.5,4.5,1],"rotation":270,"texture":"#6"},"up":{"uv":[0,0.5,0.5,1],"rotation":270,"texture":"#6"},"down":{"uv":[5.5,0.5,6,1],"rotation":270,"texture":"#6"}}},{"from":[12,3.33,8.76],"to":[13,7.33,9.76],"rotation":{"angle":0,"axis":"y","origin":[8,8.36136,8]},"faces":{"north":{"uv":[1.5,0.5,4.5,1],"rotation":270,"texture":"#6"},"east":{"uv":[1.5,0.5,4.5,1],"rotation":270,"texture":"#6"},"south":{"uv":[1.5,0.5,4.5,1],"rotation":270,"texture":"#6"},"west":{"uv":[1.5,0.5,4.5,1],"rotation":270,"texture":"#6"},"up":{"uv":[0,0.5,0.5,1],"rotation":270,"texture":"#6"},"down":{"uv":[5.5,0.5,6,1],"rotation":270,"texture":"#6"}}},{"from":[3,3.33,6.16],"to":[4,7.33,7.16],"rotation":{"angle":0,"axis":"y","origin":[8,8.36136,8]},"faces":{"north":{"uv":[1.5,0.5,4.5,1],"rotation":270,"texture":"#6"},"east":{"uv":[1.5,0.5,4.5,1],"rotation":270,"texture":"#6"},"south":{"uv":[1.5,0.5,4.5,1],"rotation":270,"texture":"#6"},"west":{"uv":[1.5,0.5,4.5,1],"rotation":270,"texture":"#6"},"up":{"uv":[0,0.5,0.5,1],"rotation":270,"texture":"#6"},"down":{"uv":[5.5,0.5,6,1],"rotation":270,"texture":"#6"}}},{"from":[3,3.33,8.76],"to":[4,7.33,9.76],"rotation":{"angle":0,"axis":"y","origin":[8,8.36136,8]},"faces":{"north":{"uv":[1.5,0.5,4.5,1],"rotation":270,"texture":"#6"},"east":{"uv":[1.5,0.5,4.5,1],"rotation":270,"texture":"#6"},"south":{"uv":[1.5,0.5,4.5,1],"rotation":270,"texture":"#6"},"west":{"uv":[1.5,0.5,4.5,1],"rotation":270,"texture":"#6"},"up":{"uv":[0,0.5,0.5,1],"rotation":270,"texture":"#6"},"down":{"uv":[5.5,0.5,6,1],"rotation":270,"texture":"#6"}}}],"display":{"thirdperson_righthand":{"rotation":[45,45,0],"translation":[0,2,0.75],"scale":[0.5,0.5,0.5]},"thirdperson_lefthand":{"rotation":[45,45,0],"translation":[-0.75,1,0.75],"scale":[0.5,0.5,0.5]},"firstperson_righthand":{"rotation":[0,130,0],"translation":[0,3,0],"scale":[0.75,0.75,0.75]},"firstperson_lefthand":{"rotation":[0,130,0],"translation":[0,3,0],"scale":[0.75,0.75,0.75]},"gui":{"rotation":[35,-135,0]},"head":{"translation":[0,1.75,0],"scale":[1.6,1.6,1.6]},"fixed":{"rotation":[-30,0,0],"translation":[0,0,-1.5]}},"groups":[{"name":"main","origin":[8,8,8],"color":0,"children":[0,1,2,3,4,5,6,7,8,9,10,11,12,13,14]}]}