{"credit":"Made with Blockbench","texture_size":[32,32],"textures":{"0":"mineinabyss:item/cosmetics/ozen/hat","particle":"mineinabyss:item/cosmetics/ozen/hat"},"elements":[{"from":[6.51096,9.64474,6.50439],"to":[9.51096,9.89474,9.50439],"rotation":{"angle":0,"axis":"y","origin":[8,8,8]},"faces":{"north":{"uv":[1,0,1.5,0.5],"texture":"#0"},"east":{"uv":[1,0,1.5,0.5],"texture":"#0"},"south":{"uv":[1,0,1.5,0.5],"texture":"#0"},"west":{"uv":[1,0,1.5,0.5],"texture":"#0"},"up":{"uv":[1,0,1.5,0.5],"texture":"#0"},"down":{"uv":[1,0,1.5,0.5],"texture":"#0"}}},{"from":[6.01096,9.39474,6.00439],"to":[10.01096,9.64474,10.00439],"rotation":{"angle":0,"axis":"y","origin":[8,8,8]},"faces":{"north":{"uv":[1,0,1.5,0.5],"texture":"#0"},"east":{"uv":[1,0,1.5,0.5],"texture":"#0"},"south":{"uv":[1,0,1.5,0.5],"texture":"#0"},"west":{"uv":[1,0,1.5,0.5],"texture":"#0"},"up":{"uv":[1,0,1.5,0.5],"texture":"#0"},"down":{"uv":[1,0,1.5,0.5],"texture":"#0"}}},{"from":[5.01096,8.89474,5.00439],"to":[11.01096,9.39474,11.00439],"rotation":{"angle":0,"axis":"y","origin":[8,8,8]},"faces":{"north":{"uv":[1,0,1.5,0.5],"texture":"#0"},"east":{"uv":[1,0,1.5,0.5],"texture":"#0"},"south":{"uv":[1,0,1.5,0.5],"texture":"#0"},"west":{"uv":[1,0,1.5,0.5],"texture":"#0"},"up":{"uv":[1,0,1.5,0.5],"texture":"#0"},"down":{"uv":[1,0,1.5,0.5],"texture":"#0"}}},{"from":[4.51096,8.39474,4.50439],"to":[11.51096,8.89474,11.50439],"rotation":{"angle":0,"axis":"y","origin":[8,8,8]},"faces":{"north":{"uv":[1,0,1.5,0.5],"texture":"#0"},"east":{"uv":[1,0,1.5,0.5],"texture":"#0"},"south":{"uv":[1,0,1.5,0.5],"texture":"#0"},"west":{"uv":[1,0,1.5,0.5],"texture":"#0"},"up":{"uv":[1,0,1.5,0.5],"texture":"#0"},"down":{"uv":[1,0,1.5,0.5],"texture":"#0"}}},{"from":[4.01096,7.89474,4.00439],"to":[12.01096,8.39474,12.00439],"rotation":{"angle":0,"axis":"y","origin":[8,8,8]},"faces":{"north":{"uv":[1,0,1.5,0.5],"texture":"#0"},"east":{"uv":[1,0,1.5,0.5],"texture":"#0"},"south":{"uv":[1,0,1.5,0.5],"texture":"#0"},"west":{"uv":[1,0,1.5,0.5],"texture":"#0"},"up":{"uv":[1,0,1.5,0.5],"texture":"#0"},"down":{"uv":[1,0,1.5,0.5],"texture":"#0"}}},{"from":[3.01096,7.39474,3.00439],"to":[13.01096,7.89474,13.00439],"rotation":{"angle":0,"axis":"y","origin":[8,8,8]},"faces":{"north":{"uv":[0,0,0.5,0.5],"texture":"#0"},"east":{"uv":[0,0,0.5,0.5],"texture":"#0"},"south":{"uv":[0,0,0.5,0.5],"texture":"#0"},"west":{"uv":[0,0,0.5,0.5],"texture":"#0"},"up":{"uv":[0,0,10,10],"texture":"#0"},"down":{"uv":[1,0,1.5,0.5],"texture":"#0"}}},{"from":[7.01096,9.64474,6.00439],"to":[9.01096,9.89474,6.50439],"rotation":{"angle":0,"axis":"y","origin":[8,8,8]},"faces":{"north":{"uv":[1,0,1.5,0.5],"texture":"#0"},"east":{"uv":[1,0,1.5,0.5],"texture":"#0"},"south":{"uv":[1,0,1.5,0.5],"texture":"#0"},"west":{"uv":[1,0,1.5,0.5],"texture":"#0"},"up":{"uv":[1,0,1.5,0.5],"texture":"#0"},"down":{"uv":[1,0,1.5,0.5],"texture":"#0"}}},{"from":[6.01096,9.39474,5.50439],"to":[10.01096,9.64474,6.00439],"rotation":{"angle":0,"axis":"y","origin":[8,8,8]},"faces":{"north":{"uv":[1,0,1.5,0.5],"texture":"#0"},"east":{"uv":[1,0,1.5,0.5],"texture":"#0"},"south":{"uv":[1,0,1.5,0.5],"texture":"#0"},"west":{"uv":[1,0,1.5,0.5],"texture":"#0"},"up":{"uv":[1,0,1.5,0.5],"texture":"#0"},"down":{"uv":[1,0,1.5,0.5],"texture":"#0"}}},{"from":[7.01096,9.39474,5.00439],"to":[9.01096,9.64474,5.50439],"rotation":{"angle":0,"axis":"y","origin":[8,8,8]},"faces":{"north":{"uv":[1,0,1.5,0.5],"texture":"#0"},"east":{"uv":[1,0,1.5,0.5],"texture":"#0"},"south":{"uv":[1,0,1.5,0.5],"texture":"#0"},"west":{"uv":[1,0,1.5,0.5],"texture":"#0"},"up":{"uv":[1,0,1.5,0.5],"texture":"#0"},"down":{"uv":[1,0,1.5,0.5],"texture":"#0"}}},{"from":[5.51096,8.89474,4.50439],"to":[10.51096,9.39474,5.00439],"rotation":{"angle":0,"axis":"y","origin":[8,8,8]},"faces":{"north":{"uv":[1,0,1.5,0.5],"texture":"#0"},"east":{"uv":[1,0,1.5,0.5],"texture":"#0"},"south":{"uv":[1,0,1.5,0.5],"texture":"#0"},"west":{"uv":[1,0,1.5,0.5],"texture":"#0"},"up":{"uv":[1,0,1.5,0.5],"texture":"#0"},"down":{"uv":[1,0,1.5,0.5],"texture":"#0"}}},{"from":[6.51096,8.89474,4.00439],"to":[9.51096,9.39474,4.50439],"rotation":{"angle":0,"axis":"y","origin":[8,8,8]},"faces":{"north":{"uv":[1,0,1.5,0.5],"texture":"#0"},"east":{"uv":[1,0,1.5,0.5],"texture":"#0"},"south":{"uv":[1,0,1.5,0.5],"texture":"#0"},"west":{"uv":[1,0,1.5,0.5],"texture":"#0"},"up":{"uv":[1,0,1.5,0.5],"texture":"#0"},"down":{"uv":[1,0,1.5,0.5],"texture":"#0"}}},{"from":[4.51096,8.39474,4.00439],"to":[11.51096,8.89474,4.50439],"rotation":{"angle":0,"axis":"y","origin":[8,8,8]},"faces":{"north":{"uv":[1,0,1.5,0.5],"texture":"#0"},"east":{"uv":[1,0,1.5,0.5],"texture":"#0"},"south":{"uv":[1,0,1.5,0.5],"texture":"#0"},"west":{"uv":[1,0,1.5,0.5],"texture":"#0"},"up":{"uv":[1,0,1.5,0.5],"texture":"#0"},"down":{"uv":[1,0,1.5,0.5],"texture":"#0"}}},{"from":[5.51096,8.39474,3.50439],"to":[10.51096,8.89474,4.00439],"rotation":{"angle":0,"axis":"y","origin":[8,8,8]},"faces":{"north":{"uv":[1,0,1.5,0.5],"texture":"#0"},"east":{"uv":[1,0,1.5,0.5],"texture":"#0"},"south":{"uv":[1,0,1.5,0.5],"texture":"#0"},"west":{"uv":[1,0,1.5,0.5],"texture":"#0"},"up":{"uv":[1,0,1.5,0.5],"texture":"#0"},"down":{"uv":[1,0,1.5,0.5],"texture":"#0"}}},{"from":[6.51096,8.39474,3.00439],"to":[9.51096,8.89474,3.50439],"rotation":{"angle":0,"axis":"y","origin":[8,8,8]},"faces":{"north":{"uv":[1,0,1.5,0.5],"texture":"#0"},"east":{"uv":[1,0,1.5,0.5],"texture":"#0"},"south":{"uv":[1,0,1.5,0.5],"texture":"#0"},"west":{"uv":[1,0,1.5,0.5],"texture":"#0"},"up":{"uv":[1,0,1.5,0.5],"texture":"#0"},"down":{"uv":[1,0,1.5,0.5],"texture":"#0"}}},{"from":[4.01096,7.89474,3.50439],"to":[12.01096,8.39474,4.00439],"rotation":{"angle":0,"axis":"y","origin":[8,8,8]},"faces":{"north":{"uv":[1,0,1.5,0.5],"texture":"#0"},"east":{"uv":[1,0,1.5,0.5],"texture":"#0"},"south":{"uv":[1,0,1.5,0.5],"texture":"#0"},"west":{"uv":[1,0,1.5,0.5],"texture":"#0"},"up":{"uv":[1,0,1.5,0.5],"texture":"#0"},"down":{"uv":[1,0,1.5,0.5],"texture":"#0"}}},{"from":[4.51096,7.89474,3.00439],"to":[11.51096,8.39474,3.50439],"rotation":{"angle":0,"axis":"y","origin":[8,8,8]},"faces":{"north":{"uv":[1,0,1.5,0.5],"texture":"#0"},"east":{"uv":[1,0,1.5,0.5],"texture":"#0"},"south":{"uv":[1,0,1.5,0.5],"texture":"#0"},"west":{"uv":[1,0,1.5,0.5],"texture":"#0"},"up":{"uv":[1,0,1.5,0.5],"texture":"#0"},"down":{"uv":[1,0,1.5,0.5],"texture":"#0"}}},{"from":[5.01096,7.89474,2.50439],"to":[11.01096,8.39474,3.00439],"rotation":{"angle":0,"axis":"y","origin":[8,8,8]},"faces":{"north":{"uv":[1,0,1.5,0.5],"texture":"#0"},"east":{"uv":[1,0,1.5,0.5],"texture":"#0"},"south":{"uv":[1,0,1.5,0.5],"texture":"#0"},"west":{"uv":[1,0,1.5,0.5],"texture":"#0"},"up":{"uv":[1,0,1.5,0.5],"texture":"#0"},"down":{"uv":[1,0,1.5,0.5],"texture":"#0"}}},{"from":[6.51096,7.89474,2.00439],"to":[9.51096,8.39474,2.50439],"rotation":{"angle":0,"axis":"y","origin":[8,8,8]},"faces":{"north":{"uv":[1,0,1.5,0.5],"texture":"#0"},"east":{"uv":[1,0,1.5,0.5],"texture":"#0"},"south":{"uv":[1,0,1.5,0.5],"texture":"#0"},"west":{"uv":[1,0,1.5,0.5],"texture":"#0"},"up":{"uv":[1,0,1.5,0.5],"texture":"#0"},"down":{"uv":[1,0,1.5,0.5],"texture":"#0"}}},{"from":[5.01096,7.39474,1.50439],"to":[11.01096,7.89474,2.00439],"rotation":{"angle":0,"axis":"y","origin":[8,8,8]},"faces":{"north":{"uv":[0,0,0.5,0.5],"texture":"#0"},"east":{"uv":[0,0,0.5,0.5],"texture":"#0"},"south":{"uv":[1,0,1.5,0.5],"texture":"#0"},"west":{"uv":[0,0,0.5,0.5],"texture":"#0"},"up":{"uv":[0,11,6,11.5],"texture":"#0"},"down":{"uv":[1,0,1.5,0.5],"texture":"#0"}}},{"from":[4.01096,7.39474,2.00439],"to":[12.01096,7.89474,2.50439],"rotation":{"angle":0,"axis":"y","origin":[8,8,8]},"faces":{"north":{"uv":[0,0,0.5,0.5],"texture":"#0"},"east":{"uv":[0,0,0.5,0.5],"texture":"#0"},"south":{"uv":[1,0,1.5,0.5],"texture":"#0"},"west":{"uv":[0,0,0.5,0.5],"texture":"#0"},"up":{"uv":[0,10.5,8,11],"texture":"#0"},"down":{"uv":[1,0,1.5,0.5],"texture":"#0"}}},{"from":[3.51096,7.39474,2.50439],"to":[12.51096,7.89474,3.00439],"rotation":{"angle":0,"axis":"y","origin":[8,8,8]},"faces":{"north":{"uv":[0,0,0.5,0.5],"texture":"#0"},"east":{"uv":[0,0,0.5,0.5],"texture":"#0"},"south":{"uv":[1,0,1.5,0.5],"texture":"#0"},"west":{"uv":[0,0,0.5,0.5],"texture":"#0"},"up":{"uv":[9,10.5,0,10],"texture":"#0"},"down":{"uv":[1,0,1.5,0.5],"texture":"#0"}}},{"from":[6.01096,7.39474,1.00439],"to":[10.01096,7.89474,1.50439],"rotation":{"angle":0,"axis":"y","origin":[8,8,8]},"faces":{"north":{"uv":[0,0,0.5,0.5],"texture":"#0"},"east":{"uv":[0,0,0.5,0.5],"texture":"#0"},"south":{"uv":[1,0,1.5,0.5],"texture":"#0"},"west":{"uv":[0,0,0.5,0.5],"texture":"#0"},"up":{"uv":[4,12,0,11.5],"texture":"#0"},"down":{"uv":[1,0,1.5,0.5],"texture":"#0"}}},{"from":[6.01096,6.89474,0.50439],"to":[10.01096,7.39474,1.00439],"rotation":{"angle":0,"axis":"y","origin":[8,8,8]},"faces":{"north":{"uv":[1,0,1.5,0.5],"texture":"#0"},"east":{"uv":[1,0,1.5,0.5],"texture":"#0"},"south":{"uv":[1,0,1.5,0.5],"texture":"#0"},"west":{"uv":[1,0,1.5,0.5],"texture":"#0"},"up":{"uv":[1,0,1.5,0.5],"texture":"#0"},"down":{"uv":[1,0,1.5,0.5],"texture":"#0"}}},{"from":[4.51096,6.89474,1.00439],"to":[11.51096,7.39474,1.50439],"rotation":{"angle":0,"axis":"y","origin":[8,8,8]},"faces":{"north":{"uv":[1,0,1.5,0.5],"texture":"#0"},"east":{"uv":[1,0,1.5,0.5],"texture":"#0"},"south":{"uv":[1,0,1.5,0.5],"texture":"#0"},"west":{"uv":[1,0,1.5,0.5],"texture":"#0"},"up":{"uv":[1,0,1.5,0.5],"texture":"#0"},"down":{"uv":[1,0,1.5,0.5],"texture":"#0"}}},{"from":[3.51096,6.89474,1.50439],"to":[12.51096,7.39474,2.00439],"rotation":{"angle":0,"axis":"y","origin":[8,8,8]},"faces":{"north":{"uv":[1,0,1.5,0.5],"texture":"#0"},"east":{"uv":[1,0,1.5,0.5],"texture":"#0"},"south":{"uv":[1,0,1.5,0.5],"texture":"#0"},"west":{"uv":[1,0,1.5,0.5],"texture":"#0"},"up":{"uv":[1,0,1.5,0.5],"texture":"#0"},"down":{"uv":[1,0,1.5,0.5],"texture":"#0"}}},{"from":[3.01096,6.89474,2.00439],"to":[13.01096,7.39474,2.50439],"rotation":{"angle":0,"axis":"y","origin":[8,8,8]},"faces":{"north":{"uv":[1,0,1.5,0.5],"texture":"#0"},"east":{"uv":[1,0,1.5,0.5],"texture":"#0"},"south":{"uv":[1,0,1.5,0.5],"texture":"#0"},"west":{"uv":[1,0,1.5,0.5],"texture":"#0"},"up":{"uv":[1,0,1.5,0.5],"texture":"#0"},"down":{"uv":[1,0,1.5,0.5],"texture":"#0"}}},{"from":[9.51096,9.64474,7.00439],"to":[10.01096,9.89474,9.00439],"rotation":{"angle":0,"axis":"y","origin":[8,8,8]},"faces":{"north":{"uv":[1,0,1.5,0.5],"texture":"#0"},"east":{"uv":[1,0,1.5,0.5],"texture":"#0"},"south":{"uv":[1,0,1.5,0.5],"texture":"#0"},"west":{"uv":[1,0,1.5,0.5],"texture":"#0"},"up":{"uv":[1,0,1.5,0.5],"rotation":90,"texture":"#0"},"down":{"uv":[1,0,1.5,0.5],"texture":"#0"}}},{"from":[10.01096,9.39474,6.00439],"to":[10.51096,9.64474,10.00439],"rotation":{"angle":0,"axis":"y","origin":[8,8,8]},"faces":{"north":{"uv":[1,0,1.5,0.5],"texture":"#0"},"east":{"uv":[1,0,1.5,0.5],"texture":"#0"},"south":{"uv":[1,0,1.5,0.5],"texture":"#0"},"west":{"uv":[1,0,1.5,0.5],"texture":"#0"},"up":{"uv":[1,0,1.5,0.5],"rotation":90,"texture":"#0"},"down":{"uv":[1,0,1.5,0.5],"texture":"#0"}}},{"from":[10.51096,9.39474,7.00439],"to":[11.01096,9.64474,9.00439],"rotation":{"angle":0,"axis":"y","origin":[8,8,8]},"faces":{"north":{"uv":[1,0,1.5,0.5],"texture":"#0"},"east":{"uv":[1,0,1.5,0.5],"texture":"#0"},"south":{"uv":[1,0,1.5,0.5],"texture":"#0"},"west":{"uv":[1,0,1.5,0.5],"texture":"#0"},"up":{"uv":[1,0,1.5,0.5],"rotation":90,"texture":"#0"},"down":{"uv":[1,0,1.5,0.5],"texture":"#0"}}},{"from":[11.01096,8.89474,5.50439],"to":[11.51096,9.39474,10.50439],"rotation":{"angle":0,"axis":"y","origin":[8,8,8]},"faces":{"north":{"uv":[1,0,1.5,0.5],"texture":"#0"},"east":{"uv":[1,0,1.5,0.5],"texture":"#0"},"south":{"uv":[1,0,1.5,0.5],"texture":"#0"},"west":{"uv":[1,0,1.5,0.5],"texture":"#0"},"up":{"uv":[1,0,1.5,0.5],"rotation":90,"texture":"#0"},"down":{"uv":[1,0,1.5,0.5],"texture":"#0"}}},{"from":[11.51096,8.89474,6.50439],"to":[12.01096,9.39474,9.50439],"rotation":{"angle":0,"axis":"y","origin":[8,8,8]},"faces":{"north":{"uv":[1,0,1.5,0.5],"texture":"#0"},"east":{"uv":[1,0,1.5,0.5],"texture":"#0"},"south":{"uv":[1,0,1.5,0.5],"texture":"#0"},"west":{"uv":[1,0,1.5,0.5],"texture":"#0"},"up":{"uv":[1,0,1.5,0.5],"rotation":90,"texture":"#0"},"down":{"uv":[1,0,1.5,0.5],"texture":"#0"}}},{"from":[11.51096,8.39474,4.50439],"to":[12.01096,8.89474,11.50439],"rotation":{"angle":0,"axis":"y","origin":[8,8,8]},"faces":{"north":{"uv":[1,0,1.5,0.5],"texture":"#0"},"east":{"uv":[1,0,1.5,0.5],"texture":"#0"},"south":{"uv":[1,0,1.5,0.5],"texture":"#0"},"west":{"uv":[1,0,1.5,0.5],"texture":"#0"},"up":{"uv":[1,0,1.5,0.5],"rotation":90,"texture":"#0"},"down":{"uv":[1,0,1.5,0.5],"texture":"#0"}}},{"from":[12.01096,8.39474,5.50439],"to":[12.51096,8.89474,10.50439],"rotation":{"angle":0,"axis":"y","origin":[8,8,8]},"faces":{"north":{"uv":[1,0,1.5,0.5],"texture":"#0"},"east":{"uv":[1,0,1.5,0.5],"texture":"#0"},"south":{"uv":[1,0,1.5,0.5],"texture":"#0"},"west":{"uv":[1,0,1.5,0.5],"texture":"#0"},"up":{"uv":[1,0,1.5,0.5],"rotation":90,"texture":"#0"},"down":{"uv":[1,0,1.5,0.5],"texture":"#0"}}},{"from":[12.51096,8.39474,6.50439],"to":[13.01096,8.89474,9.50439],"rotation":{"angle":0,"axis":"y","origin":[8,8,8]},"faces":{"north":{"uv":[1,0,1.5,0.5],"texture":"#0"},"east":{"uv":[1,0,1.5,0.5],"texture":"#0"},"south":{"uv":[1,0,1.5,0.5],"texture":"#0"},"west":{"uv":[1,0,1.5,0.5],"texture":"#0"},"up":{"uv":[1,0,1.5,0.5],"rotation":90,"texture":"#0"},"down":{"uv":[1,0,1.5,0.5],"texture":"#0"}}},{"from":[12.01096,7.89474,4.00439],"to":[12.51096,8.39474,12.00439],"rotation":{"angle":0,"axis":"y","origin":[8,8,8]},"faces":{"north":{"uv":[1,0,1.5,0.5],"texture":"#0"},"east":{"uv":[1,0,1.5,0.5],"texture":"#0"},"south":{"uv":[1,0,1.5,0.5],"texture":"#0"},"west":{"uv":[1,0,1.5,0.5],"texture":"#0"},"up":{"uv":[1,0,1.5,0.5],"rotation":90,"texture":"#0"},"down":{"uv":[1,0,1.5,0.5],"texture":"#0"}}},{"from":[12.51096,7.89474,4.50439],"to":[13.01096,8.39474,11.50439],"rotation":{"angle":0,"axis":"y","origin":[8,8,8]},"faces":{"north":{"uv":[1,0,1.5,0.5],"texture":"#0"},"east":{"uv":[1,0,1.5,0.5],"texture":"#0"},"south":{"uv":[1,0,1.5,0.5],"texture":"#0"},"west":{"uv":[1,0,1.5,0.5],"texture":"#0"},"up":{"uv":[1,0,1.5,0.5],"rotation":90,"texture":"#0"},"down":{"uv":[1,0,1.5,0.5],"texture":"#0"}}},{"from":[13.01096,7.89474,5.00439],"to":[13.51096,8.39474,11.00439],"rotation":{"angle":0,"axis":"y","origin":[8,8,8]},"faces":{"north":{"uv":[1,0,1.5,0.5],"texture":"#0"},"east":{"uv":[1,0,1.5,0.5],"texture":"#0"},"south":{"uv":[1,0,1.5,0.5],"texture":"#0"},"west":{"uv":[1,0,1.5,0.5],"texture":"#0"},"up":{"uv":[1,0,1.5,0.5],"rotation":90,"texture":"#0"},"down":{"uv":[1,0,1.5,0.5],"texture":"#0"}}},{"from":[13.51096,7.89474,6.50439],"to":[14.01096,8.39474,9.50439],"rotation":{"angle":0,"axis":"y","origin":[8,8,8]},"faces":{"north":{"uv":[1,0,1.5,0.5],"texture":"#0"},"east":{"uv":[1,0,1.5,0.5],"texture":"#0"},"south":{"uv":[1,0,1.5,0.5],"texture":"#0"},"west":{"uv":[1,0,1.5,0.5],"texture":"#0"},"up":{"uv":[1,0,1.5,0.5],"rotation":90,"texture":"#0"},"down":{"uv":[1,0,1.5,0.5],"texture":"#0"}}},{"from":[14.01096,7.39474,5.00439],"to":[14.51096,7.89474,11.00439],"rotation":{"angle":0,"axis":"y","origin":[8,8,8]},"faces":{"north":{"uv":[0,0,0.5,0.5],"texture":"#0"},"east":{"uv":[0,0,0.5,0.5],"texture":"#0"},"south":{"uv":[0,0,0.5,0.5],"texture":"#0"},"west":{"uv":[1,0,1.5,0.5],"texture":"#0"},"up":{"uv":[0,11,6,11.5],"rotation":90,"texture":"#0"},"down":{"uv":[1,0,1.5,0.5],"texture":"#0"}}},{"from":[13.51096,7.39474,4.00439],"to":[14.01096,7.89474,12.00439],"rotation":{"angle":0,"axis":"y","origin":[8,8,8]},"faces":{"north":{"uv":[0,0,0.5,0.5],"texture":"#0"},"east":{"uv":[0,0,0.5,0.5],"texture":"#0"},"south":{"uv":[0,0,0.5,0.5],"texture":"#0"},"west":{"uv":[1,0,1.5,0.5],"texture":"#0"},"up":{"uv":[0,10.5,8,11],"rotation":90,"texture":"#0"},"down":{"uv":[1,0,1.5,0.5],"texture":"#0"}}},{"from":[13.01096,7.39474,3.50439],"to":[13.51096,7.89474,12.50439],"rotation":{"angle":0,"axis":"y","origin":[8,8,8]},"faces":{"north":{"uv":[0,0,0.5,0.5],"texture":"#0"},"east":{"uv":[0,0,0.5,0.5],"texture":"#0"},"south":{"uv":[0,0,0.5,0.5],"texture":"#0"},"west":{"uv":[1,0,1.5,0.5],"texture":"#0"},"up":{"uv":[9,10.5,0,10],"rotation":90,"texture":"#0"},"down":{"uv":[1,0,1.5,0.5],"texture":"#0"}}},{"from":[14.51096,7.39474,6.00439],"to":[15.01096,7.89474,10.00439],"rotation":{"angle":0,"axis":"y","origin":[8,8,8]},"faces":{"north":{"uv":[0,0,0.5,0.5],"texture":"#0"},"east":{"uv":[0,0,0.5,0.5],"texture":"#0"},"south":{"uv":[0,0,0.5,0.5],"texture":"#0"},"west":{"uv":[1,0,1.5,0.5],"texture":"#0"},"up":{"uv":[4,12,0,11.5],"rotation":90,"texture":"#0"},"down":{"uv":[1,0,1.5,0.5],"texture":"#0"}}},{"from":[15.01096,6.89474,6.00439],"to":[15.51096,7.39474,10.00439],"rotation":{"angle":0,"axis":"y","origin":[8,8,8]},"faces":{"north":{"uv":[1,0,1.5,0.5],"texture":"#0"},"east":{"uv":[1,0,1.5,0.5],"texture":"#0"},"south":{"uv":[1,0,1.5,0.5],"texture":"#0"},"west":{"uv":[1,0,1.5,0.5],"texture":"#0"},"up":{"uv":[1,0,1.5,0.5],"rotation":90,"texture":"#0"},"down":{"uv":[1,0,1.5,0.5],"texture":"#0"}}},{"from":[14.51096,6.89474,4.50439],"to":[15.01096,7.39474,11.50439],"rotation":{"angle":0,"axis":"y","origin":[8,8,8]},"faces":{"north":{"uv":[1,0,1.5,0.5],"texture":"#0"},"east":{"uv":[1,0,1.5,0.5],"texture":"#0"},"south":{"uv":[1,0,1.5,0.5],"texture":"#0"},"west":{"uv":[1,0,1.5,0.5],"texture":"#0"},"up":{"uv":[1,0,1.5,0.5],"rotation":90,"texture":"#0"},"down":{"uv":[1,0,1.5,0.5],"texture":"#0"}}},{"from":[14.01096,6.89474,3.50439],"to":[14.51096,7.39474,12.50439],"rotation":{"angle":0,"axis":"y","origin":[8,8,8]},"faces":{"north":{"uv":[1,0,1.5,0.5],"texture":"#0"},"east":{"uv":[1,0,1.5,0.5],"texture":"#0"},"south":{"uv":[1,0,1.5,0.5],"texture":"#0"},"west":{"uv":[1,0,1.5,0.5],"texture":"#0"},"up":{"uv":[1,0,1.5,0.5],"rotation":90,"texture":"#0"},"down":{"uv":[1,0,1.5,0.5],"texture":"#0"}}},{"from":[13.51096,6.89474,3.00439],"to":[14.01096,7.39474,13.00439],"rotation":{"angle":0,"axis":"y","origin":[8,8,8]},"faces":{"north":{"uv":[1,0,1.5,0.5],"texture":"#0"},"east":{"uv":[1,0,1.5,0.5],"texture":"#0"},"south":{"uv":[1,0,1.5,0.5],"texture":"#0"},"west":{"uv":[1,0,1.5,0.5],"texture":"#0"},"up":{"uv":[1,0,1.5,0.5],"rotation":90,"texture":"#0"},"down":{"uv":[1,0,1.5,0.5],"texture":"#0"}}},{"from":[7.01096,9.64474,9.50439],"to":[9.01096,9.89474,10.00439],"rotation":{"angle":0,"axis":"y","origin":[8,8,8]},"faces":{"north":{"uv":[1,0,1.5,0.5],"texture":"#0"},"east":{"uv":[1,0,1.5,0.5],"texture":"#0"},"south":{"uv":[1,0,1.5,0.5],"texture":"#0"},"west":{"uv":[1,0,1.5,0.5],"texture":"#0"},"up":{"uv":[1,0,1.5,0.5],"rotation":180,"texture":"#0"},"down":{"uv":[1,0,1.5,0.5],"texture":"#0"}}},{"from":[6.01096,9.39474,10.00439],"to":[10.01096,9.64474,10.50439],"rotation":{"angle":0,"axis":"y","origin":[8,8,8]},"faces":{"north":{"uv":[1,0,1.5,0.5],"texture":"#0"},"east":{"uv":[1,0,1.5,0.5],"texture":"#0"},"south":{"uv":[1,0,1.5,0.5],"texture":"#0"},"west":{"uv":[1,0,1.5,0.5],"texture":"#0"},"up":{"uv":[1,0,1.5,0.5],"rotation":180,"texture":"#0"},"down":{"uv":[1,0,1.5,0.5],"texture":"#0"}}},{"from":[7.01096,9.39474,10.50439],"to":[9.01096,9.64474,11.00439],"rotation":{"angle":0,"axis":"y","origin":[8,8,8]},"faces":{"north":{"uv":[1,0,1.5,0.5],"texture":"#0"},"east":{"uv":[1,0,1.5,0.5],"texture":"#0"},"south":{"uv":[1,0,1.5,0.5],"texture":"#0"},"west":{"uv":[1,0,1.5,0.5],"texture":"#0"},"up":{"uv":[1,0,1.5,0.5],"rotation":180,"texture":"#0"},"down":{"uv":[1,0,1.5,0.5],"texture":"#0"}}},{"from":[5.51096,8.89474,11.00439],"to":[10.51096,9.39474,11.50439],"rotation":{"angle":0,"axis":"y","origin":[8,8,8]},"faces":{"north":{"uv":[1,0,1.5,0.5],"texture":"#0"},"east":{"uv":[1,0,1.5,0.5],"texture":"#0"},"south":{"uv":[1,0,1.5,0.5],"texture":"#0"},"west":{"uv":[1,0,1.5,0.5],"texture":"#0"},"up":{"uv":[1,0,1.5,0.5],"rotation":180,"texture":"#0"},"down":{"uv":[1,0,1.5,0.5],"texture":"#0"}}},{"from":[6.51096,8.89474,11.50439],"to":[9.51096,9.39474,12.00439],"rotation":{"angle":0,"axis":"y","origin":[8,8,8]},"faces":{"north":{"uv":[1,0,1.5,0.5],"texture":"#0"},"east":{"uv":[1,0,1.5,0.5],"texture":"#0"},"south":{"uv":[1,0,1.5,0.5],"texture":"#0"},"west":{"uv":[1,0,1.5,0.5],"texture":"#0"},"up":{"uv":[1,0,1.5,0.5],"rotation":180,"texture":"#0"},"down":{"uv":[1,0,1.5,0.5],"texture":"#0"}}},{"from":[4.51096,8.39474,11.50439],"to":[11.51096,8.89474,12.00439],"rotation":{"angle":0,"axis":"y","origin":[8,8,8]},"faces":{"north":{"uv":[1,0,1.5,0.5],"texture":"#0"},"east":{"uv":[1,0,1.5,0.5],"texture":"#0"},"south":{"uv":[1,0,1.5,0.5],"texture":"#0"},"west":{"uv":[1,0,1.5,0.5],"texture":"#0"},"up":{"uv":[1,0,1.5,0.5],"rotation":180,"texture":"#0"},"down":{"uv":[1,0,1.5,0.5],"texture":"#0"}}},{"from":[5.51096,8.39474,12.00439],"to":[10.51096,8.89474,12.50439],"rotation":{"angle":0,"axis":"y","origin":[8,8,8]},"faces":{"north":{"uv":[1,0,1.5,0.5],"texture":"#0"},"east":{"uv":[1,0,1.5,0.5],"texture":"#0"},"south":{"uv":[1,0,1.5,0.5],"texture":"#0"},"west":{"uv":[1,0,1.5,0.5],"texture":"#0"},"up":{"uv":[1,0,1.5,0.5],"rotation":180,"texture":"#0"},"down":{"uv":[1,0,1.5,0.5],"texture":"#0"}}},{"from":[6.51096,8.39474,12.50439],"to":[9.51096,8.89474,13.00439],"rotation":{"angle":0,"axis":"y","origin":[8,8,8]},"faces":{"north":{"uv":[1,0,1.5,0.5],"texture":"#0"},"east":{"uv":[1,0,1.5,0.5],"texture":"#0"},"south":{"uv":[1,0,1.5,0.5],"texture":"#0"},"west":{"uv":[1,0,1.5,0.5],"texture":"#0"},"up":{"uv":[1,0,1.5,0.5],"rotation":180,"texture":"#0"},"down":{"uv":[1,0,1.5,0.5],"texture":"#0"}}},{"from":[4.01096,7.89474,12.00439],"to":[12.01096,8.39474,12.50439],"rotation":{"angle":0,"axis":"y","origin":[8,8,8]},"faces":{"north":{"uv":[1,0,1.5,0.5],"texture":"#0"},"east":{"uv":[1,0,1.5,0.5],"texture":"#0"},"south":{"uv":[1,0,1.5,0.5],"texture":"#0"},"west":{"uv":[1,0,1.5,0.5],"texture":"#0"},"up":{"uv":[1,0,1.5,0.5],"rotation":180,"texture":"#0"},"down":{"uv":[1,0,1.5,0.5],"texture":"#0"}}},{"from":[4.51096,7.89474,12.50439],"to":[11.51096,8.39474,13.00439],"rotation":{"angle":0,"axis":"y","origin":[8,8,8]},"faces":{"north":{"uv":[1,0,1.5,0.5],"texture":"#0"},"east":{"uv":[1,0,1.5,0.5],"texture":"#0"},"south":{"uv":[1,0,1.5,0.5],"texture":"#0"},"west":{"uv":[1,0,1.5,0.5],"texture":"#0"},"up":{"uv":[1,0,1.5,0.5],"rotation":180,"texture":"#0"},"down":{"uv":[1,0,1.5,0.5],"texture":"#0"}}},{"from":[5.01096,7.89474,13.00439],"to":[11.01096,8.39474,13.50439],"rotation":{"angle":0,"axis":"y","origin":[8,8,8]},"faces":{"north":{"uv":[1,0,1.5,0.5],"texture":"#0"},"east":{"uv":[1,0,1.5,0.5],"texture":"#0"},"south":{"uv":[1,0,1.5,0.5],"texture":"#0"},"west":{"uv":[1,0,1.5,0.5],"texture":"#0"},"up":{"uv":[1,0,1.5,0.5],"rotation":180,"texture":"#0"},"down":{"uv":[1,0,1.5,0.5],"texture":"#0"}}},{"from":[6.51096,7.89474,13.50439],"to":[9.51096,8.39474,14.00439],"rotation":{"angle":0,"axis":"y","origin":[8,8,8]},"faces":{"north":{"uv":[1,0,1.5,0.5],"texture":"#0"},"east":{"uv":[1,0,1.5,0.5],"texture":"#0"},"south":{"uv":[1,0,1.5,0.5],"texture":"#0"},"west":{"uv":[1,0,1.5,0.5],"texture":"#0"},"up":{"uv":[1,0,1.5,0.5],"rotation":180,"texture":"#0"},"down":{"uv":[1,0,1.5,0.5],"texture":"#0"}}},{"from":[5.01096,7.39474,14.00439],"to":[11.01096,7.89474,14.50439],"rotation":{"angle":0,"axis":"y","origin":[8,8,8]},"faces":{"north":{"uv":[1,0,1.5,0.5],"texture":"#0"},"east":{"uv":[0,0,0.5,0.5],"texture":"#0"},"south":{"uv":[0,0,0.5,0.5],"texture":"#0"},"west":{"uv":[0,0,0.5,0.5],"texture":"#0"},"up":{"uv":[0,11,6,11.5],"rotation":180,"texture":"#0"},"down":{"uv":[1,0,1.5,0.5],"texture":"#0"}}},{"from":[4.01096,7.39474,13.50439],"to":[12.01096,7.89474,14.00439],"rotation":{"angle":0,"axis":"y","origin":[8,8,8]},"faces":{"north":{"uv":[1,0,1.5,0.5],"texture":"#0"},"east":{"uv":[0,0,0.5,0.5],"texture":"#0"},"south":{"uv":[0,0,0.5,0.5],"texture":"#0"},"west":{"uv":[0,0,0.5,0.5],"texture":"#0"},"up":{"uv":[0,10.5,8,11],"rotation":180,"texture":"#0"},"down":{"uv":[1,0,1.5,0.5],"texture":"#0"}}},{"from":[3.51096,7.39474,13.00439],"to":[12.51096,7.89474,13.50439],"rotation":{"angle":0,"axis":"y","origin":[8,8,8]},"faces":{"north":{"uv":[1,0,1.5,0.5],"texture":"#0"},"east":{"uv":[0,0,0.5,0.5],"texture":"#0"},"south":{"uv":[0,0,0.5,0.5],"texture":"#0"},"west":{"uv":[0,0,0.5,0.5],"texture":"#0"},"up":{"uv":[9,10.5,0,10],"rotation":180,"texture":"#0"},"down":{"uv":[1,0,1.5,0.5],"texture":"#0"}}},{"from":[6.01096,7.39474,14.50439],"to":[10.01096,7.89474,15.00439],"rotation":{"angle":0,"axis":"y","origin":[8,8,8]},"faces":{"north":{"uv":[1,0,1.5,0.5],"texture":"#0"},"east":{"uv":[0,0,0.5,0.5],"texture":"#0"},"south":{"uv":[0,0,0.5,0.5],"texture":"#0"},"west":{"uv":[0,0,0.5,0.5],"texture":"#0"},"up":{"uv":[4,12,0,11.5],"rotation":180,"texture":"#0"},"down":{"uv":[1,0,1.5,0.5],"texture":"#0"}}},{"from":[6.01096,6.89474,15.00439],"to":[10.01096,7.39474,15.50439],"rotation":{"angle":0,"axis":"y","origin":[8,8,8]},"faces":{"north":{"uv":[1,0,1.5,0.5],"texture":"#0"},"east":{"uv":[1,0,1.5,0.5],"texture":"#0"},"south":{"uv":[1,0,1.5,0.5],"texture":"#0"},"west":{"uv":[1,0,1.5,0.5],"texture":"#0"},"up":{"uv":[1,0,1.5,0.5],"rotation":180,"texture":"#0"},"down":{"uv":[1,0,1.5,0.5],"texture":"#0"}}},{"from":[4.51096,6.89474,14.50439],"to":[11.51096,7.39474,15.00439],"rotation":{"angle":0,"axis":"y","origin":[8,8,8]},"faces":{"north":{"uv":[1,0,1.5,0.5],"texture":"#0"},"east":{"uv":[1,0,1.5,0.5],"texture":"#0"},"south":{"uv":[1,0,1.5,0.5],"texture":"#0"},"west":{"uv":[1,0,1.5,0.5],"texture":"#0"},"up":{"uv":[1,0,1.5,0.5],"rotation":180,"texture":"#0"},"down":{"uv":[1,0,1.5,0.5],"texture":"#0"}}},{"from":[3.51096,6.89474,14.00439],"to":[12.51096,7.39474,14.50439],"rotation":{"angle":0,"axis":"y","origin":[8,8,8]},"faces":{"north":{"uv":[1,0,1.5,0.5],"texture":"#0"},"east":{"uv":[1,0,1.5,0.5],"texture":"#0"},"south":{"uv":[1,0,1.5,0.5],"texture":"#0"},"west":{"uv":[1,0,1.5,0.5],"texture":"#0"},"up":{"uv":[1,0,1.5,0.5],"rotation":180,"texture":"#0"},"down":{"uv":[1,0,1.5,0.5],"texture":"#0"}}},{"from":[3.01096,6.89474,13.50439],"to":[13.01096,7.39474,14.00439],"rotation":{"angle":0,"axis":"y","origin":[8,8,8]},"faces":{"north":{"uv":[1,0,1.5,0.5],"texture":"#0"},"east":{"uv":[1,0,1.5,0.5],"texture":"#0"},"south":{"uv":[1,0,1.5,0.5],"texture":"#0"},"west":{"uv":[1,0,1.5,0.5],"texture":"#0"},"up":{"uv":[1,0,1.5,0.5],"rotation":180,"texture":"#0"},"down":{"uv":[1,0,1.5,0.5],"texture":"#0"}}},{"from":[6.01096,9.64474,7.00439],"to":[6.51096,9.89474,9.00439],"rotation":{"angle":0,"axis":"y","origin":[8,8,8]},"faces":{"north":{"uv":[1,0,1.5,0.5],"texture":"#0"},"east":{"uv":[1,0,1.5,0.5],"texture":"#0"},"south":{"uv":[1,0,1.5,0.5],"texture":"#0"},"west":{"uv":[1,0,1.5,0.5],"texture":"#0"},"up":{"uv":[1,0,1.5,0.5],"rotation":270,"texture":"#0"},"down":{"uv":[1,0,1.5,0.5],"texture":"#0"}}},{"from":[5.51096,9.39474,6.00439],"to":[6.01096,9.64474,10.00439],"rotation":{"angle":0,"axis":"y","origin":[8,8,8]},"faces":{"north":{"uv":[1,0,1.5,0.5],"texture":"#0"},"east":{"uv":[1,0,1.5,0.5],"texture":"#0"},"south":{"uv":[1,0,1.5,0.5],"texture":"#0"},"west":{"uv":[1,0,1.5,0.5],"texture":"#0"},"up":{"uv":[1,0,1.5,0.5],"rotation":270,"texture":"#0"},"down":{"uv":[1,0,1.5,0.5],"texture":"#0"}}},{"from":[5.01096,9.39474,7.00439],"to":[5.51096,9.64474,9.00439],"rotation":{"angle":0,"axis":"y","origin":[8,8,8]},"faces":{"north":{"uv":[1,0,1.5,0.5],"texture":"#0"},"east":{"uv":[1,0,1.5,0.5],"texture":"#0"},"south":{"uv":[1,0,1.5,0.5],"texture":"#0"},"west":{"uv":[1,0,1.5,0.5],"texture":"#0"},"up":{"uv":[1,0,1.5,0.5],"rotation":270,"texture":"#0"},"down":{"uv":[1,0,1.5,0.5],"texture":"#0"}}},{"from":[4.51096,8.89474,5.50439],"to":[5.01096,9.39474,10.50439],"rotation":{"angle":0,"axis":"y","origin":[8,8,8]},"faces":{"north":{"uv":[1,0,1.5,0.5],"texture":"#0"},"east":{"uv":[1,0,1.5,0.5],"texture":"#0"},"south":{"uv":[1,0,1.5,0.5],"texture":"#0"},"west":{"uv":[1,0,1.5,0.5],"texture":"#0"},"up":{"uv":[1,0,1.5,0.5],"rotation":270,"texture":"#0"},"down":{"uv":[1,0,1.5,0.5],"texture":"#0"}}},{"from":[4.01096,8.89474,6.50439],"to":[4.51096,9.39474,9.50439],"rotation":{"angle":0,"axis":"y","origin":[8,8,8]},"faces":{"north":{"uv":[1,0,1.5,0.5],"texture":"#0"},"east":{"uv":[1,0,1.5,0.5],"texture":"#0"},"south":{"uv":[1,0,1.5,0.5],"texture":"#0"},"west":{"uv":[1,0,1.5,0.5],"texture":"#0"},"up":{"uv":[1,0,1.5,0.5],"rotation":270,"texture":"#0"},"down":{"uv":[1,0,1.5,0.5],"texture":"#0"}}},{"from":[4.01096,8.39474,4.50439],"to":[4.51096,8.89474,11.50439],"rotation":{"angle":0,"axis":"y","origin":[8,8,8]},"faces":{"north":{"uv":[1,0,1.5,0.5],"texture":"#0"},"east":{"uv":[1,0,1.5,0.5],"texture":"#0"},"south":{"uv":[1,0,1.5,0.5],"texture":"#0"},"west":{"uv":[1,0,1.5,0.5],"texture":"#0"},"up":{"uv":[1,0,1.5,0.5],"rotation":270,"texture":"#0"},"down":{"uv":[1,0,1.5,0.5],"texture":"#0"}}},{"from":[3.51096,8.39474,5.50439],"to":[4.01096,8.89474,10.50439],"rotation":{"angle":0,"axis":"y","origin":[8,8,8]},"faces":{"north":{"uv":[1,0,1.5,0.5],"texture":"#0"},"east":{"uv":[1,0,1.5,0.5],"texture":"#0"},"south":{"uv":[1,0,1.5,0.5],"texture":"#0"},"west":{"uv":[1,0,1.5,0.5],"texture":"#0"},"up":{"uv":[1,0,1.5,0.5],"rotation":270,"texture":"#0"},"down":{"uv":[1,0,1.5,0.5],"texture":"#0"}}},{"from":[3.01096,8.39474,6.50439],"to":[3.51096,8.89474,9.50439],"rotation":{"angle":0,"axis":"y","origin":[8,8,8]},"faces":{"north":{"uv":[1,0,1.5,0.5],"texture":"#0"},"east":{"uv":[1,0,1.5,0.5],"texture":"#0"},"south":{"uv":[1,0,1.5,0.5],"texture":"#0"},"west":{"uv":[1,0,1.5,0.5],"texture":"#0"},"up":{"uv":[1,0,1.5,0.5],"rotation":270,"texture":"#0"},"down":{"uv":[1,0,1.5,0.5],"texture":"#0"}}},{"from":[3.51096,7.89474,4.00439],"to":[4.01096,8.39474,12.00439],"rotation":{"angle":0,"axis":"y","origin":[8,8,8]},"faces":{"north":{"uv":[1,0,1.5,0.5],"texture":"#0"},"east":{"uv":[1,0,1.5,0.5],"texture":"#0"},"south":{"uv":[1,0,1.5,0.5],"texture":"#0"},"west":{"uv":[1,0,1.5,0.5],"texture":"#0"},"up":{"uv":[1,0,1.5,0.5],"rotation":270,"texture":"#0"},"down":{"uv":[1,0,1.5,0.5],"texture":"#0"}}},{"from":[3.01096,7.89474,4.50439],"to":[3.51096,8.39474,11.50439],"rotation":{"angle":0,"axis":"y","origin":[8,8,8]},"faces":{"north":{"uv":[1,0,1.5,0.5],"texture":"#0"},"east":{"uv":[1,0,1.5,0.5],"texture":"#0"},"south":{"uv":[1,0,1.5,0.5],"texture":"#0"},"west":{"uv":[1,0,1.5,0.5],"texture":"#0"},"up":{"uv":[1,0,1.5,0.5],"rotation":270,"texture":"#0"},"down":{"uv":[1,0,1.5,0.5],"texture":"#0"}}},{"from":[2.51096,7.89474,5.00439],"to":[3.01096,8.39474,11.00439],"rotation":{"angle":0,"axis":"y","origin":[8,8,8]},"faces":{"north":{"uv":[1,0,1.5,0.5],"texture":"#0"},"east":{"uv":[1,0,1.5,0.5],"texture":"#0"},"south":{"uv":[1,0,1.5,0.5],"texture":"#0"},"west":{"uv":[1,0,1.5,0.5],"texture":"#0"},"up":{"uv":[1,0,1.5,0.5],"rotation":270,"texture":"#0"},"down":{"uv":[1,0,1.5,0.5],"texture":"#0"}}},{"from":[2.01096,7.89474,6.50439],"to":[2.51096,8.39474,9.50439],"rotation":{"angle":0,"axis":"y","origin":[8,8,8]},"faces":{"north":{"uv":[1,0,1.5,0.5],"texture":"#0"},"east":{"uv":[1,0,1.5,0.5],"texture":"#0"},"south":{"uv":[1,0,1.5,0.5],"texture":"#0"},"west":{"uv":[1,0,1.5,0.5],"texture":"#0"},"up":{"uv":[1,0,1.5,0.5],"rotation":270,"texture":"#0"},"down":{"uv":[1,0,1.5,0.5],"texture":"#0"}}},{"from":[1.51096,7.39474,5.00439],"to":[2.01096,7.89474,11.00439],"rotation":{"angle":0,"axis":"y","origin":[8,8,8]},"faces":{"north":{"uv":[0,0,0.5,0.5],"texture":"#0"},"east":{"uv":[1,0,1.5,0.5],"texture":"#0"},"south":{"uv":[0,0,0.5,0.5],"texture":"#0"},"west":{"uv":[0,0,0.5,0.5],"texture":"#0"},"up":{"uv":[0,11,6,11.5],"rotation":270,"texture":"#0"},"down":{"uv":[1,0,1.5,0.5],"texture":"#0"}}},{"from":[2.01096,7.39474,4.00439],"to":[2.51096,7.89474,12.00439],"rotation":{"angle":0,"axis":"y","origin":[8,8,8]},"faces":{"north":{"uv":[0,0,0.5,0.5],"texture":"#0"},"east":{"uv":[1,0,1.5,0.5],"texture":"#0"},"south":{"uv":[0,0,0.5,0.5],"texture":"#0"},"west":{"uv":[0,0,0.5,0.5],"texture":"#0"},"up":{"uv":[0,10.5,8,11],"rotation":270,"texture":"#0"},"down":{"uv":[1,0,1.5,0.5],"texture":"#0"}}},{"from":[2.51096,7.39474,3.50439],"to":[3.01096,7.89474,12.50439],"rotation":{"angle":0,"axis":"y","origin":[8,8,8]},"faces":{"north":{"uv":[0,0,0.5,0.5],"texture":"#0"},"east":{"uv":[1,0,1.5,0.5],"texture":"#0"},"south":{"uv":[0,0,0.5,0.5],"texture":"#0"},"west":{"uv":[0,0,0.5,0.5],"texture":"#0"},"up":{"uv":[9,10.5,0,10],"rotation":270,"texture":"#0"},"down":{"uv":[1,0,1.5,0.5],"texture":"#0"}}},{"from":[1.01096,7.39474,6.00439],"to":[1.51096,7.89474,10.00439],"rotation":{"angle":0,"axis":"y","origin":[8,8,8]},"faces":{"north":{"uv":[0,0,0.5,0.5],"texture":"#0"},"east":{"uv":[1,0,1.5,0.5],"texture":"#0"},"south":{"uv":[0,0,0.5,0.5],"texture":"#0"},"west":{"uv":[0,0,0.5,0.5],"texture":"#0"},"up":{"uv":[4,12,0,11.5],"rotation":270,"texture":"#0"},"down":{"uv":[1,0,1.5,0.5],"texture":"#0"}}},{"from":[0.51096,6.89474,6.00439],"to":[1.01096,7.39474,10.00439],"rotation":{"angle":0,"axis":"y","origin":[8,8,8]},"faces":{"north":{"uv":[1,0,1.5,0.5],"texture":"#0"},"east":{"uv":[1,0,1.5,0.5],"texture":"#0"},"south":{"uv":[1,0,1.5,0.5],"texture":"#0"},"west":{"uv":[1,0,1.5,0.5],"texture":"#0"},"up":{"uv":[1,0,1.5,0.5],"rotation":270,"texture":"#0"},"down":{"uv":[1,0,1.5,0.5],"texture":"#0"}}},{"from":[1.01096,6.89474,4.50439],"to":[1.51096,7.39474,11.50439],"rotation":{"angle":0,"axis":"y","origin":[8,8,8]},"faces":{"north":{"uv":[1,0,1.5,0.5],"texture":"#0"},"east":{"uv":[1,0,1.5,0.5],"texture":"#0"},"south":{"uv":[1,0,1.5,0.5],"texture":"#0"},"west":{"uv":[1,0,1.5,0.5],"texture":"#0"},"up":{"uv":[1,0,1.5,0.5],"rotation":270,"texture":"#0"},"down":{"uv":[1,0,1.5,0.5],"texture":"#0"}}},{"from":[1.51096,6.89474,3.50439],"to":[2.01096,7.39474,12.50439],"rotation":{"angle":0,"axis":"y","origin":[8,8,8]},"faces":{"north":{"uv":[1,0,1.5,0.5],"texture":"#0"},"east":{"uv":[1,0,1.5,0.5],"texture":"#0"},"south":{"uv":[1,0,1.5,0.5],"texture":"#0"},"west":{"uv":[1,0,1.5,0.5],"texture":"#0"},"up":{"uv":[1,0,1.5,0.5],"rotation":270,"texture":"#0"},"down":{"uv":[1,0,1.5,0.5],"texture":"#0"}}},{"from":[2.01096,6.89474,3.00439],"to":[2.51096,7.39474,13.00439],"rotation":{"angle":0,"axis":"y","origin":[8,8,8]},"faces":{"north":{"uv":[1,0,1.5,0.5],"texture":"#0"},"east":{"uv":[1,0,1.5,0.5],"texture":"#0"},"south":{"uv":[1,0,1.5,0.5],"texture":"#0"},"west":{"uv":[1,0,1.5,0.5],"texture":"#0"},"up":{"uv":[1,0,1.5,0.5],"rotation":270,"texture":"#0"},"down":{"uv":[1,0,1.5,0.5],"texture":"#0"}}},{"from":[12.01096,6.89474,2.50439],"to":[13.51096,7.39474,4.00439],"rotation":{"angle":0,"axis":"y","origin":[7.99285,8,8.5]},"faces":{"north":{"uv":[1,0,1.5,0.5],"texture":"#0"},"east":{"uv":[1,0,1.5,0.5],"texture":"#0"},"south":{"uv":[1,0,1.5,0.5],"texture":"#0"},"west":{"uv":[1,0,1.5,0.5],"texture":"#0"},"up":{"uv":[1,0,1.5,0.5],"texture":"#0"},"down":{"uv":[1,0,1.5,0.5],"texture":"#0"}}},{"from":[11.51096,6.89474,2.50439],"to":[12.01096,7.39474,4.00439],"rotation":{"angle":0,"axis":"y","origin":[7.99285,8,8.5]},"faces":{"north":{"uv":[1,0,1.5,0.5],"texture":"#0"},"east":{"uv":[1,0,1.5,0.5],"texture":"#0"},"south":{"uv":[1,0,1.5,0.5],"texture":"#0"},"west":{"uv":[1,0,1.5,0.5],"texture":"#0"},"up":{"uv":[1,0,1.5,0.5],"texture":"#0"},"down":{"uv":[1,0,1.5,0.5],"texture":"#0"}}},{"from":[10.51096,6.89474,2.50439],"to":[11.51096,7.39474,3.50439],"rotation":{"angle":0,"axis":"y","origin":[7.99285,8,8.5]},"faces":{"north":{"uv":[1,0,1.5,0.5],"texture":"#0"},"east":{"uv":[1,0,1.5,0.5],"texture":"#0"},"south":{"uv":[1,0,1.5,0.5],"texture":"#0"},"west":{"uv":[1,0,1.5,0.5],"texture":"#0"},"up":{"uv":[1,0,1.5,0.5],"texture":"#0"},"down":{"uv":[1,0,1.5,0.5],"texture":"#0"}}},{"from":[9.51096,6.89474,2.50439],"to":[10.51096,7.39474,3.00439],"rotation":{"angle":0,"axis":"y","origin":[7.99285,8,8.5]},"faces":{"north":{"uv":[1,0,1.5,0.5],"texture":"#0"},"east":{"uv":[1,0,1.5,0.5],"texture":"#0"},"south":{"uv":[1,0,1.5,0.5],"texture":"#0"},"west":{"uv":[1,0,1.5,0.5],"texture":"#0"},"up":{"uv":[1,0,1.5,0.5],"texture":"#0"},"down":{"uv":[1,0,1.5,0.5],"texture":"#0"}}},{"from":[12.01096,6.89474,4.00439],"to":[13.51096,7.39474,4.50439],"rotation":{"angle":0,"axis":"y","origin":[7.99285,8,8.5]},"faces":{"north":{"uv":[1.5,0,1,0.5],"texture":"#0"},"east":{"uv":[1,0,1.5,0.5],"texture":"#0"},"south":{"uv":[1,0,1.5,0.5],"texture":"#0"},"west":{"uv":[1,0,1.5,0.5],"texture":"#0"},"up":{"uv":[1,0,1.5,0.5],"texture":"#0"},"down":{"uv":[1,0,1.5,0.5],"texture":"#0"}}},{"from":[13.01096,6.89474,5.50439],"to":[13.51096,7.39474,6.50439],"rotation":{"angle":0,"axis":"y","origin":[7.99285,8,8.5]},"faces":{"north":{"uv":[1.5,0,1,0.5],"texture":"#0"},"east":{"uv":[1,0,1.5,0.5],"texture":"#0"},"south":{"uv":[1,0,1.5,0.5],"texture":"#0"},"west":{"uv":[1,0,1.5,0.5],"texture":"#0"},"up":{"uv":[1,0,1.5,0.5],"texture":"#0"},"down":{"uv":[1,0,1.5,0.5],"texture":"#0"}}},{"from":[12.51096,6.89474,4.50439],"to":[13.51096,7.39474,5.50439],"rotation":{"angle":0,"axis":"y","origin":[7.99285,8,8.5]},"faces":{"north":{"uv":[1.5,0,1,0.5],"texture":"#0"},"east":{"uv":[1,0,1.5,0.5],"texture":"#0"},"south":{"uv":[1,0,1.5,0.5],"texture":"#0"},"west":{"uv":[1,0,1.5,0.5],"texture":"#0"},"up":{"uv":[1,0,1.5,0.5],"texture":"#0"},"down":{"uv":[1,0,1.5,0.5],"texture":"#0"}}},{"from":[12.01096,6.89474,12.00439],"to":[13.51096,7.39474,13.50439],"rotation":{"angle":0,"axis":"y","origin":[8.01071,8,7.51072]},"faces":{"north":{"uv":[1,0,1.5,0.5],"texture":"#0"},"east":{"uv":[1,0,1.5,0.5],"texture":"#0"},"south":{"uv":[1,0,1.5,0.5],"texture":"#0"},"west":{"uv":[1,0,1.5,0.5],"texture":"#0"},"up":{"uv":[1,0,1.5,0.5],"texture":"#0"},"down":{"uv":[1,0,1.5,0.5],"texture":"#0"}}},{"from":[12.01096,6.89474,11.50439],"to":[13.51096,7.39474,12.00439],"rotation":{"angle":0,"axis":"y","origin":[8.01071,8,7.51072]},"faces":{"north":{"uv":[1,0,1.5,0.5],"texture":"#0"},"east":{"uv":[1,0,1.5,0.5],"texture":"#0"},"south":{"uv":[1,0,1.5,0.5],"texture":"#0"},"west":{"uv":[1,0,1.5,0.5],"texture":"#0"},"up":{"uv":[1,0,1.5,0.5],"texture":"#0"},"down":{"uv":[1,0,1.5,0.5],"texture":"#0"}}},{"from":[12.51096,6.89474,10.50439],"to":[13.51096,7.39474,11.50439],"rotation":{"angle":0,"axis":"y","origin":[8.01071,8,7.51072]},"faces":{"north":{"uv":[1,0,1.5,0.5],"texture":"#0"},"east":{"uv":[1,0,1.5,0.5],"texture":"#0"},"south":{"uv":[1,0,1.5,0.5],"texture":"#0"},"west":{"uv":[1,0,1.5,0.5],"texture":"#0"},"up":{"uv":[1,0,1.5,0.5],"texture":"#0"},"down":{"uv":[1,0,1.5,0.5],"texture":"#0"}}},{"from":[13.01096,6.89474,9.50439],"to":[13.51096,7.39474,10.50439],"rotation":{"angle":0,"axis":"y","origin":[8.01071,8,7.51072]},"faces":{"north":{"uv":[1,0,1.5,0.5],"texture":"#0"},"east":{"uv":[1,0,1.5,0.5],"texture":"#0"},"south":{"uv":[1,0,1.5,0.5],"texture":"#0"},"west":{"uv":[1,0,1.5,0.5],"texture":"#0"},"up":{"uv":[1,0,1.5,0.5],"texture":"#0"},"down":{"uv":[1,0,1.5,0.5],"texture":"#0"}}},{"from":[11.51096,6.89474,12.00439],"to":[12.01096,7.39474,13.50439],"rotation":{"angle":0,"axis":"y","origin":[8.01071,8,7.51072]},"faces":{"north":{"uv":[1.5,0,1,0.5],"texture":"#0"},"east":{"uv":[1,0,1.5,0.5],"texture":"#0"},"south":{"uv":[1,0,1.5,0.5],"texture":"#0"},"west":{"uv":[1,0,1.5,0.5],"texture":"#0"},"up":{"uv":[1,0,1.5,0.5],"texture":"#0"},"down":{"uv":[1,0,1.5,0.5],"texture":"#0"}}},{"from":[9.51096,6.89474,13.00439],"to":[10.51096,7.39474,13.50439],"rotation":{"angle":0,"axis":"y","origin":[8.01071,8,7.51072]},"faces":{"north":{"uv":[1.5,0,1,0.5],"texture":"#0"},"east":{"uv":[1,0,1.5,0.5],"texture":"#0"},"south":{"uv":[1,0,1.5,0.5],"texture":"#0"},"west":{"uv":[1,0,1.5,0.5],"texture":"#0"},"up":{"uv":[1,0,1.5,0.5],"texture":"#0"},"down":{"uv":[1,0,1.5,0.5],"texture":"#0"}}},{"from":[10.51096,6.89474,12.50439],"to":[11.51096,7.39474,13.50439],"rotation":{"angle":0,"axis":"y","origin":[8.01071,8,7.51072]},"faces":{"north":{"uv":[1.5,0,1,0.5],"texture":"#0"},"east":{"uv":[1,0,1.5,0.5],"texture":"#0"},"south":{"uv":[1,0,1.5,0.5],"texture":"#0"},"west":{"uv":[1,0,1.5,0.5],"texture":"#0"},"up":{"uv":[1,0,1.5,0.5],"texture":"#0"},"down":{"uv":[1,0,1.5,0.5],"texture":"#0"}}},{"from":[2.51096,6.89474,12.00439],"to":[4.01096,7.39474,13.50439],"rotation":{"angle":0,"axis":"y","origin":[8.5,8,8.03572]},"faces":{"north":{"uv":[1,0,1.5,0.5],"texture":"#0"},"east":{"uv":[1,0,1.5,0.5],"texture":"#0"},"south":{"uv":[1,0,1.5,0.5],"texture":"#0"},"west":{"uv":[1,0,1.5,0.5],"texture":"#0"},"up":{"uv":[1,0,1.5,0.5],"texture":"#0"},"down":{"uv":[1,0,1.5,0.5],"texture":"#0"}}},{"from":[4.01096,6.89474,12.00439],"to":[4.51096,7.39474,13.50439],"rotation":{"angle":0,"axis":"y","origin":[8.5,8,8.03572]},"faces":{"north":{"uv":[1,0,1.5,0.5],"texture":"#0"},"east":{"uv":[1,0,1.5,0.5],"texture":"#0"},"south":{"uv":[1,0,1.5,0.5],"texture":"#0"},"west":{"uv":[1,0,1.5,0.5],"texture":"#0"},"up":{"uv":[1,0,1.5,0.5],"texture":"#0"},"down":{"uv":[1,0,1.5,0.5],"texture":"#0"}}},{"from":[4.51096,6.89474,12.50439],"to":[5.51096,7.39474,13.50439],"rotation":{"angle":0,"axis":"y","origin":[8.5,8,8.03572]},"faces":{"north":{"uv":[1,0,1.5,0.5],"texture":"#0"},"east":{"uv":[1,0,1.5,0.5],"texture":"#0"},"south":{"uv":[1,0,1.5,0.5],"texture":"#0"},"west":{"uv":[1,0,1.5,0.5],"texture":"#0"},"up":{"uv":[1,0,1.5,0.5],"texture":"#0"},"down":{"uv":[1,0,1.5,0.5],"texture":"#0"}}},{"from":[5.51096,6.89474,13.00439],"to":[6.51096,7.39474,13.50439],"rotation":{"angle":0,"axis":"y","origin":[8.5,8,8.03572]},"faces":{"north":{"uv":[1,0,1.5,0.5],"texture":"#0"},"east":{"uv":[1,0,1.5,0.5],"texture":"#0"},"south":{"uv":[1,0,1.5,0.5],"texture":"#0"},"west":{"uv":[1,0,1.5,0.5],"texture":"#0"},"up":{"uv":[1,0,1.5,0.5],"texture":"#0"},"down":{"uv":[1,0,1.5,0.5],"texture":"#0"}}},{"from":[2.51096,6.89474,11.50439],"to":[4.01096,7.39474,12.00439],"rotation":{"angle":0,"axis":"y","origin":[8.5,8,8.03572]},"faces":{"north":{"uv":[1.5,0,1,0.5],"texture":"#0"},"east":{"uv":[1,0,1.5,0.5],"texture":"#0"},"south":{"uv":[1,0,1.5,0.5],"texture":"#0"},"west":{"uv":[1,0,1.5,0.5],"texture":"#0"},"up":{"uv":[1,0,1.5,0.5],"texture":"#0"},"down":{"uv":[1,0,1.5,0.5],"texture":"#0"}}},{"from":[2.51096,6.89474,9.50439],"to":[3.01096,7.39474,10.50439],"rotation":{"angle":0,"axis":"y","origin":[8.5,8,8.03572]},"faces":{"north":{"uv":[1.5,0,1,0.5],"texture":"#0"},"east":{"uv":[1,0,1.5,0.5],"texture":"#0"},"south":{"uv":[1,0,1.5,0.5],"texture":"#0"},"west":{"uv":[1,0,1.5,0.5],"texture":"#0"},"up":{"uv":[1,0,1.5,0.5],"texture":"#0"},"down":{"uv":[1,0,1.5,0.5],"texture":"#0"}}},{"from":[2.51096,6.89474,10.50439],"to":[3.51096,7.39474,11.50439],"rotation":{"angle":0,"axis":"y","origin":[8.5,8,8.03572]},"faces":{"north":{"uv":[1.5,0,1,0.5],"texture":"#0"},"east":{"uv":[1,0,1.5,0.5],"texture":"#0"},"south":{"uv":[1,0,1.5,0.5],"texture":"#0"},"west":{"uv":[1,0,1.5,0.5],"texture":"#0"},"up":{"uv":[1,0,1.5,0.5],"texture":"#0"},"down":{"uv":[1,0,1.5,0.5],"texture":"#0"}}},{"from":[2.51096,6.89474,2.50439],"to":[4.01096,7.39474,4.00439],"rotation":{"angle":0,"axis":"y","origin":[8.5,8,8]},"faces":{"north":{"uv":[1,0,1.5,0.5],"texture":"#0"},"east":{"uv":[1,0,1.5,0.5],"texture":"#0"},"south":{"uv":[1,0,1.5,0.5],"texture":"#0"},"west":{"uv":[1,0,1.5,0.5],"texture":"#0"},"up":{"uv":[1,0,1.5,0.5],"texture":"#0"},"down":{"uv":[1,0,1.5,0.5],"texture":"#0"}}},{"from":[2.51096,6.89474,4.00439],"to":[4.01096,7.39474,4.50439],"rotation":{"angle":0,"axis":"y","origin":[8.5,8,8]},"faces":{"north":{"uv":[1,0,1.5,0.5],"texture":"#0"},"east":{"uv":[1,0,1.5,0.5],"texture":"#0"},"south":{"uv":[1,0,1.5,0.5],"texture":"#0"},"west":{"uv":[1,0,1.5,0.5],"texture":"#0"},"up":{"uv":[1,0,1.5,0.5],"texture":"#0"},"down":{"uv":[1,0,1.5,0.5],"texture":"#0"}}},{"from":[2.51096,6.89474,4.50439],"to":[3.51096,7.39474,5.50439],"rotation":{"angle":0,"axis":"y","origin":[8.5,8,8]},"faces":{"north":{"uv":[1,0,1.5,0.5],"texture":"#0"},"east":{"uv":[1,0,1.5,0.5],"texture":"#0"},"south":{"uv":[1,0,1.5,0.5],"texture":"#0"},"west":{"uv":[1,0,1.5,0.5],"texture":"#0"},"up":{"uv":[1,0,1.5,0.5],"texture":"#0"},"down":{"uv":[1,0,1.5,0.5],"texture":"#0"}}},{"from":[2.51096,6.89474,5.50439],"to":[3.01096,7.39474,6.50439],"rotation":{"angle":0,"axis":"y","origin":[8.5,8,8]},"faces":{"north":{"uv":[1,0,1.5,0.5],"texture":"#0"},"east":{"uv":[1,0,1.5,0.5],"texture":"#0"},"south":{"uv":[1,0,1.5,0.5],"texture":"#0"},"west":{"uv":[1,0,1.5,0.5],"texture":"#0"},"up":{"uv":[1,0,1.5,0.5],"texture":"#0"},"down":{"uv":[1,0,1.5,0.5],"texture":"#0"}}},{"from":[4.01096,6.89474,2.50439],"to":[4.51096,7.39474,4.00439],"rotation":{"angle":0,"axis":"y","origin":[8.5,8,8]},"faces":{"north":{"uv":[1.5,0,1,0.5],"texture":"#0"},"east":{"uv":[1,0,1.5,0.5],"texture":"#0"},"south":{"uv":[1,0,1.5,0.5],"texture":"#0"},"west":{"uv":[1,0,1.5,0.5],"texture":"#0"},"up":{"uv":[1,0,1.5,0.5],"texture":"#0"},"down":{"uv":[1,0,1.5,0.5],"texture":"#0"}}},{"from":[5.51096,6.89474,2.50439],"to":[6.51096,7.39474,3.00439],"rotation":{"angle":0,"axis":"y","origin":[8.5,8,8]},"faces":{"north":{"uv":[1.5,0,1,0.5],"texture":"#0"},"east":{"uv":[1,0,1.5,0.5],"texture":"#0"},"south":{"uv":[1,0,1.5,0.5],"texture":"#0"},"west":{"uv":[1,0,1.5,0.5],"texture":"#0"},"up":{"uv":[1,0,1.5,0.5],"texture":"#0"},"down":{"uv":[1,0,1.5,0.5],"texture":"#0"}}},{"from":[4.51096,6.89474,2.50439],"to":[5.51096,7.39474,3.50439],"rotation":{"angle":0,"axis":"y","origin":[8.5,8,8]},"faces":{"north":{"uv":[1.5,0,1,0.5],"texture":"#0"},"east":{"uv":[1,0,1.5,0.5],"texture":"#0"},"south":{"uv":[1,0,1.5,0.5],"texture":"#0"},"west":{"uv":[1,0,1.5,0.5],"texture":"#0"},"up":{"uv":[1,0,1.5,0.5],"texture":"#0"},"down":{"uv":[1,0,1.5,0.5],"texture":"#0"}}}],"display":{"thirdperson_righthand":{"rotation":[0,5,-90],"translation":[2.5,-2,0]},"thirdperson_lefthand":{"rotation":[0,5,-90],"translation":[2.5,-2,0]},"firstperson_righthand":{"rotation":[-90,0,-45],"translation":[2,0,0]},"firstperson_lefthand":{"rotation":[-90,0,-45],"translation":[2,0,0]},"gui":{"rotation":[35,-135,0],"scale":[0.8,0.8,0.8]},"head":{"translation":[0,3.5,0],"scale":[2.5,2.5,2.5]},"fixed":{"rotation":[-85,0,0],"translation":[0,0,-2.25],"scale":[1.3,1.3,1.3]}},"groups":[{"name":"center","origin":[8,5.96306,4.46769],"color":0,"children":[0,1,2,3,4,5]},{"name":"north","origin":[8,8,8],"color":0,"children":[6,7,8,9,10,11,12,13,14,15,16,17,18,19,20,21,22,23,24,25]},{"name":"east","origin":[8,8,8],"color":0,"children":[26,27,28,29,30,31,32,33,34,35,36,37,38,39,40,41,42,43,44,45]},{"name":"south","origin":[8,8,8],"color":0,"children":[46,47,48,49,50,51,52,53,54,55,56,57,58,59,60,61,62,63,64,65]},{"name":"west","origin":[8,8,8],"color":0,"children":[66,67,68,69,70,71,72,73,74,75,76,77,78,79,80,81,82,83,84,85]},{"name":"void1","origin":[8,8,8],"color":0,"children":[86,87,88,89,90,91,92]},{"name":"void2","origin":[8,8,8],"color":0,"children":[93,94,95,96,97,98,99]},{"name":"void3","origin":[8,8,8],"color":0,"children":[100,101,102,103,104,105,106]},{"name":"void4","origin":[8,8,8],"color":0,"children":[107,108,109,110,111,112,113]}]}