{"credit":"Made with Blockbench","textures":{"0":"camelot:item/ozy_staff","particle":"camelot:item/ozy_staff"},"elements":[{"from":[8.07205,-16,7.8252],"to":[8.82205,13.13247,8.5752],"rotation":{"angle":0,"axis":"y","origin":[8.44705,16.25064,8]},"faces":{"north":{"uv":[15,0,15.75,16],"texture":"#0"},"east":{"uv":[15,0,16,16],"texture":"#0"},"south":{"uv":[15,0,15.75,16],"texture":"#0"},"west":{"uv":[15,0,15.75,16],"texture":"#0"},"up":{"uv":[15,0,15.75,0.75],"rotation":90,"texture":"#0"},"down":{"uv":[15,0,15.75,0.75],"rotation":270,"texture":"#0"}}},{"from":[8.06705,13.14971,6.58814],"to":[8.82705,14.39971,7.33814],"rotation":{"angle":-22.5,"axis":"x","origin":[8.44705,16.25064,8]},"faces":{"north":{"uv":[15,2,15.75,3.25],"texture":"#0"},"east":{"uv":[15,2,16,3.25],"texture":"#0"},"south":{"uv":[15,2,15.75,3.25],"texture":"#0"},"west":{"uv":[15,2,15.75,3.25],"texture":"#0"},"up":{"uv":[15,2,15.75,2.75],"rotation":90,"texture":"#0"},"down":{"uv":[15,2,15.75,2.75],"rotation":270,"texture":"#0"}}},{"from":[8.07205,14.79389,5.9302],"to":[8.82205,16.54389,6.6802],"rotation":{"angle":-45,"axis":"x","origin":[8.44705,16.25064,8]},"faces":{"north":{"uv":[0,0,0.75,1.75],"texture":"#0"},"east":{"uv":[0,0,1,1.75],"texture":"#0"},"south":{"uv":[0,0,0.75,1.75],"texture":"#0"},"west":{"uv":[0,0,0.75,1.75],"texture":"#0"},"up":{"uv":[0,0,0.75,0.75],"rotation":90,"texture":"#0"},"down":{"uv":[0,0,0.75,0.75],"rotation":270,"texture":"#0"}}},{"from":[8.06705,15.72949,5.97553],"to":[8.82705,17.47949,6.72553],"rotation":{"angle":-22.5,"axis":"x","origin":[8.44705,16.25064,8]},"faces":{"north":{"uv":[15,2,15.75,3.75],"texture":"#0"},"east":{"uv":[15,2,16,3.75],"texture":"#0"},"south":{"uv":[15,2,15.75,3.75],"texture":"#0"},"west":{"uv":[15,2,15.75,3.75],"texture":"#0"},"up":{"uv":[15,3,15.75,3.75],"rotation":90,"texture":"#0"},"down":{"uv":[15,2,15.75,2.75],"rotation":270,"texture":"#0"}}},{"from":[8.06705,17.53581,4.93419],"to":[8.82705,19.28581,5.68419],"rotation":{"angle":22.5,"axis":"x","origin":[8.44705,16.25064,8]},"faces":{"north":{"uv":[15,2,15.75,3.75],"texture":"#0"},"east":{"uv":[15,2,16,3.75],"texture":"#0"},"south":{"uv":[15,2,15.75,3.75],"texture":"#0"},"west":{"uv":[15,2,15.75,3.75],"texture":"#0"},"up":{"uv":[15,3,15.75,3.75],"rotation":90,"texture":"#0"},"down":{"uv":[15,2,15.75,2.75],"rotation":270,"texture":"#0"}}},{"from":[8.07205,19.81468,7.97834],"to":[8.82205,20.56468,9.72834],"rotation":{"angle":-22.5,"axis":"x","origin":[8.44705,16.25064,8]},"faces":{"north":{"uv":[0,0,0.75,0.75],"rotation":90,"texture":"#0"},"east":{"uv":[0,0,1,1.75],"rotation":270,"texture":"#0"},"south":{"uv":[0,0,0.75,0.75],"rotation":90,"texture":"#0"},"west":{"uv":[0,0,0.75,1.75],"rotation":90,"texture":"#0"},"up":{"uv":[0,0,0.75,1.75],"rotation":180,"texture":"#0"},"down":{"uv":[0,0,0.75,1.75],"texture":"#0"}}},{"from":[8.07205,20.1477,7.94587],"to":[8.82205,20.8977,8.94587],"rotation":{"angle":0,"axis":"y","origin":[8.44705,16.25064,8]},"faces":{"north":{"uv":[0,0,0.75,0.75],"rotation":90,"texture":"#0"},"east":{"uv":[0,0,1,1],"rotation":270,"texture":"#0"},"south":{"uv":[0,0,0.75,0.75],"rotation":90,"texture":"#0"},"west":{"uv":[0,0,0.75,1],"rotation":90,"texture":"#0"},"up":{"uv":[0,0,0.75,1],"rotation":180,"texture":"#0"},"down":{"uv":[0,0,0.75,1],"texture":"#0"}}},{"from":[8.06705,20.15594,7.09551],"to":[8.82705,20.90594,8.59551],"rotation":{"angle":22.5,"axis":"x","origin":[8.44705,16.25064,8]},"faces":{"north":{"uv":[15,3,15.75,3.75],"rotation":90,"texture":"#0"},"east":{"uv":[15,2,16,3.5],"rotation":270,"texture":"#0"},"south":{"uv":[15,3,15.75,3.75],"rotation":90,"texture":"#0"},"west":{"uv":[15,2,15.75,3.5],"rotation":90,"texture":"#0"},"up":{"uv":[15,2,15.75,3.5],"rotation":180,"texture":"#0"},"down":{"uv":[15,2,15.75,3.5],"texture":"#0"}}},{"from":[8.07205,17.87134,10.96288],"to":[8.82205,19.12134,11.71288],"rotation":{"angle":-22.5,"axis":"x","origin":[8.44705,16.25064,8]},"faces":{"north":{"uv":[0,0,0.75,1.25],"rotation":180,"texture":"#0"},"east":{"uv":[0,0,1,1.25],"rotation":180,"texture":"#0"},"south":{"uv":[0,0,0.75,1.25],"rotation":180,"texture":"#0"},"west":{"uv":[0,0,0.75,1.25],"rotation":180,"texture":"#0"},"up":{"uv":[0,0,0.75,0.75],"rotation":270,"texture":"#0"},"down":{"uv":[0,0,0.75,0.75],"rotation":90,"texture":"#0"}}},{"from":[8.06705,17.91883,10.06004],"to":[8.82705,19.16883,10.81004],"rotation":{"angle":0,"axis":"y","origin":[8.44705,16.25064,8]},"faces":{"north":{"uv":[15,2,15.75,3.25],"rotation":180,"texture":"#0"},"east":{"uv":[15,2,16,3.25],"rotation":180,"texture":"#0"},"south":{"uv":[15,2,15.75,3.25],"rotation":180,"texture":"#0"},"west":{"uv":[15,2,15.75,3.25],"rotation":180,"texture":"#0"},"up":{"uv":[15,3,15.75,3.75],"rotation":270,"texture":"#0"},"down":{"uv":[15,2,15.75,2.75],"rotation":90,"texture":"#0"}}},{"from":[8.07205,16.61122,5.65938],"to":[8.82205,18.61122,6.40938],"rotation":{"angle":0,"axis":"y","origin":[8.44705,16.25064,8]},"faces":{"north":{"uv":[0,0,0.75,2],"texture":"#0"},"east":{"uv":[0,0,1,2],"texture":"#0"},"south":{"uv":[0,0,0.75,2],"texture":"#0"},"west":{"uv":[0,0,0.75,2],"texture":"#0"},"up":{"uv":[0,0,0.75,0.75],"rotation":90,"texture":"#0"},"down":{"uv":[0,0,0.75,0.75],"rotation":270,"texture":"#0"}}}],"display":{"thirdperson_righthand":{"rotation":[0,-180,0],"translation":[0,2.75,2.25],"scale":[1,1.06,1]},"thirdperson_lefthand":{"rotation":[0,-180,0],"translation":[0,2.5,2.5],"scale":[1,1.06,1]},"firstperson_righthand":{"rotation":[-9,-180,0],"translation":[1.75,2.25,0]},"firstperson_lefthand":{"rotation":[-14,-180,0],"translation":[3.5,2.5,0]},"ground":{"rotation":[67,123,4],"translation":[0.75,9.5,7.5],"scale":[2,2,2]},"gui":{"rotation":[-50,-40,-60],"translation":[2,2,0],"scale":[0.5,0.48,0.47]},"head":{"rotation":[90,-135,90],"translation":[5,-10.25,3],"scale":[2,2,2]},"fixed":{"rotation":[0,90,0],"translation":[0,15,0],"scale":[2,2,2]}}}