{"credit":"Made with Blockbench","textures":{"0":"camelot:holy_grail","particle":"camelot:holy_grail"},"elements":[{"from":[6.5,10.08224,3.75],"to":[9.5,10.83224,4.5],"rotation":{"angle":0,"axis":"y","origin":[14.5,18.08224,11.5]},"faces":{"north":{"uv":[0,0,3,0.75],"texture":"#0"},"east":{"uv":[0,0,1,0.75],"texture":"#0"},"south":{"uv":[0,0,3,0.75],"texture":"#0"},"west":{"uv":[0,0,1,0.75],"texture":"#0"},"up":{"uv":[0,0,3,1],"texture":"#0"},"down":{"uv":[0,15,3,16],"texture":"#0"}}},{"from":[6.5,10.08224,11.5],"to":[9.5,10.83224,12.25],"rotation":{"angle":0,"axis":"y","origin":[14.5,18.08224,19.5]},"faces":{"north":{"uv":[0,0,3,0.75],"texture":"#0"},"east":{"uv":[0,0,1,0.75],"texture":"#0"},"south":{"uv":[0,0,3,0.75],"texture":"#0"},"west":{"uv":[0,0,1,0.75],"texture":"#0"},"up":{"uv":[0,0,3,1],"texture":"#0"},"down":{"uv":[0,15,3,16],"texture":"#0"}}},{"from":[6.5,8.08224,4.5],"to":[9.5,10.08224,5.5],"rotation":{"angle":0,"axis":"y","origin":[14.5,17.08224,12.5]},"faces":{"north":{"uv":[7,0,10,2],"texture":"#0"},"east":{"uv":[6,0,7,2],"texture":"#0"},"south":{"uv":[0,0,3,2],"texture":"#0"},"west":{"uv":[6,0,7,2],"texture":"#0"},"up":{"uv":[0,0,3,1],"texture":"#0"},"down":{"uv":[0,0,3,1],"texture":"#0"}}},{"from":[6.5,8.08224,10.5],"to":[9.5,10.08224,11.5],"rotation":{"angle":0,"axis":"y","origin":[14.5,17.08224,18.5]},"faces":{"north":{"uv":[0,0,3,2],"texture":"#0"},"east":{"uv":[6,0,7,2],"texture":"#0"},"south":{"uv":[6,0,9,2],"texture":"#0"},"west":{"uv":[6,0,7,2],"texture":"#0"},"up":{"uv":[0,0,3,1],"texture":"#0"},"down":{"uv":[0,0,3,1],"texture":"#0"}}},{"from":[9.5,10.08224,4.5],"to":[11.5,10.83224,5.5],"rotation":{"angle":0,"axis":"y","origin":[16.5,18.08224,12.5]},"faces":{"north":{"uv":[0,0,2,0.75],"texture":"#0"},"east":{"uv":[0,0,1,0.75],"texture":"#0"},"south":{"uv":[0,0,2,0.75],"texture":"#0"},"west":{"uv":[0,0,1,0.75],"texture":"#0"},"up":{"uv":[0,0,2,1],"texture":"#0"},"down":{"uv":[0,15,2,16],"texture":"#0"}}},{"from":[4.5,10.08224,4.5],"to":[6.5,10.83224,5.5],"rotation":{"angle":0,"axis":"y","origin":[11.5,18.08224,12.5]},"faces":{"north":{"uv":[0,0,2,0.75],"texture":"#0"},"east":{"uv":[0,0,1,0.75],"texture":"#0"},"south":{"uv":[0,0,2,0.75],"texture":"#0"},"west":{"uv":[0,0,1,0.75],"texture":"#0"},"up":{"uv":[0,0,2,1],"texture":"#0"},"down":{"uv":[0,15,2,16],"texture":"#0"}}},{"from":[9.5,10.08224,10.5],"to":[11.5,10.83224,11.5],"rotation":{"angle":0,"axis":"y","origin":[16.5,18.08224,18.5]},"faces":{"north":{"uv":[0,0,2,0.75],"texture":"#0"},"east":{"uv":[0,0,1,0.75],"texture":"#0"},"south":{"uv":[0,0,2,0.75],"texture":"#0"},"west":{"uv":[0,0,1,0.75],"texture":"#0"},"up":{"uv":[0,0,2,1],"texture":"#0"},"down":{"uv":[1,15,3,16],"texture":"#0"}}},{"from":[4.5,10.08224,10.5],"to":[6.5,10.83224,11.5],"rotation":{"angle":0,"axis":"y","origin":[11.5,18.08224,18.5]},"faces":{"north":{"uv":[0,0,2,0.75],"texture":"#0"},"east":{"uv":[0,0,1,0.75],"texture":"#0"},"south":{"uv":[0,0,2,0.75],"texture":"#0"},"west":{"uv":[0,0,1,0.75],"texture":"#0"},"up":{"uv":[0,0,2,1],"texture":"#0"},"down":{"uv":[0,15,2,16],"texture":"#0"}}},{"from":[10.5,10.08224,5.5],"to":[11.5,10.83224,6.5],"rotation":{"angle":0,"axis":"y","origin":[16.5,18.08224,13.5]},"faces":{"north":{"uv":[0,0,1,0.75],"texture":"#0"},"east":{"uv":[0,0,1,0.75],"texture":"#0"},"south":{"uv":[0,0,1,0.75],"texture":"#0"},"west":{"uv":[0,0,1,0.75],"texture":"#0"},"up":{"uv":[0,0,1,1],"texture":"#0"},"down":{"uv":[0,15,1,16],"texture":"#0"}}},{"from":[4.5,10.08224,5.5],"to":[5.5,10.83224,6.5],"rotation":{"angle":0,"axis":"y","origin":[10.5,18.08224,13.5]},"faces":{"north":{"uv":[0,0,1,0.75],"texture":"#0"},"east":{"uv":[0,0,1,0.75],"texture":"#0"},"south":{"uv":[0,0,1,0.75],"texture":"#0"},"west":{"uv":[0,0,1,0.75],"texture":"#0"},"up":{"uv":[0,0,1,1],"texture":"#0"},"down":{"uv":[1,15,2,16],"texture":"#0"}}},{"from":[10.5,10.08224,9.5],"to":[11.5,10.83224,10.5],"rotation":{"angle":0,"axis":"y","origin":[16.5,18.08224,17.5]},"faces":{"north":{"uv":[0,0,1,0.75],"texture":"#0"},"east":{"uv":[0,0,1,0.75],"texture":"#0"},"south":{"uv":[0,0,1,0.75],"texture":"#0"},"west":{"uv":[0,0,1,0.75],"texture":"#0"},"up":{"uv":[0,0,1,1],"texture":"#0"},"down":{"uv":[2,15,3,16],"texture":"#0"}}},{"from":[4.5,10.08224,9.5],"to":[5.5,10.83224,10.5],"rotation":{"angle":0,"axis":"y","origin":[10.5,18.08224,17.5]},"faces":{"north":{"uv":[0,0,1,0.75],"texture":"#0"},"east":{"uv":[0,0,1,0.75],"texture":"#0"},"south":{"uv":[0,0,1,0.75],"texture":"#0"},"west":{"uv":[0,0,1,0.75],"texture":"#0"},"up":{"uv":[0,0,1,1],"texture":"#0"},"down":{"uv":[0,14,1,15],"texture":"#0"}}},{"from":[5.5,8.08224,9.5],"to":[6.5,10.08224,10.5],"rotation":{"angle":0,"axis":"y","origin":[11.5,17.08224,17.5]},"faces":{"north":{"uv":[0,0,1,2],"texture":"#0"},"east":{"uv":[0,0,1,2],"texture":"#0"},"south":{"uv":[9,0,10,2],"texture":"#0"},"west":{"uv":[5,0,6,2],"texture":"#0"},"up":{"uv":[0,0,1,1],"texture":"#0"},"down":{"uv":[0,0,1,1],"texture":"#0"}}},{"from":[5.5,8.08224,5.5],"to":[6.5,10.08224,6.5],"rotation":{"angle":0,"axis":"y","origin":[11.5,17.08224,13.5]},"faces":{"north":{"uv":[6,0,7,2],"texture":"#0"},"east":{"uv":[0,0,1,2],"texture":"#0"},"south":{"uv":[0,0,1,2],"texture":"#0"},"west":{"uv":[6,0,7,2],"texture":"#0"},"up":{"uv":[0,0,1,1],"texture":"#0"},"down":{"uv":[0,0,1,1],"texture":"#0"}}},{"from":[9.5,8.08224,5.5],"to":[10.5,10.08224,6.5],"rotation":{"angle":0,"axis":"y","origin":[15.5,17.08224,13.5]},"faces":{"north":{"uv":[6,0,7,2],"texture":"#0"},"east":{"uv":[9,0,10,2],"texture":"#0"},"south":{"uv":[0,0,1,2],"texture":"#0"},"west":{"uv":[0,0,1,2],"texture":"#0"},"up":{"uv":[0,0,1,1],"texture":"#0"},"down":{"uv":[0,0,1,1],"texture":"#0"}}},{"from":[9.5,8.08224,9.5],"to":[10.5,10.08224,10.5],"rotation":{"angle":0,"axis":"y","origin":[15.5,17.08224,17.5]},"faces":{"north":{"uv":[0,0,1,2],"texture":"#0"},"east":{"uv":[5,0,6,2],"texture":"#0"},"south":{"uv":[9,0,10,2],"texture":"#0"},"west":{"uv":[0,0,1,2],"texture":"#0"},"up":{"uv":[0,0,1,1],"texture":"#0"},"down":{"uv":[0,0,1,1],"texture":"#0"}}},{"from":[11.5,10.08224,6.5],"to":[12.25,10.83224,9.5],"rotation":{"angle":0,"axis":"y","origin":[17.5,18.08224,14.5]},"faces":{"north":{"uv":[0,0,1,0.75],"texture":"#0"},"east":{"uv":[0,0,3,0.75],"texture":"#0"},"south":{"uv":[0,0,1,0.75],"texture":"#0"},"west":{"uv":[0,0,3,0.75],"texture":"#0"},"up":{"uv":[0,0,1,3],"texture":"#0"},"down":{"uv":[0,13,1,16],"texture":"#0"}}},{"from":[10.5,8.08224,6.5],"to":[11.5,10.08224,9.5],"rotation":{"angle":0,"axis":"y","origin":[16.5,17.08224,14.5]},"faces":{"north":{"uv":[5,0,6,2],"texture":"#0"},"east":{"uv":[6,0,9,2],"texture":"#0"},"south":{"uv":[7,0,8,2],"texture":"#0"},"west":{"uv":[0,0,3,2],"texture":"#0"},"up":{"uv":[0,0,1,3],"texture":"#0"},"down":{"uv":[0,0,1,3],"texture":"#0"}}},{"from":[4.5,8.08224,6.5],"to":[5.5,10.08224,9.5],"rotation":{"angle":0,"axis":"y","origin":[10.5,17.08224,14.5]},"faces":{"north":{"uv":[10,0,11,2],"texture":"#0"},"east":{"uv":[0,0,3,2],"texture":"#0"},"south":{"uv":[6,0,7,2],"texture":"#0"},"west":{"uv":[8,0,11,2],"texture":"#0"},"up":{"uv":[0,0,1,3],"texture":"#0"},"down":{"uv":[0,0,1,3],"texture":"#0"}}},{"from":[5,7.08224,7.5],"to":[5.5,8.08224,8.5],"rotation":{"angle":0,"axis":"y","origin":[10.5,15.08224,14.5]},"faces":{"north":{"uv":[0,0,0.5,1],"texture":"#0"},"east":{"uv":[0,0,1,1],"texture":"#0"},"south":{"uv":[0,0,0.5,1],"texture":"#0"},"west":{"uv":[0,0,1,1],"texture":"#0"},"up":{"uv":[0,0,0.5,1],"texture":"#0"},"down":{"uv":[0,0,0.5,1],"texture":"#0"}}},{"from":[10.5,7.08224,7.5],"to":[11,8.08224,8.5],"rotation":{"angle":0,"axis":"y","origin":[16.5,15.08224,14.5]},"faces":{"north":{"uv":[0,0,0.5,1],"texture":"#0"},"east":{"uv":[0,0,1,1],"texture":"#0"},"south":{"uv":[0,0,0.5,1],"texture":"#0"},"west":{"uv":[0,0,1,1],"texture":"#0"},"up":{"uv":[0,0,0.5,1],"texture":"#0"},"down":{"uv":[0,0,0.5,1],"texture":"#0"}}},{"from":[7.5,7.08224,10.5],"to":[8.5,8.08224,11],"rotation":{"angle":0,"axis":"y","origin":[13.5,15.08224,17.5]},"faces":{"north":{"uv":[0,0,1,1],"texture":"#0"},"east":{"uv":[0,0,0.5,1],"texture":"#0"},"south":{"uv":[0,0,1,1],"texture":"#0"},"west":{"uv":[0,0,0.5,1],"texture":"#0"},"up":{"uv":[0,0,1,0.5],"texture":"#0"},"down":{"uv":[0,0,1,0.5],"texture":"#0"}}},{"from":[7.5,7.08224,5],"to":[8.5,8.08224,5.5],"rotation":{"angle":0,"axis":"y","origin":[13.5,15.08224,11.5]},"faces":{"north":{"uv":[0,0,1,1],"texture":"#0"},"east":{"uv":[0,0,0.5,1],"texture":"#0"},"south":{"uv":[0,0,1,1],"texture":"#0"},"west":{"uv":[0,0,0.5,1],"texture":"#0"},"up":{"uv":[0,0,1,0.5],"texture":"#0"},"down":{"uv":[0,0,1,0.5],"texture":"#0"}}},{"from":[6.5,7.08224,5.5],"to":[9.5,8.08224,10.5],"rotation":{"angle":0,"axis":"y","origin":[12.5,15.08224,12.5]},"faces":{"north":{"uv":[0,0,3,1],"texture":"#0"},"east":{"uv":[0,0,5,1],"texture":"#0"},"south":{"uv":[0,0,3,1],"texture":"#0"},"west":{"uv":[0,0,5,1],"texture":"#0"},"up":{"uv":[0,0,3,5],"texture":"#0"},"down":{"uv":[0,0,3,5],"texture":"#0"}}},{"from":[5.5,7.08224,6.5],"to":[6.5,8.08224,9.5],"rotation":{"angle":0,"axis":"y","origin":[11.5,15.08224,13.5]},"faces":{"north":{"uv":[0,0,1,1],"texture":"#0"},"east":{"uv":[0,0,3,1],"texture":"#0"},"south":{"uv":[0,0,1,1],"texture":"#0"},"west":{"uv":[0,0,3,1],"texture":"#0"},"up":{"uv":[0,0,1,3],"texture":"#0"},"down":{"uv":[0,0,1,3],"texture":"#0"}}},{"from":[6.5,6.58224,6.5],"to":[9.5,7.08224,9.5],"rotation":{"angle":0,"axis":"y","origin":[12.5,14.08224,13.5]},"faces":{"north":{"uv":[0,15,3,15.5],"texture":"#0"},"east":{"uv":[0,15,3,15.5],"texture":"#0"},"south":{"uv":[0,14,3,14.5],"texture":"#0"},"west":{"uv":[0,14,3,14.5],"texture":"#0"},"up":{"uv":[0,0,3,3],"texture":"#0"},"down":{"uv":[0,13,3,16],"texture":"#0"}}},{"from":[6.5,3.33224,6.5],"to":[9.5,3.58224,9.5],"rotation":{"angle":0,"axis":"y","origin":[12.5,10.58224,13.5]},"faces":{"north":{"uv":[0,0,3,0.25],"texture":"#0"},"east":{"uv":[0,0,3,0.25],"texture":"#0"},"south":{"uv":[0,0,3,0.25],"texture":"#0"},"west":{"uv":[0,0,3,0.25],"texture":"#0"},"up":{"uv":[0,0,3,3],"texture":"#0"},"down":{"uv":[0,0,3,3],"texture":"#0"}}},{"from":[6.25,3.08224,6.25],"to":[9.75,3.33224,9.75],"rotation":{"angle":0,"axis":"y","origin":[12.5,10.33224,13.5]},"faces":{"north":{"uv":[0,0,3.5,0.25],"texture":"#0"},"east":{"uv":[0,0,3.5,0.25],"texture":"#0"},"south":{"uv":[0,0,3.5,0.25],"texture":"#0"},"west":{"uv":[0,0,3.5,0.25],"texture":"#0"},"up":{"uv":[0,0,3.5,3.5],"texture":"#0"},"down":{"uv":[0,12,3.5,16],"texture":"#0"}}},{"from":[7,4.83224,7],"to":[9,5.08224,9],"rotation":{"angle":0,"axis":"y","origin":[12.5,12.08224,13.5]},"faces":{"north":{"uv":[0,0,2,0.25],"texture":"#0"},"east":{"uv":[0,0,2,0.25],"texture":"#0"},"south":{"uv":[0,0,2,0.25],"texture":"#0"},"west":{"uv":[0,0,2,0.25],"texture":"#0"},"up":{"uv":[0,0,2,2],"texture":"#0"},"down":{"uv":[1,14,3,16],"texture":"#0"}}},{"from":[7,3.58224,7],"to":[9,3.83224,9],"rotation":{"angle":0,"axis":"y","origin":[12.5,10.83224,13.5]},"faces":{"north":{"uv":[0,0,2,0.25],"texture":"#0"},"east":{"uv":[0,0,2,0.25],"texture":"#0"},"south":{"uv":[0,0,2,0.25],"texture":"#0"},"west":{"uv":[0,0,2,0.25],"texture":"#0"},"up":{"uv":[0,0,2,2],"texture":"#0"},"down":{"uv":[0,0,2,2],"texture":"#0"}}},{"from":[7.25,5.08224,7.25],"to":[8.75,5.58224,8.75],"rotation":{"angle":0,"axis":"y","origin":[12.5,12.58224,13.5]},"faces":{"north":{"uv":[0,0,1.5,0.5],"texture":"#0"},"east":{"uv":[0,0,1.5,0.5],"texture":"#0"},"south":{"uv":[0,0,1.5,0.5],"texture":"#0"},"west":{"uv":[0,0,1.5,0.5],"texture":"#0"},"up":{"uv":[0,0,1.5,1.5],"texture":"#0"},"down":{"uv":[0,0,1.5,1.5],"texture":"#0"}}},{"from":[7.25,4.58224,7.25],"to":[8.75,5.08224,8.75],"rotation":{"angle":0,"axis":"y","origin":[12.5,11.83224,13.5]},"faces":{"north":{"uv":[0,15,1.5,15.5],"texture":"#0"},"east":{"uv":[0,15,1.5,15.5],"texture":"#0"},"south":{"uv":[0,15,1.5,15.5],"texture":"#0"},"west":{"uv":[0,15,1.5,15.5],"texture":"#0"},"up":{"uv":[0,0,1.5,1.5],"texture":"#0"},"down":{"uv":[0,14,1.5,15.5],"texture":"#0"}}},{"from":[7.25,3.83224,7.25],"to":[8.75,4.08224,8.75],"rotation":{"angle":0,"axis":"y","origin":[12.5,11.08224,13.5]},"faces":{"north":{"uv":[0,0,1.5,0.25],"texture":"#0"},"east":{"uv":[0,0,1.5,0.25],"texture":"#0"},"south":{"uv":[0,0,1.5,0.25],"texture":"#0"},"west":{"uv":[0,0,1.5,0.25],"texture":"#0"},"up":{"uv":[0,0,1.5,1.5],"texture":"#0"},"down":{"uv":[0,0,1.5,1.5],"texture":"#0"}}},{"from":[7.5,5.58224,7.5],"to":[8.5,6.08224,8.5],"rotation":{"angle":0,"axis":"y","origin":[12.5,13.08224,13.5]},"faces":{"north":{"uv":[0,0,1,0.5],"texture":"#0"},"east":{"uv":[0,0,1,0.5],"texture":"#0"},"south":{"uv":[0,0,1,0.5],"texture":"#0"},"west":{"uv":[0,0,1,0.5],"texture":"#0"},"up":{"uv":[0,0,1,1],"texture":"#0"},"down":{"uv":[0,0,1,1],"texture":"#0"}}},{"from":[7.5,4.08224,7.5],"to":[8.5,4.58224,8.5],"rotation":{"angle":0,"axis":"y","origin":[12.5,11.33224,13.5]},"faces":{"north":{"uv":[0,14,1,14.5],"texture":"#0"},"east":{"uv":[0,15,1,15.5],"texture":"#0"},"south":{"uv":[0,15,1,15.5],"texture":"#0"},"west":{"uv":[0,15,1,15.5],"texture":"#0"},"up":{"uv":[0,0,1,1],"texture":"#0"},"down":{"uv":[0,0,1,1],"texture":"#0"}}},{"from":[7.25,6.08224,7.25],"to":[8.75,6.58224,8.75],"rotation":{"angle":0,"axis":"y","origin":[12.5,13.58224,13.5]},"faces":{"north":{"uv":[0,14,1.5,14.5],"texture":"#0"},"east":{"uv":[1,15,2.5,15.5],"texture":"#0"},"south":{"uv":[0,14,1.5,14.5],"texture":"#0"},"west":{"uv":[0,15,1.5,15.5],"texture":"#0"},"up":{"uv":[0,0,1.5,1.5],"texture":"#0"},"down":{"uv":[0,0,1.5,1.5],"texture":"#0"}}},{"from":[9.5,7.08224,6.5],"to":[10.5,8.08224,9.5],"rotation":{"angle":0,"axis":"y","origin":[15.5,15.08224,13.5]},"faces":{"north":{"uv":[0,0,1,1],"texture":"#0"},"east":{"uv":[0,0,3,1],"texture":"#0"},"south":{"uv":[0,0,1,1],"texture":"#0"},"west":{"uv":[0,0,3,1],"texture":"#0"},"up":{"uv":[0,0,1,3],"texture":"#0"},"down":{"uv":[0,0,1,3],"texture":"#0"}}},{"from":[3.75,10.08224,6.5],"to":[4.5,10.83224,9.5],"rotation":{"angle":0,"axis":"y","origin":[9.5,18.08224,14.5]},"faces":{"north":{"uv":[0,0,1,0.75],"texture":"#0"},"east":{"uv":[0,0,3,0.75],"texture":"#0"},"south":{"uv":[0,0,1,0.75],"texture":"#0"},"west":{"uv":[0,0,3,0.75],"texture":"#0"},"up":{"uv":[0,0,1,3],"texture":"#0"},"down":{"uv":[1,13,2,16],"texture":"#0"}}}],"display":{"thirdperson_righthand":{"translation":[-0.25,2.25,2.5]},"thirdperson_lefthand":{"translation":[0,1.25,2.5]},"firstperson_righthand":{"translation":[-1.75,4.5,0]},"firstperson_lefthand":{"translation":[0.75,4,0]},"ground":{"translation":[0,2.5,0],"scale":[1.5,1.5,1.5]},"gui":{"rotation":[22,-139,9],"translation":[-0.25,0.5,0],"scale":[1.47,1.45,1.41]},"head":{"rotation":[-180,33,-9],"translation":[-5.5,9.5,-4],"scale":[1.5,1.5,1.5]},"fixed":{"rotation":[-90,0,0],"translation":[0,0,-12.5],"scale":[2.5,2.5,2.5]}}}