{"credit":"Made with Blockbench","textures":{"0":"camelot:not_so_holy_grail","particle":"camelot:not_so_holy_grail"},"elements":[{"from":[8,15,3.25],"to":[11,15.75,4],"rotation":{"angle":0,"axis":"y","origin":[16,23,11]},"faces":{"north":{"uv":[0,0,3,0.75],"texture":"#0"},"east":{"uv":[0,0,1,0.75],"texture":"#0"},"south":{"uv":[0,0,3,0.75],"texture":"#0"},"west":{"uv":[0,0,1,0.75],"texture":"#0"},"up":{"uv":[0,0,3,1],"texture":"#0"},"down":{"uv":[0,15,3,16],"texture":"#0"}}},{"from":[8,15,11],"to":[11,15.75,11.75],"rotation":{"angle":0,"axis":"y","origin":[16,23,19]},"faces":{"north":{"uv":[0,0,3,0.75],"texture":"#0"},"east":{"uv":[0,0,1,0.75],"texture":"#0"},"south":{"uv":[0,0,3,0.75],"texture":"#0"},"west":{"uv":[0,0,1,0.75],"texture":"#0"},"up":{"uv":[0,0,3,1],"texture":"#0"},"down":{"uv":[0,15,3,16],"texture":"#0"}}},{"from":[8,13,4],"to":[11,15,5],"rotation":{"angle":0,"axis":"y","origin":[16,22,12]},"faces":{"north":{"uv":[7,0,10,2],"texture":"#0"},"east":{"uv":[6,0,7,2],"texture":"#0"},"south":{"uv":[0,0,3,2],"texture":"#0"},"west":{"uv":[6,0,7,2],"texture":"#0"},"up":{"uv":[0,0,3,1],"texture":"#0"},"down":{"uv":[0,0,3,1],"texture":"#0"}}},{"from":[8,13,10],"to":[11,15,11],"rotation":{"angle":0,"axis":"y","origin":[16,22,18]},"faces":{"north":{"uv":[0,0,3,2],"texture":"#0"},"east":{"uv":[6,0,7,2],"texture":"#0"},"south":{"uv":[6,0,9,2],"texture":"#0"},"west":{"uv":[6,0,7,2],"texture":"#0"},"up":{"uv":[0,0,3,1],"texture":"#0"},"down":{"uv":[0,0,3,1],"texture":"#0"}}},{"from":[11,15,4],"to":[13,15.75,5],"rotation":{"angle":0,"axis":"y","origin":[18,23,12]},"faces":{"north":{"uv":[0,0,2,0.75],"texture":"#0"},"east":{"uv":[0,0,1,0.75],"texture":"#0"},"south":{"uv":[0,0,2,0.75],"texture":"#0"},"west":{"uv":[0,0,1,0.75],"texture":"#0"},"up":{"uv":[0,0,2,1],"texture":"#0"},"down":{"uv":[0,15,2,16],"texture":"#0"}}},{"from":[6,15,4],"to":[8,15.75,5],"rotation":{"angle":0,"axis":"y","origin":[13,23,12]},"faces":{"north":{"uv":[0,0,2,0.75],"texture":"#0"},"east":{"uv":[0,0,1,0.75],"texture":"#0"},"south":{"uv":[0,0,2,0.75],"texture":"#0"},"west":{"uv":[0,0,1,0.75],"texture":"#0"},"up":{"uv":[0,0,2,1],"texture":"#0"},"down":{"uv":[0,15,2,16],"texture":"#0"}}},{"from":[11,15,10],"to":[13,15.75,11],"rotation":{"angle":0,"axis":"y","origin":[18,23,18]},"faces":{"north":{"uv":[0,0,2,0.75],"texture":"#0"},"east":{"uv":[0,0,1,0.75],"texture":"#0"},"south":{"uv":[0,0,2,0.75],"texture":"#0"},"west":{"uv":[0,0,1,0.75],"texture":"#0"},"up":{"uv":[0,0,2,1],"texture":"#0"},"down":{"uv":[1,15,3,16],"texture":"#0"}}},{"from":[6,15,10],"to":[8,15.75,11],"rotation":{"angle":0,"axis":"y","origin":[13,23,18]},"faces":{"north":{"uv":[0,0,2,0.75],"texture":"#0"},"east":{"uv":[0,0,1,0.75],"texture":"#0"},"south":{"uv":[0,0,2,0.75],"texture":"#0"},"west":{"uv":[0,0,1,0.75],"texture":"#0"},"up":{"uv":[0,0,2,1],"texture":"#0"},"down":{"uv":[0,15,2,16],"texture":"#0"}}},{"from":[12,15,5],"to":[13,15.75,6],"rotation":{"angle":0,"axis":"y","origin":[18,23,13]},"faces":{"north":{"uv":[0,0,1,0.75],"texture":"#0"},"east":{"uv":[0,0,1,0.75],"texture":"#0"},"south":{"uv":[0,0,1,0.75],"texture":"#0"},"west":{"uv":[0,0,1,0.75],"texture":"#0"},"up":{"uv":[0,0,1,1],"texture":"#0"},"down":{"uv":[0,15,1,16],"texture":"#0"}}},{"from":[6,15,5],"to":[7,15.75,6],"rotation":{"angle":0,"axis":"y","origin":[12,23,13]},"faces":{"north":{"uv":[0,0,1,0.75],"texture":"#0"},"east":{"uv":[0,0,1,0.75],"texture":"#0"},"south":{"uv":[0,0,1,0.75],"texture":"#0"},"west":{"uv":[0,0,1,0.75],"texture":"#0"},"up":{"uv":[0,0,1,1],"texture":"#0"},"down":{"uv":[1,15,2,16],"texture":"#0"}}},{"from":[12,15,9],"to":[13,15.75,10],"rotation":{"angle":0,"axis":"y","origin":[18,23,17]},"faces":{"north":{"uv":[0,0,1,0.75],"texture":"#0"},"east":{"uv":[0,0,1,0.75],"texture":"#0"},"south":{"uv":[0,0,1,0.75],"texture":"#0"},"west":{"uv":[0,0,1,0.75],"texture":"#0"},"up":{"uv":[0,0,1,1],"texture":"#0"},"down":{"uv":[2,15,3,16],"texture":"#0"}}},{"from":[6,15,9],"to":[7,15.75,10],"rotation":{"angle":0,"axis":"y","origin":[12,23,17]},"faces":{"north":{"uv":[0,0,1,0.75],"texture":"#0"},"east":{"uv":[0,0,1,0.75],"texture":"#0"},"south":{"uv":[0,0,1,0.75],"texture":"#0"},"west":{"uv":[0,0,1,0.75],"texture":"#0"},"up":{"uv":[0,0,1,1],"texture":"#0"},"down":{"uv":[0,14,1,15],"texture":"#0"}}},{"from":[7,13,9],"to":[8,15,10],"rotation":{"angle":0,"axis":"y","origin":[13,22,17]},"faces":{"north":{"uv":[0,0,1,2],"texture":"#0"},"east":{"uv":[0,0,1,2],"texture":"#0"},"south":{"uv":[9,0,10,2],"texture":"#0"},"west":{"uv":[5,0,6,2],"texture":"#0"},"up":{"uv":[0,0,1,1],"texture":"#0"},"down":{"uv":[0,0,1,1],"texture":"#0"}}},{"from":[7,13,5],"to":[8,15,6],"rotation":{"angle":0,"axis":"y","origin":[13,22,13]},"faces":{"north":{"uv":[6,0,7,2],"texture":"#0"},"east":{"uv":[0,0,1,2],"texture":"#0"},"south":{"uv":[0,0,1,2],"texture":"#0"},"west":{"uv":[6,0,7,2],"texture":"#0"},"up":{"uv":[0,0,1,1],"texture":"#0"},"down":{"uv":[0,0,1,1],"texture":"#0"}}},{"from":[11,13,5],"to":[12,15,6],"rotation":{"angle":0,"axis":"y","origin":[17,22,13]},"faces":{"north":{"uv":[6,0,7,2],"texture":"#0"},"east":{"uv":[9,0,10,2],"texture":"#0"},"south":{"uv":[0,0,1,2],"texture":"#0"},"west":{"uv":[0,0,1,2],"texture":"#0"},"up":{"uv":[0,0,1,1],"texture":"#0"},"down":{"uv":[0,0,1,1],"texture":"#0"}}},{"from":[11,13,9],"to":[12,15,10],"rotation":{"angle":0,"axis":"y","origin":[17,22,17]},"faces":{"north":{"uv":[0,0,1,2],"texture":"#0"},"east":{"uv":[5,0,6,2],"texture":"#0"},"south":{"uv":[9,0,10,2],"texture":"#0"},"west":{"uv":[0,0,1,2],"texture":"#0"},"up":{"uv":[0,0,1,1],"texture":"#0"},"down":{"uv":[0,0,1,1],"texture":"#0"}}},{"from":[13,15,6],"to":[13.75,15.75,9],"rotation":{"angle":0,"axis":"y","origin":[19,23,14]},"faces":{"north":{"uv":[0,0,1,0.75],"texture":"#0"},"east":{"uv":[0,0,3,0.75],"texture":"#0"},"south":{"uv":[0,0,1,0.75],"texture":"#0"},"west":{"uv":[0,0,3,0.75],"texture":"#0"},"up":{"uv":[0,0,1,3],"texture":"#0"},"down":{"uv":[0,13,1,16],"texture":"#0"}}},{"from":[12,13,6],"to":[13,15,9],"rotation":{"angle":0,"axis":"y","origin":[18,22,14]},"faces":{"north":{"uv":[5,0,6,2],"texture":"#0"},"east":{"uv":[6,0,9,2],"texture":"#0"},"south":{"uv":[7,0,8,2],"texture":"#0"},"west":{"uv":[0,0,3,2],"texture":"#0"},"up":{"uv":[0,0,1,3],"texture":"#0"},"down":{"uv":[0,0,1,3],"texture":"#0"}}},{"from":[6,13,6],"to":[7,15,9],"rotation":{"angle":0,"axis":"y","origin":[12,22,14]},"faces":{"north":{"uv":[10,0,11,2],"texture":"#0"},"east":{"uv":[0,0,3,2],"texture":"#0"},"south":{"uv":[6,0,7,2],"texture":"#0"},"west":{"uv":[8,0,11,2],"texture":"#0"},"up":{"uv":[0,0,1,3],"texture":"#0"},"down":{"uv":[0,0,1,3],"texture":"#0"}}},{"from":[6.5,12,7],"to":[7,13,8],"rotation":{"angle":0,"axis":"y","origin":[12,20,14]},"faces":{"north":{"uv":[0,0,0.5,1],"texture":"#0"},"east":{"uv":[0,0,1,1],"texture":"#0"},"south":{"uv":[0,0,0.5,1],"texture":"#0"},"west":{"uv":[0,0,1,1],"texture":"#0"},"up":{"uv":[0,0,0.5,1],"texture":"#0"},"down":{"uv":[0,0,0.5,1],"texture":"#0"}}},{"from":[12,12,7],"to":[12.5,13,8],"rotation":{"angle":0,"axis":"y","origin":[18,20,14]},"faces":{"north":{"uv":[0,0,0.5,1],"texture":"#0"},"east":{"uv":[0,0,1,1],"texture":"#0"},"south":{"uv":[0,0,0.5,1],"texture":"#0"},"west":{"uv":[0,0,1,1],"texture":"#0"},"up":{"uv":[0,0,0.5,1],"texture":"#0"},"down":{"uv":[0,0,0.5,1],"texture":"#0"}}},{"from":[9,12,10],"to":[10,13,10.5],"rotation":{"angle":0,"axis":"y","origin":[15,20,17]},"faces":{"north":{"uv":[0,0,1,1],"texture":"#0"},"east":{"uv":[0,0,0.5,1],"texture":"#0"},"south":{"uv":[0,0,1,1],"texture":"#0"},"west":{"uv":[0,0,0.5,1],"texture":"#0"},"up":{"uv":[0,0,1,0.5],"texture":"#0"},"down":{"uv":[0,0,1,0.5],"texture":"#0"}}},{"from":[9,12,4.5],"to":[10,13,5],"rotation":{"angle":0,"axis":"y","origin":[15,20,11]},"faces":{"north":{"uv":[0,0,1,1],"texture":"#0"},"east":{"uv":[0,0,0.5,1],"texture":"#0"},"south":{"uv":[0,0,1,1],"texture":"#0"},"west":{"uv":[0,0,0.5,1],"texture":"#0"},"up":{"uv":[0,0,1,0.5],"texture":"#0"},"down":{"uv":[0,0,1,0.5],"texture":"#0"}}},{"from":[8,12,5],"to":[11,13,10],"rotation":{"angle":0,"axis":"y","origin":[14,20,12]},"faces":{"north":{"uv":[0,0,3,1],"texture":"#0"},"east":{"uv":[0,0,5,1],"texture":"#0"},"south":{"uv":[0,0,3,1],"texture":"#0"},"west":{"uv":[0,0,5,1],"texture":"#0"},"up":{"uv":[0,0,3,5],"texture":"#0"},"down":{"uv":[0,0,3,5],"texture":"#0"}}},{"from":[7,12,6],"to":[8,13,9],"rotation":{"angle":0,"axis":"y","origin":[13,20,13]},"faces":{"north":{"uv":[0,0,1,1],"texture":"#0"},"east":{"uv":[0,0,3,1],"texture":"#0"},"south":{"uv":[0,0,1,1],"texture":"#0"},"west":{"uv":[0,0,3,1],"texture":"#0"},"up":{"uv":[0,0,1,3],"texture":"#0"},"down":{"uv":[0,0,1,3],"texture":"#0"}}},{"from":[8,11.5,6],"to":[11,12,9],"rotation":{"angle":0,"axis":"y","origin":[14,19,13]},"faces":{"north":{"uv":[0,15,3,15.5],"texture":"#0"},"east":{"uv":[0,15,3,15.5],"texture":"#0"},"south":{"uv":[0,14,3,14.5],"texture":"#0"},"west":{"uv":[0,14,3,14.5],"texture":"#0"},"up":{"uv":[0,0,3,3],"texture":"#0"},"down":{"uv":[0,13,3,16],"texture":"#0"}}},{"from":[8,8.25,6],"to":[11,8.5,9],"rotation":{"angle":0,"axis":"y","origin":[14,15.5,13]},"faces":{"north":{"uv":[0,0,3,0.25],"texture":"#0"},"east":{"uv":[0,0,3,0.25],"texture":"#0"},"south":{"uv":[0,0,3,0.25],"texture":"#0"},"west":{"uv":[0,0,3,0.25],"texture":"#0"},"up":{"uv":[0,0,3,3],"texture":"#0"},"down":{"uv":[0,0,3,3],"texture":"#0"}}},{"from":[7.75,8,5.75],"to":[11.25,8.25,9.25],"rotation":{"angle":0,"axis":"y","origin":[14,15.25,13]},"faces":{"north":{"uv":[0,0,3.5,0.25],"texture":"#0"},"east":{"uv":[0,0,3.5,0.25],"texture":"#0"},"south":{"uv":[0,0,3.5,0.25],"texture":"#0"},"west":{"uv":[0,0,3.5,0.25],"texture":"#0"},"up":{"uv":[0,0,3.5,3.5],"texture":"#0"},"down":{"uv":[0,12,3.5,16],"texture":"#0"}}},{"from":[8.5,9.75,6.5],"to":[10.5,10,8.5],"rotation":{"angle":0,"axis":"y","origin":[14,17,13]},"faces":{"north":{"uv":[0,0,2,0.25],"texture":"#0"},"east":{"uv":[0,0,2,0.25],"texture":"#0"},"south":{"uv":[0,0,2,0.25],"texture":"#0"},"west":{"uv":[0,0,2,0.25],"texture":"#0"},"up":{"uv":[0,0,2,2],"texture":"#0"},"down":{"uv":[1,14,3,16],"texture":"#0"}}},{"from":[8.5,8.5,6.5],"to":[10.5,8.75,8.5],"rotation":{"angle":0,"axis":"y","origin":[14,15.75,13]},"faces":{"north":{"uv":[0,0,2,0.25],"texture":"#0"},"east":{"uv":[0,0,2,0.25],"texture":"#0"},"south":{"uv":[0,0,2,0.25],"texture":"#0"},"west":{"uv":[0,0,2,0.25],"texture":"#0"},"up":{"uv":[0,0,2,2],"texture":"#0"},"down":{"uv":[0,0,2,2],"texture":"#0"}}},{"from":[8.75,10,6.75],"to":[10.25,10.5,8.25],"rotation":{"angle":0,"axis":"y","origin":[14,17.5,13]},"faces":{"north":{"uv":[0,0,1.5,0.5],"texture":"#0"},"east":{"uv":[0,0,1.5,0.5],"texture":"#0"},"south":{"uv":[0,0,1.5,0.5],"texture":"#0"},"west":{"uv":[0,0,1.5,0.5],"texture":"#0"},"up":{"uv":[0,0,1.5,1.5],"texture":"#0"},"down":{"uv":[0,0,1.5,1.5],"texture":"#0"}}},{"from":[8.75,9.5,6.75],"to":[10.25,10,8.25],"rotation":{"angle":0,"axis":"y","origin":[14,16.75,13]},"faces":{"north":{"uv":[0,15,1.5,15.5],"texture":"#0"},"east":{"uv":[0,15,1.5,15.5],"texture":"#0"},"south":{"uv":[0,15,1.5,15.5],"texture":"#0"},"west":{"uv":[0,15,1.5,15.5],"texture":"#0"},"up":{"uv":[0,0,1.5,1.5],"texture":"#0"},"down":{"uv":[0,14,1.5,15.5],"texture":"#0"}}},{"from":[8.75,8.75,6.75],"to":[10.25,9,8.25],"rotation":{"angle":0,"axis":"y","origin":[14,16,13]},"faces":{"north":{"uv":[0,0,1.5,0.25],"texture":"#0"},"east":{"uv":[0,0,1.5,0.25],"texture":"#0"},"south":{"uv":[0,0,1.5,0.25],"texture":"#0"},"west":{"uv":[0,0,1.5,0.25],"texture":"#0"},"up":{"uv":[0,0,1.5,1.5],"texture":"#0"},"down":{"uv":[0,0,1.5,1.5],"texture":"#0"}}},{"from":[9,10.5,7],"to":[10,11,8],"rotation":{"angle":0,"axis":"y","origin":[14,18,13]},"faces":{"north":{"uv":[0,0,1,0.5],"texture":"#0"},"east":{"uv":[0,0,1,0.5],"texture":"#0"},"south":{"uv":[0,0,1,0.5],"texture":"#0"},"west":{"uv":[0,0,1,0.5],"texture":"#0"},"up":{"uv":[0,0,1,1],"texture":"#0"},"down":{"uv":[0,0,1,1],"texture":"#0"}}},{"from":[9,9,7],"to":[10,9.5,8],"rotation":{"angle":0,"axis":"y","origin":[14,16.25,13]},"faces":{"north":{"uv":[0,14,1,14.5],"texture":"#0"},"east":{"uv":[0,15,1,15.5],"texture":"#0"},"south":{"uv":[0,15,1,15.5],"texture":"#0"},"west":{"uv":[0,15,1,15.5],"texture":"#0"},"up":{"uv":[0,0,1,1],"texture":"#0"},"down":{"uv":[0,0,1,1],"texture":"#0"}}},{"from":[8.75,11,6.75],"to":[10.25,11.5,8.25],"rotation":{"angle":0,"axis":"y","origin":[14,18.5,13]},"faces":{"north":{"uv":[0,14,1.5,14.5],"texture":"#0"},"east":{"uv":[1,15,2.5,15.5],"texture":"#0"},"south":{"uv":[0,14,1.5,14.5],"texture":"#0"},"west":{"uv":[0,15,1.5,15.5],"texture":"#0"},"up":{"uv":[0,0,1.5,1.5],"texture":"#0"},"down":{"uv":[0,0,1.5,1.5],"texture":"#0"}}},{"from":[11,12,6],"to":[12,13,9],"rotation":{"angle":0,"axis":"y","origin":[17,20,13]},"faces":{"north":{"uv":[0,0,1,1],"texture":"#0"},"east":{"uv":[0,0,3,1],"texture":"#0"},"south":{"uv":[0,0,1,1],"texture":"#0"},"west":{"uv":[0,0,3,1],"texture":"#0"},"up":{"uv":[0,0,1,3],"texture":"#0"},"down":{"uv":[0,0,1,3],"texture":"#0"}}},{"from":[5.25,15,6],"to":[6,15.75,9],"rotation":{"angle":0,"axis":"y","origin":[11,23,14]},"faces":{"north":{"uv":[0,0,1,0.75],"texture":"#0"},"east":{"uv":[0,0,3,0.75],"texture":"#0"},"south":{"uv":[0,0,1,0.75],"texture":"#0"},"west":{"uv":[0,0,3,0.75],"texture":"#0"},"up":{"uv":[0,0,1,3],"texture":"#0"},"down":{"uv":[1,13,2,16],"texture":"#0"}}}],"display":{"thirdperson_righthand":{"translation":[-0.5,0.25,1.75],"scale":[0.34,0.35,0.35]},"thirdperson_lefthand":{"translation":[0.75,0,1.5],"scale":[0.34,0.34,0.34]},"firstperson_righthand":{"rotation":[-9,8,0],"translation":[-1,0,0],"scale":[0.5,0.5,0.5]},"firstperson_lefthand":{"rotation":[-4,0,0],"translation":[0.75,0,0],"scale":[0.5,0.5,0.51]},"ground":{"translation":[-1.5,0,0],"scale":[0.74,0.74,0.74]},"gui":{"rotation":[22,-139,9],"translation":[0,-3.75,0],"scale":[0.84,0.84,0.84]},"head":{"rotation":[-180,33,-9],"translation":[-5.5,11,-6.5],"scale":[0.63,0.63,0.63]},"fixed":{"rotation":[-90,0,0],"translation":[-0.5,-0.5,-0.25]}}}