{"credit":"Made with Blockbench","textures":{"0":"mineinabyss:relics/blaze_reap","particle":"mineinabyss:relics/blaze_reap"},"elements":[{"from":[7.37,4.24907,8.09282],"to":[8.63,6.45907,9.10282],"rotation":{"angle":22.5,"axis":"x","origin":[8,7.98815,7.34103]},"faces":{"north":{"uv":[3.5,7,6,9.5],"texture":"#0"},"east":{"uv":[12.5,9.5,16,7],"rotation":270,"texture":"#0"},"south":{"uv":[3.5,7,6,9.5],"texture":"#0"},"west":{"uv":[12.5,7,16,9.5],"rotation":270,"texture":"#0"},"up":{"uv":[3.5,7,6,9.5],"texture":"#0"},"down":{"uv":[3.5,7,6,9.5],"texture":"#0"}}},{"from":[7.375,6.24372,8.19704],"to":[8.625,7.24372,9.78204],"rotation":{"angle":22.5,"axis":"x","origin":[8,7.98815,7.34103]},"faces":{"north":{"uv":[12,4.5,16,7],"rotation":90,"texture":"#0"},"east":{"uv":[12,4.5,16,7],"rotation":90,"texture":"#0"},"south":{"uv":[12,4.5,16,7],"rotation":90,"texture":"#0"},"west":{"uv":[12,4.5,16,7],"rotation":90,"texture":"#0"},"up":{"uv":[12,4.5,16,7],"rotation":90,"texture":"#0"},"down":{"uv":[12,4.5,16,7],"rotation":90,"texture":"#0"}}},{"from":[7.375,5.787,7.41402],"to":[8.625,7.587,8.16402],"rotation":{"angle":0,"axis":"z","origin":[8,7.98815,7.34103]},"faces":{"north":{"uv":[12,4.5,16,7],"rotation":90,"texture":"#0"},"east":{"uv":[12,4.5,16,7],"rotation":90,"texture":"#0"},"south":{"uv":[12,4.5,16,7],"rotation":90,"texture":"#0"},"west":{"uv":[12,4.5,16,7],"rotation":90,"texture":"#0"},"up":{"uv":[12,4.5,16,7],"rotation":90,"texture":"#0"},"down":{"uv":[12,4.5,16,7],"rotation":90,"texture":"#0"}}},{"from":[7.375,7.12255,7.10932],"to":[8.625,7.65255,7.63932],"rotation":{"angle":-45,"axis":"x","origin":[8,7.98815,7.34103]},"faces":{"north":{"uv":[12,4.5,16,7],"rotation":90,"texture":"#0"},"east":{"uv":[12,4.5,16,7],"rotation":90,"texture":"#0"},"south":{"uv":[12,4.5,16,7],"rotation":90,"texture":"#0"},"west":{"uv":[12,4.5,16,7],"rotation":90,"texture":"#0"},"up":{"uv":[12,4.5,16,7],"rotation":90,"texture":"#0"},"down":{"uv":[12,4.5,16,7],"rotation":90,"texture":"#0"}}},{"from":[7.374,3.7347,7.7897],"to":[8.626,5.7367,8.5417],"rotation":{"angle":-22.5,"axis":"x","origin":[8,7.98815,7.34103]},"faces":{"north":{"uv":[6,9.5,12.5,7],"rotation":90,"texture":"#0"},"east":{"uv":[6,7,9,9.5],"rotation":90,"texture":"#0"},"south":{"uv":[6,9.5,9,7],"rotation":90,"texture":"#0"},"west":{"uv":[6,7,9,9.5],"rotation":90,"texture":"#0"},"up":{"uv":[12,4.5,16,7],"rotation":90,"texture":"#0"},"down":{"uv":[12,4.5,16,7],"rotation":90,"texture":"#0"}}},{"from":[7.375,2.65849,9.32672],"to":[8.625,4.51849,10.07672],"rotation":{"angle":0,"axis":"z","origin":[8,7.98815,7.34103]},"faces":{"north":{"uv":[9,7,11.5,9.5],"rotation":270,"texture":"#0"},"east":{"uv":[9,7,11.5,9.5],"rotation":270,"texture":"#0"},"south":{"uv":[9,9.5,11.5,7],"rotation":270,"texture":"#0"},"west":{"uv":[9,9.5,11.5,7],"rotation":270,"texture":"#0"},"up":{"uv":[0,0.75,1,1.5],"rotation":180,"texture":"#0"},"down":{"uv":[0,0.75,1,1.5],"texture":"#0"}}},{"from":[7.374,3.04777,11.15681],"to":[8.626,4.10977,11.90881],"rotation":{"angle":22.5,"axis":"x","origin":[8,7.98815,7.34103]},"faces":{"north":{"uv":[9.5,9.5,6,7],"rotation":90,"texture":"#0"},"east":{"uv":[9.5,7,6,9.5],"rotation":90,"texture":"#0"},"south":{"uv":[9.5,9.5,6,7],"rotation":90,"texture":"#0"},"west":{"uv":[9.5,7,6,9.5],"rotation":90,"texture":"#0"},"up":{"uv":[0,0.75,1,1.5],"rotation":180,"texture":"#0"},"down":{"uv":[0,0.75,1,1.5],"texture":"#0"}}},{"from":[7.37,1.93937,9.04952],"to":[8.63,3.04937,11.90952],"rotation":{"angle":22.5,"axis":"x","origin":[8,7.98815,7.34103]},"faces":{"north":{"uv":[12,4.5,16,7],"rotation":90,"texture":"#0"},"east":{"uv":[12,4.5,16,7],"rotation":90,"texture":"#0"},"south":{"uv":[12,4.5,16,7],"rotation":90,"texture":"#0"},"west":{"uv":[12,4.5,16,7],"rotation":90,"texture":"#0"},"up":{"uv":[12,4.5,16,7],"rotation":90,"texture":"#0"},"down":{"uv":[12,4.5,16,7],"rotation":90,"texture":"#0"}}},{"from":[7.375,1.7487,6.61124],"to":[8.625,4.2487,7.61124],"rotation":{"angle":0,"axis":"z","origin":[8,7.98815,7.34103]},"faces":{"north":{"uv":[3.5,7,6,9.5],"texture":"#0"},"east":{"uv":[3.5,7,6,9.5],"texture":"#0"},"south":{"uv":[3.5,7,6,9.5],"texture":"#0"},"west":{"uv":[3.5,7,6,9.5],"texture":"#0"},"up":{"uv":[3.5,7,6,9.5],"texture":"#0"},"down":{"uv":[3.5,7,6,9.5],"texture":"#0"}}},{"from":[7.375,2.86076,12.50973],"to":[8.625,3.36076,13.00973],"rotation":{"angle":45,"axis":"x","origin":[8,7.98815,7.34103]},"faces":{"north":{"uv":[12,4.5,16,7],"rotation":90,"texture":"#0"},"east":{"uv":[12,4.5,16,7],"rotation":90,"texture":"#0"},"south":{"uv":[12,4.5,16,7],"rotation":90,"texture":"#0"},"west":{"uv":[12,4.5,16,7],"rotation":90,"texture":"#0"},"up":{"uv":[12,4.5,16,7],"rotation":90,"texture":"#0"},"down":{"uv":[12,4.5,16,7],"rotation":90,"texture":"#0"}}},{"from":[7.375,0.70771,7.37025],"to":[8.625,1.50771,8.07025],"rotation":{"angle":0,"axis":"z","origin":[8,7.98815,7.34103]},"faces":{"north":{"uv":[12,4.5,16,7],"rotation":90,"texture":"#0"},"east":{"uv":[12,4.5,16,7],"rotation":90,"texture":"#0"},"south":{"uv":[12,4.5,16,7],"rotation":90,"texture":"#0"},"west":{"uv":[12,4.5,16,7],"rotation":90,"texture":"#0"},"up":{"uv":[12,4.5,16,7],"rotation":90,"texture":"#0"},"down":{"uv":[12,4.5,16,7],"rotation":90,"texture":"#0"}}},{"from":[7.372,-1.7543,7.00824],"to":[8.628,-1.1483,8.46424],"rotation":{"angle":0,"axis":"z","origin":[8,7.98815,7.34103]},"faces":{"north":{"uv":[15.5,0,16,4.5],"texture":"#0"},"east":{"uv":[6,4.5,7.5,0.5],"rotation":90,"texture":"#0"},"south":{"uv":[15.5,0,16,4.5],"texture":"#0"},"west":{"uv":[6,0.5,7.5,4.5],"rotation":90,"texture":"#0"},"up":{"uv":[15.5,0,16,4.5],"texture":"#0"},"down":{"uv":[15.5,0,16,4.5],"texture":"#0"}}},{"from":[7.375,-0.9513,7.01124],"to":[8.625,-0.7513,8.46124],"rotation":{"angle":0,"axis":"z","origin":[8,8.38815,7.34103]},"faces":{"north":{"uv":[12,4.5,16,7],"rotation":90,"texture":"#0"},"east":{"uv":[12,4.5,16,7],"rotation":90,"texture":"#0"},"south":{"uv":[12,4.5,16,7],"rotation":90,"texture":"#0"},"west":{"uv":[12,4.5,16,7],"rotation":90,"texture":"#0"},"up":{"uv":[12,4.5,16,7],"rotation":90,"texture":"#0"},"down":{"uv":[12,4.5,16,7],"rotation":90,"texture":"#0"}}},{"from":[7.375,-0.4513,7.01124],"to":[8.625,-0.2513,8.46124],"rotation":{"angle":0,"axis":"z","origin":[8,8.88815,7.34103]},"faces":{"north":{"uv":[12,4.5,16,7],"rotation":90,"texture":"#0"},"east":{"uv":[12,4.5,16,7],"rotation":90,"texture":"#0"},"south":{"uv":[12,4.5,16,7],"rotation":90,"texture":"#0"},"west":{"uv":[12,4.5,16,7],"rotation":90,"texture":"#0"},"up":{"uv":[12,4.5,16,7],"rotation":90,"texture":"#0"},"down":{"uv":[12,4.5,16,7],"rotation":90,"texture":"#0"}}},{"from":[7.375,-3.13593,10.66451],"to":[8.625,-0.63593,13.16451],"rotation":{"angle":22.5,"axis":"x","origin":[8,7.98815,7.34103]},"faces":{"north":{"uv":[11.5,0,15.5,4.5],"rotation":90,"texture":"#0"},"east":{"uv":[11.5,0,16,4.5],"rotation":90,"texture":"#0"},"south":{"uv":[11.5,0,15.5,4.5],"rotation":90,"texture":"#0"},"west":{"uv":[11.5,0,16,4.5],"rotation":90,"texture":"#0"},"up":{"uv":[0,2,1,3],"rotation":270,"texture":"#0"},"down":{"uv":[6.5,0,15.5,4.5],"rotation":90,"texture":"#0"}}},{"from":[7.37,1.79409,14.51651],"to":[8.63,2.25409,16.02651],"rotation":{"angle":45,"axis":"x","origin":[8,7.98815,7.34103]},"faces":{"north":{"uv":[0,2,1,3],"rotation":90,"texture":"#0"},"east":{"uv":[6,4,7,0],"rotation":90,"texture":"#0"},"south":{"uv":[12,0,16,4.5],"rotation":90,"texture":"#0"},"west":{"uv":[6,0,7,4],"rotation":90,"texture":"#0"},"up":{"uv":[6,0,10.5,4.5],"rotation":90,"texture":"#0"},"down":{"uv":[0,1.5,1,2.25],"rotation":180,"texture":"#0"}}},{"from":[7.625,7.55973,8.05419],"to":[8.375,7.80973,10.05419],"rotation":{"angle":22.5,"axis":"x","origin":[8,7.98815,7.34103]},"faces":{"north":{"uv":[8.5,6.5,9,7],"rotation":90,"texture":"#0"},"east":{"uv":[8.5,6.5,9,7],"rotation":90,"texture":"#0"},"south":{"uv":[8.5,6.5,9,7],"rotation":90,"texture":"#0"},"west":{"uv":[8.5,6.5,9,7],"rotation":90,"texture":"#0"},"up":{"uv":[8.5,6.5,9,7],"rotation":90,"texture":"#0"},"down":{"uv":[8.5,6.5,9,7],"rotation":90,"texture":"#0"}}},{"from":[7.625,6.55406,9.68372],"to":[8.375,6.80406,10.18372],"rotation":{"angle":0,"axis":"x","origin":[8,7.98815,7.34103]},"faces":{"north":{"uv":[8.5,6.5,9,7],"rotation":90,"texture":"#0"},"east":{"uv":[8.5,6.5,9,7],"rotation":90,"texture":"#0"},"south":{"uv":[8.5,6.5,9,7],"rotation":90,"texture":"#0"},"west":{"uv":[8.5,6.5,9,7],"rotation":90,"texture":"#0"},"up":{"uv":[8.5,6.5,9,7],"rotation":90,"texture":"#0"},"down":{"uv":[8.5,6.5,9,7],"rotation":90,"texture":"#0"}}},{"from":[7.5,5.43232,6.11377],"to":[8.5,6.43232,7.11377],"rotation":{"angle":-22.5,"axis":"x","origin":[8,7.98815,7.34103]},"faces":{"north":{"uv":[3.5,7,6,9.5],"texture":"#0"},"east":{"uv":[3.5,7,6,9.5],"texture":"#0"},"south":{"uv":[3.5,7,6,9.5],"texture":"#0"},"west":{"uv":[3.5,7,6,9.5],"texture":"#0"},"up":{"uv":[3.5,7,6,9.5],"texture":"#0"},"down":{"uv":[3.5,7,6,9.5],"texture":"#0"}}},{"from":[7.5,-1.7513,7.11124],"to":[8.5,1.7487,8.36124],"rotation":{"angle":0,"axis":"z","origin":[8,7.98815,7.34103]},"faces":{"north":{"uv":[0,2,2.5,4.5],"texture":"#0"},"east":{"uv":[0,2,2.5,4.5],"texture":"#0"},"south":{"uv":[0,2,2.5,4.5],"texture":"#0"},"west":{"uv":[0,2,2.5,4.5],"texture":"#0"},"up":{"uv":[0,2,2.5,4.5],"texture":"#0"},"down":{"uv":[0,2,2.5,4.5],"texture":"#0"}}},{"from":[7.5,6.287,6.48902],"to":[8.5,7.287,7.48902],"rotation":{"angle":0,"axis":"y","origin":[8,7.98815,7.34103]},"faces":{"north":{"uv":[3.5,7,6,9.5],"texture":"#0"},"east":{"uv":[3.5,7,6,9.5],"texture":"#0"},"south":{"uv":[3.5,7,6,9.5],"texture":"#0"},"west":{"uv":[3.5,7,6,9.5],"texture":"#0"},"up":{"uv":[3.5,7,6,9.5],"texture":"#0"},"down":{"uv":[3.5,7,6,9.5],"texture":"#0"}}},{"from":[7.5,6.38772,5.53568],"to":[8.5,7.38772,6.53568],"rotation":{"angle":-45,"axis":"x","origin":[8,7.98815,7.34103]},"faces":{"north":{"uv":[3.5,7,6,9.5],"texture":"#0"},"east":{"uv":[3.5,7,6,9.5],"texture":"#0"},"south":{"uv":[3.5,7,6,9.5],"texture":"#0"},"west":{"uv":[3.5,7,6,9.5],"texture":"#0"},"up":{"uv":[3.5,7,6,9.5],"texture":"#0"},"down":{"uv":[3.5,7,6,9.5],"texture":"#0"}}},{"from":[7.499,5.05213,7.01247],"to":[8.501,9.30413,8.01447],"rotation":{"angle":0,"axis":"z","origin":[8,7.98815,7.34103]},"faces":{"north":{"uv":[3.5,7,6,9.5],"texture":"#0"},"east":{"uv":[3.5,7,6,9.5],"texture":"#0"},"south":{"uv":[3.5,7,6,9.5],"texture":"#0"},"west":{"uv":[3.5,7,6,9.5],"texture":"#0"},"up":{"uv":[3.5,7,6,9.5],"texture":"#0"},"down":{"uv":[3.5,7,6,9.5],"texture":"#0"}}},{"from":[7.5,6.8899,7.23435],"to":[8.5,9.1399,8.23435],"rotation":{"angle":45,"axis":"x","origin":[8,7.98815,7.34103]},"faces":{"north":{"uv":[3.5,7,6,9.5],"texture":"#0"},"east":{"uv":[3.5,7,6,9.5],"texture":"#0"},"south":{"uv":[3.5,7,6,9.5],"texture":"#0"},"west":{"uv":[3.5,7,6,9.5],"texture":"#0"},"up":{"uv":[3.5,7,6,9.5],"texture":"#0"},"down":{"uv":[3.5,7,6,9.5],"texture":"#0"}}},{"from":[7.495,8.16588,7.68212],"to":[8.505,9.27588,9.44212],"rotation":{"angle":0,"axis":"y","origin":[8,7.98815,7.34103]},"faces":{"north":{"uv":[3.5,7,6,9.5],"texture":"#0"},"east":{"uv":[16,7,12.5,9.5],"texture":"#0"},"south":{"uv":[3.5,7,6,9.5],"texture":"#0"},"west":{"uv":[12.5,7,16,9.5],"texture":"#0"},"up":{"uv":[3.5,7,6,9.5],"texture":"#0"},"down":{"uv":[3.5,7,6,9.5],"texture":"#0"}}},{"from":[7.5,7.35483,7.3475],"to":[8.5,8.35483,9.3475],"rotation":{"angle":-22.5,"axis":"x","origin":[8,7.98815,7.34103]},"faces":{"north":{"uv":[3.5,7,6,9.5],"texture":"#0"},"east":{"uv":[3.5,7,6,9.5],"texture":"#0"},"south":{"uv":[3.5,7,6,9.5],"texture":"#0"},"west":{"uv":[3.5,7,6,9.5],"texture":"#0"},"up":{"uv":[3.5,7,6,9.5],"texture":"#0"},"down":{"uv":[3.5,7,6,9.5],"texture":"#0"}}},{"from":[7.497,8.97237,6.93369],"to":[8.503,9.97837,8.78969],"rotation":{"angle":22.5,"axis":"x","origin":[8,7.98815,7.34103]},"faces":{"north":{"uv":[3.5,7,6,9.5],"texture":"#0"},"east":{"uv":[3.5,7,6,9.5],"texture":"#0"},"south":{"uv":[3.5,7,6,9.5],"texture":"#0"},"west":{"uv":[3.5,7,6,9.5],"texture":"#0"},"up":{"uv":[3.5,7,6,9.5],"texture":"#0"},"down":{"uv":[3.5,7,6,9.5],"texture":"#0"}}},{"from":[7.495,8.9407,7.46051],"to":[8.505,10.1507,8.47051],"rotation":{"angle":-22.5,"axis":"x","origin":[8,7.98815,7.34103]},"faces":{"north":{"uv":[3.5,7,6,9.5],"texture":"#0"},"east":{"uv":[3.5,7,6,9.5],"texture":"#0"},"south":{"uv":[3.5,7,6,9.5],"texture":"#0"},"west":{"uv":[3.5,7,6,9.5],"texture":"#0"},"up":{"uv":[3.5,7,6,9.5],"texture":"#0"},"down":{"uv":[3.5,7,6,9.5],"texture":"#0"}}},{"from":[7.35,11.48137,4.2773],"to":[8.65,12.58137,6.7773],"rotation":{"angle":0,"axis":"z","origin":[8.05,7.98815,7.34103]},"faces":{"north":{"uv":[14,0,16,4.5],"rotation":270,"texture":"#0"},"east":{"uv":[6,0,16,4.5],"texture":"#0"},"south":{"uv":[14,0,16,4.5],"rotation":270,"texture":"#0"},"west":{"uv":[6,0,16,4.5],"texture":"#0"},"up":{"uv":[6,0,16,4.5],"rotation":90,"texture":"#0"},"down":{"uv":[6,0,16,4.5],"rotation":90,"texture":"#0"}}},{"from":[7.349,10.85585,8.7115],"to":[8.651,11.55785,9.4135],"rotation":{"angle":-45,"axis":"x","origin":[8.05,7.98815,7.34103]},"faces":{"north":{"uv":[5.5,0,7.5,0.5],"rotation":270,"texture":"#0"},"east":{"uv":[3.5,0,6,2.5],"rotation":180,"texture":"#0"},"south":{"uv":[1,0,2,1],"rotation":270,"texture":"#0"},"west":{"uv":[6,0,3.5,2.5],"rotation":180,"texture":"#0"},"up":{"uv":[1,0,2,3],"rotation":180,"texture":"#0"},"down":{"uv":[8.5,0,10.5,0.5],"rotation":270,"texture":"#0"}}},{"from":[7.5,9.57005,5.32849],"to":[8.5,11.04505,6.67849],"rotation":{"angle":45,"axis":"x","origin":[8,7.98815,7.34103]},"faces":{"north":{"uv":[12,4.5,16,7],"rotation":90,"texture":"#0"},"east":{"uv":[12,4.5,16,7],"rotation":90,"texture":"#0"},"south":{"uv":[12,4.5,16,7],"rotation":90,"texture":"#0"},"west":{"uv":[12,4.5,16,7],"rotation":90,"texture":"#0"},"up":{"uv":[12,4.5,16,7],"rotation":90,"texture":"#0"},"down":{"uv":[12,4.5,16,7],"rotation":90,"texture":"#0"}}},{"from":[7.499,10.58037,6.6763],"to":[8.501,11.58237,8.0783],"rotation":{"angle":0,"axis":"z","origin":[8,7.98815,7.34103]},"faces":{"north":{"uv":[12,4.5,16,7],"rotation":90,"texture":"#0"},"east":{"uv":[10.5,7,14.5,4.5],"rotation":90,"texture":"#0"},"south":{"uv":[12,4.5,16,7],"rotation":90,"texture":"#0"},"west":{"uv":[10.5,4.5,14.5,7],"rotation":90,"texture":"#0"},"up":{"uv":[12,4.5,16,7],"rotation":90,"texture":"#0"},"down":{"uv":[12,4.5,16,7],"rotation":90,"texture":"#0"}}},{"from":[7.495,9.82331,8.16538],"to":[8.505,11.58331,9.57538],"rotation":{"angle":-45,"axis":"x","origin":[8,7.98815,7.34103]},"faces":{"north":{"uv":[0.5,0,3,3],"rotation":90,"texture":"#0"},"east":{"uv":[0,3.5,3.5,0],"texture":"#0"},"south":{"uv":[0,0.75,1,1.5],"texture":"#0"},"west":{"uv":[0,0,3.5,3.5],"rotation":180,"texture":"#0"},"up":{"uv":[0,1,1,2],"rotation":270,"texture":"#0"},"down":{"uv":[0,1,1,2],"rotation":90,"texture":"#0"}}},{"from":[7.5,10.98137,4.2773],"to":[8.5,12.33137,6.0273],"rotation":{"angle":0,"axis":"z","origin":[8,7.98815,7.34103]},"faces":{"north":{"uv":[1,0,2,1],"rotation":270,"texture":"#0"},"east":{"uv":[1,0,2,3],"rotation":270,"texture":"#0"},"south":{"uv":[1,0,2,1],"rotation":270,"texture":"#0"},"west":{"uv":[0,0,3.5,4],"rotation":90,"texture":"#0"},"up":{"uv":[1,0,2,3],"rotation":180,"texture":"#0"},"down":{"uv":[0.5,0,3,3],"rotation":90,"texture":"#0"}}},{"from":[7.498,10.97937,2.2753],"to":[8.502,12.33337,4.2793],"rotation":{"angle":0,"axis":"z","origin":[8,7.98815,7.34103]},"faces":{"north":{"uv":[1,0,2,1],"rotation":270,"texture":"#0"},"east":{"uv":[0,2,3.5,8.5],"rotation":270,"texture":"#0"},"south":{"uv":[1,0,2,1],"rotation":270,"texture":"#0"},"west":{"uv":[0,2,3.5,8.5],"rotation":90,"texture":"#0"},"up":{"uv":[3,4.5,1,0],"rotation":180,"texture":"#0"},"down":{"uv":[3,1.5,0.5,4],"rotation":90,"texture":"#0"}}},{"from":[7.499,12.68756,2.32384],"to":[8.501,13.93956,4.32584],"rotation":{"angle":-22.5,"axis":"x","origin":[8,7.98815,7.34103]},"faces":{"north":{"uv":[1,0,2,1],"rotation":270,"texture":"#0"},"east":{"uv":[0,7.5,3.5,15],"rotation":270,"texture":"#0"},"south":{"uv":[1,0,2,1],"rotation":270,"texture":"#0"},"west":{"uv":[0,7.5,3.5,15],"rotation":90,"texture":"#0"},"up":{"uv":[3,0,1,4.5],"rotation":180,"texture":"#0"},"down":{"uv":[1,2.5,3.5,0],"rotation":90,"texture":"#0"}}},{"from":[7.501,12.68956,1.17584],"to":[8.499,13.43756,2.32384],"rotation":{"angle":-22.5,"axis":"x","origin":[8,7.98815,7.34103]},"faces":{"north":{"uv":[1,0,2,1],"rotation":270,"texture":"#0"},"east":{"uv":[0.5,3,2,0],"rotation":90,"texture":"#0"},"south":{"uv":[1,0,2,1],"rotation":270,"texture":"#0"},"west":{"uv":[0.5,0,2,3],"rotation":90,"texture":"#0"},"up":{"uv":[1,0,2,3],"rotation":180,"texture":"#0"},"down":{"uv":[3,2.5,0.5,0],"rotation":90,"texture":"#0"}}},{"from":[7.5,14.88024,2.9838],"to":[8.5,15.40524,4.9838],"rotation":{"angle":-45,"axis":"x","origin":[8,7.98815,7.34103]},"faces":{"north":{"uv":[1,0,2,1],"rotation":270,"texture":"#0"},"east":{"uv":[0,5,1.5,2],"rotation":90,"texture":"#0"},"south":{"uv":[1,0,2,1],"rotation":270,"texture":"#0"},"west":{"uv":[0,2,1.5,5],"rotation":90,"texture":"#0"},"up":{"uv":[1,0,3,4],"rotation":180,"texture":"#0"},"down":{"uv":[1,0,2,3],"texture":"#0"}}},{"from":[7.501,12.68956,-0.07416],"to":[8.499,12.93756,1.17384],"rotation":{"angle":-22.5,"axis":"x","origin":[8,7.98815,7.34103]},"faces":{"north":{"uv":[1,0,2,1],"rotation":270,"texture":"#0"},"east":{"uv":[1,3,2,0],"rotation":90,"texture":"#0"},"south":{"uv":[1,0,2,1],"rotation":270,"texture":"#0"},"west":{"uv":[1,0,2,3],"rotation":90,"texture":"#0"},"up":{"uv":[1,0,2,3],"rotation":180,"texture":"#0"},"down":{"uv":[2.5,4.5,0,2],"rotation":90,"texture":"#0"}}},{"from":[7.5,15.13024,1.9838],"to":[8.5,15.40524,2.9838],"rotation":{"angle":-45,"axis":"x","origin":[8,7.98815,7.34103]},"faces":{"north":{"uv":[0,3,1,4],"rotation":270,"texture":"#0"},"east":{"uv":[0,3,1,0],"rotation":90,"texture":"#0"},"south":{"uv":[1,0,2,1],"rotation":270,"texture":"#0"},"west":{"uv":[0,0,1,3],"rotation":90,"texture":"#0"},"up":{"uv":[0,1,2,3],"rotation":90,"texture":"#0"},"down":{"uv":[0,13.5,1.5,16],"texture":"#0"}}},{"from":[7.625,10.58137,8.0773],"to":[8.375,11.58137,12.2773],"rotation":{"angle":0,"axis":"z","origin":[8,7.98815,7.34103]},"faces":{"north":{"uv":[12,4.5,16,7],"rotation":90,"texture":"#0"},"east":{"uv":[12,4.5,16,7],"rotation":90,"texture":"#0"},"south":{"uv":[12,4.5,16,7],"rotation":90,"texture":"#0"},"west":{"uv":[12,4.5,16,7],"rotation":90,"texture":"#0"},"up":{"uv":[12,4.5,16,7],"rotation":90,"texture":"#0"},"down":{"uv":[12,4.5,16,7],"rotation":90,"texture":"#0"}}},{"from":[7.625,12.69688,10.52648],"to":[8.375,13.19688,13.27648],"rotation":{"angle":22.5,"axis":"x","origin":[8,7.98815,7.34103]},"faces":{"north":{"uv":[12,4.5,16,7],"rotation":90,"texture":"#0"},"east":{"uv":[12,4.5,16,7],"rotation":90,"texture":"#0"},"south":{"uv":[12,4.5,16,7],"rotation":90,"texture":"#0"},"west":{"uv":[12,4.5,16,7],"rotation":90,"texture":"#0"},"up":{"uv":[12,4.5,16,7],"rotation":90,"texture":"#0"},"down":{"uv":[12,4.5,16,7],"rotation":90,"texture":"#0"}}},{"from":[7.625,10.58136,12.2773],"to":[8.375,11.08136,13.4773],"rotation":{"angle":0,"axis":"z","origin":[8,7.98815,7.34103]},"faces":{"north":{"uv":[12,4.5,16,7],"rotation":90,"texture":"#0"},"east":{"uv":[12,4.5,16,7],"rotation":90,"texture":"#0"},"south":{"uv":[12,4.5,16,7],"rotation":90,"texture":"#0"},"west":{"uv":[12,4.5,16,7],"rotation":90,"texture":"#0"},"up":{"uv":[12,4.5,16,7],"rotation":90,"texture":"#0"},"down":{"uv":[12,4.5,16,7],"rotation":90,"texture":"#0"}}},{"from":[7.625,11.58137,8.2773],"to":[8.375,12.58137,8.7773],"rotation":{"angle":0,"axis":"z","origin":[8,7.98815,7.34103]},"faces":{"north":{"uv":[12,4.5,16,7],"rotation":90,"texture":"#0"},"east":{"uv":[12,4.5,16,7],"rotation":90,"texture":"#0"},"south":{"uv":[12,4.5,16,7],"rotation":90,"texture":"#0"},"west":{"uv":[12,4.5,16,7],"rotation":90,"texture":"#0"},"up":{"uv":[12,4.5,16,7],"rotation":90,"texture":"#0"},"down":{"uv":[12,4.5,16,7],"rotation":90,"texture":"#0"}}},{"from":[7.625,10.67005,5.32849],"to":[8.375,11.67005,6.32849],"rotation":{"angle":45,"axis":"x","origin":[8,7.98815,7.34103]},"faces":{"north":{"uv":[12,4.5,16,7],"rotation":90,"texture":"#0"},"east":{"uv":[12,4.5,16,7],"rotation":90,"texture":"#0"},"south":{"uv":[12,4.5,16,7],"rotation":90,"texture":"#0"},"west":{"uv":[12,4.5,16,7],"rotation":90,"texture":"#0"},"up":{"uv":[12,4.5,16,7],"rotation":90,"texture":"#0"},"down":{"uv":[12,4.5,16,7],"rotation":90,"texture":"#0"}}},{"from":[7.5,11.58137,6.7773],"to":[8.5,12.48137,7.7773],"rotation":{"angle":0,"axis":"y","origin":[8,11.98137,7.2773]},"faces":{"north":{"uv":[8.5,5.5,10,7],"texture":"#0"},"east":{"uv":[12,4.5,8.5,7],"texture":"#0"},"south":{"uv":[8.5,5.5,10,7],"texture":"#0"},"west":{"uv":[8.5,4.5,12,7],"texture":"#0"},"up":{"uv":[8.5,4.5,12,7],"rotation":180,"texture":"#0"},"down":{"uv":[8.5,4.5,12,7],"rotation":180,"texture":"#0"}}},{"from":[7.6,11.68137,7.7773],"to":[8.4,12.38137,7.8773],"rotation":{"angle":0,"axis":"y","origin":[8,11.98137,7.3773]},"faces":{"north":{"uv":[6,4.5,8.5,7],"texture":"#0"},"east":{"uv":[6,4.5,6.5,7],"texture":"#0"},"south":{"uv":[6,4.5,8.5,7],"texture":"#0"},"west":{"uv":[6,4.5,6.5,7],"texture":"#0"},"up":{"uv":[6,4.5,6.5,7],"rotation":90,"texture":"#0"},"down":{"uv":[6,4.5,6.5,7],"texture":"#0"}}},{"from":[7.475,10.46022,8.58585],"to":[7.475,11.96022,9.08585],"rotation":{"angle":-22.5,"axis":"x","origin":[8,7.98815,7.34103]},"faces":{"north":{"uv":[3.5,2.5,4,3],"rotation":270,"texture":"#0"},"east":{"uv":[3.5,2.5,4,3],"rotation":270,"texture":"#0"},"south":{"uv":[3.5,2.5,4,3],"rotation":270,"texture":"#0"},"west":{"uv":[3.5,2.5,6,7],"texture":"#0"},"up":{"uv":[3.5,2.5,4,3],"rotation":270,"texture":"#0"},"down":{"uv":[3.5,2.5,4,3],"rotation":270,"texture":"#0"}}},{"from":[8.525,10.46022,8.58585],"to":[8.525,11.96022,9.08585],"rotation":{"angle":-22.5,"axis":"x","origin":[8,7.98815,7.34103]},"faces":{"north":{"uv":[3.5,2.5,4,3],"rotation":270,"texture":"#0"},"east":{"uv":[6,2.5,3.5,7],"texture":"#0"},"south":{"uv":[3.5,2.5,4,3],"rotation":270,"texture":"#0"},"west":{"uv":[3.5,2.5,4,3],"rotation":270,"texture":"#0"},"up":{"uv":[3.5,2.5,4,3],"rotation":270,"texture":"#0"},"down":{"uv":[3.5,2.5,4,3],"rotation":270,"texture":"#0"}}},{"from":[7.4,9.5242,7.98534],"to":[8.6,10.0242,9.98534],"rotation":{"angle":-45,"axis":"x","origin":[8,7.98815,7.34103]},"faces":{"north":{"uv":[12,4.5,16,7],"rotation":90,"texture":"#0"},"east":{"uv":[12,4.5,16,7],"rotation":90,"texture":"#0"},"south":{"uv":[12,4.5,16,7],"rotation":90,"texture":"#0"},"west":{"uv":[12,4.5,16,7],"rotation":90,"texture":"#0"},"up":{"uv":[12,4.5,16,7],"rotation":90,"texture":"#0"},"down":{"uv":[12,4.5,16,7],"rotation":90,"texture":"#0"}}},{"from":[7.425,9.94804,7.74189],"to":[8.575,10.19804,7.99189],"rotation":{"angle":45,"axis":"x","origin":[8,7.98815,7.34103]},"faces":{"north":{"uv":[6,4.5,7,5.5],"texture":"#0"},"east":{"uv":[6,4.5,7,5.5],"texture":"#0"},"south":{"uv":[6,4.5,7,5.5],"texture":"#0"},"west":{"uv":[6,4.5,7,5.5],"texture":"#0"},"up":{"uv":[6,4.5,7,5.5],"texture":"#0"},"down":{"uv":[6,4.5,7,5.5],"texture":"#0"}}},{"from":[7.35,10.81555,7.63711],"to":[8.65,11.06555,7.88711],"rotation":{"angle":0,"axis":"x","origin":[7.95,10.94055,7.76211]},"faces":{"north":{"uv":[6,4.5,7,5.5],"rotation":180,"texture":"#0"},"east":{"uv":[6,4.5,7,5.5],"rotation":270,"texture":"#0"},"south":{"uv":[6,4.5,7,5.5],"texture":"#0"},"west":{"uv":[6,4.5,7,5.5],"rotation":90,"texture":"#0"},"up":{"uv":[6,4.5,7,5.5],"rotation":180,"texture":"#0"},"down":{"uv":[6,4.5,7,5.5],"texture":"#0"}}},{"from":[7.725,10.28214,6.87642],"to":[8.275,10.83214,7.12642],"rotation":{"angle":45,"axis":"x","origin":[8,7.98815,7.34103]},"faces":{"north":{"uv":[2,6,2.5,7.5],"rotation":270,"texture":"#0"},"east":{"uv":[2,6,2.5,7.5],"rotation":270,"texture":"#0"},"south":{"uv":[1,6,2.5,7.5],"rotation":270,"texture":"#0"},"west":{"uv":[2,6,2.5,7.5],"rotation":270,"texture":"#0"},"up":{"uv":[2,6,2.5,7.5],"rotation":270,"texture":"#0"},"down":{"uv":[2,6,2.5,7.5],"rotation":270,"texture":"#0"}}},{"from":[7.725,-3.62409,9.08637],"to":[8.275,-3.07409,9.33637],"rotation":{"angle":22.5,"axis":"x","origin":[8,-3.34909,9.06137]},"faces":{"north":{"uv":[2,6,2.5,7.5],"rotation":270,"texture":"#0"},"east":{"uv":[2,6,2.5,7.5],"rotation":270,"texture":"#0"},"south":{"uv":[1,6,2.5,7.5],"rotation":270,"texture":"#0"},"west":{"uv":[2,6,2.5,7.5],"rotation":270,"texture":"#0"},"up":{"uv":[2,6,2.5,7.5],"rotation":270,"texture":"#0"},"down":{"uv":[2,6,2.5,7.5],"rotation":270,"texture":"#0"}}},{"from":[7.825,10.38214,6.52642],"to":[8.175,10.73214,6.87642],"rotation":{"angle":45,"axis":"x","origin":[8,7.98815,7.34103]},"faces":{"north":{"uv":[1.5,4.5,2,5],"rotation":270,"texture":"#0"},"east":{"uv":[1.5,4.5,2,5],"rotation":270,"texture":"#0"},"south":{"uv":[1.5,4.5,2,5],"rotation":270,"texture":"#0"},"west":{"uv":[1.5,4.5,2,5],"rotation":270,"texture":"#0"},"up":{"uv":[1.5,4.5,2,5],"rotation":270,"texture":"#0"},"down":{"uv":[1.5,4.5,2,5],"rotation":270,"texture":"#0"}}},{"from":[7.825,-3.52409,8.73637],"to":[8.175,-3.17409,9.08637],"rotation":{"angle":22.5,"axis":"x","origin":[8,-3.34909,9.06137]},"faces":{"north":{"uv":[1.5,4.5,2,5],"rotation":270,"texture":"#0"},"east":{"uv":[1.5,4.5,2,5],"rotation":270,"texture":"#0"},"south":{"uv":[1.5,4.5,2,5],"rotation":270,"texture":"#0"},"west":{"uv":[1.5,4.5,2,5],"rotation":270,"texture":"#0"},"up":{"uv":[1.5,4.5,2,5],"rotation":270,"texture":"#0"},"down":{"uv":[1.5,4.5,2,5],"rotation":270,"texture":"#0"}}},{"from":[7.3,7.82555,7.88717],"to":[8.7,8.07555,8.13717],"rotation":{"angle":45,"axis":"x","origin":[8,7.98815,7.34103]},"faces":{"north":{"uv":[6,4.5,7,5.5],"texture":"#0"},"east":{"uv":[6,4.5,7,5.5],"texture":"#0"},"south":{"uv":[6,4.5,7,5.5],"texture":"#0"},"west":{"uv":[6,4.5,7,5.5],"texture":"#0"},"up":{"uv":[6,4.5,7,5.5],"texture":"#0"},"down":{"uv":[6,4.5,7,5.5],"texture":"#0"}}},{"from":[7.3,3.07289,12.5476],"to":[8.7,3.32289,12.7976],"rotation":{"angle":45,"axis":"x","origin":[8,7.98815,7.34103]},"faces":{"north":{"uv":[6,4.5,7,5.5],"texture":"#0"},"east":{"uv":[6,4.5,7,5.5],"texture":"#0"},"south":{"uv":[6,4.5,7,5.5],"texture":"#0"},"west":{"uv":[6,4.5,7,5.5],"texture":"#0"},"up":{"uv":[6,4.5,7,5.5],"texture":"#0"},"down":{"uv":[6,4.5,7,5.5],"texture":"#0"}}}],"display":{"thirdperson_righthand":{"translation":[-0.25,3.75,-0.75],"scale":[1.3,1.3,1.3]},"thirdperson_lefthand":{"translation":[0,3.75,-0.75],"scale":[1.3,1.3,1.3]},"firstperson_righthand":{"rotation":[0,5,0],"translation":[0,4.5,2]},"firstperson_lefthand":{"translation":[0,4.5,2]},"ground":{"rotation":[-12,69,69],"translation":[-0.5,3.25,2.5]},"gui":{"rotation":[90,-135,90],"translation":[0.5,1.5,0]},"head":{"rotation":[-41,28,0],"translation":[16,8,28],"scale":[4,4,4]},"fixed":{"rotation":[90,135,-90],"translation":[0,2,-1],"scale":[1.25,1.25,1.25]}},"groups":[{"name":"handle","origin":[8.53316,10.55576,8],"children":[{"name":"grip","origin":[8.87778,5.2117,8.125],"children":[0,1,2,3,4,5,6,7,8,9,10]},{"name":"pommel","origin":[9.75006,1.12631,8.125],"children":[11,12,13,14,15]},{"name":"trigger","origin":[6.0553,8.26706,8.125],"children":[16,17]},{"name":"main","origin":[8.53316,10.55576,8],"children":[18,19,20,21,22,23,24,25,26,27]}]},{"name":"head","origin":[9.0799,11.72517,8],"children":[{"name":"main","origin":[18.26058,10.41542,8],"children":[{"name":"detail","origin":[11.46172,13.29437,8.2],"children":[28,29]},30,31,32,33,34,35,{"name":"end","origin":[16.86763,10.90517,8],"children":[36,37,38,39]}]},{"name":"sub","origin":[7.46757,12.52062,8.125],"children":[40,41,42,43,44]},{"name":"hammer","origin":[8.4,13,8],"children":[45,46]}]},{"name":"details","origin":[7.775,11.85,7.4],"children":[47,48,49,50,51,52,53,54,55,56,57]}]}