{"credit":"Made with Blockbench","texture_size":[16,99],"textures":{"0":"mineinabyss:relics/flash_cannon","particle":"mineinabyss:relics/flash_cannon"},"elements":[{"from":[5,3,4],"to":[11,9,8],"rotation":{"angle":0,"axis":"y","origin":[0,3,4]},"faces":{"north":{"uv":[0,7.27273,16,9.85859],"texture":"#0"},"east":{"uv":[0,12.44444,16,14.22222],"rotation":90,"texture":"#0"},"south":{"uv":[0,10.0202,16,12.44444],"texture":"#0"},"west":{"uv":[0,12.44444,16,14.22222],"rotation":90,"texture":"#0"},"up":{"uv":[0,5.49495,16,7.27273],"rotation":180,"texture":"#0"},"down":{"uv":[0,14.22222,16,16],"texture":"#0"}}},{"from":[6.25,4.25,8],"to":[9.75,7.75,12],"rotation":{"angle":0,"axis":"y","origin":[0,3,4]},"faces":{"north":{"uv":[0,3.71717,9,5.49495],"texture":"#0"},"east":{"uv":[0,3.71717,9,5.49495],"rotation":90,"texture":"#0"},"south":{"uv":[0,3.71717,9,5.49495],"texture":"#0"},"west":{"uv":[0,3.71717,9,5.49495],"rotation":90,"texture":"#0"},"up":{"uv":[0,3.71717,9,5.49495],"texture":"#0"},"down":{"uv":[0,3.71717,9,5.49495],"texture":"#0"}}},{"from":[6.75,4.75,12.75],"to":[9.25,7.25,13.425],"rotation":{"angle":0,"axis":"y","origin":[0,3,4]},"faces":{"north":{"uv":[1,0.16162,8,1.29293],"texture":"#0"},"east":{"uv":[7,0.16162,9,1.29293],"texture":"#0"},"south":{"uv":[1,0.16162,8,1.29293],"texture":"#0"},"west":{"uv":[0,0.16162,2,1.29293],"texture":"#0"},"up":{"uv":[1,0,8,0.32323],"texture":"#0"},"down":{"uv":[1,1.13131,8,1.45455],"texture":"#0"}}},{"from":[5.75,3.75,12],"to":[10.25,8.25,12.75],"rotation":{"angle":0,"axis":"y","origin":[0,3,4]},"faces":{"north":{"uv":[1,1.61616,13,3.55556],"texture":"#0"},"east":{"uv":[0,1.61616,2,3.55556],"texture":"#0"},"south":{"uv":[1,1.61616,13,3.55556],"texture":"#0"},"west":{"uv":[12,1.61616,14,3.55556],"texture":"#0"},"up":{"uv":[1,1.45455,13,1.77778],"texture":"#0"},"down":{"uv":[1,3.39394,13,3.71717],"texture":"#0"}}},{"from":[11,4,7],"to":[11,5,10],"rotation":{"angle":45,"axis":"x","origin":[11,4.5,8.5]},"faces":{"north":{"uv":[0,0,0,1],"texture":"#0"},"east":{"uv":[9,3.71717,12,5.33333],"rotation":90,"texture":"#0"},"south":{"uv":[0,0,0,1],"texture":"#0"},"west":{"uv":[9,3.71717,12,5.49495],"rotation":90,"texture":"#0"},"up":{"uv":[0,0,0,3],"texture":"#0"},"down":{"uv":[0,0,0,3],"texture":"#0"}}},{"from":[11.01,3.08579,9.20711],"to":[11.01,4.08579,12.70711],"rotation":{"angle":0,"axis":"x","origin":[11.001,3.58579,10.70711]},"faces":{"north":{"uv":[0,0,0,1],"texture":"#0"},"east":{"uv":[9,3.71717,12,5.33333],"rotation":90,"texture":"#0"},"south":{"uv":[0,0,0,1],"texture":"#0"},"west":{"uv":[9,3.71717,12,5.49495],"rotation":90,"texture":"#0"},"up":{"uv":[0,0,0,3.5],"texture":"#0"},"down":{"uv":[0,0,0,3.5],"texture":"#0"}}},{"from":[10.81942,4.0439,11.70711],"to":[10.81942,6.0439,12.70711],"rotation":{"angle":22.5,"axis":"z","origin":[10.81042,4.5439,11.20711]},"faces":{"north":{"uv":[9,3.71717,12,4.68687],"texture":"#0"},"east":{"uv":[9,3.71717,12,4.68687],"texture":"#0"},"south":{"uv":[9,3.71717,12,4.68687],"texture":"#0"},"west":{"uv":[9,3.71717,12,4.68687],"texture":"#0"},"up":{"uv":[9,3.71717,12,4.68687],"texture":"#0"},"down":{"uv":[9,3.71717,12,4.68687],"texture":"#0"}}},{"from":[4.99,4,7],"to":[4.99,5,10],"rotation":{"angle":45,"axis":"x","origin":[5,4.5,8.5]},"faces":{"north":{"uv":[9,3.71717,12,5.17172],"rotation":90,"texture":"#0"},"east":{"uv":[9,3.71717,12,5.17172],"rotation":90,"texture":"#0"},"south":{"uv":[9,3.71717,12,5.17172],"rotation":90,"texture":"#0"},"west":{"uv":[9,3.71717,12,5.17172],"rotation":90,"texture":"#0"},"up":{"uv":[9,3.71717,12,5.17172],"rotation":90,"texture":"#0"},"down":{"uv":[9,3.71717,12,5.17172],"rotation":90,"texture":"#0"}}},{"from":[5.01,3.08579,9.20711],"to":[5.01,4.08579,12.70711],"rotation":{"angle":0,"axis":"x","origin":[5.001,3.58579,10.70711]},"faces":{"north":{"uv":[9,3.71717,12,5.33333],"rotation":90,"texture":"#0"},"east":{"uv":[9,3.71717,12,5.33333],"rotation":90,"texture":"#0"},"south":{"uv":[9,3.71717,12,5.33333],"rotation":90,"texture":"#0"},"west":{"uv":[9,3.71717,12,5.33333],"rotation":90,"texture":"#0"},"up":{"uv":[9,3.71717,12,5.33333],"rotation":90,"texture":"#0"},"down":{"uv":[9,3.71717,12,5.33333],"rotation":90,"texture":"#0"}}},{"from":[5.2021,4.05155,11.70711],"to":[5.2021,6.05155,12.70711],"rotation":{"angle":-22.5,"axis":"z","origin":[5.1931,4.55155,11.20711]},"faces":{"north":{"uv":[9,3.71717,12,4.68687],"texture":"#0"},"east":{"uv":[9,3.71717,12,4.68687],"texture":"#0"},"south":{"uv":[9,3.71717,12,4.68687],"texture":"#0"},"west":{"uv":[9,3.71717,12,4.68687],"texture":"#0"},"up":{"uv":[9,3.71717,12,4.68687],"texture":"#0"},"down":{"uv":[9,3.71717,12,4.68687],"texture":"#0"}}}],"display":{"thirdperson_righthand":{"rotation":[80,-180,0],"translation":[0,2.75,3.25]},"thirdperson_lefthand":{"rotation":[80,-180,0],"translation":[0,2.75,3.25]},"firstperson_righthand":{"rotation":[5,-180,0],"translation":[-2.25,4.75,0],"scale":[0.9,0.9,0.9]},"firstperson_lefthand":{"rotation":[5,-180,0],"translation":[-2.25,4.75,0],"scale":[0.9,0.9,0.9]},"ground":{"translation":[0,1.5,0]},"gui":{"rotation":[20,35,0],"translation":[0,1.75,0],"scale":[1.3,1.3,1.3]},"head":{"rotation":[0,-180,0],"translation":[0,4,-11],"scale":[2,2,2]},"fixed":{"rotation":[0,-180,0],"translation":[0,4,-2.75],"scale":[2,2,2]}},"groups":[0,1,2,3,{"name":"strap","origin":[10.81042,1.5439,7.20711],"children":[4,5,6]},{"name":"strap","origin":[10.81042,1.5439,7.20711],"children":[7,8,9]}]}