{"credit":"Made with Blockbench","texture_size":[64,32],"textures":{"0":"mineinabyss:relics/ghost_seek","particle":"mineinabyss:relics/ghost_seek"},"elements":[{"from":[0.775,6,7],"to":[1.775,7,9.5],"rotation":{"angle":0,"axis":"y","origin":[0.775,6,7]},"faces":{"north":{"uv":[12,0,13.25,6],"texture":"#0"},"east":{"uv":[12,0.5,13.25,6.5],"rotation":90,"texture":"#0"},"south":{"uv":[12,0,13.25,6],"texture":"#0"},"west":{"uv":[12,0.5,13.25,6.5],"rotation":90,"texture":"#0"},"up":{"uv":[4,0,5.25,6],"texture":"#0"},"down":{"uv":[12,0,13.25,6],"texture":"#0"}}},{"from":[5.81053,6,7],"to":[6.81053,7,9.5],"rotation":{"angle":0,"axis":"y","origin":[5.81053,6,7]},"faces":{"north":{"uv":[12,0,13.25,6],"texture":"#0"},"east":{"uv":[12,1,13.25,7],"rotation":90,"texture":"#0"},"south":{"uv":[12,0,13.25,6],"texture":"#0"},"west":{"uv":[12,1,13.25,7],"rotation":90,"texture":"#0"},"up":{"uv":[4,0,5.25,6],"texture":"#0"},"down":{"uv":[12,0,13.25,6],"texture":"#0"}}},{"from":[-1.34632,5.99,10.37868],"to":[-0.34632,7.01,12.87868],"rotation":{"angle":45,"axis":"y","origin":[-1.34632,6,7.37868]},"faces":{"north":{"uv":[12,0,15.25,2.5],"texture":"#0"},"east":{"uv":[12,1,13.25,7],"rotation":90,"texture":"#0"},"south":{"uv":[12,0,15.25,2.5],"texture":"#0"},"west":{"uv":[12,1,13.25,7],"rotation":90,"texture":"#0"},"up":{"uv":[4,1,5.25,7],"texture":"#0"},"down":{"uv":[12,0.5,13.25,7],"texture":"#0"}}},{"from":[2.21434,5.99,6.81802],"to":[3.21434,7.01,9.31802],"rotation":{"angle":45,"axis":"y","origin":[2.21434,6,3.81802]},"faces":{"north":{"uv":[12,0,13.25,2.5],"rotation":90,"texture":"#0"},"east":{"uv":[12,1,13.25,7],"rotation":90,"texture":"#0"},"south":{"uv":[12,0,13.25,6.5],"texture":"#0"},"west":{"uv":[12,1,13.25,7],"rotation":90,"texture":"#0"},"up":{"uv":[4,0,5.25,6.5],"texture":"#0"},"down":{"uv":[12,0,13.25,6.5],"texture":"#0"}}},{"from":[2.54277,6,10.26777],"to":[5.04277,7,11.26777],"rotation":{"angle":0,"axis":"y","origin":[3.79277,6.5,10.76777]},"faces":{"north":{"uv":[12,1,13.25,7],"rotation":270,"texture":"#0"},"east":{"uv":[12,0,15.25,2.5],"texture":"#0"},"south":{"uv":[12,1,13.25,7],"rotation":270,"texture":"#0"},"west":{"uv":[12,0,15.25,2.5],"texture":"#0"},"up":{"uv":[4,1,5.25,7],"rotation":270,"texture":"#0"},"down":{"uv":[12,1,13.25,7],"rotation":270,"texture":"#0"}}},{"from":[2.54277,6,5.78223],"to":[5.04277,7,6.23223],"rotation":{"angle":0,"axis":"y","origin":[3.79277,6.5,5.73223]},"faces":{"north":{"uv":[12,0,14.5,3],"texture":"#0"},"east":{"uv":[12,0,14.5,3],"texture":"#0"},"south":{"uv":[12,2,13.25,5.5],"rotation":90,"texture":"#0"},"west":{"uv":[12,0,14.5,3],"texture":"#0"},"up":{"uv":[4,0,8,1.5],"texture":"#0"},"down":{"uv":[12,0,16,1.5],"texture":"#0"}}},{"from":[5.20178,5.99,11.65165],"to":[7.70178,7.01,12.65165],"rotation":{"angle":45,"axis":"y","origin":[3.45178,6.5,12.15165]},"faces":{"north":{"uv":[12,0.5,13.25,6.5],"rotation":90,"texture":"#0"},"east":{"uv":[12,0.5,13.25,6.5],"rotation":180,"texture":"#0"},"south":{"uv":[12,0.5,13.25,6.5],"rotation":90,"texture":"#0"},"west":{"uv":[12,0.5,13.25,6.5],"rotation":180,"texture":"#0"},"up":{"uv":[4,1,5.25,7],"rotation":270,"texture":"#0"},"down":{"uv":[12,0.5,13.25,6.5],"rotation":270,"texture":"#0"}}},{"from":[1.64112,5.99,8.09099],"to":[4.14112,7.01,9.09099],"rotation":{"angle":45,"axis":"y","origin":[-0.10888,6.5,8.59099]},"faces":{"north":{"uv":[12,1,13.25,7],"rotation":90,"texture":"#0"},"east":{"uv":[12,0,13.25,2.5],"rotation":270,"texture":"#0"},"south":{"uv":[12,1,13.25,7],"rotation":90,"texture":"#0"},"west":{"uv":[12,0,13.25,2.5],"texture":"#0"},"up":{"uv":[4,1,5.25,7],"rotation":90,"texture":"#0"},"down":{"uv":[12,1,13.25,7],"rotation":90,"texture":"#0"}}},{"from":[5.275,7,6.75],"to":[6.075,7.8,9.75],"rotation":{"angle":0,"axis":"y","origin":[0.775,6,7]},"faces":{"north":{"uv":[0,0,0.5,1],"rotation":270,"texture":"#0"},"east":{"uv":[0,0,0.5,1],"rotation":270,"texture":"#0"},"south":{"uv":[0,0,0.5,1],"rotation":270,"texture":"#0"},"west":{"uv":[0,0,0.5,1],"rotation":270,"texture":"#0"},"up":{"uv":[0,0,0.5,1],"rotation":270,"texture":"#0"},"down":{"uv":[0,0,0.5,1],"rotation":270,"texture":"#0"}}},{"from":[1.475,7,6.75],"to":[2.275,7.8,9.75],"rotation":{"angle":0,"axis":"y","origin":[-2.975,6,7]},"faces":{"north":{"uv":[0,0,0.5,1],"rotation":90,"texture":"#0"},"east":{"uv":[0,0,0.5,1],"rotation":90,"texture":"#0"},"south":{"uv":[0,0,0.5,1],"rotation":90,"texture":"#0"},"west":{"uv":[0,0,0.5,1],"rotation":90,"texture":"#0"},"up":{"uv":[0,0,0.5,1],"rotation":90,"texture":"#0"},"down":{"uv":[0,0,0.5,1],"rotation":90,"texture":"#0"}}},{"from":[2.275,7,5.95],"to":[5.275,7.8,6.75],"rotation":{"angle":0,"axis":"y","origin":[2.025,7.4,4.275]},"faces":{"north":{"uv":[0,0,0.5,1],"rotation":180,"texture":"#0"},"east":{"uv":[0,0,0.5,1],"rotation":180,"texture":"#0"},"south":{"uv":[0,0,0.5,1],"rotation":180,"texture":"#0"},"west":{"uv":[0,0,0.5,1],"rotation":180,"texture":"#0"},"up":{"uv":[0,0,0.5,1],"rotation":180,"texture":"#0"},"down":{"uv":[0,0,0.5,1],"rotation":180,"texture":"#0"}}},{"from":[2.275,7.8,6.75],"to":[5.275,8.5,9.75],"rotation":{"angle":0,"axis":"y","origin":[2.025,7.375,4.275]},"faces":{"north":{"uv":[0,0,0.5,1],"rotation":270,"texture":"#0"},"east":{"uv":[0,0,0.5,1],"rotation":270,"texture":"#0"},"south":{"uv":[0,0,0.5,1],"rotation":270,"texture":"#0"},"west":{"uv":[0,0,0.5,1],"rotation":270,"texture":"#0"},"up":{"uv":[0,0,4,8],"rotation":270,"texture":"#0"},"down":{"uv":[0,0,0.5,1],"rotation":270,"texture":"#0"}}},{"from":[2.275,7,9.75],"to":[5.275,7.8,10.55],"rotation":{"angle":0,"axis":"y","origin":[2.025,7.4,8.075]},"faces":{"north":{"uv":[0,0,0.5,1],"texture":"#0"},"east":{"uv":[0,0,0.5,1],"texture":"#0"},"south":{"uv":[0,0,0.5,1],"texture":"#0"},"west":{"uv":[0,0,0.5,1],"texture":"#0"},"up":{"uv":[0,0,0.5,1],"texture":"#0"},"down":{"uv":[0,0,0.5,1],"texture":"#0"}}},{"from":[2.425,7,10.55],"to":[3.125,7.8,10.85],"rotation":{"angle":0,"axis":"x","origin":[2.675,7.5,10.7]},"faces":{"north":{"uv":[12,0,13,2],"rotation":270,"texture":"#0"},"east":{"uv":[13,3,13.5,5],"rotation":180,"texture":"#0"},"south":{"uv":[12,2,13.25,4.5],"rotation":180,"texture":"#0"},"west":{"uv":[13,3,13.5,5],"rotation":180,"texture":"#0"},"up":{"uv":[4,0,4.5,3],"rotation":270,"texture":"#0"},"down":{"uv":[12,0,12.5,3],"rotation":270,"texture":"#0"}}},{"from":[2.525,7.8,10.25],"to":[3.025,8,10.75],"rotation":{"angle":0,"axis":"x","origin":[2.775,7.95,10.2]},"faces":{"north":{"uv":[14,3.5,15,4.5],"texture":"#0"},"east":{"uv":[14,3.5,15,4.5],"texture":"#0"},"south":{"uv":[14,3.5,15,4.5],"texture":"#0"},"west":{"uv":[14,3.5,15,4.5],"texture":"#0"},"up":{"uv":[4,5.5,5.25,8],"rotation":180,"texture":"#0"},"down":{"uv":[12,0,13.25,1],"texture":"#0"}}},{"from":[3.44277,7,10.56777],"to":[4.14277,7.8,10.86777],"rotation":{"angle":0,"axis":"x","origin":[3.69277,7.5,10.71777]},"faces":{"north":{"uv":[12,0,13,2],"rotation":270,"texture":"#0"},"east":{"uv":[13,3,13.5,5],"rotation":180,"texture":"#0"},"south":{"uv":[12,2,13.25,4.5],"rotation":180,"texture":"#0"},"west":{"uv":[13,3,13.5,5],"rotation":180,"texture":"#0"},"up":{"uv":[4,0,4.5,3],"rotation":270,"texture":"#0"},"down":{"uv":[12,0,12.5,3],"rotation":270,"texture":"#0"}}},{"from":[3.54277,7.8,10.24277],"to":[4.04277,8,10.74277],"rotation":{"angle":0,"axis":"x","origin":[3.79277,7.95,10.19277]},"faces":{"north":{"uv":[14,3.5,15,4.5],"texture":"#0"},"east":{"uv":[14,3.5,15,4.5],"texture":"#0"},"south":{"uv":[14,3.5,15,4.5],"texture":"#0"},"west":{"uv":[14,3.5,15,4.5],"texture":"#0"},"up":{"uv":[4,5.5,5.25,8],"rotation":180,"texture":"#0"},"down":{"uv":[12,0,13.25,1],"texture":"#0"}}},{"from":[4.425,7,10.55],"to":[5.125,7.8,10.85],"rotation":{"angle":0,"axis":"x","origin":[4.675,7.5,10.7]},"faces":{"north":{"uv":[12,0,13,2],"rotation":270,"texture":"#0"},"east":{"uv":[13,3,13.5,5],"rotation":180,"texture":"#0"},"south":{"uv":[12,2,13.25,4.5],"rotation":180,"texture":"#0"},"west":{"uv":[13,3,13.5,5],"rotation":180,"texture":"#0"},"up":{"uv":[4,0,4.5,3],"rotation":270,"texture":"#0"},"down":{"uv":[12,0,12.5,3],"rotation":270,"texture":"#0"}}},{"from":[4.525,7.8,10.25],"to":[5.025,8,10.75],"rotation":{"angle":0,"axis":"x","origin":[4.775,7.95,10.2]},"faces":{"north":{"uv":[14,3.5,15,4.5],"texture":"#0"},"east":{"uv":[14,3.5,15,4.5],"texture":"#0"},"south":{"uv":[14,3.5,15,4.5],"texture":"#0"},"west":{"uv":[14,3.5,15,4.5],"texture":"#0"},"up":{"uv":[4,5.5,5.25,8],"rotation":180,"texture":"#0"},"down":{"uv":[12,0,13.25,1],"texture":"#0"}}},{"from":[6.075,7,8.9],"to":[6.375,7.8,9.6],"rotation":{"angle":0,"axis":"y","origin":[6.225,7.5,9.35]},"faces":{"north":{"uv":[12,0,12.5,3],"rotation":180,"texture":"#0"},"east":{"uv":[12,0,13,2.5],"rotation":180,"texture":"#0"},"south":{"uv":[12,0,12.5,3],"rotation":180,"texture":"#0"},"west":{"uv":[12,0,13,2.5],"rotation":180,"texture":"#0"},"up":{"uv":[4,0,4.5,3],"rotation":180,"texture":"#0"},"down":{"uv":[12,0,12.5,3],"rotation":180,"texture":"#0"}}},{"from":[5.775,7.8,9],"to":[6.275,8,9.5],"rotation":{"angle":0,"axis":"y","origin":[5.725,7.95,9.25]},"faces":{"north":{"uv":[12,0,12.5,2.5],"rotation":270,"texture":"#0"},"east":{"uv":[12,0,12.5,2.5],"rotation":270,"texture":"#0"},"south":{"uv":[12,0,12.5,2.5],"rotation":270,"texture":"#0"},"west":{"uv":[12,0,12.5,2.5],"rotation":270,"texture":"#0"},"up":{"uv":[4,0,5.25,2.5],"rotation":270,"texture":"#0"},"down":{"uv":[12,0,12.5,2.5],"rotation":270,"texture":"#0"}}},{"from":[6.075,7,6.9],"to":[6.375,7.8,7.6],"rotation":{"angle":0,"axis":"y","origin":[6.225,7.5,7.35]},"faces":{"north":{"uv":[12,0,12.5,3],"rotation":180,"texture":"#0"},"east":{"uv":[12,0,13,2.5],"rotation":180,"texture":"#0"},"south":{"uv":[12,0,12.5,3],"rotation":180,"texture":"#0"},"west":{"uv":[12,0,13,2.5],"rotation":180,"texture":"#0"},"up":{"uv":[4,0,4.5,3],"rotation":180,"texture":"#0"},"down":{"uv":[12,0,12.5,3],"rotation":180,"texture":"#0"}}},{"from":[5.775,7.8,7],"to":[6.275,8,7.5],"rotation":{"angle":0,"axis":"y","origin":[5.725,7.95,7.25]},"faces":{"north":{"uv":[12,0,12.5,2.5],"rotation":270,"texture":"#0"},"east":{"uv":[12,0,12.5,2.5],"rotation":270,"texture":"#0"},"south":{"uv":[12,0,12.5,2.5],"rotation":270,"texture":"#0"},"west":{"uv":[12,0,12.5,2.5],"rotation":270,"texture":"#0"},"up":{"uv":[4,0,5.25,2.5],"rotation":270,"texture":"#0"},"down":{"uv":[12,0,12.5,2.5],"rotation":270,"texture":"#0"}}},{"from":[6.075,7,7.9],"to":[6.375,7.8,8.6],"rotation":{"angle":0,"axis":"y","origin":[6.225,7.5,8.35]},"faces":{"north":{"uv":[12,0,12.5,3],"rotation":180,"texture":"#0"},"east":{"uv":[12,0,13,2.5],"rotation":180,"texture":"#0"},"south":{"uv":[12,0,12.5,3],"rotation":180,"texture":"#0"},"west":{"uv":[12,0,13,2.5],"rotation":180,"texture":"#0"},"up":{"uv":[4,0,4.5,3],"rotation":180,"texture":"#0"},"down":{"uv":[12,0,12.5,3],"rotation":180,"texture":"#0"}}},{"from":[5.775,7.8,8],"to":[6.275,8,8.5],"rotation":{"angle":0,"axis":"y","origin":[5.725,7.95,8.25]},"faces":{"north":{"uv":[12,0,12.5,2.5],"rotation":270,"texture":"#0"},"east":{"uv":[12,0,12.5,2.5],"rotation":270,"texture":"#0"},"south":{"uv":[12,0,12.5,2.5],"rotation":270,"texture":"#0"},"west":{"uv":[12,0,12.5,2.5],"rotation":270,"texture":"#0"},"up":{"uv":[4,0,5.25,2.5],"rotation":270,"texture":"#0"},"down":{"uv":[12,0,12.5,2.5],"rotation":270,"texture":"#0"}}},{"from":[1.475,7,9.75],"to":[2.275,7.8,10.05],"rotation":{"angle":0,"axis":"x","origin":[1.725,7.5,9.9]},"faces":{"north":{"uv":[12,0,13.5,3],"rotation":270,"texture":"#0"},"east":{"uv":[12,0,13.5,1],"rotation":270,"texture":"#0"},"south":{"uv":[12,0,13.5,3],"rotation":270,"texture":"#0"},"west":{"uv":[12,0,13.5,1],"rotation":270,"texture":"#0"},"up":{"uv":[4,0,4.5,3],"rotation":270,"texture":"#0"},"down":{"uv":[12,0,12.5,3],"rotation":270,"texture":"#0"}}},{"from":[1.175,7,7.05],"to":[1.475,7.8,9.75],"rotation":{"angle":0,"axis":"y","origin":[1.325,7.4,9.4]},"faces":{"north":{"uv":[12,0,12.5,2.5],"texture":"#0"},"east":{"uv":[12,0,15.5,2],"texture":"#0"},"south":{"uv":[12,0,12.5,2.5],"texture":"#0"},"west":{"uv":[12,0,15.5,2],"texture":"#0"},"up":{"uv":[4,0,4.5,7.5],"texture":"#0"},"down":{"uv":[12,0,12.5,7.5],"texture":"#0"}}},{"from":[2.275,7,5.65],"to":[3.975,7.8,5.95],"rotation":{"angle":0,"axis":"y","origin":[4.625,7.4,5.8]},"faces":{"north":{"uv":[12,1,13,5],"rotation":270,"texture":"#0"},"east":{"uv":[13.25,2.5,14.5,3.5],"rotation":270,"texture":"#0"},"south":{"uv":[12,1,13,5],"rotation":270,"texture":"#0"},"west":{"uv":[13.25,2.5,14.5,3.5],"rotation":270,"texture":"#0"},"up":{"uv":[6.25,1.5,6.5,5.5],"rotation":270,"texture":"#0"},"down":{"uv":[12,1,13,5],"rotation":270,"texture":"#0"}}},{"from":[6.86911,6.15,8.34853],"to":[8.16911,6.5,8.69853],"rotation":{"angle":22.5,"axis":"y","origin":[6.66911,6.4,8.84853]},"faces":{"north":{"uv":[12,8,14,9],"texture":"#0"},"east":{"uv":[12,8,14,9],"texture":"#0"},"south":{"uv":[12,8,14,9],"texture":"#0"},"west":{"uv":[12,8,14,9],"texture":"#0"},"up":{"uv":[4,8,6,9],"texture":"#0"},"down":{"uv":[12,8,14,9],"texture":"#0"}}},{"from":[6.42366,6.15,5.54989],"to":[7.84866,6.5,5.89989],"rotation":{"angle":22.5,"axis":"y","origin":[6.34866,6.4,8.04989]},"faces":{"north":{"uv":[12,8,14,9],"texture":"#0"},"east":{"uv":[12,8,14,9],"texture":"#0"},"south":{"uv":[12,8,14,9],"texture":"#0"},"west":{"uv":[12,8,14,9],"texture":"#0"},"up":{"uv":[4,8,6,9],"texture":"#0"},"down":{"uv":[12,8,14,9],"texture":"#0"}}},{"from":[5.29207,6.149,8.40295],"to":[7.01707,6.501,8.75295],"rotation":{"angle":-45,"axis":"y","origin":[9.94207,6.32,8.57795]},"faces":{"north":{"uv":[12,8,14,9],"texture":"#0"},"east":{"uv":[12,8,14,9],"texture":"#0"},"south":{"uv":[12,8,14,9],"texture":"#0"},"west":{"uv":[12,8,14,9],"texture":"#0"},"up":{"uv":[4,8,6,9],"texture":"#0"},"down":{"uv":[12,8,14,9],"texture":"#0"}}},{"from":[7.64753,6.15,6.38592],"to":[7.99753,6.504,8.13592],"rotation":{"angle":0,"axis":"y","origin":[7.82253,6.32,9.23592]},"faces":{"north":{"uv":[12,8,12.5,12],"texture":"#0"},"east":{"uv":[12,8,14,9],"texture":"#0"},"south":{"uv":[12,8,12.5,12],"texture":"#0"},"west":{"uv":[12,8,14,9],"texture":"#0"},"up":{"uv":[4,8,4.5,12],"texture":"#0"},"down":{"uv":[12,8,12.5,12],"texture":"#0"}}},{"from":[3.14277,6.175,5.05723],"to":[3.54277,6.875,5.75723],"rotation":{"angle":0,"axis":"y","origin":[4.39277,6.675,5.18223]},"faces":{"north":{"uv":[12,12,12.75,14.5],"texture":"#0"},"east":{"uv":[12,12,13,14.5],"texture":"#0"},"south":{"uv":[12,12,12.75,14.5],"texture":"#0"},"west":{"uv":[12,12,13,14.5],"texture":"#0"},"up":{"uv":[4,12,4.75,14.5],"texture":"#0"},"down":{"uv":[12,12,12.75,14.5],"texture":"#0"}}},{"from":[2.54277,6.325,5.23223],"to":[5.04277,6.725,5.63223],"rotation":{"angle":0,"axis":"y","origin":[3.79277,6.825,5.35723]},"faces":{"north":{"uv":[14,11,16,12],"texture":"#0"},"east":{"uv":[14,11,16,12],"texture":"#0"},"south":{"uv":[14,11,16,12],"texture":"#0"},"west":{"uv":[14,11,16,12],"texture":"#0"},"up":{"uv":[6,11,8,12],"texture":"#0"},"down":{"uv":[14,11,16,12],"texture":"#0"}}},{"from":[4.04277,6.175,5.05723],"to":[4.44277,6.875,5.75723],"rotation":{"angle":0,"axis":"y","origin":[5.29277,6.675,5.18223]},"faces":{"north":{"uv":[12,12,12.75,14.5],"texture":"#0"},"east":{"uv":[12,12,13,14.5],"texture":"#0"},"south":{"uv":[12,12,12.75,14.5],"texture":"#0"},"west":{"uv":[12,12,13,14.5],"texture":"#0"},"up":{"uv":[4,12,4.75,14.5],"texture":"#0"},"down":{"uv":[12,12,12.75,14.5],"texture":"#0"}}},{"from":[6.4731,6.175,10.84099],"to":[6.9231,6.675,12.01599],"rotation":{"angle":45,"axis":"y","origin":[5.5731,6.5,11.09099]},"faces":{"north":{"uv":[14,8,14.75,12],"texture":"#0"},"east":{"uv":[14,8,16,9.5],"texture":"#0"},"south":{"uv":[14,8,14.75,9.5],"texture":"#0"},"west":{"uv":[14,8,16,9.5],"texture":"#0"},"up":{"uv":[6,8,6.75,12],"texture":"#0"},"down":{"uv":[14,8,14.75,12],"texture":"#0"}}},{"from":[6.306,6.174,12.074],"to":[7.306,6.476,12.376],"rotation":{"angle":45,"axis":"y","origin":[5.55542,6.5,12.27539]},"faces":{"north":{"uv":[14,8,14.5,11],"rotation":270,"texture":"#0"},"east":{"uv":[14,8,14.5,11],"rotation":270,"texture":"#0"},"south":{"uv":[14,8,14.5,11],"rotation":270,"texture":"#0"},"west":{"uv":[14,8,14.5,11],"rotation":270,"texture":"#0"},"up":{"uv":[6,8,6.5,11],"rotation":270,"texture":"#0"},"down":{"uv":[14,8,14.5,11],"rotation":270,"texture":"#0"}}},{"from":[5.4731,6.175,10.84099],"to":[5.7731,6.475,12.01599],"rotation":{"angle":45,"axis":"y","origin":[5.5731,6.5,11.09099]},"faces":{"north":{"uv":[14,8,14.5,12],"texture":"#0"},"east":{"uv":[14,8,14.5,12],"texture":"#0"},"south":{"uv":[14,8,14.5,12],"texture":"#0"},"west":{"uv":[14,8,14.5,12],"texture":"#0"},"up":{"uv":[6,8,6.5,12],"texture":"#0"},"down":{"uv":[14,8,14.5,12],"texture":"#0"}}},{"from":[7.86146,6.174,10.93409],"to":[8.21146,6.526,11.73409],"rotation":{"angle":-22.5,"axis":"y","origin":[6.76146,6.325,11.43409]},"faces":{"north":{"uv":[14,8,14.5,10],"texture":"#0"},"east":{"uv":[14,8,14.5,10],"texture":"#0"},"south":{"uv":[14,8,14.5,10],"texture":"#0"},"west":{"uv":[14,8,14.5,10],"texture":"#0"},"up":{"uv":[6,8,6.5,10],"texture":"#0"},"down":{"uv":[14,8,14.5,10],"texture":"#0"}}},{"from":[7.14019,6.175,12.08445],"to":[7.94019,6.525,12.43445],"rotation":{"angle":22.5,"axis":"y","origin":[7.54019,6.35,12.23445]},"faces":{"north":{"uv":[14,8,15,9],"texture":"#0"},"east":{"uv":[14,8,15,9],"texture":"#0"},"south":{"uv":[14,8,15,9],"texture":"#0"},"west":{"uv":[14,8,15,9],"texture":"#0"},"up":{"uv":[6,8,7,9],"texture":"#0"},"down":{"uv":[14,8,15,9],"texture":"#0"}}},{"from":[7.13062,6.225,12.43635],"to":[7.38062,6.475,12.63635],"rotation":{"angle":22.5,"axis":"y","origin":[7.53062,6.35,12.21135]},"faces":{"north":{"uv":[14,8,14.5,9],"texture":"#0"},"east":{"uv":[14,8,14.5,9],"texture":"#0"},"south":{"uv":[14,8,14.5,9],"texture":"#0"},"west":{"uv":[14,8,14.5,9],"texture":"#0"},"up":{"uv":[6,8,6.5,9],"texture":"#0"},"down":{"uv":[14,8,14.5,9],"texture":"#0"}}},{"from":[7.50562,6.225,12.43635],"to":[7.75562,6.475,12.63635],"rotation":{"angle":22.5,"axis":"y","origin":[7.53062,6.35,12.21135]},"faces":{"north":{"uv":[14,8,14.5,9],"texture":"#0"},"east":{"uv":[14,8,14.5,9],"texture":"#0"},"south":{"uv":[14,8,14.5,9],"texture":"#0"},"west":{"uv":[14,8,14.5,9],"texture":"#0"},"up":{"uv":[6,8,6.5,9],"texture":"#0"},"down":{"uv":[14,8,14.5,9],"texture":"#0"}}},{"from":[7.82729,6.225,11.79045],"to":[8.02729,6.475,12.04045],"rotation":{"angle":-22.5,"axis":"y","origin":[7.40229,6.4,12.56545]},"faces":{"north":{"uv":[14,8,14.5,9],"texture":"#0"},"east":{"uv":[14,8,14.5,9],"texture":"#0"},"south":{"uv":[14,8,14.5,9],"texture":"#0"},"west":{"uv":[14,8,14.5,9],"texture":"#0"},"up":{"uv":[6,8,6.5,9],"texture":"#0"},"down":{"uv":[14,8,14.5,9],"texture":"#0"}}},{"from":[7.82729,6.225,11.39045],"to":[8.02729,6.475,11.64045],"rotation":{"angle":-22.5,"axis":"y","origin":[7.40229,6.4,12.56545]},"faces":{"north":{"uv":[14,8,14.5,9],"texture":"#0"},"east":{"uv":[14,8,14.5,9],"texture":"#0"},"south":{"uv":[14,8,14.5,9],"texture":"#0"},"west":{"uv":[14,8,14.5,9],"texture":"#0"},"up":{"uv":[6,8,6.5,9],"texture":"#0"},"down":{"uv":[14,8,14.5,9],"texture":"#0"}}},{"from":[6.76146,6.175,10.98409],"to":[7.06146,6.475,11.98409],"rotation":{"angle":-22.5,"axis":"y","origin":[6.91146,6.325,11.48409]},"faces":{"north":{"uv":[14,8,14.5,11],"rotation":180,"texture":"#0"},"east":{"uv":[14,8,15.25,9],"rotation":180,"texture":"#0"},"south":{"uv":[14,8,14.5,11],"rotation":180,"texture":"#0"},"west":{"uv":[14,8,15.25,9],"rotation":180,"texture":"#0"},"up":{"uv":[6,8,6.5,11],"rotation":180,"texture":"#0"},"down":{"uv":[14,8,14.5,11],"rotation":180,"texture":"#0"}}},{"from":[7.46146,6.175,10.98409],"to":[7.76146,6.475,11.78409],"rotation":{"angle":-22.5,"axis":"y","origin":[6.91146,6.325,11.48409]},"faces":{"north":{"uv":[14,8,14.5,10.5],"rotation":180,"texture":"#0"},"east":{"uv":[14,8,14.5,10.5],"rotation":180,"texture":"#0"},"south":{"uv":[14,8,14.5,10.5],"rotation":180,"texture":"#0"},"west":{"uv":[14,8,14.5,10.5],"rotation":180,"texture":"#0"},"up":{"uv":[6,8,6.5,10.5],"rotation":180,"texture":"#0"},"down":{"uv":[14,8,14.5,10.5],"rotation":180,"texture":"#0"}}},{"from":[7.06336,6.15,11.07453],"to":[7.46336,6.4,11.47453],"rotation":{"angle":-22.5,"axis":"y","origin":[6.88836,6.375,11.47453]},"faces":{"north":{"uv":[14,12,16,16],"rotation":180,"texture":"#0"},"east":{"uv":[14,12,16,16],"rotation":180,"texture":"#0"},"south":{"uv":[14,12,16,16],"rotation":180,"texture":"#0"},"west":{"uv":[14,12,16,16],"rotation":180,"texture":"#0"},"up":{"uv":[6,12,8,16],"rotation":180,"texture":"#0"},"down":{"uv":[14,12,16,16],"rotation":180,"texture":"#0"}}},{"from":[6.18405,6.174,11.92901],"to":[6.48405,6.476,12.42901],"rotation":{"angle":45,"axis":"y","origin":[6.33405,6.325,11.42901]},"faces":{"north":{"uv":[14,8,14.5,9.5],"rotation":180,"texture":"#0"},"east":{"uv":[14,8,14.5,9.5],"rotation":180,"texture":"#0"},"south":{"uv":[14,8,14.5,9.5],"rotation":180,"texture":"#0"},"west":{"uv":[14,8,14.5,9.5],"rotation":180,"texture":"#0"},"up":{"uv":[6,8,6.5,9.5],"rotation":180,"texture":"#0"},"down":{"uv":[14,8,14.5,9.5],"rotation":180,"texture":"#0"}}},{"from":[6.96422,6.274,10.96475],"to":[7.46422,6.476,11.16475],"rotation":{"angle":0,"axis":"y","origin":[7.21422,6.375,11.11475]},"faces":{"north":{"uv":[14,8,14.5,10.5],"rotation":90,"texture":"#0"},"east":{"uv":[14,8,14.5,9],"rotation":90,"texture":"#0"},"south":{"uv":[14,8,14.5,10.5],"rotation":90,"texture":"#0"},"west":{"uv":[14,8,14.5,10.5],"rotation":90,"texture":"#0"},"up":{"uv":[6,8,6.5,10.5],"rotation":90,"texture":"#0"},"down":{"uv":[14,8,14.5,10.5],"rotation":90,"texture":"#0"}}},{"from":[13.50178,5.99,11.65165],"to":[16.00178,7.01,12.65165],"rotation":{"angle":45,"axis":"y","origin":[11.75178,6.5,12.15165]},"faces":{"north":{"uv":[12,0.5,13.25,6.5],"rotation":270,"texture":"#0"},"east":{"uv":[12,0.5,13.25,6.5],"rotation":270,"texture":"#0"},"south":{"uv":[12,0.5,13.25,6.5],"rotation":270,"texture":"#0"},"west":{"uv":[12,0.5,13.25,6.5],"rotation":270,"texture":"#0"},"up":{"uv":[4,1,5.25,7],"rotation":270,"texture":"#0"},"down":{"uv":[12,0.5,13.25,6.5],"rotation":270,"texture":"#0"}}},{"from":[10.84277,6,10.26777],"to":[13.34277,7,11.26777],"rotation":{"angle":0,"axis":"y","origin":[12.09277,6.5,10.76777]},"faces":{"north":{"uv":[12,0.5,13.25,6.5],"rotation":270,"texture":"#0"},"east":{"uv":[4,0,5.25,6],"rotation":270,"texture":"#0"},"south":{"uv":[12,0.5,13.25,6.5],"rotation":270,"texture":"#0"},"west":{"uv":[4,0,5.25,6],"rotation":270,"texture":"#0"},"up":{"uv":[4,1,5.25,7],"rotation":270,"texture":"#0"},"down":{"uv":[12,0,13.25,6],"rotation":270,"texture":"#0"}}},{"from":[6.95368,5.99,10.37868],"to":[7.95368,7.01,12.87868],"rotation":{"angle":45,"axis":"y","origin":[6.95368,6,7.37868]},"faces":{"north":{"uv":[12.25,0,13.5,6],"texture":"#0"},"east":{"uv":[12,0,13.25,6],"texture":"#0"},"south":{"uv":[12,0,13.25,6],"texture":"#0"},"west":{"uv":[12,1,13.25,7],"rotation":180,"texture":"#0"},"up":{"uv":[4,1,5.25,7],"texture":"#0"},"down":{"uv":[12,0,13.25,6],"texture":"#0"}}},{"from":[6.45368,6,10.87868],"to":[6.95368,6.75,12.37868],"rotation":{"angle":45,"axis":"y","origin":[6.95368,6,7.37868]},"faces":{"north":{"uv":[12,0,13.25,1.5],"rotation":90,"texture":"#0"},"east":{"uv":[12,0,12.75,4],"texture":"#0"},"south":{"uv":[12,0,13.25,1.5],"rotation":270,"texture":"#0"},"west":{"uv":[12,0,13.25,2],"texture":"#0"},"up":{"uv":[4,0,5.25,2],"rotation":270,"texture":"#0"},"down":{"uv":[12,0,12.75,4],"texture":"#0"}}},{"from":[14.11053,6,6.5],"to":[15.11053,7,9.5],"rotation":{"angle":0,"axis":"y","origin":[14.11053,6,7]},"faces":{"north":{"uv":[4,0,5.25,5.5],"texture":"#0"},"east":{"uv":[12,1,13.25,7],"rotation":90,"texture":"#0"},"south":{"uv":[4,0,5.25,5.5],"texture":"#0"},"west":{"uv":[12,1,13.25,7],"rotation":90,"texture":"#0"},"up":{"uv":[4,1,5.25,8],"texture":"#0"},"down":{"uv":[12,0,13.25,5.5],"texture":"#0"}}},{"from":[9.075,6,6.5],"to":[10.075,7,9.5],"rotation":{"angle":0,"axis":"y","origin":[9.075,6,7]},"faces":{"north":{"uv":[4,0,5.25,5.5],"texture":"#0"},"east":{"uv":[12,0,15.5,2.5],"texture":"#0"},"south":{"uv":[4,0,5.25,5.5],"texture":"#0"},"west":{"uv":[12,1,13.25,7],"rotation":90,"texture":"#0"},"up":{"uv":[4,1,5.25,8],"texture":"#0"},"down":{"uv":[12,0,13.25,5.5],"texture":"#0"}}},{"from":[9.3705,5.99,5.78661],"to":[10.3705,7.01,7.03661],"rotation":{"angle":-45,"axis":"y","origin":[9.8705,6.5,6.41161]},"faces":{"north":{"uv":[12,0,13.25,2.5],"texture":"#0"},"east":{"uv":[12,0,13.5,2.5],"texture":"#0"},"south":{"uv":[12,0,13.25,3],"texture":"#0"},"west":{"uv":[12,0,13.25,3],"rotation":270,"texture":"#0"},"up":{"uv":[4,0,5.25,3],"texture":"#0"},"down":{"uv":[12,0,13.25,3],"texture":"#0"}}},{"from":[13.81503,5.99,5.78661],"to":[14.81503,7.01,7.03661],"rotation":{"angle":45,"axis":"y","origin":[14.31503,6.5,6.41161]},"faces":{"north":{"uv":[12,0,13.25,2.5],"texture":"#0"},"east":{"uv":[12,0,13.25,2.5],"rotation":90,"texture":"#0"},"south":{"uv":[12,0,13.25,2.5],"texture":"#0"},"west":{"uv":[12,0,13.25,2.5],"texture":"#0"},"up":{"uv":[4,0,5.25,2.5],"texture":"#0"},"down":{"uv":[12,0,13.25,2.5],"texture":"#0"}}},{"name":"pad","from":[9.84277,6.175,6.26777],"to":[14.34277,6.675,10.26777],"rotation":{"angle":0,"axis":"y","origin":[12.09277,6.5,10.76777]},"faces":{"north":{"uv":[8,8,8.25,16],"rotation":270,"texture":"#0"},"east":{"uv":[0,8,4,16],"rotation":270,"texture":"#0"},"south":{"uv":[0,8,4,16],"rotation":270,"texture":"#0"},"west":{"uv":[0,8,4,16],"rotation":270,"texture":"#0"},"up":{"uv":[0,8,4,16],"rotation":270,"texture":"#0"},"down":{"uv":[8,8,12,16],"rotation":270,"texture":"#0"}}},{"from":[9.825,6.675,8.125],"to":[10.625,6.975,8.825],"rotation":{"angle":0,"axis":"z","origin":[10.225,7.4,9.25]},"faces":{"north":{"uv":[13,4,13.5,5],"rotation":90,"texture":"#0"},"east":{"uv":[12,6.5,13.25,8],"rotation":180,"texture":"#0"},"south":{"uv":[13,4,13.5,5],"rotation":90,"texture":"#0"},"west":{"uv":[12,0,13,1.5],"rotation":90,"texture":"#0"},"up":{"uv":[4,1.5,5.25,4.5],"rotation":90,"texture":"#0"},"down":{"uv":[4,0,5,1.5],"rotation":90,"texture":"#0"}}},{"from":[10.625,6.675,8.225],"to":[10.925,6.875,8.725],"rotation":{"angle":0,"axis":"y","origin":[4.575,6.825,9.15]},"faces":{"north":{"uv":[13,3,13.5,4.5],"rotation":270,"texture":"#0"},"east":{"uv":[13,2.5,13.5,5],"rotation":270,"texture":"#0"},"south":{"uv":[13,3,13.5,4.5],"rotation":270,"texture":"#0"},"west":{"uv":[12,0,13,1.5],"rotation":270,"texture":"#0"},"up":{"uv":[4,6.5,5.25,8],"rotation":270,"texture":"#0"},"down":{"uv":[4,0,5,1.5],"rotation":270,"texture":"#0"}}},{"from":[9.825,6.675,6.95],"to":[10.625,6.975,7.65],"rotation":{"angle":0,"axis":"z","origin":[10.225,7.4,9.25]},"faces":{"north":{"uv":[13,2.5,13.5,5],"rotation":90,"texture":"#0"},"east":{"uv":[12,6.5,13.25,8],"rotation":180,"texture":"#0"},"south":{"uv":[13,4,13.5,5],"rotation":90,"texture":"#0"},"west":{"uv":[12,0,13,1.5],"rotation":90,"texture":"#0"},"up":{"uv":[4,1.5,5.25,4.5],"rotation":90,"texture":"#0"},"down":{"uv":[4,0,5,1.5],"rotation":90,"texture":"#0"}}},{"from":[10.625,6.675,7.05],"to":[10.925,6.875,7.55],"rotation":{"angle":0,"axis":"y","origin":[4.575,6.825,9.15]},"faces":{"north":{"uv":[13,3,13.5,4.5],"rotation":270,"texture":"#0"},"east":{"uv":[13,2.5,13.5,5],"rotation":270,"texture":"#0"},"south":{"uv":[13,3,13.5,4.5],"rotation":270,"texture":"#0"},"west":{"uv":[12,0,13,1.5],"rotation":270,"texture":"#0"},"up":{"uv":[4,6.5,5.25,8],"rotation":270,"texture":"#0"},"down":{"uv":[4,0,5,1.5],"rotation":270,"texture":"#0"}}},{"from":[13.575,6.675,8.125],"to":[14.375,6.975,8.825],"rotation":{"angle":0,"axis":"z","origin":[10.225,7.4,9.25]},"faces":{"north":{"uv":[13,2.5,13.5,5.5],"rotation":90,"texture":"#0"},"east":{"uv":[12,0,13,1.5],"rotation":90,"texture":"#0"},"south":{"uv":[13,2.5,13.5,5],"rotation":90,"texture":"#0"},"west":{"uv":[12,6.5,13.25,8],"rotation":180,"texture":"#0"},"up":{"uv":[4,1,5.25,3],"rotation":270,"texture":"#0"},"down":{"uv":[4,0,5,1.5],"rotation":90,"texture":"#0"}}},{"from":[13.275,6.675,8.225],"to":[13.575,6.875,8.725],"rotation":{"angle":0,"axis":"y","origin":[4.575,6.825,9.15]},"faces":{"north":{"uv":[13,1.5,13.5,3],"rotation":90,"texture":"#0"},"east":{"uv":[12,0,13,2],"rotation":270,"texture":"#0"},"south":{"uv":[13,1.5,13.5,3],"rotation":90,"texture":"#0"},"west":{"uv":[13,2,13.5,4.5],"rotation":270,"texture":"#0"},"up":{"uv":[4,0,5.25,1.5],"rotation":270,"texture":"#0"},"down":{"uv":[4,0,5,1.5],"rotation":270,"texture":"#0"}}},{"from":[13.575,6.675,6.975],"to":[14.375,6.975,7.675],"rotation":{"angle":0,"axis":"z","origin":[10.225,7.4,9.25]},"faces":{"north":{"uv":[13,2.5,13.5,5],"rotation":90,"texture":"#0"},"east":{"uv":[12,0,13,1.5],"rotation":90,"texture":"#0"},"south":{"uv":[13,2.5,13.5,5],"rotation":90,"texture":"#0"},"west":{"uv":[12,6.5,13.25,8],"rotation":180,"texture":"#0"},"up":{"uv":[4,1,5.25,3],"rotation":270,"texture":"#0"},"down":{"uv":[4,0,5,1.5],"rotation":90,"texture":"#0"}}},{"from":[13.275,6.675,7.075],"to":[13.575,6.875,7.575],"rotation":{"angle":0,"axis":"y","origin":[4.575,6.825,9.15]},"faces":{"north":{"uv":[13,1.5,13.5,3],"rotation":90,"texture":"#0"},"east":{"uv":[12,0,13,2],"rotation":270,"texture":"#0"},"south":{"uv":[13,1.5,13.5,3],"rotation":90,"texture":"#0"},"west":{"uv":[13,2,13.5,4.5],"rotation":270,"texture":"#0"},"up":{"uv":[4,0,5.25,1.5],"rotation":270,"texture":"#0"},"down":{"uv":[4,0,5,1.5],"rotation":270,"texture":"#0"}}},{"from":[12.85,6.675,9.825],"to":[13.55,6.975,10.625],"rotation":{"angle":45,"axis":"y","origin":[12.7,6.8,9.55]},"faces":{"north":{"uv":[12,6.5,13.25,8],"rotation":180,"texture":"#0"},"east":{"uv":[13,2,13.5,5],"rotation":90,"texture":"#0"},"south":{"uv":[12,0,13,1.5],"rotation":180,"texture":"#0"},"west":{"uv":[13,2,13.5,4.5],"rotation":270,"texture":"#0"},"up":{"uv":[4,3.5,5.25,6.5],"rotation":180,"texture":"#0"},"down":{"uv":[4,0,5,1.5],"rotation":180,"texture":"#0"}}},{"from":[12.95,6.675,9.525],"to":[13.45,6.875,9.825],"rotation":{"angle":45,"axis":"y","origin":[12.7,6.8,9.55]},"faces":{"north":{"uv":[13,4,13.5,6.5],"rotation":270,"texture":"#0"},"east":{"uv":[13,1.5,13.5,3],"rotation":270,"texture":"#0"},"south":{"uv":[12,0,13,1.5],"texture":"#0"},"west":{"uv":[13,1.5,13.5,3],"texture":"#0"},"up":{"uv":[4,6.5,5.25,8],"rotation":180,"texture":"#0"},"down":{"uv":[4,0,5,1.5],"texture":"#0"}}},{"from":[10.52175,6.675,9.33964],"to":[11.22175,6.975,10.13964],"rotation":{"angle":-45,"axis":"y","origin":[10.87175,6.8,9.51464]},"faces":{"north":{"uv":[12,6.5,13.25,8],"rotation":180,"texture":"#0"},"east":{"uv":[13,3.5,13.5,4.5],"rotation":180,"texture":"#0"},"south":{"uv":[12,0,13,1.5],"rotation":180,"texture":"#0"},"west":{"uv":[13,4,13.5,5],"rotation":180,"texture":"#0"},"up":{"uv":[4,1.5,5.25,4.5],"rotation":180,"texture":"#0"},"down":{"uv":[4,0,5,1.5],"rotation":180,"texture":"#0"}}},{"from":[10.62175,6.675,9.03964],"to":[11.12175,6.875,9.33964],"rotation":{"angle":-45,"axis":"y","origin":[10.87175,6.8,9.51464]},"faces":{"north":{"uv":[13,3,13.5,5.5],"rotation":270,"texture":"#0"},"east":{"uv":[13,1.5,13.5,3],"rotation":270,"texture":"#0"},"south":{"uv":[12,0,13,1.5],"texture":"#0"},"west":{"uv":[13,1.5,13.5,3],"texture":"#0"},"up":{"uv":[4,6.5,5.25,8],"rotation":180,"texture":"#0"},"down":{"uv":[4,0,5,1.5],"texture":"#0"}}},{"from":[11.77175,6.675,9.68964],"to":[12.47175,6.975,10.48964],"rotation":{"angle":0,"axis":"y","origin":[12.12175,6.8,9.81464]},"faces":{"north":{"uv":[12,6.5,13.25,8],"rotation":180,"texture":"#0"},"east":{"uv":[13,3.5,13.5,4.5],"rotation":180,"texture":"#0"},"south":{"uv":[12,0,13,1.5],"rotation":180,"texture":"#0"},"west":{"uv":[13,3.5,13.5,4.5],"rotation":180,"texture":"#0"},"up":{"uv":[4,1,5.25,4],"rotation":180,"texture":"#0"},"down":{"uv":[4,0,5,1.5],"rotation":180,"texture":"#0"}}},{"from":[11.87175,6.675,9.38964],"to":[12.37175,6.875,9.68964],"rotation":{"angle":0,"axis":"y","origin":[12.12175,6.8,9.81464]},"faces":{"north":{"uv":[13,3,13.5,5.5],"rotation":270,"texture":"#0"},"east":{"uv":[13,1.5,13.5,3],"rotation":270,"texture":"#0"},"south":{"uv":[12,0,13,1.5],"texture":"#0"},"west":{"uv":[13,1.5,13.5,3],"texture":"#0"},"up":{"uv":[4,6.5,5.25,8],"rotation":180,"texture":"#0"},"down":{"uv":[4,0,5,1.5],"texture":"#0"}}},{"from":[14.95673,5.675,5.49926],"to":[15.45673,5.975,6.79926],"rotation":{"angle":-45,"axis":"y","origin":[14.45673,6.175,4.14926]},"faces":{"north":{"uv":[12,8,12.5,11],"texture":"#0"},"east":{"uv":[12,8,14,9],"texture":"#0"},"south":{"uv":[12,8,12.5,11],"texture":"#0"},"west":{"uv":[12,8,14,9],"texture":"#0"},"up":{"uv":[4,8,4.5,11],"texture":"#0"},"down":{"uv":[12,8,12.5,11],"texture":"#0"}}},{"from":[11.025,6.125,5.5],"to":[11.525,6.525,6.8],"rotation":{"angle":-22.5,"axis":"y","origin":[11.275,6.65,5.5]},"faces":{"north":{"uv":[12,8,12.75,9],"texture":"#0"},"east":{"uv":[12,8,14,9],"texture":"#0"},"south":{"uv":[12,8,12.75,9],"texture":"#0"},"west":{"uv":[12,8,14,9],"texture":"#0"},"up":{"uv":[4,8,6,12],"texture":"#0"},"down":{"uv":[12,8,12.75,11.5],"texture":"#0"}}},{"from":[10.775,6.351,4.5],"to":[11.275,6.653,5.8],"rotation":{"angle":22.5,"axis":"y","origin":[11.275,6.5,5.5]},"faces":{"north":{"uv":[12,8,12.75,9],"texture":"#0"},"east":{"uv":[12,8,14,9],"texture":"#0"},"south":{"uv":[12,8,12.75,9],"texture":"#0"},"west":{"uv":[12,8,14,9],"texture":"#0"},"up":{"uv":[4,8,4.75,11.5],"texture":"#0"},"down":{"uv":[12,8,12.75,11.5],"texture":"#0"}}},{"from":[14.35673,6,5.24926],"to":[14.85673,6.3,6.77426],"rotation":{"angle":-45,"axis":"y","origin":[13.85673,6.5,3.89926]},"faces":{"north":{"uv":[12,8,12.5,11],"texture":"#0"},"east":{"uv":[12,8,14,9],"texture":"#0"},"south":{"uv":[12,8,12.5,11],"texture":"#0"},"west":{"uv":[12,8,14,9],"texture":"#0"},"up":{"uv":[4,8,4.5,11],"texture":"#0"},"down":{"uv":[12,8,12.5,11],"texture":"#0"}}},{"from":[13.862,6.15,4.24424],"to":[14.362,6.45,5.54424],"rotation":{"angle":-45,"axis":"y","origin":[13.36175,6.5,4.39424]},"faces":{"north":{"uv":[12,8,12.5,11],"texture":"#0"},"east":{"uv":[12,8,14,9],"texture":"#0"},"south":{"uv":[12,8,12.5,11],"texture":"#0"},"west":{"uv":[12,8,14,9],"texture":"#0"},"up":{"uv":[4,8,4.5,11],"texture":"#0"},"down":{"uv":[12,8,12.5,11],"texture":"#0"}}},{"from":[13.67493,6.148,4.39528],"to":[14.17493,6.548,4.99528],"rotation":{"angle":0,"axis":"y","origin":[13.92493,6.3,5.04528]},"faces":{"north":{"uv":[12,8,12.75,9],"texture":"#0"},"east":{"uv":[12,8,12.75,9],"texture":"#0"},"south":{"uv":[12,8,12.75,9],"texture":"#0"},"west":{"uv":[12,8,12.75,9],"texture":"#0"},"up":{"uv":[4,8,4.75,9.5],"texture":"#0"},"down":{"uv":[12,8,12.75,9.5],"texture":"#0"}}},{"from":[10.88981,6.35,5.77716],"to":[11.38981,6.65,6.27716],"rotation":{"angle":0,"axis":"y","origin":[11.38981,6.5,6.77716]},"faces":{"north":{"uv":[12,8,12.75,9],"texture":"#0"},"east":{"uv":[12,8,13,9],"texture":"#0"},"south":{"uv":[12,8,12.75,9],"texture":"#0"},"west":{"uv":[12,8,13,9],"texture":"#0"},"up":{"uv":[4,8,4.75,9.5],"texture":"#0"},"down":{"uv":[12,8,12.75,9.5],"texture":"#0"}}},{"from":[11.19299,6.124,5.65318],"to":[12.49299,6.524,6.15318],"rotation":{"angle":22.5,"axis":"y","origin":[10.49299,6.65,5.90318]},"faces":{"north":{"uv":[12,8,12.5,11],"rotation":90,"texture":"#0"},"east":{"uv":[12,8,12.75,9],"rotation":90,"texture":"#0"},"south":{"uv":[12,8,12.5,11],"rotation":90,"texture":"#0"},"west":{"uv":[12,8,12.5,10.5],"rotation":90,"texture":"#0"},"up":{"uv":[4,8,4.5,10.5],"rotation":90,"texture":"#0"},"down":{"uv":[12,8,12.5,10.5],"rotation":90,"texture":"#0"}}},{"from":[10.95187,6.225,4.90819],"to":[12.05187,6.525,5.30819],"rotation":{"angle":-22.5,"axis":"y","origin":[11.60187,6.475,8.15819]},"faces":{"north":{"uv":[12,8,12.5,11],"rotation":90,"texture":"#0"},"east":{"uv":[12,8,12.75,9],"rotation":90,"texture":"#0"},"south":{"uv":[12,8,12.5,11],"rotation":90,"texture":"#0"},"west":{"uv":[12,8,12.5,10.5],"rotation":90,"texture":"#0"},"up":{"uv":[4,8,4.5,10.5],"rotation":90,"texture":"#0"},"down":{"uv":[12,8,12.5,10.5],"rotation":90,"texture":"#0"}}},{"from":[14.27493,5.824,4.64528],"to":[14.77493,6.224,5.24528],"rotation":{"angle":0,"axis":"y","origin":[14.52493,5.975,5.29528]},"faces":{"north":{"uv":[12,8,12.75,9],"texture":"#0"},"east":{"uv":[12,8,12.75,9],"texture":"#0"},"south":{"uv":[12,8,12.75,9],"texture":"#0"},"west":{"uv":[12,8,12.75,9],"texture":"#0"},"up":{"uv":[4,8,4.75,9.5],"texture":"#0"},"down":{"uv":[12,8,12.75,9.5],"texture":"#0"}}},{"from":[14.462,5.825,4.49424],"to":[14.962,6.125,5.79424],"rotation":{"angle":-45,"axis":"y","origin":[13.96175,6.175,4.64424]},"faces":{"north":{"uv":[12,8,12.5,11],"texture":"#0"},"east":{"uv":[12,8,14,9],"texture":"#0"},"south":{"uv":[12,8,12.5,11],"texture":"#0"},"west":{"uv":[12,8,14,9],"texture":"#0"},"up":{"uv":[4,8,4.5,11],"texture":"#0"},"down":{"uv":[12,8,12.5,11],"texture":"#0"}}},{"from":[10.025,7,9.7],"to":[10.825,7.3,10.2],"rotation":{"angle":-45,"axis":"y","origin":[10.175,7.15,9.75]},"faces":{"north":{"uv":[12,12,14,13.5],"texture":"#0"},"east":{"uv":[12,12,13.25,13.5],"texture":"#0"},"south":{"uv":[12,12,14,13.5],"texture":"#0"},"west":{"uv":[12,12,13.25,13.5],"texture":"#0"},"up":{"uv":[4,12,6,14.5],"texture":"#0"},"down":{"uv":[12,12,14,13.5],"texture":"#0"}}},{"from":[9.475,7,9.8],"to":[10.05,7.201,10],"rotation":{"angle":-45,"axis":"y","origin":[10.175,7.15,9.75]},"faces":{"north":{"uv":[12,12,13.75,13],"texture":"#0"},"east":{"uv":[12,12,13.75,13],"texture":"#0"},"south":{"uv":[12,12,13.75,13],"texture":"#0"},"west":{"uv":[12,12,13.75,13],"texture":"#0"},"up":{"uv":[4,12,5.75,13],"texture":"#0"},"down":{"uv":[12,12,13.75,13],"texture":"#0"}}},{"from":[8.21621,6.999,8.87405],"to":[9.11621,7.199,9.07405],"rotation":{"angle":-45,"axis":"y","origin":[11.24121,7.15,8.82405]},"faces":{"north":{"uv":[12,12,14,13],"texture":"#0"},"east":{"uv":[12,12,14,13],"texture":"#0"},"south":{"uv":[12,12,14,13],"texture":"#0"},"west":{"uv":[12,12,14,13],"texture":"#0"},"up":{"uv":[4,12,6,13],"texture":"#0"},"down":{"uv":[12,12,14,13],"texture":"#0"}}},{"from":[9.50325,7,7.3568],"to":[9.70325,7.2,9.4318],"rotation":{"angle":0,"axis":"y","origin":[9.60325,7.1,9.1443]},"faces":{"north":{"uv":[12,12,12.5,16],"texture":"#0"},"east":{"uv":[12,12,14,13],"texture":"#0"},"south":{"uv":[12,12,12.5,16],"texture":"#0"},"west":{"uv":[12,12,14,13],"texture":"#0"},"up":{"uv":[4,12,4.5,16],"texture":"#0"},"down":{"uv":[12,12,12.5,16],"texture":"#0"}}},{"from":[8.925,7,6.66183],"to":[9.13,7.205,6.86683],"rotation":{"angle":0,"axis":"x","origin":[9.02543,7.4,6.76183]},"faces":{"north":{"uv":[12,12,12.5,13],"texture":"#0"},"east":{"uv":[12,12,12.5,13],"texture":"#0"},"south":{"uv":[12,12,12.5,13],"texture":"#0"},"west":{"uv":[12,12,12.5,13],"texture":"#0"},"up":{"uv":[4,12,4.5,13],"texture":"#0"},"down":{"uv":[12,12,12.5,13],"texture":"#0"}}},{"from":[8.92543,5.8609,6.35568],"to":[9.12543,6.4609,6.55568],"rotation":{"angle":0,"axis":"x","origin":[9.02543,6.6609,6.45568]},"faces":{"north":{"uv":[12,12,13.25,13],"rotation":270,"texture":"#0"},"east":{"uv":[12,12,13.25,13],"rotation":270,"texture":"#0"},"south":{"uv":[12,12,13.25,13],"rotation":270,"texture":"#0"},"west":{"uv":[12,12,13.25,13],"rotation":270,"texture":"#0"},"up":{"uv":[4,12,6,16],"rotation":270,"texture":"#0"},"down":{"uv":[4,12,6,16],"rotation":270,"texture":"#0"}}},{"from":[8.9255,6.41502,6.38634],"to":[9.1255,7.21502,6.58634],"rotation":{"angle":22.5,"axis":"x","origin":[9.02543,6.51502,6.48634]},"faces":{"north":{"uv":[12,12,14,13],"rotation":270,"texture":"#0"},"east":{"uv":[12,12,14,13],"rotation":270,"texture":"#0"},"south":{"uv":[12,12,14,13],"rotation":270,"texture":"#0"},"west":{"uv":[12,12,14,13],"rotation":270,"texture":"#0"},"up":{"uv":[4,12,6,16],"rotation":270,"texture":"#0"},"down":{"uv":[4,12,6,16],"rotation":270,"texture":"#0"}}},{"from":[14.49571,5.9,8.78431],"to":[14.77071,6.45,9.38431],"rotation":{"angle":-45,"axis":"y","origin":[11.64571,6.85,8.93431]},"faces":{"north":{"uv":[12,12,12.5,14],"texture":"#0"},"east":{"uv":[12,12,13.5,14.5],"texture":"#0"},"south":{"uv":[12,12,12.5,14],"texture":"#0"},"west":{"uv":[12,12,13.5,14.5],"texture":"#0"},"up":{"uv":[4,12,4.5,15],"texture":"#0"},"down":{"uv":[12,12,12.5,15],"texture":"#0"}}},{"from":[14.49571,5.9,6.88431],"to":[14.77071,6.45,7.48431],"rotation":{"angle":-45,"axis":"y","origin":[11.64571,6.85,8.93431]},"faces":{"north":{"uv":[12,12,12.5,14],"texture":"#0"},"east":{"uv":[12,12,13.5,14.5],"texture":"#0"},"south":{"uv":[12,12,12.5,14],"texture":"#0"},"west":{"uv":[12,12,13.5,14.5],"texture":"#0"},"up":{"uv":[4,12,4.5,15],"texture":"#0"},"down":{"uv":[12,12,12.5,15],"texture":"#0"}}},{"from":[14.49571,5.9,7.83431],"to":[14.77071,6.45,8.43431],"rotation":{"angle":-45,"axis":"y","origin":[11.64571,6.85,8.93431]},"faces":{"north":{"uv":[12,12,12.5,14],"texture":"#0"},"east":{"uv":[12,12,13.5,14.5],"texture":"#0"},"south":{"uv":[12,12,12.5,14],"texture":"#0"},"west":{"uv":[12,12,13.5,14.5],"texture":"#0"},"up":{"uv":[4,12,4.5,15],"texture":"#0"},"down":{"uv":[12,12,12.5,15],"texture":"#0"}}},{"from":[8.4,6.11,11],"to":[8.7,6.61,12],"rotation":{"angle":0,"axis":"y","origin":[8.4,6.1,11]},"faces":{"north":{"uv":[14,8,14.5,11],"texture":"#0"},"east":{"uv":[14,8,14.5,11],"texture":"#0"},"south":{"uv":[14,8,14.5,11],"texture":"#0"},"west":{"uv":[14,8,14.5,11],"texture":"#0"},"up":{"uv":[6,8,6.5,11],"texture":"#0"},"down":{"uv":[14,8,14.5,11],"texture":"#0"}}},{"from":[8.4,6.1,10.5],"to":[8.7,6.6,11],"rotation":{"angle":-45,"axis":"y","origin":[8.4,6.1,11]},"faces":{"north":{"uv":[14,8,14.5,9.5],"texture":"#0"},"east":{"uv":[14,8,14.5,9.5],"texture":"#0"},"south":{"uv":[14,8,14.5,9.5],"texture":"#0"},"west":{"uv":[14,8,14.5,9.5],"texture":"#0"},"up":{"uv":[6,8,6.5,9.5],"texture":"#0"},"down":{"uv":[14,8,14.5,9.5],"texture":"#0"}}},{"from":[9.80907,6.1,11.31487],"to":[10.10907,6.6,12.31487],"rotation":{"angle":-22.5,"axis":"y","origin":[9.80907,6.1,11.31487]},"faces":{"north":{"uv":[14,8,14.5,12],"texture":"#0"},"east":{"uv":[14,8,14.5,12],"texture":"#0"},"south":{"uv":[14,8,14.5,12],"texture":"#0"},"west":{"uv":[14,8,14.5,12],"texture":"#0"},"up":{"uv":[6,8,6.5,12],"texture":"#0"},"down":{"uv":[14,8,14.5,12],"texture":"#0"}}},{"from":[9.78624,6.11,10.77967],"to":[10.08624,6.61,11.42967],"rotation":{"angle":0,"axis":"y","origin":[9.78624,6.1,11.02967]},"faces":{"north":{"uv":[14,8,14.5,12],"texture":"#0"},"east":{"uv":[14,8,14.5,12],"texture":"#0"},"south":{"uv":[14,8,14.5,12],"texture":"#0"},"west":{"uv":[14,8,14.5,12],"texture":"#0"},"up":{"uv":[6,8,6.5,12],"texture":"#0"},"down":{"uv":[14,8,14.5,12],"texture":"#0"}}},{"from":[8.4,6.1,12],"to":[8.7,6.6,12.5],"rotation":{"angle":45,"axis":"y","origin":[8.4,6.1,12]},"faces":{"north":{"uv":[14,8,14.5,9.5],"texture":"#0"},"east":{"uv":[14,8,14.5,9.5],"texture":"#0"},"south":{"uv":[14,8,14.5,9.5],"texture":"#0"},"west":{"uv":[14,8,14.5,9.5],"texture":"#0"},"up":{"uv":[6,8,6.5,9.5],"texture":"#0"},"down":{"uv":[14,8,14.5,9.5],"texture":"#0"}}},{"from":[8.75355,6.1,12.05355],"to":[9.70355,6.4,12.35355],"rotation":{"angle":0,"axis":"y","origin":[9.00355,6.35,12.20355]},"faces":{"north":{"uv":[14,8,14.5,12],"rotation":270,"texture":"#0"},"east":{"uv":[14,8,14.5,12],"rotation":270,"texture":"#0"},"south":{"uv":[14,8,14.5,12],"rotation":270,"texture":"#0"},"west":{"uv":[14,8,14.5,12],"rotation":270,"texture":"#0"},"up":{"uv":[6,8,6.5,12],"rotation":270,"texture":"#0"},"down":{"uv":[14,8,14.5,12],"rotation":270,"texture":"#0"}}},{"from":[8.92855,6.225,12.07855],"to":[9.27855,6.425,12.55355],"rotation":{"angle":22.5,"axis":"x","origin":[9.10355,6.325,12.31605]},"faces":{"north":{"uv":[14,8,14.5,9],"rotation":270,"texture":"#0"},"east":{"uv":[14,8,14.5,9],"rotation":270,"texture":"#0"},"south":{"uv":[14,8,14.5,9],"rotation":270,"texture":"#0"},"west":{"uv":[14,8,14.5,9],"rotation":270,"texture":"#0"},"up":{"uv":[6,8,6.5,9],"rotation":270,"texture":"#0"},"down":{"uv":[14,8,14.5,9],"rotation":270,"texture":"#0"}}},{"from":[8.875,6.2,11],"to":[9.675,6.8,11.8],"rotation":{"angle":45,"axis":"y","origin":[9.375,6.3,11.5]},"faces":{"north":{"uv":[14,12,16,16],"texture":"#0"},"east":{"uv":[14,12,16,16],"texture":"#0"},"south":{"uv":[14,12,16,16],"texture":"#0"},"west":{"uv":[14,12,16,16],"texture":"#0"},"up":{"uv":[6,12,8,16],"texture":"#0"},"down":{"uv":[14,12,16,16],"texture":"#0"}}}],"display":{"thirdperson_righthand":{"rotation":[0,-32,0],"translation":[0.5,1.25,0],"scale":[0.6,0.6,0.6]},"thirdperson_lefthand":{"rotation":[0,-32,0],"translation":[0.5,1.25,0],"scale":[0.6,0.6,0.6]},"firstperson_righthand":{"rotation":[30,-8,85],"translation":[-0.75,5.25,0.75],"scale":[0.8,0.8,0.8]},"firstperson_lefthand":{"rotation":[30,-8,85],"translation":[-0.75,5.25,0.75],"scale":[0.8,0.8,0.8]},"gui":{"rotation":[90,0,0]},"head":{"rotation":[-90,-180,0],"translation":[-0.25,-0.75,-8.35]},"fixed":{"rotation":[-90,-180,-1],"translation":[0,0.5,-2.25],"scale":[1.1,1.1,1.1]}},"groups":[{"name":"ring 1","origin":[-0.88388,0.5,1.59099],"children":[0,1,2,3,4,5,6,7]},{"name":"dome","origin":[1.25,1.4,1.05],"children":[8,9,10,11,12]},{"name":"strap","origin":[2.11777,1.95,3.19277],"children":[13,14]},{"name":"strap","origin":[3.11777,1.95,3.19277],"children":[15,16]},{"name":"strap","origin":[4.11777,1.95,3.19277],"children":[17,18]},{"name":"strap","origin":[4.11777,1.95,3.19277],"children":[19,20]},{"name":"strap","origin":[4.11777,1.95,3.19277],"children":[21,22]},{"name":"strap","origin":[4.11777,1.95,3.19277],"children":[23,24]},{"name":"extra edge things","origin":[3.85,1.4,-1.2],"children":[25,26,27]},{"name":"side latch","origin":[7.10798,0.325,0.76504],"children":[28,29,30,31]},{"name":"upper latch","origin":[4.51777,0.675,-1.81777],"children":[32,33,34]},{"name":"lower latch","origin":[4.7981,0.5,4.09099],"children":[35,36,37]},{"name":"gear thing","origin":[6.89019,0.35,5.38445],"children":[38,39,40,41,42,43]},{"name":"connector components","origin":[6.43922,0.375,4.11475],"children":[44,45,46,47,48]},{"name":"ring 2 (partial)","origin":[8.55,0,0],"children":[49,50,51,52,53,54,55,56]},57,{"name":"strap","origin":[3.8,0.825,2.15],"children":[58,59]},{"name":"strap","origin":[3.8,0.825,2.15],"children":[60,61]},{"name":"strap","origin":[3.8,0.825,2.15],"children":[62,63]},{"name":"strap","origin":[3.8,0.825,2.15],"children":[64,65]},{"name":"strap","origin":[3.8,0.825,2.15],"children":[66,67]},{"name":"strap","origin":[3.8,0.825,2.15],"children":[68,69]},{"name":"strap","origin":[3.8,0.825,2.15],"children":[70,71]},{"name":"top mechanistics","origin":[13.18675,0.175,-2.35576],"children":[72,73,74,75,76,77,78,79,80,81,82]},{"name":"pipe","origin":[8.25043,0.51502,-0.51366],"children":[83,84,85,86,87,88,89]},{"name":"details","origin":[10.87071,0.85,1.93431],"children":[90,91,92]},93,94,95,96,97,98,99,100]}