{"credit":"Made with Blockbench","texture_size":[80,16],"textures":{"0":"mineinabyss:relics/saw_arm","particle":"mineinabyss:relics/saw_arm"},"elements":[{"from":[7.99145,6.06133,-1.25],"to":[7.99145,11.06133,3.75],"rotation":{"angle":22.5,"axis":"x","origin":[7.99006,9.95139,1.7043]},"faces":{"north":{"uv":[0,0,0.4,1],"rotation":270,"texture":"#0"},"east":{"uv":[0,0,3.2,16],"rotation":270,"texture":"#0"},"south":{"uv":[0,0,0.2,1],"rotation":270,"texture":"#0"},"west":{"uv":[0,0,3.2,16],"rotation":270,"texture":"#0"},"up":{"uv":[0,0,0.2,2],"rotation":270,"texture":"#0"},"down":{"uv":[0,0,0.4,1],"rotation":270,"texture":"#0"}}},{"from":[7.54145,9.48763,0.57908],"to":[8.44145,12.48763,2.02908],"rotation":{"angle":0,"axis":"x","origin":[7.99006,9.95139,1.7043]},"faces":{"north":{"uv":[3.2,6,3.8,16],"texture":"#0"},"east":{"uv":[4.8,6,3.8,16],"texture":"#0"},"south":{"uv":[2.8,0,3,2],"rotation":270,"texture":"#0"},"west":{"uv":[3.8,6,4.8,16],"texture":"#0"},"up":{"uv":[3.8,6,4.8,9],"rotation":270,"texture":"#0"},"down":{"uv":[0,0,1.45,0.9],"rotation":270,"texture":"#0"}}},{"from":[7.99145,12.48763,0.57908],"to":[7.99145,12.76263,2.02908],"rotation":{"angle":0,"axis":"x","origin":[7.99006,9.95139,1.7043]},"faces":{"north":{"uv":[3.8,1,4,6],"rotation":270,"texture":"#0"},"east":{"uv":[3.8,1,4,6],"rotation":270,"texture":"#0"},"south":{"uv":[3.8,1,4,6],"rotation":270,"texture":"#0"},"west":{"uv":[3.8,1,4,6],"rotation":270,"texture":"#0"},"up":{"uv":[3.8,1,4,6],"rotation":270,"texture":"#0"},"down":{"uv":[3.8,1,4,6],"rotation":270,"texture":"#0"}}},{"from":[7.55145,9.51886,1.03378],"to":[8.43145,12.41886,1.98378],"rotation":{"angle":22.5,"axis":"x","origin":[7.99006,9.95139,1.7043]},"faces":{"north":{"uv":[8,6,9.5,12],"texture":"#0"},"east":{"uv":[4.4,6,3.8,15],"texture":"#0"},"south":{"uv":[3.2,6,3.8,16],"texture":"#0"},"west":{"uv":[3.8,6,4.4,15],"texture":"#0"},"up":{"uv":[4,6,4.6,9],"rotation":270,"texture":"#0"},"down":{"uv":[0,0,0.95,0.88],"rotation":270,"texture":"#0"}}},{"from":[7.56645,8.09722,0.78183],"to":[8.41645,9.64722,1.73183],"rotation":{"angle":22.5,"axis":"x","origin":[7.99006,9.95139,1.7043]},"faces":{"north":{"uv":[6.6,11,7.2,16],"texture":"#0"},"east":{"uv":[4.8,11,5.4,16],"texture":"#0"},"south":{"uv":[6.6,11,7.2,16],"texture":"#0"},"west":{"uv":[4.8,11,5.4,16],"texture":"#0"},"up":{"uv":[6,11,6.75,12],"texture":"#0"},"down":{"uv":[6.6,13,7.2,16],"texture":"#0"}}},{"from":[7.49145,8.70612,2.65853],"to":[8.49145,10.33112,4.65853],"rotation":{"angle":22.5,"axis":"x","origin":[7.99145,9.51862,3.65853]},"faces":{"north":{"uv":[6.4,9,7,14],"texture":"#0"},"east":{"uv":[5.4,9,6.4,16],"rotation":90,"texture":"#0"},"south":{"uv":[6.4,9,7,14],"texture":"#0"},"west":{"uv":[5.4,9,6.4,16],"rotation":90,"texture":"#0"},"up":{"uv":[6.4,9,7,16],"texture":"#0"},"down":{"uv":[6.4,9,7,16],"texture":"#0"}}},{"from":[7.49145,7.95612,5.08353],"to":[8.49145,9.33112,6.70853],"rotation":{"angle":45,"axis":"x","origin":[7.99145,9.06862,5.58353]},"faces":{"north":{"uv":[6.2,9,7.2,14],"rotation":180,"texture":"#0"},"east":{"uv":[6.2,9,7.2,14],"rotation":180,"texture":"#0"},"south":{"uv":[6.2,9,7.2,14],"rotation":180,"texture":"#0"},"west":{"uv":[6.2,9,7.2,13],"rotation":180,"texture":"#0"},"up":{"uv":[6.2,9,7.2,14],"rotation":180,"texture":"#0"},"down":{"uv":[6.2,9,7.2,14],"rotation":180,"texture":"#0"}}},{"from":[7.74145,8.45612,5.33353],"to":[8.24145,9.83112,8.95853],"rotation":{"angle":0,"axis":"x","origin":[7.99145,9.39362,6.89603]},"faces":{"north":{"uv":[10.8,5,11.4,13],"texture":"#0"},"east":{"uv":[10.8,5,11.6,16],"rotation":90,"texture":"#0"},"south":{"uv":[10.8,5,11.4,13],"texture":"#0"},"west":{"uv":[10.8,5,11.6,16],"rotation":90,"texture":"#0"},"up":{"uv":[10.8,5,11.2,16],"texture":"#0"},"down":{"uv":[10.8,5,11.2,16],"texture":"#0"}}},{"from":[7.61645,8.59723,4.44226],"to":[8.36645,9.47223,5.31726],"rotation":{"angle":22.5,"axis":"x","origin":[8.11645,9.03473,4.80476]},"faces":{"north":{"uv":[4,1,4.6,4],"rotation":270,"texture":"#0"},"east":{"uv":[4,1,4.6,4],"rotation":270,"texture":"#0"},"south":{"uv":[4,1,4.6,4],"rotation":270,"texture":"#0"},"west":{"uv":[4,1,4.6,4],"rotation":270,"texture":"#0"},"up":{"uv":[4,1,4.6,4],"rotation":270,"texture":"#0"},"down":{"uv":[4,1,4.6,4],"rotation":270,"texture":"#0"}}},{"from":[7.76645,8.87095,1.88129],"to":[8.21645,11.37095,3.25629],"rotation":{"angle":45,"axis":"x","origin":[7.99006,9.95139,1.7043]},"faces":{"north":{"uv":[5.2,0,5.6,8],"texture":"#0"},"east":{"uv":[5.2,0,6.4,8],"texture":"#0"},"south":{"uv":[5.2,0,5.6,8],"rotation":180,"texture":"#0"},"west":{"uv":[5.2,0,6.4,8],"rotation":180,"texture":"#0"},"up":{"uv":[5.2,0,6.4,8],"rotation":270,"texture":"#0"},"down":{"uv":[5.2,0,6.4,2],"rotation":90,"texture":"#0"}}},{"from":[6.499,7.45,5.10355],"to":[9.501,9.45,6.35355],"rotation":{"angle":45,"axis":"x","origin":[7,8.2,5.35355]},"faces":{"north":{"uv":[7.2,5,8.6,16],"rotation":270,"texture":"#0"},"east":{"uv":[6.6,3,8,7],"rotation":270,"texture":"#0"},"south":{"uv":[7.2,5,8.6,16],"rotation":270,"texture":"#0"},"west":{"uv":[6.6,3,8,7],"rotation":270,"texture":"#0"},"up":{"uv":[7.2,5,8.6,16],"rotation":270,"texture":"#0"},"down":{"uv":[5.2,0,5.8,8],"rotation":180,"texture":"#0"}}},{"from":[6.5,7.62536,10.78402],"to":[9.5,9.37536,14.78402],"rotation":{"angle":22.5,"axis":"x","origin":[7,9.12536,10.53402]},"faces":{"north":{"uv":[9.8,5,12.2,14],"rotation":90,"texture":"#0"},"east":{"uv":[9.8,5,12.2,10],"texture":"#0"},"south":{"uv":[10,5,11,14],"rotation":90,"texture":"#0"},"west":{"uv":[9.8,5,12.2,10],"texture":"#0"},"up":{"uv":[9.8,5,12.2,14],"rotation":90,"texture":"#0"},"down":{"uv":[9.8,5,12.2,14],"rotation":90,"texture":"#0"}}},{"from":[6.5,8.01066,6.06066],"to":[9.5,9.26066,10.86066],"rotation":{"angle":0,"axis":"x","origin":[7,9.01066,6.31066]},"faces":{"north":{"uv":[8.6,5,12,16],"rotation":90,"texture":"#0"},"east":{"uv":[11.4,5,12,16],"rotation":90,"texture":"#0"},"south":{"uv":[8.6,5,12,16],"rotation":90,"texture":"#0"},"west":{"uv":[11.4,5,12,16],"rotation":90,"texture":"#0"},"up":{"uv":[8.6,5,12.2,16],"rotation":90,"texture":"#0"},"down":{"uv":[8.6,5,12,16],"rotation":90,"texture":"#0"}}},{"from":[4.625,7.75178,6.06066],"to":[7.125,9.00178,10.86066],"rotation":{"angle":45,"axis":"z","origin":[6.5,8.37678,8.46066]},"faces":{"north":{"uv":[6.6,3,8.4,7],"rotation":270,"texture":"#0"},"east":{"uv":[11.6,5,12.2,15],"rotation":90,"texture":"#0"},"south":{"uv":[11.2,5,12.2,15],"rotation":90,"texture":"#0"},"west":{"uv":[11.6,5,12.2,15],"rotation":90,"texture":"#0"},"up":{"uv":[8.6,5,12.2,15],"rotation":90,"texture":"#0"},"down":{"uv":[8.6,5,12.2,15],"rotation":90,"texture":"#0"}}},{"from":[6.75,4.75,5.39644],"to":[9.25,7.25,6.39644],"rotation":{"angle":0,"axis":"y","origin":[8,6.55,5.89644]},"faces":{"north":{"uv":[13.4,5,14.6,11],"texture":"#0"},"east":{"uv":[0,0,1,2.5],"texture":"#0"},"south":{"uv":[0,0,2.5,2.5],"texture":"#0"},"west":{"uv":[0,0,1,2.5],"texture":"#0"},"up":{"uv":[0,0,2.5,1],"texture":"#0"},"down":{"uv":[0,0,2.5,1],"texture":"#0"}}},{"from":[6.175,4.15,4.62144],"to":[9.825,7.825,4.62144],"rotation":{"angle":0,"axis":"y","origin":[8,6.55,5.89644]},"faces":{"north":{"uv":[12.2,0,15.4,16],"texture":"#0"},"east":{"uv":[0,0,0.2,2.5],"texture":"#0"},"south":{"uv":[12.2,0,15.4,16],"texture":"#0"},"west":{"uv":[0,0,0.2,2.5],"texture":"#0"},"up":{"uv":[0,0,0.5,1],"texture":"#0"},"down":{"uv":[0,0,0.5,1],"texture":"#0"}}},{"from":[6.5,4.5,13.42144],"to":[9.5,7.5,14.42144],"rotation":{"angle":0,"axis":"y","origin":[8,6.55,5.89644]},"faces":{"north":{"uv":[10,5,12,14],"texture":"#0"},"east":{"uv":[10,5,10.8,14],"texture":"#0"},"south":{"uv":[7,6,8.8,15],"texture":"#0"},"west":{"uv":[10,5,10.8,14],"texture":"#0"},"up":{"uv":[10,5,12,14],"texture":"#0"},"down":{"uv":[10,5,12,14],"texture":"#0"}}},{"from":[2.93156,5.98335,-1.25],"to":[7.93156,5.98335,3.75],"rotation":{"angle":22.5,"axis":"y","origin":[4.0415,5.98196,1.7043]},"faces":{"north":{"uv":[0,0,0.4,1],"texture":"#0"},"east":{"uv":[0,0,0.4,1],"rotation":180,"texture":"#0"},"south":{"uv":[0,0,0.2,1],"rotation":180,"texture":"#0"},"west":{"uv":[0,0,0.2,2],"rotation":180,"texture":"#0"},"up":{"uv":[0,0,3.2,16],"rotation":180,"texture":"#0"},"down":{"uv":[0,0,3.2,16],"rotation":180,"texture":"#0"}}},{"from":[1.50526,5.53335,0.57908],"to":[4.50526,6.43335,2.02908],"rotation":{"angle":0,"axis":"x","origin":[4.0415,5.98196,1.7043]},"faces":{"north":{"uv":[3.2,6,3.8,16],"rotation":90,"texture":"#0"},"east":{"uv":[0,0,1.45,0.9],"rotation":180,"texture":"#0"},"south":{"uv":[2.8,0,3,2],"rotation":180,"texture":"#0"},"west":{"uv":[3.8,6,4.8,9],"rotation":180,"texture":"#0"},"up":{"uv":[4.8,6,3.8,16],"rotation":270,"texture":"#0"},"down":{"uv":[3.8,6,4.8,16],"rotation":270,"texture":"#0"}}},{"from":[1.23026,5.98335,0.57908],"to":[1.50526,5.98335,2.02908],"rotation":{"angle":0,"axis":"x","origin":[4.0415,5.98196,1.7043]},"faces":{"north":{"uv":[3.8,1,4,6],"texture":"#0"},"east":{"uv":[3.8,1,4,6],"rotation":180,"texture":"#0"},"south":{"uv":[3.8,1,4,6],"rotation":180,"texture":"#0"},"west":{"uv":[3.8,1,4,6],"rotation":180,"texture":"#0"},"up":{"uv":[3.8,1,4,6],"rotation":180,"texture":"#0"},"down":{"uv":[3.8,1,4,6],"rotation":180,"texture":"#0"}}},{"from":[1.57403,5.54335,1.03378],"to":[4.47403,6.42335,1.98378],"rotation":{"angle":22.5,"axis":"y","origin":[4.0415,5.98196,1.7043]},"faces":{"north":{"uv":[8,6,9.5,12],"rotation":90,"texture":"#0"},"east":{"uv":[0,0,0.95,0.88],"rotation":180,"texture":"#0"},"south":{"uv":[3.2,6,3.8,16],"rotation":270,"texture":"#0"},"west":{"uv":[4,6,4.6,9],"rotation":180,"texture":"#0"},"up":{"uv":[4.4,6,3.8,15],"rotation":270,"texture":"#0"},"down":{"uv":[3.8,6,4.4,15],"rotation":270,"texture":"#0"}}},{"from":[4.34567,5.55835,0.78183],"to":[5.89567,6.40835,1.73183],"rotation":{"angle":22.5,"axis":"y","origin":[4.0415,5.98196,1.7043]},"faces":{"north":{"uv":[6.6,11,7.2,16],"rotation":90,"texture":"#0"},"east":{"uv":[6.6,13,7.2,16],"rotation":270,"texture":"#0"},"south":{"uv":[6.6,11,7.2,16],"rotation":270,"texture":"#0"},"west":{"uv":[6,11,6.75,12],"rotation":270,"texture":"#0"},"up":{"uv":[4.8,11,5.4,16],"rotation":270,"texture":"#0"},"down":{"uv":[4.8,11,5.4,16],"rotation":270,"texture":"#0"}}},{"from":[3.66177,5.48335,2.65853],"to":[5.28677,6.48335,4.65853],"rotation":{"angle":22.5,"axis":"y","origin":[4.47427,5.98335,3.65853]},"faces":{"north":{"uv":[6.4,9,7,14],"rotation":90,"texture":"#0"},"east":{"uv":[6.4,9,7,16],"rotation":270,"texture":"#0"},"south":{"uv":[6.4,9,7,14],"rotation":270,"texture":"#0"},"west":{"uv":[6.4,9,7,16],"rotation":270,"texture":"#0"},"up":{"uv":[5.4,9,6.4,16],"texture":"#0"},"down":{"uv":[5.4,9,6.4,16],"texture":"#0"}}},{"from":[4.66177,5.48335,5.08353],"to":[6.03677,6.48335,6.70853],"rotation":{"angle":45,"axis":"y","origin":[4.92427,5.98335,5.58353]},"faces":{"north":{"uv":[6.2,9,7.2,14],"rotation":270,"texture":"#0"},"east":{"uv":[6.2,9,7.2,14],"rotation":90,"texture":"#0"},"south":{"uv":[6.2,9,7.2,14],"rotation":90,"texture":"#0"},"west":{"uv":[6.2,9,7.2,14],"rotation":90,"texture":"#0"},"up":{"uv":[6.2,9,7.2,14],"rotation":90,"texture":"#0"},"down":{"uv":[6.2,9,7.2,13],"rotation":90,"texture":"#0"}}},{"from":[4.16177,5.73335,5.33353],"to":[5.53677,6.23335,8.95853],"rotation":{"angle":0,"axis":"x","origin":[4.59927,5.98335,6.89603]},"faces":{"north":{"uv":[10.8,5,11.4,13],"rotation":90,"texture":"#0"},"east":{"uv":[10.8,5,11.2,16],"rotation":270,"texture":"#0"},"south":{"uv":[10.8,5,11.4,13],"rotation":270,"texture":"#0"},"west":{"uv":[10.8,5,11.2,16],"rotation":270,"texture":"#0"},"up":{"uv":[10.8,5,11.6,16],"texture":"#0"},"down":{"uv":[10.8,5,11.6,16],"texture":"#0"}}},{"from":[4.52066,5.60835,4.44226],"to":[5.39566,6.35835,5.31726],"rotation":{"angle":22.5,"axis":"y","origin":[4.95816,6.10835,4.80476]},"faces":{"north":{"uv":[4,1,4.6,4],"texture":"#0"},"east":{"uv":[4,1,4.6,4],"rotation":180,"texture":"#0"},"south":{"uv":[4,1,4.6,4],"rotation":180,"texture":"#0"},"west":{"uv":[4,1,4.6,4],"rotation":180,"texture":"#0"},"up":{"uv":[4,1,4.6,4],"rotation":180,"texture":"#0"},"down":{"uv":[4,1,4.6,4],"rotation":180,"texture":"#0"}}},{"from":[2.62194,5.75835,1.88129],"to":[5.12194,6.20835,3.25629],"rotation":{"angle":45,"axis":"y","origin":[4.0415,5.98196,1.7043]},"faces":{"north":{"uv":[5.2,0,5.6,8],"rotation":90,"texture":"#0"},"east":{"uv":[5.2,0,6.4,2],"texture":"#0"},"south":{"uv":[5.2,0,5.6,8],"rotation":90,"texture":"#0"},"west":{"uv":[5.2,0,6.4,8],"rotation":180,"texture":"#0"},"up":{"uv":[5.2,0,6.4,8],"rotation":270,"texture":"#0"},"down":{"uv":[5.2,0,6.4,8],"rotation":90,"texture":"#0"}}},{"from":[4.54289,4.4909,5.10355],"to":[6.54289,7.4929,6.35355],"rotation":{"angle":45,"axis":"y","origin":[5.79289,4.9919,5.35355]},"faces":{"north":{"uv":[7.2,5,8.6,16],"texture":"#0"},"east":{"uv":[5.2,0,5.8,8],"rotation":180,"texture":"#0"},"south":{"uv":[7.2,5,8.6,16],"rotation":180,"texture":"#0"},"west":{"uv":[7.2,5,8.6,16],"rotation":180,"texture":"#0"},"up":{"uv":[6.6,3,8,7],"rotation":270,"texture":"#0"},"down":{"uv":[6.6,3,8,7],"rotation":270,"texture":"#0"}}},{"from":[4.61753,4.4919,10.78402],"to":[6.36753,7.4919,14.78402],"rotation":{"angle":22.5,"axis":"y","origin":[4.86753,4.9919,10.53402]},"faces":{"north":{"uv":[9.8,5,12.2,14],"rotation":180,"texture":"#0"},"east":{"uv":[9.8,5,12.2,14],"texture":"#0"},"south":{"uv":[10,5,11,14],"texture":"#0"},"west":{"uv":[9.8,5,12.2,14],"texture":"#0"},"up":{"uv":[9.8,5,12.2,10],"rotation":270,"texture":"#0"},"down":{"uv":[9.8,5,12.2,10],"rotation":270,"texture":"#0"}}},{"from":[4.73223,4.4919,6.06066],"to":[5.98223,7.4919,10.86066],"rotation":{"angle":0,"axis":"x","origin":[4.98223,4.9919,6.31066]},"faces":{"north":{"uv":[8.6,5,12,16],"rotation":180,"texture":"#0"},"east":{"uv":[8.6,5,12,16],"texture":"#0"},"south":{"uv":[8.6,5,12,16],"texture":"#0"},"west":{"uv":[8.6,5,12.2,16],"texture":"#0"},"up":{"uv":[11.4,5,12,16],"texture":"#0"},"down":{"uv":[11.4,5,12,16],"texture":"#0"}}},{"from":[4.99111,2.6169,6.06066],"to":[6.24111,5.1169,10.86066],"rotation":{"angle":45,"axis":"z","origin":[5.61611,4.4919,8.46066]},"faces":{"north":{"uv":[6.6,3,8.4,7],"rotation":270,"texture":"#0"},"east":{"uv":[8.6,5,12.2,15],"texture":"#0"},"south":{"uv":[11.2,5,12.2,15],"texture":"#0"},"west":{"uv":[8.6,5,12.2,15],"texture":"#0"},"up":{"uv":[11.6,5,12.2,15],"texture":"#0"},"down":{"uv":[11.6,5,12.2,15],"texture":"#0"}}},{"from":[8.00855,0.92346,-1.25],"to":[8.00855,5.92346,3.75],"rotation":{"angle":-22.5,"axis":"x","origin":[8.00994,2.0334,1.7043]},"faces":{"north":{"uv":[0,0,0.4,1],"rotation":90,"texture":"#0"},"east":{"uv":[0,0,3.2,16],"rotation":90,"texture":"#0"},"south":{"uv":[0,0,0.2,1],"rotation":90,"texture":"#0"},"west":{"uv":[0,0,3.2,16],"rotation":90,"texture":"#0"},"up":{"uv":[0,0,0.4,1],"rotation":90,"texture":"#0"},"down":{"uv":[0,0,0.2,2],"rotation":90,"texture":"#0"}}},{"from":[7.55855,-0.50284,0.57908],"to":[8.45855,2.49716,2.02908],"rotation":{"angle":0,"axis":"x","origin":[8.00994,2.0334,1.7043]},"faces":{"north":{"uv":[3.2,6,3.8,16],"rotation":180,"texture":"#0"},"east":{"uv":[3.8,6,4.8,16],"rotation":180,"texture":"#0"},"south":{"uv":[2.8,0,3,2],"rotation":90,"texture":"#0"},"west":{"uv":[4.8,6,3.8,16],"rotation":180,"texture":"#0"},"up":{"uv":[0,0,1.45,0.9],"rotation":90,"texture":"#0"},"down":{"uv":[3.8,6,4.8,9],"rotation":90,"texture":"#0"}}},{"from":[8.00855,-0.77784,0.57908],"to":[8.00855,-0.50284,2.02908],"rotation":{"angle":0,"axis":"x","origin":[8.00994,2.0334,1.7043]},"faces":{"north":{"uv":[3.8,1,4,6],"rotation":90,"texture":"#0"},"east":{"uv":[3.8,1,4,6],"rotation":90,"texture":"#0"},"south":{"uv":[3.8,1,4,6],"rotation":90,"texture":"#0"},"west":{"uv":[3.8,1,4,6],"rotation":90,"texture":"#0"},"up":{"uv":[3.8,1,4,6],"rotation":90,"texture":"#0"},"down":{"uv":[3.8,1,4,6],"rotation":90,"texture":"#0"}}},{"from":[7.56855,-0.43407,1.03378],"to":[8.44855,2.46593,1.98378],"rotation":{"angle":-22.5,"axis":"x","origin":[8.00994,2.0334,1.7043]},"faces":{"north":{"uv":[8,6,9.5,12],"rotation":180,"texture":"#0"},"east":{"uv":[3.8,6,4.4,15],"rotation":180,"texture":"#0"},"south":{"uv":[3.2,6,3.8,16],"rotation":180,"texture":"#0"},"west":{"uv":[4.4,6,3.8,15],"rotation":180,"texture":"#0"},"up":{"uv":[0,0,0.95,0.88],"rotation":90,"texture":"#0"},"down":{"uv":[4,6,4.6,9],"rotation":90,"texture":"#0"}}},{"from":[7.58355,2.33757,0.78183],"to":[8.43355,3.88757,1.73183],"rotation":{"angle":-22.5,"axis":"x","origin":[8.00994,2.0334,1.7043]},"faces":{"north":{"uv":[6.6,11,7.2,16],"rotation":180,"texture":"#0"},"east":{"uv":[4.8,11,5.4,16],"rotation":180,"texture":"#0"},"south":{"uv":[6.6,11,7.2,16],"rotation":180,"texture":"#0"},"west":{"uv":[4.8,11,5.4,16],"rotation":180,"texture":"#0"},"up":{"uv":[6.6,13,7.2,16],"rotation":180,"texture":"#0"},"down":{"uv":[6,11,6.75,12],"rotation":180,"texture":"#0"}}},{"from":[7.50855,1.65367,2.65853],"to":[8.50855,3.27867,4.65853],"rotation":{"angle":-22.5,"axis":"x","origin":[8.00855,2.46617,3.65853]},"faces":{"north":{"uv":[6.4,9,7,14],"rotation":180,"texture":"#0"},"east":{"uv":[5.4,9,6.4,16],"rotation":270,"texture":"#0"},"south":{"uv":[6.4,9,7,14],"rotation":180,"texture":"#0"},"west":{"uv":[5.4,9,6.4,16],"rotation":270,"texture":"#0"},"up":{"uv":[6.4,9,7,16],"rotation":180,"texture":"#0"},"down":{"uv":[6.4,9,7,16],"rotation":180,"texture":"#0"}}},{"from":[7.50855,2.65367,5.08353],"to":[8.50855,4.02867,6.70853],"rotation":{"angle":-45,"axis":"x","origin":[8.00855,2.91617,5.58353]},"faces":{"north":{"uv":[6.2,9,7.2,14],"texture":"#0"},"east":{"uv":[6.2,9,7.2,13],"texture":"#0"},"south":{"uv":[6.2,9,7.2,14],"texture":"#0"},"west":{"uv":[6.2,9,7.2,14],"texture":"#0"},"up":{"uv":[6.2,9,7.2,14],"texture":"#0"},"down":{"uv":[6.2,9,7.2,14],"texture":"#0"}}},{"from":[7.75855,2.15367,5.33353],"to":[8.25855,3.52867,8.95853],"rotation":{"angle":0,"axis":"x","origin":[8.00855,2.59117,6.89603]},"faces":{"north":{"uv":[10.8,5,11.4,13],"rotation":180,"texture":"#0"},"east":{"uv":[10.8,5,11.6,16],"rotation":270,"texture":"#0"},"south":{"uv":[10.8,5,11.4,13],"rotation":180,"texture":"#0"},"west":{"uv":[10.8,5,11.6,16],"rotation":270,"texture":"#0"},"up":{"uv":[10.8,5,11.2,16],"rotation":180,"texture":"#0"},"down":{"uv":[10.8,5,11.2,16],"rotation":180,"texture":"#0"}}},{"from":[7.63355,2.51256,4.44226],"to":[8.38355,3.38756,5.31726],"rotation":{"angle":-22.5,"axis":"x","origin":[7.88355,2.95006,4.80476]},"faces":{"north":{"uv":[4,1,4.6,4],"rotation":90,"texture":"#0"},"east":{"uv":[4,1,4.6,4],"rotation":90,"texture":"#0"},"south":{"uv":[4,1,4.6,4],"rotation":90,"texture":"#0"},"west":{"uv":[4,1,4.6,4],"rotation":90,"texture":"#0"},"up":{"uv":[4,1,4.6,4],"rotation":90,"texture":"#0"},"down":{"uv":[4,1,4.6,4],"rotation":90,"texture":"#0"}}},{"from":[7.78355,0.61384,1.88129],"to":[8.23355,3.11384,3.25629],"rotation":{"angle":-45,"axis":"x","origin":[8.00994,2.0334,1.7043]},"faces":{"north":{"uv":[5.2,0,5.6,8],"rotation":180,"texture":"#0"},"east":{"uv":[5.2,0,6.4,8],"texture":"#0"},"south":{"uv":[5.2,0,5.6,8],"texture":"#0"},"west":{"uv":[5.2,0,6.4,8],"rotation":180,"texture":"#0"},"up":{"uv":[5.2,0,6.4,2],"rotation":270,"texture":"#0"},"down":{"uv":[5.2,0,6.4,8],"rotation":90,"texture":"#0"}}},{"from":[6.499,2.53479,5.10355],"to":[9.501,4.53479,6.35355],"rotation":{"angle":-45,"axis":"x","origin":[9,3.78479,5.35355]},"faces":{"north":{"uv":[7.2,5,8.6,16],"rotation":90,"texture":"#0"},"east":{"uv":[10.4,12,11.8,16],"rotation":90,"texture":"#0"},"south":{"uv":[7.2,5,8.6,16],"rotation":90,"texture":"#0"},"west":{"uv":[6.6,3,8,7],"rotation":270,"texture":"#0"},"up":{"uv":[5.2,0,5.8,8],"rotation":180,"texture":"#0"},"down":{"uv":[7.2,5,8.6,16],"rotation":90,"texture":"#0"}}},{"from":[6.5,2.60943,10.78402],"to":[9.5,4.35943,14.78402],"rotation":{"angle":-22.5,"axis":"x","origin":[9,2.85943,10.53402]},"faces":{"north":{"uv":[9.8,5,12.2,14],"rotation":270,"texture":"#0"},"east":{"uv":[9.8,5,12.2,10],"rotation":180,"texture":"#0"},"south":{"uv":[10,5,11,14],"rotation":270,"texture":"#0"},"west":{"uv":[9.8,5,12.2,10],"rotation":180,"texture":"#0"},"up":{"uv":[9.8,5,12.2,14],"rotation":270,"texture":"#0"},"down":{"uv":[9.8,5,12.2,14],"rotation":270,"texture":"#0"}}},{"from":[6.5,2.72413,6.06066],"to":[9.5,3.97413,10.86066],"rotation":{"angle":0,"axis":"x","origin":[9,2.97413,6.31066]},"faces":{"north":{"uv":[8.6,5,12,16],"rotation":270,"texture":"#0"},"east":{"uv":[11.4,5,12,16],"rotation":270,"texture":"#0"},"south":{"uv":[8.6,5,12,16],"rotation":270,"texture":"#0"},"west":{"uv":[11.4,5,12,16],"rotation":270,"texture":"#0"},"up":{"uv":[8.6,5,12,16],"rotation":270,"texture":"#0"},"down":{"uv":[8.6,5,12.2,16],"rotation":270,"texture":"#0"}}},{"from":[8.875,2.98301,6.06066],"to":[11.375,4.23301,10.86066],"rotation":{"angle":45,"axis":"z","origin":[9.5,3.60801,8.46066]},"faces":{"north":{"uv":[6.6,3,8.4,7],"rotation":270,"texture":"#0"},"east":{"uv":[11.6,5,12.2,15],"rotation":270,"texture":"#0"},"south":{"uv":[11.2,5,12.2,15],"rotation":270,"texture":"#0"},"west":{"uv":[11.6,5,12.2,15],"rotation":270,"texture":"#0"},"up":{"uv":[8.6,5,12.2,15],"rotation":270,"texture":"#0"},"down":{"uv":[8.6,5,12.2,15],"rotation":270,"texture":"#0"}}},{"from":[8.06843,6.00144,-1.25],"to":[13.06843,6.00144,3.75],"rotation":{"angle":-22.5,"axis":"y","origin":[11.95849,6.00283,1.7043]},"faces":{"north":{"uv":[0,0,0.4,1],"rotation":180,"texture":"#0"},"east":{"uv":[0,0,0.2,2],"texture":"#0"},"south":{"uv":[0,0,0.2,1],"texture":"#0"},"west":{"uv":[0,0,0.4,1],"texture":"#0"},"up":{"uv":[0,0,3.2,16],"texture":"#0"},"down":{"uv":[0,0,3.2,16],"texture":"#0"}}},{"from":[11.49473,5.55144,0.57908],"to":[14.49473,6.45144,2.02908],"rotation":{"angle":0,"axis":"x","origin":[11.95849,6.00283,1.7043]},"faces":{"north":{"uv":[3.2,6,3.8,16],"rotation":270,"texture":"#0"},"east":{"uv":[3.8,6,4.8,9],"texture":"#0"},"south":{"uv":[2.8,0,3,2],"texture":"#0"},"west":{"uv":[0,0,1.45,0.9],"texture":"#0"},"up":{"uv":[3.8,6,4.8,16],"rotation":90,"texture":"#0"},"down":{"uv":[4.8,6,3.8,16],"rotation":90,"texture":"#0"}}},{"from":[14.49473,6.00144,0.57908],"to":[14.76973,6.00144,2.02908],"rotation":{"angle":0,"axis":"x","origin":[11.95849,6.00283,1.7043]},"faces":{"north":{"uv":[3.8,1,4,6],"rotation":180,"texture":"#0"},"east":{"uv":[3.8,1,4,6],"texture":"#0"},"south":{"uv":[3.8,1,4,6],"texture":"#0"},"west":{"uv":[3.8,1,4,6],"texture":"#0"},"up":{"uv":[3.8,1,4,6],"texture":"#0"},"down":{"uv":[3.8,1,4,6],"texture":"#0"}}},{"from":[11.52596,5.56144,1.03378],"to":[14.42596,6.44144,1.98378],"rotation":{"angle":-22.5,"axis":"y","origin":[11.95849,6.00283,1.7043]},"faces":{"north":{"uv":[8,6,9.5,12],"rotation":270,"texture":"#0"},"east":{"uv":[4,6,4.6,9],"texture":"#0"},"south":{"uv":[3.2,6,3.8,16],"rotation":90,"texture":"#0"},"west":{"uv":[0,0,0.95,0.88],"texture":"#0"},"up":{"uv":[3.8,6,4.4,15],"rotation":90,"texture":"#0"},"down":{"uv":[4.4,6,3.8,15],"rotation":90,"texture":"#0"}}},{"from":[10.10432,5.57644,0.78183],"to":[11.65432,6.42644,1.73183],"rotation":{"angle":-22.5,"axis":"y","origin":[11.95849,6.00283,1.7043]},"faces":{"north":{"uv":[6.6,11,7.2,16],"rotation":270,"texture":"#0"},"east":{"uv":[6,11,6.75,12],"rotation":90,"texture":"#0"},"south":{"uv":[6.6,11,7.2,16],"rotation":90,"texture":"#0"},"west":{"uv":[6.6,13,7.2,16],"rotation":90,"texture":"#0"},"up":{"uv":[4.8,11,5.4,16],"rotation":90,"texture":"#0"},"down":{"uv":[4.8,11,5.4,16],"rotation":90,"texture":"#0"}}},{"from":[10.71322,5.50144,2.65853],"to":[12.33822,6.50144,4.65853],"rotation":{"angle":-22.5,"axis":"y","origin":[11.52572,6.00144,3.65853]},"faces":{"north":{"uv":[6.4,9,7,14],"rotation":270,"texture":"#0"},"east":{"uv":[6.4,9,7,16],"rotation":90,"texture":"#0"},"south":{"uv":[6.4,9,7,14],"rotation":90,"texture":"#0"},"west":{"uv":[6.4,9,7,16],"rotation":90,"texture":"#0"},"up":{"uv":[5.4,9,6.4,16],"rotation":180,"texture":"#0"},"down":{"uv":[5.4,9,6.4,16],"rotation":180,"texture":"#0"}}},{"from":[9.96322,5.50144,5.08353],"to":[11.33822,6.50144,6.70853],"rotation":{"angle":-45,"axis":"y","origin":[11.07572,6.00144,5.58353]},"faces":{"north":{"uv":[6.2,9,7.2,14],"rotation":90,"texture":"#0"},"east":{"uv":[6.2,9,7.2,14],"rotation":270,"texture":"#0"},"south":{"uv":[6.2,9,7.2,14],"rotation":270,"texture":"#0"},"west":{"uv":[6.2,9,7.2,14],"rotation":270,"texture":"#0"},"up":{"uv":[6.2,9,7.2,13],"rotation":270,"texture":"#0"},"down":{"uv":[6.2,9,7.2,14],"rotation":270,"texture":"#0"}}},{"from":[10.46322,5.75144,5.33353],"to":[11.83822,6.25144,8.95853],"rotation":{"angle":0,"axis":"x","origin":[11.40072,6.00144,6.89603]},"faces":{"north":{"uv":[10.8,5,11.4,13],"rotation":270,"texture":"#0"},"east":{"uv":[10.8,5,11.2,16],"rotation":90,"texture":"#0"},"south":{"uv":[10.8,5,11.4,13],"rotation":90,"texture":"#0"},"west":{"uv":[10.8,5,11.2,16],"rotation":90,"texture":"#0"},"up":{"uv":[10.8,5,11.6,16],"rotation":180,"texture":"#0"},"down":{"uv":[10.8,5,11.6,16],"rotation":180,"texture":"#0"}}},{"from":[10.60433,5.62644,4.44226],"to":[11.47933,6.37644,5.31726],"rotation":{"angle":-22.5,"axis":"y","origin":[11.04183,5.87644,4.80476]},"faces":{"north":{"uv":[4,1,4.6,4],"rotation":180,"texture":"#0"},"east":{"uv":[4,1,4.6,4],"texture":"#0"},"south":{"uv":[4,1,4.6,4],"texture":"#0"},"west":{"uv":[4,1,4.6,4],"texture":"#0"},"up":{"uv":[4,1,4.6,4],"texture":"#0"},"down":{"uv":[4,1,4.6,4],"texture":"#0"}}},{"from":[10.87805,5.77644,1.88129],"to":[13.37805,6.22644,3.25629],"rotation":{"angle":-45,"axis":"y","origin":[11.95849,6.00283,1.7043]},"faces":{"north":{"uv":[5.2,0,5.6,8],"rotation":270,"texture":"#0"},"east":{"uv":[5.2,0,6.4,8],"texture":"#0"},"south":{"uv":[5.2,0,5.6,8],"rotation":270,"texture":"#0"},"west":{"uv":[5.2,0,6.4,2],"rotation":180,"texture":"#0"},"up":{"uv":[5.2,0,6.4,8],"rotation":270,"texture":"#0"},"down":{"uv":[5.2,0,6.4,8],"rotation":90,"texture":"#0"}}},{"from":[9.4571,4.49189,5.10355],"to":[11.4571,7.49389,6.35355],"rotation":{"angle":-45,"axis":"y","origin":[10.2071,6.99289,5.35355]},"faces":{"north":{"uv":[7.2,5,8.6,16],"rotation":180,"texture":"#0"},"east":{"uv":[7.2,5,8.6,16],"texture":"#0"},"south":{"uv":[7.2,5,8.6,16],"texture":"#0"},"west":{"uv":[5.2,0,5.8,8],"rotation":180,"texture":"#0"},"up":{"uv":[6.6,3,8,7],"rotation":270,"texture":"#0"},"down":{"uv":[6.6,3,8,7],"rotation":270,"texture":"#0"}}},{"from":[9.63246,4.49289,10.78402],"to":[11.38246,7.49289,14.78402],"rotation":{"angle":-22.5,"axis":"y","origin":[11.13246,6.99289,10.53402]},"faces":{"north":{"uv":[9.8,5,12.2,14],"texture":"#0"},"east":{"uv":[9.8,5,12.2,14],"rotation":180,"texture":"#0"},"south":{"uv":[10,5,11,14],"rotation":180,"texture":"#0"},"west":{"uv":[9.8,5,12.2,14],"rotation":180,"texture":"#0"},"up":{"uv":[9.8,5,12.2,10],"rotation":90,"texture":"#0"},"down":{"uv":[9.8,5,12.2,10],"rotation":90,"texture":"#0"}}},{"from":[10.01776,4.49289,6.06066],"to":[11.26776,7.49289,10.86066],"rotation":{"angle":0,"axis":"x","origin":[11.01776,6.99289,6.31066]},"faces":{"north":{"uv":[8.6,5,12,16],"texture":"#0"},"east":{"uv":[8.6,5,12.2,16],"rotation":180,"texture":"#0"},"south":{"uv":[8.6,5,12,16],"rotation":180,"texture":"#0"},"west":{"uv":[8.6,5,12,16],"rotation":180,"texture":"#0"},"up":{"uv":[11.4,5,12,16],"rotation":180,"texture":"#0"},"down":{"uv":[11.4,5,12,16],"rotation":180,"texture":"#0"}}},{"from":[9.75888,6.86789,6.06066],"to":[11.00888,9.36789,10.86066],"rotation":{"angle":45,"axis":"z","origin":[10.38388,7.49289,8.46066]},"faces":{"north":{"uv":[6.6,3,8.4,7],"rotation":270,"texture":"#0"},"east":{"uv":[8.6,5,12.2,15],"rotation":180,"texture":"#0"},"south":{"uv":[11.2,5,12.2,15],"rotation":180,"texture":"#0"},"west":{"uv":[8.6,5,12.2,15],"rotation":180,"texture":"#0"},"up":{"uv":[11.6,5,12.2,15],"rotation":180,"texture":"#0"},"down":{"uv":[11.6,5,12.2,15],"rotation":180,"texture":"#0"}}}],"display":{"thirdperson_righthand":{"translation":[0,-0.25,0],"scale":[0.8,0.8,0.8]},"thirdperson_lefthand":{"translation":[0,-0.25,0],"scale":[0.8,0.8,0.8]},"firstperson_righthand":{"rotation":[0,7,0],"translation":[0,5.57,6.75]},"firstperson_lefthand":{"rotation":[0,7,0],"translation":[0,5.57,6.75]},"ground":{"rotation":[19,0,0],"translation":[0,2.5,0]},"gui":{"rotation":[-31,-144,-16],"translation":[-2.25,0,0],"scale":[0.8,0.8,0.768]},"head":{"translation":[0,-2.25,-6],"scale":[1.1,1.1,1.1]},"fixed":{"translation":[0,4,-2.25],"scale":[2,2,2]}},"groups":[{"name":"group","origin":[8,8,8],"color":0,"children":[{"name":"saw-claw","origin":[9.89006,0.00139,7.9543],"color":0,"children":[0,1,2,3,4,5,6,7,8,9]},{"name":"group","origin":[8,3.56066,10.31066],"color":0,"children":[10,11,12,13]}]},14,15,16,{"name":"group","origin":[8,8,8],"color":0,"children":[{"name":"saw-claw","origin":[9.89006,0.00139,7.9543],"color":0,"children":[17,18,19,20,21,22,23,24,25,26]},{"name":"group","origin":[8,3.56066,10.31066],"color":0,"children":[27,28,29,30]}]},{"name":"group","origin":[8,8,8],"color":0,"children":[{"name":"saw-claw","origin":[9.89006,0.00139,7.9543],"color":0,"children":[31,32,33,34,35,36,37,38,39,40]},{"name":"group","origin":[8,3.56066,10.31066],"color":0,"children":[41,42,43,44]}]},{"name":"group","origin":[8,8,8],"color":0,"children":[{"name":"saw-claw","origin":[9.89006,0.00139,7.9543],"color":0,"children":[45,46,47,48,49,50,51,52,53,54]},{"name":"group","origin":[8,3.56066,10.31066],"color":0,"children":[55,56,57,58]}]}]}