{"credit":"Made with Blockbench","texture_size":[32,32],"textures":{"0":"hmcmodels:furniture/furniture/bamboo_furniture/bamboo_wind_chimes","particle":"hmcmodels:furniture/furniture/bamboo_furniture/bamboo_wind_chimes"},"elements":[{"from":[8,10,7.5],"to":[8,15,8.5],"rotation":{"angle":0,"axis":"y","origin":[8,12.5,8]},"faces":{"north":{"uv":[0,0,0,2.5],"texture":"#0"},"east":{"uv":[0,6,0.5,8.5],"texture":"#0"},"south":{"uv":[0,0,0,2.5],"texture":"#0"},"west":{"uv":[0.5,6,1,8.5],"texture":"#0"},"up":{"uv":[0,0.5,0,0],"texture":"#0"},"down":{"uv":[0,0,0,0.5],"texture":"#0"}}},{"from":[7.5,10,8],"to":[8.5,15,8],"rotation":{"angle":0,"axis":"y","origin":[8,12.5,8]},"faces":{"north":{"uv":[0.5,6,1,8.5],"texture":"#0"},"east":{"uv":[0,0,0,2.5],"texture":"#0"},"south":{"uv":[0,6,0.5,8.5],"texture":"#0"},"west":{"uv":[0,0,0,2.5],"texture":"#0"},"up":{"uv":[0,0.5,0,0],"rotation":90,"texture":"#0"},"down":{"uv":[0,0,0,0.5],"rotation":270,"texture":"#0"}}},{"from":[5,9,5],"to":[11,11,11],"rotation":{"angle":0,"axis":"y","origin":[7,0,7]},"faces":{"north":{"uv":[5,0,8,1],"texture":"#0"},"east":{"uv":[5,1,8,2],"texture":"#0"},"south":{"uv":[5,2,8,3],"texture":"#0"},"west":{"uv":[5,3,8,4],"texture":"#0"},"up":{"uv":[3,3,0,0],"texture":"#0"},"down":{"uv":[3,3,0,6],"texture":"#0"}}},{"from":[10,4,6.5],"to":[10,9,7.5],"rotation":{"angle":0,"axis":"y","origin":[8,0,7.5]},"faces":{"north":{"uv":[0,0,0,2.5],"texture":"#0"},"east":{"uv":[1,6,1.5,8.5],"texture":"#0"},"south":{"uv":[0,0,0,2.5],"texture":"#0"},"west":{"uv":[1.5,6,2,8.5],"texture":"#0"},"up":{"uv":[0,0.5,0,0],"texture":"#0"},"down":{"uv":[0,0,0,0.5],"texture":"#0"}}},{"from":[9.5,4,7],"to":[10.5,9,7],"rotation":{"angle":0,"axis":"y","origin":[10,6.5,7]},"faces":{"north":{"uv":[1.5,6,2,8.5],"texture":"#0"},"east":{"uv":[0,0,0,2.5],"texture":"#0"},"south":{"uv":[1,6,1.5,8.5],"texture":"#0"},"west":{"uv":[0,0,0,2.5],"texture":"#0"},"up":{"uv":[0,0.5,0,0],"rotation":90,"texture":"#0"},"down":{"uv":[0,0,0,0.5],"rotation":270,"texture":"#0"}}},{"from":[6,2,5.5],"to":[6,9,6.5],"rotation":{"angle":0,"axis":"y","origin":[8,0,7.5]},"faces":{"north":{"uv":[0,0,0,3.5],"texture":"#0"},"east":{"uv":[5,4,5.5,7.5],"texture":"#0"},"south":{"uv":[0,0,0,3.5],"texture":"#0"},"west":{"uv":[5.5,4,6,7.5],"texture":"#0"},"up":{"uv":[0,0.5,0,0],"texture":"#0"},"down":{"uv":[0,0,0,0.5],"texture":"#0"}}},{"from":[5.5,2,6],"to":[6.5,9,6],"rotation":{"angle":0,"axis":"y","origin":[6,5.5,6]},"faces":{"north":{"uv":[5.5,4,6,7.5],"texture":"#0"},"east":{"uv":[0,0,0,3.5],"texture":"#0"},"south":{"uv":[5,4,5.5,7.5],"texture":"#0"},"west":{"uv":[0,0,0,3.5],"texture":"#0"},"up":{"uv":[0,0.5,0,0],"rotation":90,"texture":"#0"},"down":{"uv":[0,0,0,0.5],"rotation":270,"texture":"#0"}}},{"from":[7.5,5,10],"to":[8.5,9,10],"rotation":{"angle":0,"axis":"y","origin":[8,7,10]},"faces":{"north":{"uv":[2,6,2.5,8],"texture":"#0"},"east":{"uv":[0,0,0,2],"texture":"#0"},"south":{"uv":[2.5,6,3,8],"texture":"#0"},"west":{"uv":[0,0,0,2],"texture":"#0"},"up":{"uv":[0,0.5,0,0],"rotation":270,"texture":"#0"},"down":{"uv":[0,0,0,0.5],"rotation":90,"texture":"#0"}}},{"from":[8,5,9.5],"to":[8,9,10.5],"rotation":{"angle":0,"axis":"y","origin":[8,7,10]},"faces":{"north":{"uv":[0,0,0,2],"texture":"#0"},"east":{"uv":[2,6,2.5,8],"texture":"#0"},"south":{"uv":[0,0,0,2],"texture":"#0"},"west":{"uv":[2.5,6,3,8],"texture":"#0"},"up":{"uv":[0,0.5,0,0],"texture":"#0"},"down":{"uv":[0,0,0,0.5],"texture":"#0"}}},{"from":[7,-1,9],"to":[9,6,11],"rotation":{"angle":0,"axis":"y","origin":[7,0,7.5]},"faces":{"north":{"uv":[3,0,4,3.5],"texture":"#0"},"east":{"uv":[3,3.5,4,7],"texture":"#0"},"south":{"uv":[4,0,5,3.5],"texture":"#0"},"west":{"uv":[4,3.5,5,7],"texture":"#0"},"up":{"uv":[7,5,6,4],"texture":"#0"},"down":{"uv":[7,5,6,6],"texture":"#0"}}},{"from":[9,-3,6],"to":[11,4,8],"rotation":{"angle":0,"axis":"y","origin":[7,0,7.5]},"faces":{"north":{"uv":[3,0,4,3.5],"texture":"#0"},"east":{"uv":[3,3.5,4,7],"texture":"#0"},"south":{"uv":[4,0,5,3.5],"texture":"#0"},"west":{"uv":[4,3.5,5,7],"texture":"#0"},"up":{"uv":[7,5,6,4],"texture":"#0"},"down":{"uv":[7,5,6,6],"texture":"#0"}}},{"from":[5,-5,5],"to":[7,2,7],"rotation":{"angle":0,"axis":"y","origin":[7,0,7.5]},"faces":{"north":{"uv":[3,0,4,3.5],"texture":"#0"},"east":{"uv":[3,3.5,4,7],"texture":"#0"},"south":{"uv":[4,0,5,3.5],"texture":"#0"},"west":{"uv":[4,3.5,5,7],"texture":"#0"},"up":{"uv":[7,5,6,4],"texture":"#0"},"down":{"uv":[7,5,6,6],"texture":"#0"}}}],"display":{"thirdperson_righthand":{"rotation":[75,125,0],"translation":[0,2.5,0],"scale":[0.375,0.375,0.375]},"thirdperson_lefthand":{"rotation":[75,125,0],"translation":[0,2.5,0],"scale":[0.375,0.375,0.375]},"firstperson_righthand":{"rotation":[0,125,0],"scale":[0.4,0.4,0.4]},"firstperson_lefthand":{"rotation":[0,125,0],"scale":[0.4,0.4,0.4]},"ground":{"translation":[0,3,0],"scale":[0.25,0.25,0.25]},"gui":{"rotation":[30,225,0],"translation":[0,0.25,0],"scale":[0.45,0.45,0.45]},"fixed":{"rotation":[90,0,0],"translation":[0,0,-14.5],"scale":[2,2,2]}},"groups":[{"name":"group","origin":[8,8,8],"color":0,"nbt":"{}","armAnimationEnabled":false,"children":[0,1,2,3,4,5,6,7,8,9,10,11]}]}