{"credit":"Made with Blockbench","texture_size":[64,64],"textures":{"1":"hmcmodels:furniture/bamboo_furniture/bamboo_chair","particle":"hmcmodels:furniture/bamboo_furniture/bamboo_chair"},"elements":[{"from":[1,0,13],"to":[3,24,15],"rotation":{"angle":0,"axis":"y","origin":[0,0,0]},"faces":{"north":{"uv":[0,5,0.5,11],"texture":"#1"},"east":{"uv":[5,0,5.5,6],"texture":"#1"},"south":{"uv":[0.5,5,1,11],"texture":"#1"},"west":{"uv":[1,5,1.5,11],"texture":"#1"},"up":{"uv":[5,8.75,4.5,8.25],"texture":"#1"},"down":{"uv":[6,8.5,5.5,9],"texture":"#1"}}},{"from":[3,10,13],"to":[13,12,15],"rotation":{"angle":0,"axis":"y","origin":[0,0,0]},"faces":{"north":{"uv":[7.5,8.25,10,8.75],"texture":"#1"},"east":{"uv":[4.5,8.75,5,9.25],"texture":"#1"},"south":{"uv":[8.75,4.25,11.25,4.75],"texture":"#1"},"west":{"uv":[5.5,9,6,9.5],"texture":"#1"},"up":{"uv":[11.25,5.25,8.75,4.75],"texture":"#1"},"down":{"uv":[10,8.75,7.5,9.25],"texture":"#1"}}},{"from":[3,13,13],"to":[13,15,15],"rotation":{"angle":0,"axis":"y","origin":[0,0,0]},"faces":{"north":{"uv":[9.25,5.25,11.75,5.75],"texture":"#1"},"east":{"uv":[2.5,11,3,11.5],"texture":"#1"},"south":{"uv":[9.25,5.75,11.75,6.25],"texture":"#1"},"west":{"uv":[3,11,3.5,11.5],"texture":"#1"},"up":{"uv":[10,9.75,7.5,9.25],"texture":"#1"},"down":{"uv":[12,2,9.5,2.5],"texture":"#1"}}},{"from":[0,24,13],"to":[16,26,15],"rotation":{"angle":0,"axis":"y","origin":[0,0,0]},"faces":{"north":{"uv":[5.5,2.25,9.5,2.75],"texture":"#1"},"east":{"uv":[11,11.25,11.5,11.75],"texture":"#1"},"south":{"uv":[5.5,2.75,9.5,3.25],"texture":"#1"},"west":{"uv":[2.5,11.5,3,12],"texture":"#1"},"up":{"uv":[9.5,3.75,5.5,3.25],"texture":"#1"},"down":{"uv":[9.5,3.75,5.5,4.25],"texture":"#1"}}},{"from":[2,26.5,13],"to":[14,28.5,15],"rotation":{"angle":0,"axis":"y","origin":[0,0,0]},"faces":{"north":{"uv":[7.5,6.25,10.5,6.75],"texture":"#1"},"east":{"uv":[3,11.5,3.5,12],"texture":"#1"},"south":{"uv":[7.5,6.75,10.5,7.25],"texture":"#1"},"west":{"uv":[11.5,11.25,12,11.75],"texture":"#1"},"up":{"uv":[10.5,7.75,7.5,7.25],"texture":"#1"},"down":{"uv":[10.5,7.75,7.5,8.25],"texture":"#1"}}},{"from":[4,29,13],"to":[12,31,15],"rotation":{"angle":0,"axis":"y","origin":[0,0,0]},"faces":{"north":{"uv":[10.5,7.75,12.5,8.25],"texture":"#1"},"east":{"uv":[11.75,5,12.25,5.5],"texture":"#1"},"south":{"uv":[11,10.75,13,11.25],"texture":"#1"},"west":{"uv":[11.75,5.5,12.25,6],"texture":"#1"},"up":{"uv":[13.25,4.5,11.25,4],"texture":"#1"},"down":{"uv":[13.25,4.5,11.25,5],"texture":"#1"}}},{"from":[10,26,13.5],"to":[11,29,14.5],"rotation":{"angle":0,"axis":"y","origin":[0,0,0]},"faces":{"north":{"uv":[12.5,8.25,12.75,9],"texture":"#1"},"east":{"uv":[12.5,9,12.75,9.75],"texture":"#1"},"south":{"uv":[12.5,9.75,12.75,10.5],"texture":"#1"},"west":{"uv":[12.5,11.25,12.75,12],"texture":"#1"},"up":{"uv":[6.75,2.25,6.5,2],"texture":"#1"},"down":{"uv":[7,2,6.75,2.25],"texture":"#1"}}},{"from":[5,26,13.5],"to":[6,29,14.5],"rotation":{"angle":0,"axis":"y","origin":[0,0,0]},"faces":{"north":{"uv":[12.5,12,12.75,12.75],"texture":"#1"},"east":{"uv":[12.75,0,13,0.75],"texture":"#1"},"south":{"uv":[12.75,0.75,13,1.5],"texture":"#1"},"west":{"uv":[4,12.75,4.25,13.5],"texture":"#1"},"up":{"uv":[7.25,2.25,7,2],"texture":"#1"},"down":{"uv":[7.5,2,7.25,2.25],"texture":"#1"}}},{"from":[3,10,1],"to":[13,12,3],"rotation":{"angle":0,"axis":"y","origin":[0,0,0]},"faces":{"north":{"uv":[9.5,2.5,12,3],"texture":"#1"},"east":{"uv":[11,11.75,11.5,12.25],"texture":"#1"},"south":{"uv":[9.5,3,12,3.5],"texture":"#1"},"west":{"uv":[11.5,11.75,12,12.25],"texture":"#1"},"up":{"uv":[12,4,9.5,3.5],"texture":"#1"},"down":{"uv":[7,9.5,4.5,10],"texture":"#1"}}},{"from":[3,10.8,3],"to":[13,10.8,13],"rotation":{"angle":0,"axis":"y","origin":[0,0,0]},"faces":{"north":{"uv":[0,0,2.5,0],"texture":"#1"},"east":{"uv":[0,0,2.5,0],"texture":"#1"},"south":{"uv":[0,0,2.5,0],"texture":"#1"},"west":{"uv":[0,0,2.5,0],"texture":"#1"},"up":{"uv":[2.5,2.5,0,0],"texture":"#1"},"down":{"uv":[2.5,2.5,0,5],"texture":"#1"}}},{"from":[3,11,3],"to":[13,13,13],"rotation":{"angle":0,"axis":"y","origin":[0,0,0]},"faces":{"north":{"uv":[9.75,0,12.25,0.5],"texture":"#1","tintindex":0},"east":{"uv":[9.75,0.5,12.25,1],"texture":"#1","tintindex":0},"south":{"uv":[9.75,1,12.25,1.5],"texture":"#1","tintindex":0},"west":{"uv":[9.75,1.5,12.25,2],"texture":"#1","tintindex":0},"up":{"uv":[5,2.5,2.5,0],"texture":"#1","tintindex":0},"down":{"uv":[5,2.5,2.5,5],"texture":"#1","tintindex":0}}},{"from":[13,0,13],"to":[15,24,15],"rotation":{"angle":0,"axis":"y","origin":[0,0,0]},"faces":{"north":{"uv":[1.5,5,2,11],"texture":"#1"},"east":{"uv":[2,5,2.5,11],"texture":"#1"},"south":{"uv":[2.5,5,3,11],"texture":"#1"},"west":{"uv":[3,5,3.5,11],"texture":"#1"},"up":{"uv":[12.5,2.5,12,2],"texture":"#1"},"down":{"uv":[3,12,2.5,12.5],"texture":"#1"}}},{"from":[13,0,1],"to":[15,10,3],"rotation":{"angle":0,"axis":"y","origin":[0,0,0]},"faces":{"north":{"uv":[7,9.5,7.5,12],"texture":"#1"},"east":{"uv":[7.5,9.75,8,12.25],"texture":"#1"},"south":{"uv":[8,9.75,8.5,12.25],"texture":"#1"},"west":{"uv":[8.5,9.75,9,12.25],"texture":"#1"},"up":{"uv":[12.5,3,12,2.5],"texture":"#1"},"down":{"uv":[3.5,12,3,12.5],"texture":"#1"}}},{"from":[1,0,1],"to":[3,10,3],"rotation":{"angle":0,"axis":"y","origin":[16,0,0]},"faces":{"north":{"uv":[9,9.75,9.5,12.25],"texture":"#1"},"east":{"uv":[9.5,9.75,10,12.25],"texture":"#1"},"south":{"uv":[4.5,10,5,12.5],"texture":"#1"},"west":{"uv":[5,10,5.5,12.5],"texture":"#1"},"up":{"uv":[12.5,3.5,12,3],"texture":"#1"},"down":{"uv":[12.5,3.5,12,4],"texture":"#1"}}},{"from":[10,15,13],"to":[12,24,15],"rotation":{"angle":0,"axis":"y","origin":[0,0,0]},"faces":{"north":{"uv":[4,10.5,4.5,12.75],"texture":"#1"},"east":{"uv":[10,10.75,10.5,13],"texture":"#1"},"south":{"uv":[10.5,10.75,11,13],"texture":"#1"},"west":{"uv":[0,11,0.5,13.25],"texture":"#1"},"up":{"uv":[7.5,12.5,7,12],"texture":"#1"},"down":{"uv":[12.5,11.25,12,11.75],"texture":"#1"}}},{"from":[4,15,13],"to":[6,24,15],"rotation":{"angle":0,"axis":"y","origin":[0,0,0]},"faces":{"north":{"uv":[0.5,11,1,13.25],"texture":"#1"},"east":{"uv":[1,11,1.5,13.25],"texture":"#1"},"south":{"uv":[1.5,11,2,13.25],"texture":"#1"},"west":{"uv":[2,11,2.5,13.25],"texture":"#1"},"up":{"uv":[12.5,12.25,12,11.75],"texture":"#1"},"down":{"uv":[12.75,0,12.25,0.5],"texture":"#1"}}},{"from":[6,15,14],"to":[10,24,14],"rotation":{"angle":0,"axis":"y","origin":[0,0,0]},"faces":{"north":{"uv":[3.5,5,4.5,7.25],"texture":"#1"},"east":{"uv":[0,0,0,2.25],"texture":"#1"},"south":{"uv":[5.5,0,6.5,2.25],"texture":"#1"},"west":{"uv":[0,0,0,2.25],"texture":"#1"},"up":{"uv":[1,0,0,0],"texture":"#1"},"down":{"uv":[1,0,0,0],"texture":"#1"}}},{"from":[13,12,3],"to":[15,14,5],"rotation":{"angle":0,"axis":"y","origin":[0,0,0]},"faces":{"north":{"uv":[12.25,0.5,12.75,1],"texture":"#1"},"east":{"uv":[12.25,1,12.75,1.5],"texture":"#1"},"south":{"uv":[12.25,1.5,12.75,2],"texture":"#1"},"west":{"uv":[12.25,5,12.75,5.5],"texture":"#1"},"up":{"uv":[12.75,6,12.25,5.5],"texture":"#1"},"down":{"uv":[8,12.25,7.5,12.75],"texture":"#1"}}},{"from":[3,4,1],"to":[13,6,3],"rotation":{"angle":0,"axis":"y","origin":[0,0,0]},"faces":{"north":{"uv":[10,8.25,12.5,8.75],"texture":"#1"},"east":{"uv":[8,12.25,8.5,12.75],"texture":"#1"},"south":{"uv":[10,8.75,12.5,9.25],"texture":"#1"},"west":{"uv":[8.5,12.25,9,12.75],"texture":"#1"},"up":{"uv":[12.5,9.75,10,9.25],"texture":"#1"},"down":{"uv":[12.5,9.75,10,10.25],"texture":"#1"}}},{"from":[13,2,3],"to":[15,4,13],"rotation":{"angle":0,"axis":"y","origin":[0,0,0]},"faces":{"north":{"uv":[9,12.25,9.5,12.75],"texture":"#1"},"east":{"uv":[10,10.25,12.5,10.75],"texture":"#1"},"south":{"uv":[9.5,12.25,10,12.75],"texture":"#1"},"west":{"uv":[10.5,6.25,13,6.75],"texture":"#1"},"up":{"uv":[6,12.5,5.5,10],"texture":"#1"},"down":{"uv":[6.5,10,6,12.5],"texture":"#1"}}},{"from":[13,10,0],"to":[15,12,13],"rotation":{"angle":0,"axis":"y","origin":[0,0,0]},"faces":{"north":{"uv":[11,12.25,11.5,12.75],"texture":"#1"},"east":{"uv":[5.5,4.25,8.75,4.75],"texture":"#1"},"south":{"uv":[11.5,12.25,12,12.75],"texture":"#1"},"west":{"uv":[5.5,4.75,8.75,5.25],"texture":"#1"},"up":{"uv":[5,8.25,4.5,5],"texture":"#1"},"down":{"uv":[6,5.25,5.5,8.5],"texture":"#1"}}},{"from":[1,12,3],"to":[3,14,5],"rotation":{"angle":0,"axis":"y","origin":[0,0,0]},"faces":{"north":{"uv":[12,12.25,12.5,12.75],"texture":"#1"},"east":{"uv":[12.5,2,13,2.5],"texture":"#1"},"south":{"uv":[2.5,12.5,3,13],"texture":"#1"},"west":{"uv":[12.5,2.5,13,3],"texture":"#1"},"up":{"uv":[3.5,13,3,12.5],"texture":"#1"},"down":{"uv":[13,3,12.5,3.5],"texture":"#1"}}},{"from":[1,10,0],"to":[3,12,13],"rotation":{"angle":0,"axis":"y","origin":[0,0,0]},"faces":{"north":{"uv":[12.5,3.5,13,4],"texture":"#1"},"east":{"uv":[6,5.25,9.25,5.75],"texture":"#1"},"south":{"uv":[4.5,12.5,5,13],"texture":"#1"},"west":{"uv":[6,5.75,9.25,6.25],"texture":"#1"},"up":{"uv":[5.5,9.25,5,6],"texture":"#1"},"down":{"uv":[6.5,6.25,6,9.5],"texture":"#1"}}},{"from":[13,14,0],"to":[15,16,13],"rotation":{"angle":0,"axis":"y","origin":[0,0,0]},"faces":{"north":{"uv":[5,12.5,5.5,13],"texture":"#1"},"east":{"uv":[6.5,0,9.75,0.5],"texture":"#1"},"south":{"uv":[5.5,12.5,6,13],"texture":"#1"},"west":{"uv":[6.5,0.5,9.75,1],"texture":"#1"},"up":{"uv":[7,9.5,6.5,6.25],"texture":"#1"},"down":{"uv":[7.5,6.25,7,9.5],"texture":"#1"}}},{"from":[1,14,0],"to":[3,16,13],"rotation":{"angle":0,"axis":"y","origin":[0,0,0]},"faces":{"north":{"uv":[6,12.5,6.5,13],"texture":"#1"},"east":{"uv":[6.5,1,9.75,1.5],"texture":"#1"},"south":{"uv":[6.5,12.5,7,13],"texture":"#1"},"west":{"uv":[6.5,1.5,9.75,2],"texture":"#1"},"up":{"uv":[4,10.5,3.5,7.25],"texture":"#1"},"down":{"uv":[4.5,7.25,4,10.5],"texture":"#1"}}},{"from":[1,2,3],"to":[3,4,13],"rotation":{"angle":0,"axis":"y","origin":[0,0,0]},"faces":{"north":{"uv":[7,12.5,7.5,13],"texture":"#1"},"east":{"uv":[10.5,6.75,13,7.25],"texture":"#1"},"south":{"uv":[12.5,7.75,13,8.25],"texture":"#1"},"west":{"uv":[10.5,7.25,13,7.75],"texture":"#1"},"up":{"uv":[7,12.5,6.5,10],"texture":"#1"},"down":{"uv":[4,10.5,3.5,13],"texture":"#1"}}}],"display":{"thirdperson_righthand":{"rotation":[75,125,0],"translation":[0,2.5,0],"scale":[0.375,0.375,0.375]},"thirdperson_lefthand":{"rotation":[75,125,0],"translation":[0,2.5,0],"scale":[0.375,0.375,0.375]},"firstperson_righthand":{"rotation":[0,125,0],"scale":[0.4,0.4,0.4]},"firstperson_lefthand":{"rotation":[0,125,0],"scale":[0.4,0.4,0.4]},"ground":{"translation":[0,3,0],"scale":[0.25,0.25,0.25]},"gui":{"rotation":[30,225,0],"translation":[0,-2.75,0],"scale":[0.45,0.45,0.45]},"fixed":{"rotation":[-90,0,0],"translation":[0,0,-15.5],"scale":[2,2,2]}},"groups":[{"name":"group","origin":[8,8,8],"color":0,"nbt":"{}","armAnimationEnabled":false,"children":[0,1,2,3,4,5,6,7,8,9,10,11,12,13,14,15,16,17,18,19,20,21,22,23,24,25]}]}