{"credit":"Made with Blockbench","texture_size":[128,128],"textures":{"2":"hmcmodels:furniture/bamboo_furniture/bamboo_flower"},"elements":[{"from":[6,0,10],"to":[10,25,10],"rotation":{"angle":0,"axis":"y","origin":[2,0,2]},"faces":{"north":{"uv":[6,0,6.5,3.125],"texture":"#2"},"east":{"uv":[0,0,0,3.125],"texture":"#2"},"south":{"uv":[6,3.125,6.5,6.25],"texture":"#2"},"west":{"uv":[0,0,0,3.125],"texture":"#2"},"up":{"uv":[0.5,0,0,0],"texture":"#2"},"down":{"uv":[0.5,0,0,0],"texture":"#2"}}},{"from":[4,24,9.4],"to":[12,31,9.4],"rotation":{"angle":22.5,"axis":"x","origin":[8,29.5,9.4]},"faces":{"north":{"uv":[1,6.75,2,7.625],"texture":"#2"},"east":{"uv":[0,0,0,0.875],"texture":"#2"},"south":{"uv":[2,6.75,3,7.625],"texture":"#2"},"west":{"uv":[0,0,0,0.875],"texture":"#2"},"up":{"uv":[1,0,0,0],"texture":"#2"},"down":{"uv":[1,0,0,0],"texture":"#2"}}},{"from":[10,0,6],"to":[10,25,10],"rotation":{"angle":0,"axis":"y","origin":[2,0,2]},"faces":{"north":{"uv":[0,0,0,3.125],"texture":"#2"},"east":{"uv":[6,6.25,6.5,9.375],"texture":"#2"},"south":{"uv":[0,0,0,3.125],"texture":"#2"},"west":{"uv":[6.5,0,7,3.125],"texture":"#2"},"up":{"uv":[0,0.5,0,0],"texture":"#2"},"down":{"uv":[0,0,0,0.5],"texture":"#2"}}},{"from":[6,0,6],"to":[10,0,10],"rotation":{"angle":0,"axis":"y","origin":[2,0,2]},"faces":{"north":{"uv":[0,0,0.5,0],"texture":"#2"},"east":{"uv":[0,0,0.5,0],"texture":"#2"},"south":{"uv":[0,0,0.5,0],"texture":"#2"},"west":{"uv":[0,0,0.5,0],"texture":"#2"},"up":{"uv":[3.5,7.25,3,6.75],"texture":"#2"},"down":{"uv":[4,6.75,3.5,7.25],"texture":"#2"}}},{"from":[6,5,6],"to":[10,5,10],"rotation":{"angle":0,"axis":"y","origin":[2,0,2]},"faces":{"north":{"uv":[0,0,0.5,0],"texture":"#2"},"east":{"uv":[0,0,0.5,0],"texture":"#2"},"south":{"uv":[0,0,0.5,0],"texture":"#2"},"west":{"uv":[0,0,0.5,0],"texture":"#2"},"up":{"uv":[4.5,7.25,4,6.75],"texture":"#2"},"down":{"uv":[5,6.75,4.5,7.25],"texture":"#2"}}},{"from":[6,6.2,6],"to":[10,6.2,10],"rotation":{"angle":0,"axis":"y","origin":[2,0,2]},"faces":{"north":{"uv":[0,0,0.5,0],"texture":"#2"},"east":{"uv":[0,0,0.5,0],"texture":"#2"},"south":{"uv":[0,0,0.5,0],"texture":"#2"},"west":{"uv":[0,0,0.5,0],"texture":"#2"},"up":{"uv":[5.5,7.25,5,6.75],"texture":"#2"},"down":{"uv":[6,6.75,5.5,7.25],"texture":"#2"}}},{"from":[6,11.2,6],"to":[10,11.2,10],"rotation":{"angle":0,"axis":"y","origin":[2,0,2]},"faces":{"north":{"uv":[0,0,0.5,0],"texture":"#2"},"east":{"uv":[0,0,0.5,0],"texture":"#2"},"south":{"uv":[0,0,0.5,0],"texture":"#2"},"west":{"uv":[0,0,0.5,0],"texture":"#2"},"up":{"uv":[7.5,0.5,7,0],"texture":"#2"},"down":{"uv":[7.5,0.5,7,1],"texture":"#2"}}},{"from":[6,16.2,6],"to":[10,16.2,10],"rotation":{"angle":0,"axis":"y","origin":[2,0,2]},"faces":{"north":{"uv":[0,0,0.5,0],"texture":"#2"},"east":{"uv":[0,0,0.5,0],"texture":"#2"},"south":{"uv":[0,0,0.5,0],"texture":"#2"},"west":{"uv":[0,0,0.5,0],"texture":"#2"},"up":{"uv":[7.5,1.5,7,1],"texture":"#2"},"down":{"uv":[7.5,1.5,7,2],"texture":"#2"}}},{"from":[6,21.2,6],"to":[10,21.2,10],"rotation":{"angle":0,"axis":"y","origin":[2,0,2]},"faces":{"north":{"uv":[0,0,0.5,0],"texture":"#2"},"east":{"uv":[0,0,0.5,0],"texture":"#2"},"south":{"uv":[0,0,0.5,0],"texture":"#2"},"west":{"uv":[0,0,0.5,0],"texture":"#2"},"up":{"uv":[7.5,2.5,7,2],"texture":"#2"},"down":{"uv":[7.5,2.5,7,3],"texture":"#2"}}},{"from":[6,10,6],"to":[10,10,10],"rotation":{"angle":0,"axis":"y","origin":[2,0,2]},"faces":{"north":{"uv":[0,0,0.5,0],"texture":"#2"},"east":{"uv":[0,0,0.5,0],"texture":"#2"},"south":{"uv":[0,0,0.5,0],"texture":"#2"},"west":{"uv":[0,0,0.5,0],"texture":"#2"},"up":{"uv":[7.5,3.5,7,3],"texture":"#2"},"down":{"uv":[7.5,3.5,7,4],"texture":"#2"}}},{"from":[6,15,6],"to":[10,15,10],"rotation":{"angle":0,"axis":"y","origin":[2,0,2]},"faces":{"north":{"uv":[0,0,0.5,0],"texture":"#2"},"east":{"uv":[0,0,0.5,0],"texture":"#2"},"south":{"uv":[0,0,0.5,0],"texture":"#2"},"west":{"uv":[0,0,0.5,0],"texture":"#2"},"up":{"uv":[7.5,4.5,7,4],"texture":"#2"},"down":{"uv":[7.5,4.5,7,5],"texture":"#2"}}},{"from":[6,20,6],"to":[10,20,10],"rotation":{"angle":0,"axis":"y","origin":[2,0,2]},"faces":{"north":{"uv":[0,0,0.5,0],"texture":"#2"},"east":{"uv":[0,0,0.5,0],"texture":"#2"},"south":{"uv":[0,0,0.5,0],"texture":"#2"},"west":{"uv":[0,0,0.5,0],"texture":"#2"},"up":{"uv":[7.5,5.5,7,5],"texture":"#2"},"down":{"uv":[7.5,5.5,7,6],"texture":"#2"}}},{"from":[6,25,6],"to":[10,25,10],"rotation":{"angle":0,"axis":"y","origin":[2,0,2]},"faces":{"north":{"uv":[0,0,0.5,0],"texture":"#2"},"east":{"uv":[0,0,0.5,0],"texture":"#2"},"south":{"uv":[0,0,0.5,0],"texture":"#2"},"west":{"uv":[0,0,0.5,0],"texture":"#2"},"up":{"uv":[7.5,6.5,7,6],"texture":"#2"},"down":{"uv":[7.5,6.5,7,7],"texture":"#2"}}},{"from":[6,0,6],"to":[6,25,10],"rotation":{"angle":0,"axis":"y","origin":[2,0,2]},"faces":{"north":{"uv":[0,0,0,3.125],"texture":"#2"},"east":{"uv":[6.5,3.125,7,6.25],"texture":"#2"},"south":{"uv":[0,0,0,3.125],"texture":"#2"},"west":{"uv":[6.5,6.25,7,9.375],"texture":"#2"},"up":{"uv":[0,0.5,0,0],"texture":"#2"},"down":{"uv":[0,0,0,0.5],"texture":"#2"}}},{"from":[6,0,6],"to":[10,25,6],"rotation":{"angle":0,"axis":"y","origin":[2,0,2]},"faces":{"north":{"uv":[0,6.75,0.5,9.875],"texture":"#2"},"east":{"uv":[0,0,0,3.125],"texture":"#2"},"south":{"uv":[0.5,6.75,1,9.875],"texture":"#2"},"west":{"uv":[0,0,0,3.125],"texture":"#2"},"up":{"uv":[0.5,0,0,0],"texture":"#2"},"down":{"uv":[0.5,0,0,0],"texture":"#2"}}},{"from":[4,-2,5.7],"to":[12,25,5.7],"rotation":{"angle":0,"axis":"y","origin":[2,0,2]},"faces":{"north":{"uv":[0,0,1,3.375],"texture":"#2"},"east":{"uv":[0,0,0,3.375],"texture":"#2"},"south":{"uv":[1,0,2,3.375],"texture":"#2"},"west":{"uv":[0,0,0,3.375],"texture":"#2"},"up":{"uv":[1,0,0,0],"texture":"#2"},"down":{"uv":[1,0,0,0],"texture":"#2"}}},{"from":[4,-2,5.4],"to":[12,25,5.4],"rotation":{"angle":0,"axis":"y","origin":[2,0,2]},"faces":{"north":{"uv":[2,0,3,3.375],"texture":"#2"},"east":{"uv":[0,0,0,3.375],"texture":"#2"},"south":{"uv":[3,0,4,3.375],"texture":"#2"},"west":{"uv":[0,0,0,3.375],"texture":"#2"},"up":{"uv":[1,0,0,0],"texture":"#2"},"down":{"uv":[1,0,0,0],"texture":"#2"}}},{"from":[10.3,-2,4],"to":[10.3,25,12],"rotation":{"angle":0,"axis":"y","origin":[8,11.5,5.7]},"faces":{"north":{"uv":[0,0,0,3.375],"texture":"#2"},"east":{"uv":[0,3.375,1,6.75],"texture":"#2"},"south":{"uv":[0,0,0,3.375],"texture":"#2"},"west":{"uv":[1,3.375,2,6.75],"texture":"#2"},"up":{"uv":[0,1,0,0],"texture":"#2"},"down":{"uv":[0,0,0,1],"texture":"#2"}}},{"from":[10.6,-2,4],"to":[10.6,25,12],"rotation":{"angle":0,"axis":"y","origin":[8,11.5,5.7]},"faces":{"north":{"uv":[0,0,0,3.375],"texture":"#2"},"east":{"uv":[2,3.375,3,6.75],"texture":"#2"},"south":{"uv":[0,0,0,3.375],"texture":"#2"},"west":{"uv":[3,3.375,4,6.75],"texture":"#2"},"up":{"uv":[0,1,0,0],"texture":"#2"},"down":{"uv":[0,0,0,1],"texture":"#2"}}},{"from":[5.4,-2,4],"to":[5.4,25,12],"rotation":{"angle":0,"axis":"y","origin":[8,11.5,5.7]},"faces":{"north":{"uv":[0,0,0,3.375],"texture":"#2"},"east":{"uv":[4,0,5,3.375],"texture":"#2"},"south":{"uv":[0,0,0,3.375],"texture":"#2"},"west":{"uv":[4,3.375,5,6.75],"texture":"#2"},"up":{"uv":[0,1,0,0],"texture":"#2"},"down":{"uv":[0,0,0,1],"texture":"#2"}}},{"from":[5.7,-2,4],"to":[5.7,25,12],"rotation":{"angle":0,"axis":"y","origin":[8,11.5,5.7]},"faces":{"north":{"uv":[0,0,0,3.375],"texture":"#2"},"east":{"uv":[5,0,6,3.375],"texture":"#2"},"south":{"uv":[0,0,0,3.375],"texture":"#2"},"west":{"uv":[5,3.375,6,6.75],"texture":"#2"},"up":{"uv":[0,1,0,0],"texture":"#2"},"down":{"uv":[0,0,0,1],"texture":"#2"}}}],"display":{"thirdperson_righthand":{"rotation":[75,125,0],"translation":[0,2.5,0],"scale":[0.375,0.375,0.375]},"thirdperson_lefthand":{"rotation":[75,125,0],"translation":[0,2.5,0],"scale":[0.375,0.375,0.375]},"firstperson_righthand":{"rotation":[0,125,0],"scale":[0.4,0.4,0.4]},"firstperson_lefthand":{"rotation":[0,125,0],"scale":[0.4,0.4,0.4]},"ground":{"translation":[0,3,0],"scale":[0.25,0.25,0.25]},"gui":{"rotation":[30,225,0],"translation":[0,-2.75,0],"scale":[0.45,0.45,0.45]},"fixed":{"rotation":[90,0,0],"translation":[0,0,-43.5],"scale":[2,2,2]}},"groups":[{"name":"group","origin":[8,8,8],"color":0,"nbt":"{}","armAnimationEnabled":false,"children":[0,1,2,3,4,5,6,7,8,9,10,11,12,13,14,15,16,17,18,19,20]}]}