{"credit":"Made with Blockbench","texture_size":[128,128],"textures":{"2":"hmcmodels:furniture/furniture/magic_store/magic_store_potion_stand"},"elements":[{"from":[1,4,3],"to":[3,14,16],"faces":{"north":{"uv":[1.875,7.5,2.125,8.75],"texture":"#2"},"east":{"uv":[4,4.25,5.625,5.5],"texture":"#2"},"south":{"uv":[2.125,7.5,2.375,8.75],"texture":"#2"},"west":{"uv":[4,5.5,5.625,6.75],"texture":"#2"},"up":{"uv":[7.5,3.375,7.25,1.75],"texture":"#2"},"down":{"uv":[7.5,3.375,7.25,5],"texture":"#2"}}},{"from":[29,4,3],"to":[31,14,16],"faces":{"north":{"uv":[2.375,7.5,2.625,8.75],"texture":"#2"},"east":{"uv":[5.625,4.25,7.25,5.5],"texture":"#2"},"south":{"uv":[7.5,2.375,7.75,3.625],"texture":"#2"},"west":{"uv":[5.625,5.5,7.25,6.75],"texture":"#2"},"up":{"uv":[3.75,8.875,3.5,7.25],"texture":"#2"},"down":{"uv":[4,7.25,3.75,8.875],"texture":"#2"}}},{"from":[18,4,6],"to":[23,9,11],"faces":{"north":{"uv":[4,7.25,4.625,7.875],"texture":"#2"},"east":{"uv":[4.625,7.25,5.25,7.875],"texture":"#2"},"south":{"uv":[7.25,5,7.875,5.625],"texture":"#2"},"west":{"uv":[5.25,7.25,5.875,7.875],"texture":"#2"},"up":{"uv":[7.875,6.25,7.25,5.625],"texture":"#2"},"down":{"uv":[6.5,7.25,5.875,7.875],"texture":"#2"}}},{"from":[17.8,6,5.8],"to":[23.2,8,5.8],"faces":{"north":{"uv":[7.25,6.25,7.875,6.5],"texture":"#2"},"east":{"uv":[0,0,0,0.25],"texture":"#2"},"south":{"uv":[7.25,6.5,7.875,6.75],"texture":"#2"},"west":{"uv":[0,0,0,0.25],"texture":"#2"},"up":{"uv":[0.625,0,0,0],"texture":"#2"},"down":{"uv":[0.625,0,0,0],"texture":"#2"}}},{"from":[17.8,6,11.2],"to":[23.2,8,11.2],"faces":{"north":{"uv":[7.5,4.375,8.125,4.625],"texture":"#2"},"east":{"uv":[0,0,0,0.25],"texture":"#2"},"south":{"uv":[7.5,4.625,8.125,4.875],"texture":"#2"},"west":{"uv":[0,0,0,0.25],"texture":"#2"},"up":{"uv":[0.625,0,0,0],"texture":"#2"},"down":{"uv":[0.625,0,0,0],"texture":"#2"}}},{"from":[23.199,6,5.8],"to":[23.199,8,11.2],"rotation":{"angle":0,"axis":"y","origin":[23.199,7,8.5]},"faces":{"north":{"uv":[0,0,0,0.25],"texture":"#2"},"east":{"uv":[2.625,7.5,3.25,7.75],"texture":"#2"},"south":{"uv":[0,0,0,0.25],"texture":"#2"},"west":{"uv":[7.5,3.625,8.125,3.875],"texture":"#2"},"up":{"uv":[0,0.625,0,0],"texture":"#2"},"down":{"uv":[0,0,0,0.625],"texture":"#2"}}},{"from":[17.799,6,5.8],"to":[17.799,8,11.2],"rotation":{"angle":0,"axis":"y","origin":[23.199,7,8.5]},"faces":{"north":{"uv":[0,0,0,0.25],"texture":"#2"},"east":{"uv":[7.5,3.875,8.125,4.125],"texture":"#2"},"south":{"uv":[0,0,0,0.25],"texture":"#2"},"west":{"uv":[7.5,4.125,8.125,4.375],"texture":"#2"},"up":{"uv":[0,0.625,0,0],"texture":"#2"},"down":{"uv":[0,0,0,0.625],"texture":"#2"}}},{"from":[19,12,7],"to":[22,13,10],"faces":{"north":{"uv":[7.5,4.875,7.875,5],"texture":"#2"},"east":{"uv":[8.125,2.25,8.5,2.375],"texture":"#2"},"south":{"uv":[7.75,8.25,8.125,8.375],"texture":"#2"},"west":{"uv":[8.125,8.25,8.5,8.375],"texture":"#2"},"up":{"uv":[8.125,7.875,7.75,7.5],"texture":"#2"},"down":{"uv":[4.375,7.875,4,8.25],"texture":"#2"}}},{"from":[19.5,9,7.5],"to":[21.5,12,9.5],"faces":{"north":{"uv":[3.25,7.5,3.5,7.875],"texture":"#2"},"east":{"uv":[3.25,7.875,3.5,8.25],"texture":"#2"},"south":{"uv":[3,8,3.25,8.375],"texture":"#2"},"west":{"uv":[0,8.125,0.25,8.5],"texture":"#2"},"up":{"uv":[6.25,8.5,6,8.25],"texture":"#2"},"down":{"uv":[8.5,6,8.25,6.25],"texture":"#2"}}},{"from":[7,4,9],"to":[12,9,14],"faces":{"north":{"uv":[6.5,7.25,7.125,7.875],"texture":"#2"},"east":{"uv":[7.125,7.25,7.75,7.875],"texture":"#2"},"south":{"uv":[0,7.5,0.625,8.125],"texture":"#2"},"west":{"uv":[0.625,7.5,1.25,8.125],"texture":"#2"},"up":{"uv":[1.875,8.125,1.25,7.5],"texture":"#2"},"down":{"uv":[8.125,1.75,7.5,2.375],"texture":"#2"}}},{"from":[8.5,9,10.5],"to":[10.5,12,12.5],"faces":{"north":{"uv":[3.25,8.25,3.5,8.625],"texture":"#2"},"east":{"uv":[5.5,8.25,5.75,8.625],"texture":"#2"},"south":{"uv":[8.25,5.625,8.5,6],"texture":"#2"},"west":{"uv":[5.75,8.25,6,8.625],"texture":"#2"},"up":{"uv":[7.5,8.5,7.25,8.25],"texture":"#2"},"down":{"uv":[7.75,8.25,7.5,8.5],"texture":"#2"}}},{"from":[8,12,10],"to":[11,13,13],"faces":{"north":{"uv":[8.375,1.125,8.75,1.25],"texture":"#2"},"east":{"uv":[1.25,8.375,1.625,8.5],"texture":"#2"},"south":{"uv":[8.375,1.25,8.75,1.375],"texture":"#2"},"west":{"uv":[8.375,1.375,8.75,1.5],"texture":"#2"},"up":{"uv":[8.375,1.5,8,1.125],"texture":"#2"},"down":{"uv":[3,8,2.625,8.375],"texture":"#2"}}},{"from":[6.8,6,8.8],"to":[12.2,8,8.8],"faces":{"north":{"uv":[7.75,3.375,8.375,3.625],"texture":"#2"},"east":{"uv":[0,0,0,0.25],"texture":"#2"},"south":{"uv":[7.75,7.25,8.375,7.5],"texture":"#2"},"west":{"uv":[0,0,0,0.25],"texture":"#2"},"up":{"uv":[0.625,0,0,0],"texture":"#2"},"down":{"uv":[0.625,0,0,0],"texture":"#2"}}},{"from":[6.799,6,8.8],"to":[6.799,8,14.2],"rotation":{"angle":0,"axis":"y","origin":[23.199,7,8.5]},"faces":{"north":{"uv":[0,0,0,0.25],"texture":"#2"},"east":{"uv":[7.75,2.875,8.375,3.125],"texture":"#2"},"south":{"uv":[0,0,0,0.25],"texture":"#2"},"west":{"uv":[7.75,3.125,8.375,3.375],"texture":"#2"},"up":{"uv":[0,0.625,0,0],"texture":"#2"},"down":{"uv":[0,0,0,0.625],"texture":"#2"}}},{"from":[6.8,6,14.2],"to":[12.2,8,14.2],"faces":{"north":{"uv":[2.625,7.75,3.25,8],"texture":"#2"},"east":{"uv":[0,0,0,0.25],"texture":"#2"},"south":{"uv":[7.75,2.625,8.375,2.875],"texture":"#2"},"west":{"uv":[0,0,0,0.25],"texture":"#2"},"up":{"uv":[0.625,0,0,0],"texture":"#2"},"down":{"uv":[0.625,0,0,0],"texture":"#2"}}},{"from":[12.199,6,8.8],"to":[12.199,8,14.2],"rotation":{"angle":0,"axis":"y","origin":[23.199,7,8.5]},"faces":{"north":{"uv":[0,0,0,0.25],"texture":"#2"},"east":{"uv":[7.5,7,8.125,7.25],"texture":"#2"},"south":{"uv":[0,0,0,0.25],"texture":"#2"},"west":{"uv":[7.75,2.375,8.375,2.625],"texture":"#2"},"up":{"uv":[0,0.625,0,0],"texture":"#2"},"down":{"uv":[0,0,0,0.625],"texture":"#2"}}},{"from":[0,0,2],"to":[32,4,16],"faces":{"north":{"uv":[0,5.75,4,6.25],"texture":"#2"},"east":{"uv":[0,7,1.75,7.5],"texture":"#2"},"south":{"uv":[0,6.25,4,6.75],"texture":"#2"},"west":{"uv":[1.75,7,3.5,7.5],"texture":"#2"},"up":{"uv":[4,5.75,0,4],"texture":"#2"},"down":{"uv":[8,0,4,1.75],"texture":"#2"}}},{"from":[0,14,0],"to":[32,16,16],"faces":{"north":{"uv":[0,6.75,4,7],"texture":"#2"},"east":{"uv":[3.5,7,5.5,7.25],"texture":"#2"},"south":{"uv":[4,6.75,8,7],"texture":"#2"},"west":{"uv":[5.5,7,7.5,7.25],"texture":"#2"},"up":{"uv":[4,2,0,0],"texture":"#2"},"down":{"uv":[4,2,0,4],"texture":"#2"}}},{"from":[8.5,6.5,26],"to":[9.5,9.5,27],"rotation":{"angle":45,"axis":"y","origin":[-8,3,11.5]},"faces":{"north":{"uv":[1.75,8.125,1.875,8.5],"texture":"#2"},"east":{"uv":[8.375,0,8.5,0.375],"texture":"#2"},"south":{"uv":[0.25,8.375,0.375,8.75],"texture":"#2"},"west":{"uv":[0.375,8.375,0.5,8.75],"texture":"#2"},"up":{"uv":[1.75,8.5,1.625,8.375],"texture":"#2"},"down":{"uv":[3.25,8.375,3.125,8.5],"texture":"#2"}}},{"from":[7.5,4,25],"to":[10.5,7,28],"rotation":{"angle":45,"axis":"y","origin":[-8,3,11.5]},"faces":{"north":{"uv":[4.375,7.875,4.75,8.25],"texture":"#2","tintindex":0},"east":{"uv":[4.75,7.875,5.125,8.25],"texture":"#2","tintindex":0},"south":{"uv":[7.875,4.875,8.25,5.25],"texture":"#2","tintindex":0},"west":{"uv":[5.125,7.875,5.5,8.25],"texture":"#2","tintindex":0},"up":{"uv":[8.25,5.625,7.875,5.25],"texture":"#2","tintindex":0},"down":{"uv":[5.875,7.875,5.5,8.25],"texture":"#2","tintindex":0}}},{"from":[8,8,25.5],"to":[10,9,27.5],"rotation":{"angle":45,"axis":"y","origin":[-8,3,11.5]},"faces":{"north":{"uv":[8.375,1.5,8.625,1.625],"texture":"#2"},"east":{"uv":[8.375,1.625,8.625,1.75],"texture":"#2"},"south":{"uv":[8.375,2.375,8.625,2.5],"texture":"#2"},"west":{"uv":[8.375,2.5,8.625,2.625],"texture":"#2"},"up":{"uv":[6.5,8.5,6.25,8.25],"texture":"#2"},"down":{"uv":[8.5,6.25,8.25,6.5],"texture":"#2"}}},{"from":[7.4,4.5,24.9],"to":[7.4,6.5,28.1],"rotation":{"angle":45,"axis":"y","origin":[-8,3,11.5]},"faces":{"north":{"uv":[0,0,0,0.25],"texture":"#2"},"east":{"uv":[8,1.5,8.375,1.75],"texture":"#2"},"south":{"uv":[0,0,0,0.25],"texture":"#2"},"west":{"uv":[8,6.75,8.375,7],"texture":"#2"},"up":{"uv":[0,0.375,0,0],"texture":"#2"},"down":{"uv":[0,0,0,0.375],"texture":"#2"}}},{"from":[7.4,4.5,24.9],"to":[10.6,6.5,24.9],"rotation":{"angle":45,"axis":"y","origin":[-8,3,11.5]},"faces":{"north":{"uv":[0.25,8.125,0.625,8.375],"texture":"#2"},"east":{"uv":[0,0,0,0.25],"texture":"#2"},"south":{"uv":[0.625,8.125,1,8.375],"texture":"#2"},"west":{"uv":[0,0,0,0.25],"texture":"#2"},"up":{"uv":[0.375,0,0,0],"texture":"#2"},"down":{"uv":[0.375,0,0,0],"texture":"#2"}}},{"from":[10.6,4.5,24.9],"to":[10.6,6.5,28.1],"rotation":{"angle":45,"axis":"y","origin":[-8,3,11.5]},"faces":{"north":{"uv":[0,0,0,0.25],"texture":"#2"},"east":{"uv":[1,8.125,1.375,8.375],"texture":"#2"},"south":{"uv":[0,0,0,0.25],"texture":"#2"},"west":{"uv":[1.375,8.125,1.75,8.375],"texture":"#2"},"up":{"uv":[0,0.375,0,0],"texture":"#2"},"down":{"uv":[0,0,0,0.375],"texture":"#2"}}},{"from":[7.4,4.5,28.1],"to":[10.6,6.5,28.1],"rotation":{"angle":45,"axis":"y","origin":[-8,3,11.5]},"faces":{"north":{"uv":[8.125,1.75,8.5,2],"texture":"#2"},"east":{"uv":[0,0,0,0.25],"texture":"#2"},"south":{"uv":[8.125,2,8.5,2.25],"texture":"#2"},"west":{"uv":[0,0,0,0.25],"texture":"#2"},"up":{"uv":[0.375,0,0,0],"texture":"#2"},"down":{"uv":[0.375,0,0,0],"texture":"#2"}}},{"from":[6.6,4.5,5.9],"to":[6.6,6.5,9.1],"rotation":{"angle":0,"axis":"y","origin":[-6.4,1.5,8.5]},"faces":{"north":{"uv":[0,0,0,0.25],"texture":"#2"},"east":{"uv":[8.125,3.625,8.5,3.875],"texture":"#2"},"south":{"uv":[0,0,0,0.25],"texture":"#2"},"west":{"uv":[8.125,3.875,8.5,4.125],"texture":"#2"},"up":{"uv":[0,0.375,0,0],"texture":"#2"},"down":{"uv":[0,0,0,0.375],"texture":"#2"}}},{"from":[3.4,4.5,5.9],"to":[6.6,6.5,5.9],"rotation":{"angle":0,"axis":"y","origin":[-16,0,0]},"faces":{"north":{"uv":[8.125,4.125,8.5,4.375],"texture":"#2"},"east":{"uv":[0,0,0,0.25],"texture":"#2"},"south":{"uv":[8.125,4.375,8.5,4.625],"texture":"#2"},"west":{"uv":[0,0,0,0.25],"texture":"#2"},"up":{"uv":[0.375,0,0,0],"texture":"#2"},"down":{"uv":[0.375,0,0,0],"texture":"#2"}}},{"from":[3.4,4.5,5.9],"to":[3.4,6.5,9.1],"rotation":{"angle":0,"axis":"y","origin":[-6.4,1.5,8.5]},"faces":{"north":{"uv":[0,0,0,0.25],"texture":"#2"},"east":{"uv":[8.125,4.625,8.5,4.875],"texture":"#2"},"south":{"uv":[0,0,0,0.25],"texture":"#2"},"west":{"uv":[8.125,7,8.5,7.25],"texture":"#2"},"up":{"uv":[0,0.375,0,0],"texture":"#2"},"down":{"uv":[0,0,0,0.375],"texture":"#2"}}},{"from":[3.4,4.5,9.1],"to":[6.6,6.5,9.1],"rotation":{"angle":0,"axis":"y","origin":[-16,0,0]},"faces":{"north":{"uv":[8.125,7.5,8.5,7.75],"texture":"#2"},"east":{"uv":[0,0,0,0.25],"texture":"#2"},"south":{"uv":[8.125,7.75,8.5,8],"texture":"#2"},"west":{"uv":[0,0,0,0.25],"texture":"#2"},"up":{"uv":[0.375,0,0,0],"texture":"#2"},"down":{"uv":[0.375,0,0,0],"texture":"#2"}}},{"from":[4,8,6.5],"to":[6,9,8.5],"rotation":{"angle":0,"axis":"y","origin":[-23,8,2]},"faces":{"north":{"uv":[2.625,8.375,2.875,8.5],"texture":"#2"},"east":{"uv":[8.375,2.625,8.625,2.75],"texture":"#2"},"south":{"uv":[8.375,2.75,8.625,2.875],"texture":"#2"},"west":{"uv":[2.875,8.375,3.125,8.5],"texture":"#2"},"up":{"uv":[6.75,8.5,6.5,8.25],"texture":"#2"},"down":{"uv":[8.5,6.5,8.25,6.75],"texture":"#2"}}},{"from":[3.5,4,6],"to":[6.5,7,9],"rotation":{"angle":0,"axis":"y","origin":[-23,8,2]},"faces":{"north":{"uv":[7.875,5.625,8.25,6],"texture":"#2","tintindex":0},"east":{"uv":[5.875,7.875,6.25,8.25],"texture":"#2","tintindex":0},"south":{"uv":[7.875,6,8.25,6.375],"texture":"#2","tintindex":0},"west":{"uv":[6.25,7.875,6.625,8.25],"texture":"#2","tintindex":0},"up":{"uv":[8.25,6.75,7.875,6.375],"texture":"#2","tintindex":0},"down":{"uv":[7,7.875,6.625,8.25],"texture":"#2","tintindex":0}}},{"from":[4.5,6.5,7],"to":[5.5,9.5,8],"rotation":{"angle":0,"axis":"y","origin":[-23,8,2]},"faces":{"north":{"uv":[8.375,0.375,8.5,0.75],"texture":"#2"},"east":{"uv":[0.5,8.375,0.625,8.75],"texture":"#2"},"south":{"uv":[0.625,8.375,0.75,8.75],"texture":"#2"},"west":{"uv":[0.75,8.375,0.875,8.75],"texture":"#2"},"up":{"uv":[8.5,3.5,8.375,3.375],"texture":"#2"},"down":{"uv":[8.5,3.5,8.375,3.625],"texture":"#2"}}},{"from":[25.6,4.5,17.4],"to":[25.6,6.5,20.6],"rotation":{"angle":22.5,"axis":"y","origin":[-5,3,5.5]},"faces":{"north":{"uv":[0,0,0,0.25],"texture":"#2"},"east":{"uv":[8.125,8,8.5,8.25],"texture":"#2"},"south":{"uv":[0,0,0,0.25],"texture":"#2"},"west":{"uv":[4,8.25,4.375,8.5],"texture":"#2"},"up":{"uv":[0,0.375,0,0],"texture":"#2"},"down":{"uv":[0,0,0,0.375],"texture":"#2"}}},{"from":[22.4,4.5,17.4],"to":[25.6,6.5,17.4],"rotation":{"angle":22.5,"axis":"y","origin":[-5,3,5.5]},"faces":{"north":{"uv":[4.375,8.25,4.75,8.5],"texture":"#2"},"east":{"uv":[0,0,0,0.25],"texture":"#2"},"south":{"uv":[4.75,8.25,5.125,8.5],"texture":"#2"},"west":{"uv":[0,0,0,0.25],"texture":"#2"},"up":{"uv":[0.375,0,0,0],"texture":"#2"},"down":{"uv":[0.375,0,0,0],"texture":"#2"}}},{"from":[22.4,4.5,17.4],"to":[22.4,6.5,20.6],"rotation":{"angle":22.5,"axis":"y","origin":[-5,3,5.5]},"faces":{"north":{"uv":[0,0,0,0.25],"texture":"#2"},"east":{"uv":[8.25,4.875,8.625,5.125],"texture":"#2"},"south":{"uv":[0,0,0,0.25],"texture":"#2"},"west":{"uv":[5.125,8.25,5.5,8.5],"texture":"#2"},"up":{"uv":[0,0.375,0,0],"texture":"#2"},"down":{"uv":[0,0,0,0.375],"texture":"#2"}}},{"from":[22.4,4.5,20.6],"to":[25.6,6.5,20.6],"rotation":{"angle":22.5,"axis":"y","origin":[-5,3,5.5]},"faces":{"north":{"uv":[8.25,5.125,8.625,5.375],"texture":"#2"},"east":{"uv":[0,0,0,0.25],"texture":"#2"},"south":{"uv":[8.25,5.375,8.625,5.625],"texture":"#2"},"west":{"uv":[0,0,0,0.25],"texture":"#2"},"up":{"uv":[0.375,0,0,0],"texture":"#2"},"down":{"uv":[0.375,0,0,0],"texture":"#2"}}},{"from":[23,8,18],"to":[25,9,20],"rotation":{"angle":22.5,"axis":"y","origin":[-5,3,5.5]},"faces":{"north":{"uv":[8.375,2.875,8.625,3],"texture":"#2"},"east":{"uv":[8.375,3,8.625,3.125],"texture":"#2"},"south":{"uv":[8.375,3.125,8.625,3.25],"texture":"#2"},"west":{"uv":[8.375,3.25,8.625,3.375],"texture":"#2"},"up":{"uv":[7,8.5,6.75,8.25],"texture":"#2"},"down":{"uv":[7.25,8.25,7,8.5],"texture":"#2"}}},{"from":[22.5,4,17.5],"to":[25.5,7,20.5],"rotation":{"angle":22.5,"axis":"y","origin":[-5,3,5.5]},"faces":{"north":{"uv":[7,7.875,7.375,8.25],"texture":"#2","tintindex":0},"east":{"uv":[7.375,7.875,7.75,8.25],"texture":"#2","tintindex":0},"south":{"uv":[7.75,7.875,8.125,8.25],"texture":"#2","tintindex":0},"west":{"uv":[8,0,8.375,0.375],"texture":"#2","tintindex":0},"up":{"uv":[8.375,0.75,8,0.375],"texture":"#2","tintindex":0},"down":{"uv":[8.375,0.75,8,1.125],"texture":"#2","tintindex":0}}},{"from":[23.5,6.5,18.5],"to":[24.5,9.5,19.5],"rotation":{"angle":22.5,"axis":"y","origin":[-5,3,5.5]},"faces":{"north":{"uv":[8.375,0.75,8.5,1.125],"texture":"#2"},"east":{"uv":[0.875,8.375,1,8.75],"texture":"#2"},"south":{"uv":[1,8.375,1.125,8.75],"texture":"#2"},"west":{"uv":[1.125,8.375,1.25,8.75],"texture":"#2"},"up":{"uv":[8.5,6.875,8.375,6.75],"texture":"#2"},"down":{"uv":[8.5,6.875,8.375,7],"texture":"#2"}}},{"from":[3,4,3.5],"to":[29,14,3.5],"faces":{"north":{"uv":[4,1.75,7.25,3],"texture":"#2"},"east":{"uv":[0,0,0,1.25],"texture":"#2"},"south":{"uv":[4,3,7.25,4.25],"texture":"#2"},"west":{"uv":[0,0,0,1.25],"texture":"#2"},"up":{"uv":[3.25,0,0,0],"texture":"#2"},"down":{"uv":[3.25,0,0,0],"texture":"#2"}}}],"display":{"thirdperson_righthand":{"rotation":[75,45,0],"translation":[0,2.5,0],"scale":[0.375,0.375,0.375]},"thirdperson_lefthand":{"rotation":[75,45,0],"translation":[0,2.5,0],"scale":[0.375,0.375,0.375]},"firstperson_righthand":{"rotation":[0,45,0],"scale":[0.4,0.4,0.4]},"firstperson_lefthand":{"rotation":[0,225,0],"scale":[0.4,0.4,0.4]},"ground":{"translation":[0,3,0],"scale":[0.25,0.25,0.25]},"gui":{"rotation":[30,225,0],"translation":[2.5,1.75,0],"scale":[0.4,0.4,0.4]},"fixed":{"rotation":[-90,0,0],"translation":[0,0,-16],"scale":[2,2,2]}},"groups":[0,1,2,3,4,5,6,7,8,9,10,11,12,13,14,15,16,17,{"name":"group","origin":[11,3,5.5],"color":0,"nbt":"{}","armAnimationEnabled":false,"children":[18,19,20,21,22,23,24,25,26,27,28,29,30,31,32,33,34,35,36,37,38]},39]}