{"credit":"Made with Blockbench","texture_size":[64,64],"textures":{"1":"hmcmodels:furniture/furniture/magic_store/magic_store_crystal_ball"},"elements":[{"from":[5.5,1,5.5],"to":[10.5,3,10.5],"faces":{"north":{"uv":[4,6.5,5.25,7],"texture":"#1"},"east":{"uv":[5.25,6.5,6.5,7],"texture":"#1"},"south":{"uv":[6.5,6.5,7.75,7],"texture":"#1"},"west":{"uv":[4,7,5.25,7.5],"texture":"#1"},"up":{"uv":[7.25,3.25,6,2],"texture":"#1"},"down":{"uv":[7.25,3.25,6,4.5],"texture":"#1"}}},{"from":[4,3.1,4],"to":[12,3.1,12],"faces":{"north":{"uv":[0,0,2,0],"texture":"#1","tintindex":0},"east":{"uv":[0,0,2,0],"texture":"#1","tintindex":0},"south":{"uv":[0,0,2,0],"texture":"#1","tintindex":0},"west":{"uv":[0,0,2,0],"texture":"#1","tintindex":0},"up":{"uv":[2,2,0,0],"texture":"#1","tintindex":0},"down":{"uv":[2,2,0,4],"texture":"#1","tintindex":0}}},{"from":[4,3.1,4],"to":[12,11.1,4],"faces":{"north":{"uv":[2,0,4,2],"texture":"#1","tintindex":0},"east":{"uv":[0,0,0,2],"texture":"#1","tintindex":0},"south":{"uv":[2,2,4,4],"texture":"#1","tintindex":0},"west":{"uv":[0,0,0,2],"texture":"#1","tintindex":0},"up":{"uv":[2,0,0,0],"texture":"#1","tintindex":0},"down":{"uv":[2,0,0,0],"texture":"#1","tintindex":0}}},{"from":[4,3.1,12],"to":[12,11.1,12],"faces":{"north":{"uv":[4,4,6,6],"texture":"#1","tintindex":0},"east":{"uv":[0,0,0,2],"texture":"#1","tintindex":0},"south":{"uv":[0,6,2,8],"texture":"#1","tintindex":0},"west":{"uv":[0,0,0,2],"texture":"#1","tintindex":0},"up":{"uv":[2,0,0,0],"texture":"#1","tintindex":0},"down":{"uv":[2,0,0,0],"texture":"#1","tintindex":0}}},{"from":[4,11.1,4],"to":[12,11.1,12],"faces":{"north":{"uv":[0,0,2,0],"texture":"#1","tintindex":0},"east":{"uv":[0,0,2,0],"texture":"#1","tintindex":0},"south":{"uv":[0,0,2,0],"texture":"#1","tintindex":0},"west":{"uv":[0,0,2,0],"texture":"#1","tintindex":0},"up":{"uv":[8,2,6,0],"texture":"#1","tintindex":0},"down":{"uv":[4,6,2,8],"texture":"#1","tintindex":0}}},{"from":[12,3.1,4],"to":[12,11.1,12],"rotation":{"angle":0,"axis":"y","origin":[12,7.1,8]},"faces":{"north":{"uv":[0,0,0,2],"texture":"#1","tintindex":0},"east":{"uv":[0,4,2,6],"texture":"#1","tintindex":0},"south":{"uv":[0,0,0,2],"texture":"#1","tintindex":0},"west":{"uv":[4,0,6,2],"texture":"#1","tintindex":0},"up":{"uv":[0,2,0,0],"texture":"#1","tintindex":0},"down":{"uv":[0,0,0,2],"texture":"#1","tintindex":0}}},{"from":[4,3.1,4],"to":[4,11.1,12],"rotation":{"angle":0,"axis":"y","origin":[12,7.1,8]},"faces":{"north":{"uv":[0,0,0,2],"texture":"#1","tintindex":0},"east":{"uv":[2,4,4,6],"texture":"#1","tintindex":0},"south":{"uv":[0,0,0,2],"texture":"#1","tintindex":0},"west":{"uv":[4,2,6,4],"texture":"#1","tintindex":0},"up":{"uv":[0,2,0,0],"texture":"#1","tintindex":0},"down":{"uv":[0,0,0,2],"texture":"#1","tintindex":0}}},{"from":[8,0,2],"to":[8,2,14],"rotation":{"angle":-45,"axis":"y","origin":[8,1.5,8]},"faces":{"north":{"uv":[0,0,0,0.5],"texture":"#1"},"east":{"uv":[4,6,7,6.5],"texture":"#1"},"south":{"uv":[0,0,0,0.5],"texture":"#1"},"west":{"uv":[6,4.5,9,5],"texture":"#1"},"up":{"uv":[0,3,0,0],"texture":"#1"},"down":{"uv":[0,0,0,3],"texture":"#1"}}},{"from":[2,0,8],"to":[14,2,8],"rotation":{"angle":-45,"axis":"y","origin":[8,1,8]},"faces":{"north":{"uv":[6,5,9,5.5],"texture":"#1"},"east":{"uv":[0,0,0,0.5],"texture":"#1"},"south":{"uv":[6,5.5,9,6],"texture":"#1"},"west":{"uv":[0,0,0,0.5],"texture":"#1"},"up":{"uv":[3,0,0,0],"texture":"#1"},"down":{"uv":[3,0,0,0],"texture":"#1"}}}],"display":{"thirdperson_righthand":{"rotation":[75,45,0],"translation":[0,2.5,0],"scale":[0.375,0.375,0.375]},"thirdperson_lefthand":{"rotation":[75,45,0],"translation":[0,2.5,0],"scale":[0.375,0.375,0.375]},"firstperson_righthand":{"rotation":[0,45,0],"scale":[0.4,0.4,0.4]},"firstperson_lefthand":{"rotation":[0,225,0],"scale":[0.4,0.4,0.4]},"ground":{"translation":[0,3,0],"scale":[0.25,0.25,0.25]},"gui":{"rotation":[30,225,0],"scale":[0.625,0.625,0.625]},"fixed":{"rotation":[-90,0,0],"translation":[0,0,-16],"scale":[2,2,2]}}}