{"credit":"Made with Blockbench","texture_size":[32,32],"textures":{"2":"hmcmodels:furniture/magic_store/magic_store_wand_on_box"},"elements":[{"from":[7,0.201,1.5],"to":[9,2.201,7.5],"rotation":{"angle":0,"axis":"y","origin":[8,0.801,7.25]},"faces":{"north":{"uv":[1,9,2,10],"texture":"#2"},"east":{"uv":[4,6,7,7],"texture":"#2"},"south":{"uv":[2,9,3,10],"texture":"#2"},"west":{"uv":[4,7,7,8],"texture":"#2"},"up":{"uv":[8,9,7,6],"texture":"#2"},"down":{"uv":[1,7.5,0,10.5],"texture":"#2"}}},{"from":[7.5,0.701,7.5],"to":[8.5,1.701,14.5],"rotation":{"angle":0,"axis":"y","origin":[8,0.801,7.25]},"faces":{"north":{"uv":[3,7.5,3.5,8],"texture":"#2"},"east":{"uv":[8,7.5,11.5,8],"texture":"#2"},"south":{"uv":[3.5,7.5,4,8],"texture":"#2"},"west":{"uv":[8,8,11.5,8.5],"texture":"#2"},"up":{"uv":[8.5,12,8,8.5],"texture":"#2"},"down":{"uv":[9,8.5,8.5,12],"texture":"#2"}}},{"from":[6,0.1,0.5],"to":[10,0.1,15.5],"faces":{"north":{"uv":[0,0,2,0],"texture":"#2","tintindex":0},"east":{"uv":[0,0,7.5,0],"texture":"#2","tintindex":0},"south":{"uv":[0,0,2,0],"texture":"#2","tintindex":0},"west":{"uv":[0,0,7.5,0],"texture":"#2","tintindex":0},"up":{"uv":[2,7.5,0,0],"texture":"#2","tintindex":0},"down":{"uv":[4,0,2,7.5],"texture":"#2","tintindex":0}}},{"from":[6,0.1,0.5],"to":[10,3.1,0.5],"faces":{"north":{"uv":[1,7.5,3,9],"texture":"#2","tintindex":0},"east":{"uv":[0,0,0,1.5],"texture":"#2","tintindex":0},"south":{"uv":[3,8,5,9.5],"texture":"#2","tintindex":0},"west":{"uv":[0,0,0,1.5],"texture":"#2","tintindex":0},"up":{"uv":[2,0,0,0],"texture":"#2","tintindex":0},"down":{"uv":[2,0,0,0],"texture":"#2","tintindex":0}}},{"from":[6,0.1,15.5],"to":[10,3.1,15.5],"faces":{"north":{"uv":[5,8,7,9.5],"texture":"#2","tintindex":0},"east":{"uv":[0,0,0,1.5],"texture":"#2","tintindex":0},"south":{"uv":[8,6,10,7.5],"texture":"#2","tintindex":0},"west":{"uv":[0,0,0,1.5],"texture":"#2","tintindex":0},"up":{"uv":[2,0,0,0],"texture":"#2","tintindex":0},"down":{"uv":[2,0,0,0],"texture":"#2","tintindex":0}}},{"from":[10,0.1,0.5],"to":[10,3.1,15.5],"faces":{"north":{"uv":[0,0,0,1.5],"texture":"#2","tintindex":0},"east":{"uv":[4,0,11.5,1.5],"texture":"#2","tintindex":0},"south":{"uv":[0,0,0,1.5],"texture":"#2","tintindex":0},"west":{"uv":[4,1.5,11.5,3],"texture":"#2","tintindex":0},"up":{"uv":[0,7.5,0,0],"texture":"#2","tintindex":0},"down":{"uv":[0,0,0,7.5],"texture":"#2","tintindex":0}}},{"from":[6,0.1,0.5],"to":[6,3.1,15.5],"faces":{"north":{"uv":[0,0,0,1.5],"texture":"#2","tintindex":0},"east":{"uv":[4,3,11.5,4.5],"texture":"#2","tintindex":0},"south":{"uv":[0,0,0,1.5],"texture":"#2","tintindex":0},"west":{"uv":[4,4.5,11.5,6],"texture":"#2","tintindex":0},"up":{"uv":[0,7.5,0,0],"texture":"#2","tintindex":0},"down":{"uv":[0,0,0,7.5],"texture":"#2","tintindex":0}}}],"display":{"thirdperson_righthand":{"rotation":[75,45,0],"translation":[0,2.5,0],"scale":[0.375,0.375,0.375]},"thirdperson_lefthand":{"rotation":[75,45,0],"translation":[0,2.5,0],"scale":[0.375,0.375,0.375]},"firstperson_righthand":{"rotation":[0,45,0],"scale":[0.4,0.4,0.4]},"firstperson_lefthand":{"rotation":[0,225,0],"scale":[0.4,0.4,0.4]},"ground":{"translation":[0,3,0],"scale":[0.25,0.25,0.25]},"gui":{"rotation":[30,225,0],"translation":[0,2.5,0],"scale":[0.625,0.625,0.625]},"fixed":{"rotation":[-90,0,0],"translation":[0,0,-16],"scale":[2,2,2]}}}