{"credit":"Made with Blockbench","texture_size":[32,32],"textures":{"2":"hmcmodels:furniture/furniture/magic_store/magic_store_big_potion"},"elements":[{"from":[5.5,0,5.5],"to":[10.5,5,10.5],"faces":{"north":{"uv":[0,0,2.5,2.5],"texture":"#2","tintindex":0},"east":{"uv":[0,2.5,2.5,5],"texture":"#2","tintindex":0},"south":{"uv":[2.5,0,5,2.5],"texture":"#2","tintindex":0},"west":{"uv":[2.5,2.5,5,5],"texture":"#2","tintindex":0},"up":{"uv":[2.5,7.5,0,5],"texture":"#2","tintindex":0},"down":{"uv":[7.5,0,5,2.5],"texture":"#2","tintindex":0}}},{"from":[7,5,7],"to":[9,7,9],"faces":{"north":{"uv":[1.5,7.5,2.5,8.5],"texture":"#2","tintindex":0},"east":{"uv":[7.5,1.5,8.5,2.5],"texture":"#2","tintindex":0},"south":{"uv":[7.5,2.5,8.5,3.5],"texture":"#2","tintindex":0},"west":{"uv":[7.5,3.5,8.5,4.5],"texture":"#2","tintindex":0},"up":{"uv":[8.5,5.5,7.5,4.5],"texture":"#2","tintindex":0},"down":{"uv":[6,7.5,5,8.5],"texture":"#2","tintindex":0}}},{"from":[7,7,7],"to":[9,8,9],"faces":{"north":{"uv":[4,8,5,8.5],"texture":"#2"},"east":{"uv":[7,8,8,8.5],"texture":"#2"},"south":{"uv":[8,8,9,8.5],"texture":"#2"},"west":{"uv":[1.5,8.5,2.5,9],"texture":"#2"},"up":{"uv":[8.5,6.5,7.5,5.5],"texture":"#2"},"down":{"uv":[7,7.5,6,8.5],"texture":"#2"}}},{"from":[6.5,8,6.5],"to":[9.5,9,9.5],"faces":{"north":{"uv":[7.5,6.5,9,7],"texture":"#2"},"east":{"uv":[7,7.5,8.5,8],"texture":"#2"},"south":{"uv":[7.5,7,9,7.5],"texture":"#2"},"west":{"uv":[2.5,8,4,8.5],"texture":"#2"},"up":{"uv":[1.5,9,0,7.5],"texture":"#2"},"down":{"uv":[9,0,7.5,1.5],"texture":"#2"}}},{"from":[5.3,2,5.3],"to":[10.7,4,5.3],"faces":{"north":{"uv":[5,6.5,7.5,7.5],"texture":"#2"},"east":{"uv":[0,0,0,1],"texture":"#2"},"south":{"uv":[2.5,7,5,8],"texture":"#2"},"west":{"uv":[0,0,0,1],"texture":"#2"},"up":{"uv":[2.5,0,0,0],"texture":"#2"},"down":{"uv":[2.5,0,0,0],"texture":"#2"}}},{"from":[5.299,2,5.3],"to":[5.299,4,10.7],"rotation":{"angle":0,"axis":"y","origin":[23.199,7,8.5]},"faces":{"north":{"uv":[0,0,0,1],"texture":"#2"},"east":{"uv":[5,5.5,7.5,6.5],"texture":"#2"},"south":{"uv":[0,0,0,1],"texture":"#2"},"west":{"uv":[2.5,6,5,7],"texture":"#2"},"up":{"uv":[0,2.5,0,0],"texture":"#2"},"down":{"uv":[0,0,0,2.5],"texture":"#2"}}},{"from":[5.3,2,10.7],"to":[10.7,4,10.7],"faces":{"north":{"uv":[5,3.5,7.5,4.5],"texture":"#2"},"east":{"uv":[0,0,0,1],"texture":"#2"},"south":{"uv":[5,4.5,7.5,5.5],"texture":"#2"},"west":{"uv":[0,0,0,1],"texture":"#2"},"up":{"uv":[2.5,0,0,0],"texture":"#2"},"down":{"uv":[2.5,0,0,0],"texture":"#2"}}},{"from":[10.699,2,5.3],"to":[10.699,4,10.7],"rotation":{"angle":0,"axis":"y","origin":[23.199,7,8.5]},"faces":{"north":{"uv":[0,0,0,1],"texture":"#2"},"east":{"uv":[2.5,5,5,6],"texture":"#2"},"south":{"uv":[0,0,0,1],"texture":"#2"},"west":{"uv":[5,2.5,7.5,3.5],"texture":"#2"},"up":{"uv":[0,2.5,0,0],"texture":"#2"},"down":{"uv":[0,0,0,2.5],"texture":"#2"}}}],"display":{"thirdperson_righthand":{"rotation":[75,45,0],"translation":[0,2.5,0],"scale":[0.375,0.375,0.375]},"thirdperson_lefthand":{"rotation":[75,45,0],"translation":[0,2.5,0],"scale":[0.375,0.375,0.375]},"firstperson_righthand":{"rotation":[0,45,0],"scale":[0.4,0.4,0.4]},"firstperson_lefthand":{"rotation":[0,225,0],"scale":[0.4,0.4,0.4]},"ground":{"translation":[0,3,0],"scale":[0.25,0.25,0.25]},"gui":{"rotation":[30,225,0],"translation":[0,3.25,0]},"fixed":{"rotation":[-90,0,0],"translation":[0,0,-16],"scale":[2,2,2]}},"groups":[0,1,2,3,4,5,6,7,{"name":"group","origin":[11,3,5.5],"color":0,"nbt":"{}","armAnimationEnabled":false,"children":[]}]}