{"credit":"Made with Blockbench","texture_size":[64,64],"textures":{"1":"hmcmodels:furniture/furniture/magic_store/magic_store_cash_register"},"elements":[{"from":[1,0,0],"to":[15,3,16],"faces":{"north":{"uv":[6.5,7,10,7.75],"texture":"#1"},"east":{"uv":[7,5.5,11,6.25],"texture":"#1"},"south":{"uv":[6.5,7.75,10,8.5],"texture":"#1"},"west":{"uv":[7,6.25,11,7],"texture":"#1"},"up":{"uv":[3.5,4,0,0],"texture":"#1"},"down":{"uv":[7,0,3.5,4],"texture":"#1"}}},{"from":[1,3,4],"to":[15,10,16],"faces":{"north":{"uv":[0,7,3.5,8.75],"texture":"#1"},"east":{"uv":[7,1.75,10,3.5],"texture":"#1"},"south":{"uv":[7,0,10.5,1.75],"texture":"#1"},"west":{"uv":[3.5,7,6.5,8.75],"texture":"#1"},"up":{"uv":[3.5,7,0,4],"texture":"#1"},"down":{"uv":[7,4,3.5,7],"texture":"#1"}}},{"from":[0,4,9],"to":[1,6,11],"faces":{"north":{"uv":[6,9.25,6.25,9.75],"texture":"#1"},"east":{"uv":[5.5,8.75,6,9.25],"texture":"#1"},"south":{"uv":[6.25,9.25,6.5,9.75],"texture":"#1"},"west":{"uv":[6,8.75,6.5,9.25],"texture":"#1"},"up":{"uv":[6.75,9.75,6.5,9.25],"texture":"#1"},"down":{"uv":[7,9.25,6.75,9.75],"texture":"#1"}}},{"from":[1,10,12],"to":[15,13,16],"faces":{"north":{"uv":[6.5,8.5,10,9.25],"texture":"#1"},"east":{"uv":[3.5,8.75,4.5,9.5],"texture":"#1"},"south":{"uv":[0,8.75,3.5,9.5],"texture":"#1"},"west":{"uv":[4.5,8.75,5.5,9.5],"texture":"#1"},"up":{"uv":[10.5,4.5,7,3.5],"texture":"#1"},"down":{"uv":[10.5,4.5,7,5.5],"texture":"#1"}}},{"from":[0.5,2,9.5],"to":[0.5,5,10.5],"rotation":{"angle":45,"axis":"x","origin":[0.25,5,10]},"faces":{"north":{"uv":[0,0,0,0.75],"texture":"#1"},"east":{"uv":[5.5,9.25,5.75,10],"texture":"#1"},"south":{"uv":[0,0,0,0.75],"texture":"#1"},"west":{"uv":[5.5,9.25,5.75,10],"texture":"#1"},"up":{"uv":[0,0.25,0,0],"texture":"#1"},"down":{"uv":[0,0,0,0.25],"texture":"#1"}}},{"from":[-0.5,1,9.5],"to":[0.5,2,10.5],"rotation":{"angle":45,"axis":"x","origin":[0.25,5,10]},"faces":{"north":{"uv":[7,9.25,7.25,9.5],"texture":"#1"},"east":{"uv":[7.25,9.25,7.5,9.5],"texture":"#1"},"south":{"uv":[7.5,9.25,7.75,9.5],"texture":"#1"},"west":{"uv":[7.75,9.25,8,9.5],"texture":"#1"},"up":{"uv":[8.25,9.5,8,9.25],"texture":"#1"},"down":{"uv":[8.5,9.25,8.25,9.5],"texture":"#1"}}}],"display":{"thirdperson_righthand":{"rotation":[75,45,0],"translation":[0,2.5,0],"scale":[0.375,0.375,0.375]},"thirdperson_lefthand":{"rotation":[75,45,0],"translation":[0,2.5,0],"scale":[0.375,0.375,0.375]},"firstperson_righthand":{"rotation":[0,45,0],"scale":[0.4,0.4,0.4]},"firstperson_lefthand":{"rotation":[0,225,0],"scale":[0.4,0.4,0.4]},"ground":{"translation":[0,3,0],"scale":[0.25,0.25,0.25]},"gui":{"rotation":[30,225,0],"scale":[0.625,0.625,0.625]},"fixed":{"rotation":[-90,0,0],"translation":[0,0,-16],"scale":[2,2,2]}}}