{"credit":"Made with Blockbench","texture_size":[32,32],"textures":{"1":"hmcmodels:furniture/furniture/magic_store/magic_store_card_tower"},"elements":[{"from":[14.9,-0.3,6],"to":[14.9,5.7,10],"rotation":{"angle":22.5,"axis":"z","origin":[14.9,3.1,8]},"faces":{"north":{"uv":[0,0,0,3],"texture":"#1"},"east":{"uv":[0,0,2,3],"texture":"#1"},"south":{"uv":[0,0,0,3],"texture":"#1"},"west":{"uv":[2,0,4,3],"texture":"#1"},"up":{"uv":[0,2,0,0],"texture":"#1"},"down":{"uv":[0,0,0,2],"texture":"#1"}}},{"from":[12.91005,-0.3,6],"to":[12.91005,5.7,10],"rotation":{"angle":-22.5,"axis":"z","origin":[12.91005,3.1,8]},"faces":{"north":{"uv":[0,0,0,3],"texture":"#1"},"east":{"uv":[0,3,2,6],"texture":"#1"},"south":{"uv":[0,0,0,3],"texture":"#1"},"west":{"uv":[2,3,4,6],"texture":"#1"},"up":{"uv":[0,2,0,0],"texture":"#1"},"down":{"uv":[0,0,0,2],"texture":"#1"}}},{"from":[9.91005,5.3,6],"to":[9.91005,11.3,10],"rotation":{"angle":-22.5,"axis":"z","origin":[9.91005,8.7,8]},"faces":{"north":{"uv":[0,0,0,3],"texture":"#1"},"east":{"uv":[8,10,10,13],"texture":"#1"},"south":{"uv":[0,0,0,3],"texture":"#1"},"west":{"uv":[10,10,12,13],"texture":"#1"},"up":{"uv":[0,2,0,0],"texture":"#1"},"down":{"uv":[0,0,0,2],"texture":"#1"}}},{"from":[11.9,5.3,6],"to":[11.9,11.3,10],"rotation":{"angle":22.5,"axis":"z","origin":[11.9,8.7,8]},"faces":{"north":{"uv":[0,0,0,3],"texture":"#1"},"east":{"uv":[0,9,2,12],"texture":"#1"},"south":{"uv":[0,0,0,3],"texture":"#1"},"west":{"uv":[10,4,12,7],"texture":"#1"},"up":{"uv":[0,2,0,0],"texture":"#1"},"down":{"uv":[0,0,0,2],"texture":"#1"}}},{"from":[6.91005,10.9,6],"to":[6.91005,16.9,10],"rotation":{"angle":-22.5,"axis":"z","origin":[6.91005,14.3,8]},"faces":{"north":{"uv":[0,0,0,3],"texture":"#1"},"east":{"uv":[12,3,14,6],"texture":"#1"},"south":{"uv":[0,0,0,3],"texture":"#1"},"west":{"uv":[12,10,14,13],"texture":"#1"},"up":{"uv":[0,2,0,0],"texture":"#1"},"down":{"uv":[0,0,0,2],"texture":"#1"}}},{"from":[8.9,10.9,6],"to":[8.9,16.9,10],"rotation":{"angle":22.5,"axis":"z","origin":[8.9,14.3,8]},"faces":{"north":{"uv":[0,0,0,3],"texture":"#1"},"east":{"uv":[0,12,2,15],"texture":"#1"},"south":{"uv":[0,0,0,3],"texture":"#1"},"west":{"uv":[12,0,14,3],"texture":"#1"},"up":{"uv":[0,2,0,0],"texture":"#1"},"down":{"uv":[0,0,0,2],"texture":"#1"}}},{"from":[0.91005,-0.3,6],"to":[0.91005,5.7,10],"rotation":{"angle":-22.5,"axis":"z","origin":[0.91005,3.1,8]},"faces":{"north":{"uv":[0,0,0,3],"texture":"#1"},"east":{"uv":[8,5,10,8],"texture":"#1"},"south":{"uv":[0,0,0,3],"texture":"#1"},"west":{"uv":[6,8,8,11],"texture":"#1"},"up":{"uv":[0,2,0,0],"texture":"#1"},"down":{"uv":[0,0,0,2],"texture":"#1"}}},{"from":[2.9,-0.3,6],"to":[2.9,5.7,10],"rotation":{"angle":22.5,"axis":"z","origin":[2.9,3.1,8]},"faces":{"north":{"uv":[0,0,0,3],"texture":"#1"},"east":{"uv":[2,8,4,11],"texture":"#1"},"south":{"uv":[0,0,0,3],"texture":"#1"},"west":{"uv":[4,8,6,11],"texture":"#1"},"up":{"uv":[0,2,0,0],"texture":"#1"},"down":{"uv":[0,0,0,2],"texture":"#1"}}},{"from":[5.89908,5.29962,6],"to":[5.89908,11.29962,10],"rotation":{"angle":22.5,"axis":"z","origin":[5.89908,8.69962,8]},"faces":{"north":{"uv":[0,0,0,3],"texture":"#1"},"east":{"uv":[6,11,8,14],"texture":"#1"},"south":{"uv":[0,0,0,3],"texture":"#1"},"west":{"uv":[11,7,13,10],"texture":"#1"},"up":{"uv":[0,2,0,0],"texture":"#1"},"down":{"uv":[0,0,0,2],"texture":"#1"}}},{"from":[3.90912,5.29962,6],"to":[3.90912,11.29962,10],"rotation":{"angle":-22.5,"axis":"z","origin":[3.90912,8.69962,8]},"faces":{"north":{"uv":[0,0,0,3],"texture":"#1"},"east":{"uv":[2,11,4,14],"texture":"#1"},"south":{"uv":[0,0,0,3],"texture":"#1"},"west":{"uv":[4,11,6,14],"texture":"#1"},"up":{"uv":[0,2,0,0],"texture":"#1"},"down":{"uv":[0,0,0,2],"texture":"#1"}}},{"from":[6.90912,-0.30038,6],"to":[6.90912,5.69962,10],"rotation":{"angle":-22.5,"axis":"z","origin":[6.90912,3.09962,8]},"faces":{"north":{"uv":[0,0,0,3],"texture":"#1"},"east":{"uv":[0,6,2,9],"texture":"#1"},"south":{"uv":[0,0,0,3],"texture":"#1"},"west":{"uv":[6,0,8,3],"texture":"#1"},"up":{"uv":[0,2,0,0],"texture":"#1"},"down":{"uv":[0,0,0,2],"texture":"#1"}}},{"from":[8.89908,-0.30038,6],"to":[8.89908,5.69962,10],"rotation":{"angle":22.5,"axis":"z","origin":[8.89908,3.09962,8]},"faces":{"north":{"uv":[0,0,0,3],"texture":"#1"},"east":{"uv":[4,0,6,3],"texture":"#1"},"south":{"uv":[0,0,0,3],"texture":"#1"},"west":{"uv":[4,3,6,6],"texture":"#1"},"up":{"uv":[0,2,0,0],"texture":"#1"},"down":{"uv":[0,0,0,2],"texture":"#1"}}},{"from":[7.90502,5.50109,6],"to":[13.90502,5.50109,10],"rotation":{"angle":0,"axis":"y","origin":[10.90502,5.50109,8]},"faces":{"north":{"uv":[0,0,3,0],"texture":"#1"},"east":{"uv":[0,0,2,0],"texture":"#1"},"south":{"uv":[0,0,3,0],"texture":"#1"},"west":{"uv":[0,0,2,0],"texture":"#1"},"up":{"uv":[5,8,2,6],"texture":"#1"},"down":{"uv":[9,3,6,5],"texture":"#1"}}},{"from":[4.90502,11.10109,6],"to":[10.90502,11.10109,10],"rotation":{"angle":0,"axis":"y","origin":[10.90502,6.10109,8]},"faces":{"north":{"uv":[0,0,3,0],"texture":"#1"},"east":{"uv":[0,0,2,0],"texture":"#1"},"south":{"uv":[0,0,3,0],"texture":"#1"},"west":{"uv":[0,0,2,0],"texture":"#1"},"up":{"uv":[11,10,8,8],"texture":"#1"},"down":{"uv":[12,2,9,4],"texture":"#1"}}},{"from":[1.90502,5.50109,6],"to":[7.90502,5.50109,10],"rotation":{"angle":0,"axis":"y","origin":[10.90502,5.50109,8]},"faces":{"north":{"uv":[0,0,3,0],"texture":"#1"},"east":{"uv":[0,0,2,0],"texture":"#1"},"south":{"uv":[0,0,3,0],"texture":"#1"},"west":{"uv":[0,0,2,0],"texture":"#1"},"up":{"uv":[8,8,5,6],"texture":"#1"},"down":{"uv":[11,0,8,2],"texture":"#1"}}}],"display":{"thirdperson_righthand":{"rotation":[75,45,0],"translation":[0,2.5,0],"scale":[0.375,0.375,0.375]},"thirdperson_lefthand":{"rotation":[75,45,0],"translation":[0,2.5,0],"scale":[0.375,0.375,0.375]},"firstperson_righthand":{"rotation":[0,45,0],"scale":[0.4,0.4,0.4]},"firstperson_lefthand":{"rotation":[0,225,0],"scale":[0.4,0.4,0.4]},"ground":{"translation":[0,3,0],"scale":[0.25,0.25,0.25]},"gui":{"rotation":[30,225,0],"translation":[0,1.5,0],"scale":[0.6,0.6,0.6]},"fixed":{"rotation":[-90,0,0],"translation":[0,0,-16],"scale":[2,2,2]}}}