{"credit":"Made with Blockbench","textures":{"1":"hmcmodels:furniture/magic_store/magic_store_wand","particle":"hmcmodels:furniture/magic_store/magic_store_wand"},"elements":[{"from":[7,0.001,2],"to":[9,2.001,8],"rotation":{"angle":0,"axis":"y","origin":[8,0.801,7.25]},"faces":{"north":{"uv":[6,0,8,2],"texture":"#1"},"east":{"uv":[0,0,6,2],"texture":"#1"},"south":{"uv":[6,2,8,4],"texture":"#1"},"west":{"uv":[0,2,6,4],"texture":"#1"},"up":{"uv":[2,10,0,4],"texture":"#1"},"down":{"uv":[4,4,2,10],"texture":"#1"}}},{"from":[7.5,0.501,8],"to":[8.5,1.501,15],"rotation":{"angle":0,"axis":"y","origin":[8,0.801,7.25]},"faces":{"north":{"uv":[6,6,7,7],"texture":"#1"},"east":{"uv":[4,4,11,5],"texture":"#1"},"south":{"uv":[6,7,7,8],"texture":"#1"},"west":{"uv":[4,5,11,6],"texture":"#1"},"up":{"uv":[5,13,4,6],"texture":"#1"},"down":{"uv":[6,6,5,13],"texture":"#1"}}}],"display":{"thirdperson_righthand":{"rotation":[75,45,0],"translation":[0,2.5,0],"scale":[0.375,0.375,0.375]},"thirdperson_lefthand":{"rotation":[75,45,0],"translation":[0,2.5,0],"scale":[0.375,0.375,0.375]},"firstperson_righthand":{"rotation":[0,45,0],"scale":[0.4,0.4,0.4]},"firstperson_lefthand":{"rotation":[0,225,0],"scale":[0.4,0.4,0.4]},"ground":{"translation":[0,3,0],"scale":[0.25,0.25,0.25]},"gui":{"rotation":[30,225,0],"translation":[0,2.5,0],"scale":[0.625,0.625,0.625]},"fixed":{"rotation":[-90,0,0],"translation":[0,0,-16],"scale":[2,2,2]}}}