{"credit":"Made with Blockbench","texture_size":[32,32],"textures":{"1":"hmcmodels:furniture/furniture/magic_store/magic_store_wall_cloth"},"elements":[{"from":[0,0,15.8],"to":[16,16,15.8],"faces":{"north":{"uv":[0,0,8,8],"texture":"#1","tintindex":0},"east":{"uv":[0,0,0,8],"texture":"#1"},"south":{"uv":[0,8,8,16],"texture":"#1","tintindex":0},"west":{"uv":[0,0,0,8],"texture":"#1"},"up":{"uv":[8,0,0,0],"texture":"#1"},"down":{"uv":[8,0,0,0],"texture":"#1"}}},{"from":[0,0,15.8],"to":[16,16,15.8],"faces":{"north":{"uv":[8,0,16,8],"texture":"#1"},"east":{"uv":[0,0,0,8],"texture":"#1"},"south":{"uv":[8,8,16,16],"texture":"#1"},"west":{"uv":[0,0,0,8],"texture":"#1"},"up":{"uv":[8,0,0,0],"texture":"#1"},"down":{"uv":[8,0,0,0],"texture":"#1"}}}],"display":{"thirdperson_righthand":{"rotation":[75,45,0],"translation":[0,2.5,0],"scale":[0.375,0.375,0.375]},"thirdperson_lefthand":{"rotation":[75,45,0],"translation":[0,2.5,0],"scale":[0.375,0.375,0.375]},"firstperson_righthand":{"rotation":[0,45,0],"scale":[0.4,0.4,0.4]},"firstperson_lefthand":{"rotation":[0,225,0],"scale":[0.4,0.4,0.4]},"ground":{"translation":[0,3,0],"scale":[0.25,0.25,0.25]},"gui":{"rotation":[30,225,0],"translation":[3.5,-2,0],"scale":[0.625,0.625,0.625]},"fixed":{"translation":[0,0,-16],"scale":[2,2,2]}}}