{"credit":"Made with Blockbench","texture_size":[64,64],"textures":{"3":"hmcmodels:furniture/furniture/magic_store/magic_store_hourglass"},"elements":[{"from":[4.5,1,4.5],"to":[4.5,10,5.5],"rotation":{"angle":-45,"axis":"y","origin":[5,5.5,5]},"faces":{"north":{"uv":[0,0,0,2.25],"texture":"#3"},"east":{"uv":[5,7,5.25,9.25],"texture":"#3"},"south":{"uv":[0,0,0,2.25],"texture":"#3"},"west":{"uv":[5.25,7,5.5,9.25],"texture":"#3"},"up":{"uv":[0,0.25,0,0],"texture":"#3"},"down":{"uv":[0,0,0,0.25],"texture":"#3"}}},{"from":[11.5,1,4.5],"to":[11.5,10,5.5],"rotation":{"angle":45,"axis":"y","origin":[11,5.5,5]},"faces":{"north":{"uv":[0,0,0,2.25],"texture":"#3"},"east":{"uv":[5.5,7,5.75,9.25],"texture":"#3"},"south":{"uv":[0,0,0,2.25],"texture":"#3"},"west":{"uv":[5.75,7,6,9.25],"texture":"#3"},"up":{"uv":[0,0.25,0,0],"texture":"#3"},"down":{"uv":[0,0,0,0.25],"texture":"#3"}}},{"from":[11.5,1,10.5],"to":[11.5,10,11.5],"rotation":{"angle":-45,"axis":"y","origin":[11,5.5,11]},"faces":{"north":{"uv":[0,0,0,2.25],"texture":"#3"},"east":{"uv":[6.5,7,6.75,9.25],"texture":"#3"},"south":{"uv":[0,0,0,2.25],"texture":"#3"},"west":{"uv":[6.75,7,7,9.25],"texture":"#3"},"up":{"uv":[0,0.25,0,0],"texture":"#3"},"down":{"uv":[0,0,0,0.25],"texture":"#3"}}},{"from":[4.5,1,10.5],"to":[4.5,10,11.5],"rotation":{"angle":45,"axis":"y","origin":[5,5.5,11]},"faces":{"north":{"uv":[0,0,0,2.25],"texture":"#3"},"east":{"uv":[6,7,6.25,9.25],"texture":"#3"},"south":{"uv":[0,0,0,2.25],"texture":"#3"},"west":{"uv":[6.25,7,6.5,9.25],"texture":"#3"},"up":{"uv":[0,0.25,0,0],"texture":"#3"},"down":{"uv":[0,0,0,0.25],"texture":"#3"}}},{"from":[4,10,4],"to":[12,11,12],"faces":{"north":{"uv":[7,7,9,7.25],"texture":"#3"},"east":{"uv":[0,7.25,2,7.5],"texture":"#3"},"south":{"uv":[2,7.25,4,7.5],"texture":"#3"},"west":{"uv":[7,7.25,9,7.5],"texture":"#3"},"up":{"uv":[2,2,0,0],"texture":"#3"},"down":{"uv":[2,2,0,4],"texture":"#3"}}},{"from":[4,0,4],"to":[12,1,12],"faces":{"north":{"uv":[0,7.5,2,7.75],"texture":"#3"},"east":{"uv":[2,7.5,4,7.75],"texture":"#3"},"south":{"uv":[7.5,3,9.5,3.25],"texture":"#3"},"west":{"uv":[7.5,3.25,9.5,3.5],"texture":"#3"},"up":{"uv":[4,2,2,0],"texture":"#3"},"down":{"uv":[4,2,2,4],"texture":"#3"}}},{"from":[5.7,1,5.7],"to":[10.3,3,10.3],"faces":{"north":{"uv":[6.25,6,7.5,6.5],"texture":"#3"},"east":{"uv":[6.5,0,7.75,0.5],"texture":"#3"},"south":{"uv":[6.5,0.5,7.75,1],"texture":"#3"},"west":{"uv":[6.5,1,7.75,1.5],"texture":"#3"},"up":{"uv":[3.75,5.25,2.5,4],"texture":"#3"},"down":{"uv":[5.25,2.5,4,3.75],"texture":"#3"}}},{"from":[5.7,6.2,5.7],"to":[10.3,8.2,10.3],"faces":{"north":{"uv":[6.5,1.5,7.75,2],"texture":"#3"},"east":{"uv":[6.5,2,7.75,2.5],"texture":"#3"},"south":{"uv":[6.5,2.5,7.75,3],"texture":"#3"},"west":{"uv":[6.25,6.5,7.5,7],"texture":"#3"},"up":{"uv":[5,5.25,3.75,4],"texture":"#3"},"down":{"uv":[6.25,3.75,5,5],"texture":"#3"}}},{"from":[5.5,1,5.5],"to":[5.5,5,10.5],"rotation":{"angle":0,"axis":"y","origin":[8,5.5,8]},"faces":{"north":{"uv":[0,0,0,1],"texture":"#3"},"east":{"uv":[5,5,6.25,6],"texture":"#3"},"south":{"uv":[0,0,0,1],"texture":"#3"},"west":{"uv":[0,5.25,1.25,6.25],"texture":"#3"},"up":{"uv":[0,1.25,0,0],"texture":"#3"},"down":{"uv":[0,0,0,1.25],"texture":"#3"}}},{"from":[5.5,6,5.5],"to":[5.5,10,10.5],"rotation":{"angle":0,"axis":"y","origin":[8,5.5,8]},"faces":{"north":{"uv":[0,0,0,1],"texture":"#3"},"east":{"uv":[5.25,0,6.5,1],"texture":"#3"},"south":{"uv":[0,0,0,1],"texture":"#3"},"west":{"uv":[5.25,1,6.5,2],"texture":"#3"},"up":{"uv":[0,1.25,0,0],"texture":"#3"},"down":{"uv":[0,0,0,1.25],"texture":"#3"}}},{"from":[7.5,5,7.5],"to":[7.5,6,8.5],"rotation":{"angle":0,"axis":"y","origin":[8,5.5,8]},"faces":{"north":{"uv":[0,0,0,0.25],"texture":"#3"},"east":{"uv":[4,3.75,4.25,4],"texture":"#3"},"south":{"uv":[0,0,0,0.25],"texture":"#3"},"west":{"uv":[4.25,3.75,4.5,4],"texture":"#3"},"up":{"uv":[0,0.25,0,0],"texture":"#3"},"down":{"uv":[0,0,0,0.25],"texture":"#3"}}},{"from":[5.5,6,5.5],"to":[10.5,10,5.5],"rotation":{"angle":0,"axis":"y","origin":[8,5.5,8]},"faces":{"north":{"uv":[2.5,5.25,3.75,6.25],"texture":"#3"},"east":{"uv":[0,0,0,1],"texture":"#3"},"south":{"uv":[3.75,5.25,5,6.25],"texture":"#3"},"west":{"uv":[0,0,0,1],"texture":"#3"},"up":{"uv":[1.25,0,0,0],"texture":"#3"},"down":{"uv":[1.25,0,0,0],"texture":"#3"}}},{"from":[7.5,5,7.5],"to":[8.5,6,7.5],"rotation":{"angle":0,"axis":"y","origin":[8,5.5,8]},"faces":{"north":{"uv":[4.5,3.75,4.75,4],"texture":"#3"},"east":{"uv":[0,0,0,0.25],"texture":"#3"},"south":{"uv":[4.75,3.75,5,4],"texture":"#3"},"west":{"uv":[0,0,0,0.25],"texture":"#3"},"up":{"uv":[0.25,0,0,0],"texture":"#3"},"down":{"uv":[0.25,0,0,0],"texture":"#3"}}},{"from":[5.5,1,5.5],"to":[10.5,5,5.5],"rotation":{"angle":0,"axis":"y","origin":[8,5.5,8]},"faces":{"north":{"uv":[1.25,5.25,2.5,6.25],"texture":"#3"},"east":{"uv":[0,0,0,1],"texture":"#3"},"south":{"uv":[5.25,2,6.5,3],"texture":"#3"},"west":{"uv":[0,0,0,1],"texture":"#3"},"up":{"uv":[1.25,0,0,0],"texture":"#3"},"down":{"uv":[1.25,0,0,0],"texture":"#3"}}},{"from":[5.5,5,5.5],"to":[10.5,5,10.5],"rotation":{"angle":0,"axis":"y","origin":[8,5.5,8]},"faces":{"north":{"uv":[0,0,1.25,0],"texture":"#3"},"east":{"uv":[0,0,1.25,0],"texture":"#3"},"south":{"uv":[0,0,1.25,0],"texture":"#3"},"west":{"uv":[0,0,1.25,0],"texture":"#3"},"up":{"uv":[1.25,5.25,0,4],"texture":"#3"},"down":{"uv":[5.25,0,4,1.25],"texture":"#3"}}},{"from":[5.5,6,5.5],"to":[10.5,6,10.5],"rotation":{"angle":0,"axis":"y","origin":[8,5.5,8]},"faces":{"north":{"uv":[0,0,1.25,0],"texture":"#3"},"east":{"uv":[0,0,1.25,0],"texture":"#3"},"south":{"uv":[0,0,1.25,0],"texture":"#3"},"west":{"uv":[0,0,1.25,0],"texture":"#3"},"up":{"uv":[2.5,5.25,1.25,4],"texture":"#3"},"down":{"uv":[5.25,1.25,4,2.5],"texture":"#3"}}},{"from":[10.5,6,5.5],"to":[10.5,10,10.5],"rotation":{"angle":0,"axis":"y","origin":[8,5.5,8]},"faces":{"north":{"uv":[0,0,0,1],"texture":"#3"},"east":{"uv":[1.25,6.25,2.5,7.25],"texture":"#3"},"south":{"uv":[0,0,0,1],"texture":"#3"},"west":{"uv":[2.5,6.25,3.75,7.25],"texture":"#3"},"up":{"uv":[0,1.25,0,0],"texture":"#3"},"down":{"uv":[0,0,0,1.25],"texture":"#3"}}},{"from":[8.5,5,7.5],"to":[8.5,6,8.5],"rotation":{"angle":0,"axis":"y","origin":[8,5.5,8]},"faces":{"north":{"uv":[0,0,0,0.25],"texture":"#3"},"east":{"uv":[5.25,3,5.5,3.25],"texture":"#3"},"south":{"uv":[0,0,0,0.25],"texture":"#3"},"west":{"uv":[5.25,3.25,5.5,3.5],"texture":"#3"},"up":{"uv":[0,0.25,0,0],"texture":"#3"},"down":{"uv":[0,0,0,0.25],"texture":"#3"}}},{"from":[10.5,1,5.5],"to":[10.5,5,10.5],"rotation":{"angle":0,"axis":"y","origin":[8,5.5,8]},"faces":{"north":{"uv":[0,0,0,1],"texture":"#3"},"east":{"uv":[5,6,6.25,7],"texture":"#3"},"south":{"uv":[0,0,0,1],"texture":"#3"},"west":{"uv":[0,6.25,1.25,7.25],"texture":"#3"},"up":{"uv":[0,1.25,0,0],"texture":"#3"},"down":{"uv":[0,0,0,1.25],"texture":"#3"}}},{"from":[5.5,6,10.5],"to":[10.5,10,10.5],"rotation":{"angle":0,"axis":"y","origin":[8,5.5,8]},"faces":{"north":{"uv":[6.25,4,7.5,5],"texture":"#3"},"east":{"uv":[0,0,0,1],"texture":"#3"},"south":{"uv":[6.25,5,7.5,6],"texture":"#3"},"west":{"uv":[0,0,0,1],"texture":"#3"},"up":{"uv":[1.25,0,0,0],"texture":"#3"},"down":{"uv":[1.25,0,0,0],"texture":"#3"}}},{"from":[7.5,5,8.5],"to":[8.5,6,8.5],"rotation":{"angle":0,"axis":"y","origin":[8,5.5,8]},"faces":{"north":{"uv":[5.25,3.5,5.5,3.75],"texture":"#3"},"east":{"uv":[0,0,0,0.25],"texture":"#3"},"south":{"uv":[5.5,3,5.75,3.25],"texture":"#3"},"west":{"uv":[0,0,0,0.25],"texture":"#3"},"up":{"uv":[0.25,0,0,0],"texture":"#3"},"down":{"uv":[0.25,0,0,0],"texture":"#3"}}},{"from":[5.5,1,10.5],"to":[10.5,5,10.5],"rotation":{"angle":0,"axis":"y","origin":[8,5.5,8]},"faces":{"north":{"uv":[6.25,3,7.5,4],"texture":"#3"},"east":{"uv":[0,0,0,1],"texture":"#3"},"south":{"uv":[3.75,6.25,5,7.25],"texture":"#3"},"west":{"uv":[0,0,0,1],"texture":"#3"},"up":{"uv":[1.25,0,0,0],"texture":"#3"},"down":{"uv":[1.25,0,0,0],"texture":"#3"}}}],"display":{"thirdperson_righthand":{"rotation":[75,45,0],"translation":[0,2.5,0],"scale":[0.375,0.375,0.375]},"thirdperson_lefthand":{"rotation":[75,45,0],"translation":[0,2.5,0],"scale":[0.375,0.375,0.375]},"firstperson_righthand":{"rotation":[0,45,0],"scale":[0.4,0.4,0.4]},"firstperson_lefthand":{"rotation":[0,225,0],"scale":[0.4,0.4,0.4]},"ground":{"translation":[0,3,0],"scale":[0.25,0.25,0.25]},"gui":{"rotation":[30,225,0],"scale":[0.625,0.625,0.625]},"fixed":{"rotation":[-90,0,0],"translation":[0,0,-16],"scale":[2,2,2]}}}