{"credit":"Made with Blockbench","texture_size":[64,64],"textures":{"3":"hmcmodels:furniture/furniture/magic_store/magic_store_display_pillow"},"elements":[{"from":[4,0,4],"to":[12,2,12],"rotation":{"angle":0,"axis":"y","origin":[8,7.75,5.25]},"faces":{"north":{"uv":[6.5,0,8.5,0.5],"texture":"#3"},"east":{"uv":[6.5,0.5,8.5,1],"texture":"#3"},"south":{"uv":[6.5,1,8.5,1.5],"texture":"#3"},"west":{"uv":[6.5,1.5,8.5,2],"texture":"#3"},"up":{"uv":[4.5,2,2.5,0],"texture":"#3"},"down":{"uv":[4.5,2,2.5,4],"texture":"#3"}}},{"from":[4,11,4],"to":[12,13,12],"rotation":{"angle":0,"axis":"y","origin":[8,7.75,5.25]},"faces":{"north":{"uv":[6,6.5,8,7],"texture":"#3"},"east":{"uv":[6,7,8,7.5],"texture":"#3"},"south":{"uv":[0,7.25,2,7.75],"texture":"#3"},"west":{"uv":[4,7.5,6,8],"texture":"#3"},"up":{"uv":[4.5,6,2.5,4],"texture":"#3"},"down":{"uv":[6.5,0,4.5,2],"texture":"#3"}}},{"from":[3,13,3],"to":[13,16,13],"rotation":{"angle":0,"axis":"y","origin":[8,7.75,5.25]},"faces":{"north":{"uv":[5.5,2,8,2.75],"texture":"#3","tintindex":0},"east":{"uv":[5.5,2.75,8,3.5],"texture":"#3","tintindex":0},"south":{"uv":[5.5,3.5,8,4.25],"texture":"#3","tintindex":0},"west":{"uv":[5.5,4.25,8,5],"texture":"#3","tintindex":0},"up":{"uv":[2.5,2.5,0,0],"texture":"#3","tintindex":0},"down":{"uv":[2.5,2.5,0,5],"texture":"#3","tintindex":0}}},{"from":[6,2,6],"to":[10,11,10],"rotation":{"angle":0,"axis":"y","origin":[8,7.75,5.25]},"faces":{"north":{"uv":[4.5,2,5.5,4.25],"texture":"#3"},"east":{"uv":[4.5,4.25,5.5,6.5],"texture":"#3"},"south":{"uv":[0,5,1,7.25],"texture":"#3"},"west":{"uv":[1,5,2,7.25],"texture":"#3"},"up":{"uv":[5,7.5,4,6.5],"texture":"#3"},"down":{"uv":[6,6.5,5,7.5],"texture":"#3"}}},{"from":[3.5,14,1.5],"to":[12.5,14,3.5],"rotation":{"angle":-45,"axis":"x","origin":[8,14,3.5]},"faces":{"north":{"uv":[0,0,2.25,0],"texture":"#3","tintindex":0},"east":{"uv":[0,0,0.5,0],"texture":"#3","tintindex":0},"south":{"uv":[0,0,2.25,0],"texture":"#3","tintindex":0},"west":{"uv":[0,0,0.5,0],"texture":"#3","tintindex":0},"up":{"uv":[7.75,5.5,5.5,5],"texture":"#3","tintindex":0},"down":{"uv":[7.75,5.5,5.5,6],"texture":"#3","tintindex":0}}},{"from":[3.5,14,12.5],"to":[12.5,14,14.5],"rotation":{"angle":45,"axis":"x","origin":[8,14,12.5]},"faces":{"north":{"uv":[0,0,2.25,0],"texture":"#3","tintindex":0},"east":{"uv":[0,0,0.5,0],"texture":"#3","tintindex":0},"south":{"uv":[0,0,2.25,0],"texture":"#3","tintindex":0},"west":{"uv":[0,0,0.5,0],"texture":"#3","tintindex":0},"up":{"uv":[4.25,6.5,2,6],"texture":"#3","tintindex":0},"down":{"uv":[7.75,6,5.5,6.5],"texture":"#3","tintindex":0}}},{"from":[3.31802,16.97487,3.5],"to":[5.31802,16.97487,12.5],"rotation":{"angle":45,"axis":"z","origin":[8,13.29289,8]},"faces":{"north":{"uv":[0,0,0.5,0],"texture":"#3","tintindex":0},"east":{"uv":[0,0,2.25,0],"texture":"#3","tintindex":0},"south":{"uv":[0,0,0.5,0],"texture":"#3","tintindex":0},"west":{"uv":[0,0,2.25,0],"texture":"#3","tintindex":0},"up":{"uv":[3,8.75,2.5,6.5],"texture":"#3","tintindex":0},"down":{"uv":[3,6.5,2.5,8.75],"texture":"#3"}}},{"from":[10.68198,16.97487,3.5],"to":[12.68198,16.97487,12.5],"rotation":{"angle":-45,"axis":"z","origin":[8,13.29289,8]},"faces":{"north":{"uv":[0,0,0.5,0],"texture":"#3","tintindex":0},"east":{"uv":[0,0,2.25,0],"texture":"#3","tintindex":0},"south":{"uv":[0,0,0.5,0],"texture":"#3","tintindex":0},"west":{"uv":[0,0,2.25,0],"texture":"#3","tintindex":0},"up":{"uv":[2.5,8.75,2,6.5],"texture":"#3","tintindex":0},"down":{"uv":[3,6.5,2.5,8.75],"texture":"#3","tintindex":0}}}],"display":{"thirdperson_righthand":{"rotation":[75,45,0],"translation":[0,2.5,0],"scale":[0.375,0.375,0.375]},"thirdperson_lefthand":{"rotation":[75,45,0],"translation":[0,2.5,0],"scale":[0.375,0.375,0.375]},"firstperson_righthand":{"rotation":[0,45,0],"scale":[0.4,0.4,0.4]},"firstperson_lefthand":{"rotation":[0,225,0],"scale":[0.4,0.4,0.4]},"ground":{"translation":[0,3,0],"scale":[0.25,0.25,0.25]},"gui":{"rotation":[30,225,0],"scale":[0.625,0.625,0.625]},"fixed":{"rotation":[-90,0,0],"translation":[0,0,-16],"scale":[2,2,2]}}}