{"credit":"Made with Blockbench","textures":{"0":"camelot:item/sakazuki","particle":"camelot:item/sakazuki"},"elements":[{"from":[6.5,10.75,5],"to":[9.5,10.925,6],"rotation":{"angle":0,"axis":"y","origin":[16.5,18,13]},"faces":{"north":{"uv":[0,0,3,0.175],"texture":"#0"},"east":{"uv":[0,0,1,0.175],"texture":"#0"},"south":{"uv":[0,0,3,0.175],"texture":"#0"},"west":{"uv":[0,0,1,0.175],"texture":"#0"},"up":{"uv":[0,0,3,1],"texture":"#0"},"down":{"uv":[0,0,3,1],"texture":"#0"}}},{"from":[6.5,10.75,11.24264],"to":[9.5,10.925,12.24264],"rotation":{"angle":0,"axis":"y","origin":[16.5,18,19.24264]},"faces":{"north":{"uv":[0,0,3,0.175],"texture":"#0"},"east":{"uv":[0,0,1,0.175],"texture":"#0"},"south":{"uv":[0,0,3,0.175],"texture":"#0"},"west":{"uv":[0,0,1,0.175],"texture":"#0"},"up":{"uv":[0,0,3,1],"texture":"#0"},"down":{"uv":[0,0,3,1],"texture":"#0"}}},{"from":[6.75,10.5,10.74264],"to":[9.25,10.75,11.74264],"rotation":{"angle":0,"axis":"y","origin":[16.5,17.75,18.74264]},"faces":{"north":{"uv":[0,0,2.5,0.25],"texture":"#0"},"east":{"uv":[0,0,1,0.25],"texture":"#0"},"south":{"uv":[0,0,2.5,0.25],"texture":"#0"},"west":{"uv":[0,0,1,0.25],"texture":"#0"},"up":{"uv":[0,0,2.5,1],"texture":"#0"},"down":{"uv":[0,0,2.5,1],"texture":"#0"}}},{"from":[7,10.25,10.24264],"to":[9,10.5,11.24264],"rotation":{"angle":0,"axis":"y","origin":[16.5,17.5,18.24264]},"faces":{"north":{"uv":[0,0,2,0.25],"texture":"#0"},"east":{"uv":[0,0,1,0.25],"texture":"#0"},"south":{"uv":[0,0,2,0.25],"texture":"#0"},"west":{"uv":[0,0,1,0.25],"texture":"#0"},"up":{"uv":[0,0,2,1],"texture":"#0"},"down":{"uv":[0,0,2,1],"texture":"#0"}}},{"from":[7.25,10,9.74264],"to":[8.75,10.25,10.74264],"rotation":{"angle":0,"axis":"y","origin":[16.5,17.25,17.74264]},"faces":{"north":{"uv":[0,0,1.5,0.25],"texture":"#0"},"east":{"uv":[0,0,1,0.25],"texture":"#0"},"south":{"uv":[0,0,1.5,0.25],"texture":"#0"},"west":{"uv":[0,0,1,0.25],"texture":"#0"},"up":{"uv":[0,0,1.5,1],"texture":"#0"},"down":{"uv":[0,0,1.5,1],"texture":"#0"}}},{"from":[7.25,9.625,9.24264],"to":[8.75,10,10.24264],"rotation":{"angle":0,"axis":"y","origin":[16.5,17,17.24264]},"faces":{"north":{"uv":[0,0,1.5,0.375],"texture":"#0"},"east":{"uv":[0,0,1,0.375],"texture":"#0"},"south":{"uv":[0,0,1.5,0.375],"texture":"#0"},"west":{"uv":[0,0,1,0.375],"texture":"#0"},"up":{"uv":[0,0,1.5,1],"texture":"#0"},"down":{"uv":[0,0,1.5,1],"texture":"#0"}}},{"from":[6.75,10.5,5.49264],"to":[9.25,10.75,6.49264],"rotation":{"angle":0,"axis":"y","origin":[16.5,17.75,13.49264]},"faces":{"north":{"uv":[0,0,2.5,0.25],"texture":"#0"},"east":{"uv":[0,0,1,0.25],"texture":"#0"},"south":{"uv":[0,0,2.5,0.25],"texture":"#0"},"west":{"uv":[0,0,1,0.25],"texture":"#0"},"up":{"uv":[0,0,2.5,1],"texture":"#0"},"down":{"uv":[0,0,2.5,1],"texture":"#0"}}},{"from":[7,10.25,5.99264],"to":[9,10.5,6.99264],"rotation":{"angle":0,"axis":"y","origin":[16.5,17.5,13.99264]},"faces":{"north":{"uv":[0,0,2,0.25],"texture":"#0"},"east":{"uv":[0,0,1,0.25],"texture":"#0"},"south":{"uv":[0,0,2,0.25],"texture":"#0"},"west":{"uv":[0,0,1,0.25],"texture":"#0"},"up":{"uv":[0,0,2,1],"texture":"#0"},"down":{"uv":[0,0,2,1],"texture":"#0"}}},{"from":[7.25,10,6.49264],"to":[8.75,10.25,7.49264],"rotation":{"angle":0,"axis":"y","origin":[16.5,17.25,14.49264]},"faces":{"north":{"uv":[0,0,1.5,0.25],"texture":"#0"},"east":{"uv":[0,0,1,0.25],"texture":"#0"},"south":{"uv":[0,0,1.5,0.25],"texture":"#0"},"west":{"uv":[0,0,1,0.25],"texture":"#0"},"up":{"uv":[0,0,1.5,1],"texture":"#0"},"down":{"uv":[0,0,1.5,1],"texture":"#0"}}},{"from":[7.25,9.625,6.99264],"to":[8.75,10,9.74264],"rotation":{"angle":0,"axis":"y","origin":[16.5,17,14.99264]},"faces":{"north":{"uv":[0,0,1.5,0.375],"texture":"#0"},"east":{"uv":[0,0,2.75,0.375],"texture":"#0"},"south":{"uv":[0,0,1.5,0.375],"texture":"#0"},"west":{"uv":[0,0,2.75,0.375],"texture":"#0"},"up":{"uv":[0,0,1.5,2.75],"texture":"#0"},"down":{"uv":[0,0,1.5,2.75],"texture":"#0"}}},{"from":[10.62132,10.75,7.12132],"to":[11.62132,10.925,10.12132],"rotation":{"angle":0,"axis":"y","origin":[18.62132,18,15.12132]},"faces":{"north":{"uv":[0,0,1,0.175],"texture":"#0"},"east":{"uv":[0,0,3,0.175],"texture":"#0"},"south":{"uv":[0,0,1,0.175],"texture":"#0"},"west":{"uv":[0,0,3,0.175],"texture":"#0"},"up":{"uv":[0,0,1,3],"texture":"#0"},"down":{"uv":[0,0,1,3],"texture":"#0"}}},{"from":[4.37868,10.75,7.12132],"to":[5.37868,10.925,10.12132],"rotation":{"angle":0,"axis":"y","origin":[12.37868,18,15.12132]},"faces":{"north":{"uv":[0,0,1,0.175],"texture":"#0"},"east":{"uv":[0,0,3,0.175],"texture":"#0"},"south":{"uv":[0,0,1,0.175],"texture":"#0"},"west":{"uv":[0,0,3,0.175],"texture":"#0"},"up":{"uv":[0,0,1,3],"texture":"#0"},"down":{"uv":[0,0,1,3],"texture":"#0"}}},{"from":[4.87868,10.5,7.37132],"to":[5.87868,10.75,9.87132],"rotation":{"angle":0,"axis":"y","origin":[12.87868,17.75,15.12132]},"faces":{"north":{"uv":[0,0,1,0.25],"texture":"#0"},"east":{"uv":[0,0,2.5,0.25],"texture":"#0"},"south":{"uv":[0,0,1,0.25],"texture":"#0"},"west":{"uv":[0,0,2.5,0.25],"texture":"#0"},"up":{"uv":[0,0,1,2.5],"texture":"#0"},"down":{"uv":[0,0,1,2.5],"texture":"#0"}}},{"from":[5.37868,10.25,7.62132],"to":[6.37868,10.5,9.62132],"rotation":{"angle":0,"axis":"y","origin":[13.37868,17.5,15.12132]},"faces":{"north":{"uv":[0,0,1,0.25],"texture":"#0"},"east":{"uv":[0,0,2,0.25],"texture":"#0"},"south":{"uv":[0,0,1,0.25],"texture":"#0"},"west":{"uv":[0,0,2,0.25],"texture":"#0"},"up":{"uv":[0,0,1,2],"texture":"#0"},"down":{"uv":[0,0,1,2],"texture":"#0"}}},{"from":[5.87868,10,7.87132],"to":[6.87868,10.25,9.37132],"rotation":{"angle":0,"axis":"y","origin":[13.87868,17.25,15.12132]},"faces":{"north":{"uv":[0,0,1,0.25],"texture":"#0"},"east":{"uv":[0,0,1.5,0.25],"texture":"#0"},"south":{"uv":[0,0,1,0.25],"texture":"#0"},"west":{"uv":[0,0,1.5,0.25],"texture":"#0"},"up":{"uv":[0,0,1,1.5],"texture":"#0"},"down":{"uv":[0,0,1,1.5],"texture":"#0"}}},{"from":[6.37868,9.625,7.87132],"to":[7.37868,10,9.37132],"rotation":{"angle":0,"axis":"y","origin":[14.37868,17,15.12132]},"faces":{"north":{"uv":[0,0,1,0.375],"texture":"#0"},"east":{"uv":[0,0,1.5,0.375],"texture":"#0"},"south":{"uv":[0,0,1,0.375],"texture":"#0"},"west":{"uv":[0,0,1.5,0.375],"texture":"#0"},"up":{"uv":[0,0,1,1.5],"texture":"#0"},"down":{"uv":[0,0,1,1.5],"texture":"#0"}}},{"from":[6.37868,9.75,7.87132],"to":[7.37868,10,9.37132],"rotation":{"angle":0,"axis":"y","origin":[14.37868,17,15.12132]},"faces":{"north":{"uv":[0,0,1,0.25],"texture":"#0"},"east":{"uv":[0,0,1.5,0.25],"texture":"#0"},"south":{"uv":[0,0,1,0.25],"texture":"#0"},"west":{"uv":[0,0,1.5,0.25],"texture":"#0"},"up":{"uv":[0,0,1,1.5],"texture":"#0"},"down":{"uv":[0,0,1,1.5],"texture":"#0"}}},{"from":[10.12868,10.5,7.37132],"to":[11.12868,10.75,9.87132],"rotation":{"angle":0,"axis":"y","origin":[18.12868,17.75,15.12132]},"faces":{"north":{"uv":[0,0,1,0.25],"texture":"#0"},"east":{"uv":[0,0,2.5,0.25],"texture":"#0"},"south":{"uv":[0,0,1,0.25],"texture":"#0"},"west":{"uv":[0,0,2.5,0.25],"texture":"#0"},"up":{"uv":[0,0,1,2.5],"texture":"#0"},"down":{"uv":[0,0,1,2.5],"texture":"#0"}}},{"from":[9.62868,10.25,7.62132],"to":[10.62868,10.5,9.62132],"rotation":{"angle":0,"axis":"y","origin":[17.62868,17.5,15.12132]},"faces":{"north":{"uv":[0,0,1,0.25],"texture":"#0"},"east":{"uv":[0,0,2,0.25],"texture":"#0"},"south":{"uv":[0,0,1,0.25],"texture":"#0"},"west":{"uv":[0,0,2,0.25],"texture":"#0"},"up":{"uv":[0,0,1,2],"texture":"#0"},"down":{"uv":[0,0,1,2],"texture":"#0"}}},{"from":[5.87868,10.6,6.37132],"to":[10.12868,10.6,10.87132],"rotation":{"angle":0,"axis":"y","origin":[16.62868,17.625,15.12132]},"faces":{"north":{"uv":[0,4,3.25,4.225],"texture":"#0"},"east":{"uv":[0,5,3.5,5.225],"texture":"#0"},"south":{"uv":[0,6,3.25,6.225],"texture":"#0"},"west":{"uv":[0,6,3.5,6.225],"texture":"#0"},"up":{"uv":[0,7,4.25,11.5],"texture":"#0"},"down":{"uv":[0,3,3.25,6.5],"texture":"#0"}}},{"from":[9.12868,10,7.87132],"to":[10.12868,10.25,9.37132],"rotation":{"angle":0,"axis":"y","origin":[17.12868,17.25,15.12132]},"faces":{"north":{"uv":[0,0,1,0.25],"texture":"#0"},"east":{"uv":[0,0,1.5,0.25],"texture":"#0"},"south":{"uv":[0,0,1,0.25],"texture":"#0"},"west":{"uv":[0,0,1.5,0.25],"texture":"#0"},"up":{"uv":[0,0,1,1.5],"texture":"#0"},"down":{"uv":[0,0,1,1.5],"texture":"#0"}}},{"from":[8.62868,9.625,7.87132],"to":[9.62868,10,9.37132],"rotation":{"angle":0,"axis":"y","origin":[16.62868,17,15.12132]},"faces":{"north":{"uv":[0,0,1,0.375],"texture":"#0"},"east":{"uv":[0,0,1.5,0.375],"texture":"#0"},"south":{"uv":[0,0,1,0.375],"texture":"#0"},"west":{"uv":[0,0,1.5,0.375],"texture":"#0"},"up":{"uv":[0,0,1,1.5],"texture":"#0"},"down":{"uv":[0,0,1,1.5],"texture":"#0"}}},{"from":[0.91421,10.75,9.72792],"to":[3.91421,10.925,10.72792],"rotation":{"angle":-45,"axis":"y","origin":[10.91421,18,17.72792]},"faces":{"north":{"uv":[0,0,3,0.175],"texture":"#0"},"east":{"uv":[0,0,1,0.175],"texture":"#0"},"south":{"uv":[0,0,3,0.175],"texture":"#0"},"west":{"uv":[0,0,1,0.175],"texture":"#0"},"up":{"uv":[0,0,3,1],"texture":"#0"},"down":{"uv":[0,0,3,1],"texture":"#0"}}},{"from":[-3.5,10.75,14.14214],"to":[-0.5,10.925,15.14214],"rotation":{"angle":-45,"axis":"y","origin":[6.5,18,22.14214]},"faces":{"north":{"uv":[0,0,3,0.175],"texture":"#0"},"east":{"uv":[0,0,1,0.175],"texture":"#0"},"south":{"uv":[0,0,3,0.175],"texture":"#0"},"west":{"uv":[0,0,1,0.175],"texture":"#0"},"up":{"uv":[0,0,3,1],"texture":"#0"},"down":{"uv":[0,0,3,1],"texture":"#0"}}},{"from":[0.74228,10.5,10.04863],"to":[3.39228,10.75,11.04863],"rotation":{"angle":-45,"axis":"y","origin":[10.49228,17.75,18.04863]},"faces":{"north":{"uv":[0,0,2.65,0.25],"texture":"#0"},"east":{"uv":[0,0,1,0.25],"texture":"#0"},"south":{"uv":[0,0,2.65,0.25],"texture":"#0"},"west":{"uv":[0,0,1,0.25],"texture":"#0"},"up":{"uv":[0,0,2.65,1],"texture":"#0"},"down":{"uv":[0,0,2.65,1],"texture":"#0"}}},{"from":[-2.92678,10.5,13.71536],"to":[-0.27678,10.75,14.71536],"rotation":{"angle":-45,"axis":"y","origin":[6.82322,17.75,21.71536]},"faces":{"north":{"uv":[0,0,2.65,0.25],"texture":"#0"},"east":{"uv":[0,0,1,0.25],"texture":"#0"},"south":{"uv":[0,0,2.65,0.25],"texture":"#0"},"west":{"uv":[0,0,1,0.25],"texture":"#0"},"up":{"uv":[0,0,2.65,1],"texture":"#0"},"down":{"uv":[0,0,2.65,1],"texture":"#0"}}},{"from":[10.55115,10.5,0.88388],"to":[13.20115,10.75,1.88388],"rotation":{"angle":45,"axis":"y","origin":[21.80115,17,8.38388]},"faces":{"north":{"uv":[0,0,2.65,0.25],"texture":"#0"},"east":{"uv":[0,0,1,0.25],"texture":"#0"},"south":{"uv":[0,0,2.65,0.25],"texture":"#0"},"west":{"uv":[0,0,1,0.25],"texture":"#0"},"up":{"uv":[0,0,2.65,1],"texture":"#0"},"down":{"uv":[0,0,2.65,1],"texture":"#0"}}},{"from":[6.88442,10.5,-2.78518],"to":[9.53442,10.75,-1.78518],"rotation":{"angle":45,"axis":"y","origin":[18.13442,17,4.71482]},"faces":{"north":{"uv":[0,0,2.65,0.25],"texture":"#0"},"east":{"uv":[0,0,1,0.25],"texture":"#0"},"south":{"uv":[0,0,2.65,0.25],"texture":"#0"},"west":{"uv":[0,0,1,0.25],"texture":"#0"},"up":{"uv":[0,0,2.65,1],"texture":"#0"},"down":{"uv":[0,0,2.65,1],"texture":"#0"}}},{"from":[0.48977,10.25,10.54612],"to":[2.78977,10.5,11.54612],"rotation":{"angle":-45,"axis":"y","origin":[10.23977,17.5,18.54612]},"faces":{"north":{"uv":[0,0,2.3,0.25],"texture":"#0"},"east":{"uv":[0,0,1,0.25],"texture":"#0"},"south":{"uv":[0,0,2.3,0.25],"texture":"#0"},"west":{"uv":[0,0,1,0.25],"texture":"#0"},"up":{"uv":[0,0,2.3,1],"texture":"#0"},"down":{"uv":[0,0,2.3,1],"texture":"#0"}}},{"from":[-2.42678,10.25,13.46536],"to":[-0.12678,10.5,14.46536],"rotation":{"angle":-45,"axis":"y","origin":[7.32322,17.5,21.46536]},"faces":{"north":{"uv":[0,0,2.3,0.25],"texture":"#0"},"east":{"uv":[0,0,1,0.25],"texture":"#0"},"south":{"uv":[0,0,2.3,0.25],"texture":"#0"},"west":{"uv":[0,0,1,0.25],"texture":"#0"},"up":{"uv":[0,0,2.3,1],"texture":"#0"},"down":{"uv":[0,0,2.3,1],"texture":"#0"}}},{"from":[10.62437,10.25,0.66421],"to":[12.92437,10.5,1.66421],"rotation":{"angle":45,"axis":"y","origin":[21.37437,17,8.41421]},"faces":{"north":{"uv":[0,0,2.3,0.25],"texture":"#0"},"east":{"uv":[0,0,1,0.25],"texture":"#0"},"south":{"uv":[0,0,2.3,0.25],"texture":"#0"},"west":{"uv":[0,0,1,0.25],"texture":"#0"},"up":{"uv":[0,0,2.3,1],"texture":"#0"},"down":{"uv":[0,0,2.3,1],"texture":"#0"}}},{"from":[7.70513,10.25,-2.25233],"to":[10.00513,10.5,-1.25233],"rotation":{"angle":45,"axis":"y","origin":[18.45513,17,5.49767]},"faces":{"north":{"uv":[0,0,2.3,0.25],"texture":"#0"},"east":{"uv":[0,0,1,0.25],"texture":"#0"},"south":{"uv":[0,0,2.3,0.25],"texture":"#0"},"west":{"uv":[0,0,1,0.25],"texture":"#0"},"up":{"uv":[0,0,2.3,1],"texture":"#0"},"down":{"uv":[0,0,2.3,1],"texture":"#0"}}},{"from":[0.23726,10,11.04361],"to":[2.18726,10.25,12.04361],"rotation":{"angle":-45,"axis":"y","origin":[9.98726,17.25,19.04361]},"faces":{"north":{"uv":[0,0,1.95,0.25],"texture":"#0"},"east":{"uv":[0,0,1,0.25],"texture":"#0"},"south":{"uv":[0,0,1.95,0.25],"texture":"#0"},"west":{"uv":[0,0,1,0.25],"texture":"#0"},"up":{"uv":[0,0,1.95,1],"texture":"#0"},"down":{"uv":[0,0,1.95,1],"texture":"#0"}}},{"from":[-1.92678,10,13.21536],"to":[0.02322,10.25,14.21536],"rotation":{"angle":-45,"axis":"y","origin":[7.82322,17.25,21.21536]},"faces":{"north":{"uv":[0,0,1.95,0.25],"texture":"#0"},"east":{"uv":[0,0,1,0.25],"texture":"#0"},"south":{"uv":[0,0,1.95,0.25],"texture":"#0"},"west":{"uv":[0,0,1,0.25],"texture":"#0"},"up":{"uv":[0,0,1.95,1],"texture":"#0"},"down":{"uv":[0,0,1.95,1],"texture":"#0"}}},{"from":[10.69759,10,0.44454],"to":[12.64759,10.25,1.44454],"rotation":{"angle":45,"axis":"y","origin":[20.94759,17,8.44454]},"faces":{"north":{"uv":[0,0,1.95,0.25],"texture":"#0"},"east":{"uv":[0,0,1,0.25],"texture":"#0"},"south":{"uv":[0,0,1.95,0.25],"texture":"#0"},"west":{"uv":[0,0,1,0.25],"texture":"#0"},"up":{"uv":[0,0,1.95,1],"texture":"#0"},"down":{"uv":[0,0,1.95,1],"texture":"#0"}}},{"from":[8.52584,10,-1.71949],"to":[10.47584,10.25,-0.71949],"rotation":{"angle":45,"axis":"y","origin":[18.77584,17,6.28051]},"faces":{"north":{"uv":[0,0,1.95,0.25],"texture":"#0"},"east":{"uv":[0,0,1,0.25],"texture":"#0"},"south":{"uv":[0,0,1.95,0.25],"texture":"#0"},"west":{"uv":[0,0,1,0.25],"texture":"#0"},"up":{"uv":[0,0,1.95,1],"texture":"#0"},"down":{"uv":[0,0,1.95,1],"texture":"#0"}}},{"from":[-1.42678,9.625,13.21536],"to":[-0.18678,10,14.21536],"rotation":{"angle":-45,"axis":"y","origin":[8.32322,17,21.21536]},"faces":{"north":{"uv":[0,0,1.24,0.375],"texture":"#0"},"east":{"uv":[0,0,1,0.375],"texture":"#0"},"south":{"uv":[0,0,1.24,0.375],"texture":"#0"},"west":{"uv":[0,0,1,0.375],"texture":"#0"},"up":{"uv":[0,0,1.24,1],"texture":"#0"},"down":{"uv":[0,0,1.24,1],"texture":"#0"}}},{"from":[10.84404,9.625,0.2981],"to":[12.08404,10,1.2981],"rotation":{"angle":45,"axis":"y","origin":[20.59404,17,8.2981]},"faces":{"north":{"uv":[0,0,1.24,0.375],"texture":"#0"},"east":{"uv":[0,0,1,0.375],"texture":"#0"},"south":{"uv":[0,0,1.24,0.375],"texture":"#0"},"west":{"uv":[0,0,1,0.375],"texture":"#0"},"up":{"uv":[0,0,1.24,1],"texture":"#0"},"down":{"uv":[0,0,1.24,1],"texture":"#0"}}},{"from":[9.17433,9.625,-1.36798],"to":[10.41433,10,-0.36798],"rotation":{"angle":45,"axis":"y","origin":[18.92433,17,6.63202]},"faces":{"north":{"uv":[0,0,1.24,0.375],"texture":"#0"},"east":{"uv":[0,0,1,0.375],"texture":"#0"},"south":{"uv":[0,0,1.24,0.375],"texture":"#0"},"west":{"uv":[0,0,1,0.375],"texture":"#0"},"up":{"uv":[0,0,1.24,1],"texture":"#0"},"down":{"uv":[0,0,1.24,1],"texture":"#0"}}},{"from":[0.23744,9.625,11.54379],"to":[1.47744,10,12.54379],"rotation":{"angle":-45,"axis":"y","origin":[9.98744,17,19.54379]},"faces":{"north":{"uv":[0,0,1.24,0.375],"texture":"#0"},"east":{"uv":[0,0,1,0.375],"texture":"#0"},"south":{"uv":[0,0,1.24,0.375],"texture":"#0"},"west":{"uv":[0,0,1,0.375],"texture":"#0"},"up":{"uv":[0,0,1.24,1],"texture":"#0"},"down":{"uv":[0,0,1.24,1],"texture":"#0"}}},{"from":[11.52082,10.75,2.12132],"to":[14.52082,10.925,3.12132],"rotation":{"angle":45,"axis":"y","origin":[21.52082,18,10.12132]},"faces":{"north":{"uv":[0,0,3,0.175],"texture":"#0"},"east":{"uv":[0,0,1,0.175],"texture":"#0"},"south":{"uv":[0,0,3,0.175],"texture":"#0"},"west":{"uv":[0,0,1,0.175],"texture":"#0"},"up":{"uv":[0,0,3,1],"texture":"#0"},"down":{"uv":[0,0,3,1],"texture":"#0"}}},{"from":[7.1066,10.75,-2.29289],"to":[10.1066,10.925,-1.29289],"rotation":{"angle":45,"axis":"y","origin":[17.1066,18,5.70711]},"faces":{"north":{"uv":[0,0,3,0.175],"texture":"#0"},"east":{"uv":[0,0,1,0.175],"texture":"#0"},"south":{"uv":[0,0,3,0.175],"texture":"#0"},"west":{"uv":[0,0,1,0.175],"texture":"#0"},"up":{"uv":[0,0,3,1],"texture":"#0"},"down":{"uv":[0,0,3,1],"texture":"#0"}}}],"display":{"thirdperson_righthand":{"rotation":[69,17,0],"translation":[0,2.75,-2.5],"scale":[1,0.81,1]},"thirdperson_lefthand":{"rotation":[74,31,0],"translation":[0,3,-3]},"firstperson_righthand":{"rotation":[-1,-45,0],"translation":[0,0.25,0]},"firstperson_lefthand":{"rotation":[-4,37,9],"translation":[0,0.25,0]},"gui":{"rotation":[31,-38,10],"translation":[1.75,-4.5,0],"scale":[2,2,2]},"head":{"translation":[0,4,-0.75],"scale":[1.5,1.5,1.5]},"fixed":{"rotation":[-90,23,0],"translation":[0,-1.5,3],"scale":[2,2,2]}}}