{"providers":[{"type":"bitmap","file":"mineinabyss:ui/guilds/menus/guild_main_menu_has_guild_and_has_invites.png","ascent":16,"height":224,"chars":["\uebaf"]},{"type":"bitmap","file":"mineinabyss:ui/guilds/menus/guild_main_menu_has_guild_and_no_invites.png","ascent":16,"height":224,"chars":["\uebb0"]},{"type":"bitmap","file":"mineinabyss:ui/guilds/menus/guild_main_menu_no_guild_and_has_invites.png","ascent":16,"height":224,"chars":["\uebb1"]},{"type":"bitmap","file":"mineinabyss:ui/guilds/menus/guild_main_menu_no_guild_and_no_invites.png","ascent":16,"height":224,"chars":["\uebb2"]},{"type":"bitmap","file":"mineinabyss:ui/guilds/menus/guild_disband_or_leave_menu.png","ascent":16,"height":224,"chars":["\uebb3"]},{"type":"bitmap","file":"mineinabyss:ui/guilds/menus/guild_member_menu.png","ascent":16,"height":224,"chars":["\uebb4"]},{"type":"bitmap","file":"mineinabyss:ui/guilds/menus/guild_owner_menu.png","ascent":16,"height":224,"chars":["\uebb5"]},{"type":"bitmap","file":"mineinabyss:ui/guilds/menus/guild_invites_menu.png","ascent":16,"height":224,"chars":["\uebb6"]},{"type":"bitmap","file":"mineinabyss:ui/guilds/menus/handle_guild_invites.png","ascent":16,"height":224,"chars":["\uebb7"]},{"type":"bitmap","file":"mineinabyss:ui/guilds/menus/guild_join_requests_menu.png","ascent":16,"height":224,"chars":["\uebb8"]},{"type":"bitmap","file":"mineinabyss:ui/guilds/menus/handle_guild_join_requests.png","ascent":16,"height":224,"chars":["\uebb9"]},{"type":"bitmap","file":"mineinabyss:ui/guilds/menus/guild_member_action_menu.png","ascent":16,"height":224,"chars":["\uebba"]},{"type":"bitmap","file":"mineinabyss:ui/guilds/menus/guild_member_management_menu_1_has_request.png","ascent":16,"height":224,"chars":["\uebbb"]},{"type":"bitmap","file":"mineinabyss:ui/guilds/menus/guild_member_management_menu_2_has_request.png","ascent":16,"height":224,"chars":["\uebbc"]},{"type":"bitmap","file":"mineinabyss:ui/guilds/menus/guild_member_management_menu_3_has_request.png","ascent":16,"height":224,"chars":["\uebbd"]},{"type":"bitmap","file":"mineinabyss:ui/guilds/menus/guild_member_management_menu_4_has_request.png","ascent":16,"height":224,"chars":["\uebbe"]},{"type":"bitmap","file":"mineinabyss:ui/guilds/menus/guild_member_management_menu_1_no_request.png","ascent":16,"height":224,"chars":["\uebbf"]},{"type":"bitmap","file":"mineinabyss:ui/guilds/menus/guild_member_management_menu_2_no_request.png","ascent":16,"height":224,"chars":["\uebc0"]},{"type":"bitmap","file":"mineinabyss:ui/guilds/menus/guild_member_management_menu_3_no_request.png","ascent":16,"height":224,"chars":["\uebc1"]},{"type":"bitmap","file":"mineinabyss:ui/guilds/menus/guild_member_management_menu_4_no_request.png","ascent":16,"height":224,"chars":["\uebc2"]},{"type":"bitmap","file":"mineinabyss:ui/guilds/menus/guild_search_menu.png","ascent":16,"height":224,"chars":["\uebc3"]},{"type":"bitmap","file":"mineinabyss:ui/guilds/menus/guild_name_menu.png","ascent":16,"height":224,"chars":["\uebc4"]},{"type":"bitmap","file":"mineinabyss:ui/guilds/menus/guild_list_menu.png","ascent":16,"height":224,"chars":["\uebc5"]},{"type":"bitmap","file":"mineinabyss:ui/guilds/menus/guild_lookup_members1.png","ascent":16,"height":224,"chars":["\uebc6"]},{"type":"bitmap","file":"mineinabyss:ui/guilds/menus/guild_lookup_members2.png","ascent":16,"height":224,"chars":["\uebc7"]},{"type":"bitmap","file":"mineinabyss:ui/guilds/menus/guild_lookup_members3.png","ascent":16,"height":224,"chars":["\uebc8"]}]}