{"providers":[{"type":"bitmap","file":"mineinabyss:ui/misc/numbers/0.png","ascent":9,"height":9,"chars":["\uebaf"]},{"type":"bitmap","file":"mineinabyss:ui/misc/numbers/1.png","ascent":9,"height":9,"chars":["\uebb0"]},{"type":"bitmap","file":"mineinabyss:ui/misc/numbers/2.png","ascent":9,"height":9,"chars":["\uebb1"]},{"type":"bitmap","file":"mineinabyss:ui/misc/numbers/3.png","ascent":9,"height":9,"chars":["\uebb2"]},{"type":"bitmap","file":"mineinabyss:ui/misc/numbers/4.png","ascent":9,"height":9,"chars":["\uebb3"]},{"type":"bitmap","file":"mineinabyss:ui/misc/numbers/5.png","ascent":9,"height":9,"chars":["\uebb4"]},{"type":"bitmap","file":"mineinabyss:ui/misc/numbers/6.png","ascent":9,"height":9,"chars":["\uebb5"]},{"type":"bitmap","file":"mineinabyss:ui/misc/numbers/7.png","ascent":9,"height":9,"chars":["\uebb6"]},{"type":"bitmap","file":"mineinabyss:ui/misc/numbers/8.png","ascent":9,"height":9,"chars":["\uebb7"]},{"type":"bitmap","file":"mineinabyss:ui/misc/numbers/9.png","ascent":9,"height":9,"chars":["\uebb8"]},{"type":"bitmap","file":"mineinabyss:ui/misc/lowercase/a.png","ascent":9,"height":9,"chars":["\uebb9"]},{"type":"bitmap","file":"mineinabyss:ui/misc/lowercase/b.png","ascent":9,"height":9,"chars":["\uebba"]},{"type":"bitmap","file":"mineinabyss:ui/misc/lowercase/c.png","ascent":9,"height":9,"chars":["\uebbb"]},{"type":"bitmap","file":"mineinabyss:ui/misc/lowercase/d.png","ascent":9,"height":9,"chars":["\uebbc"]},{"type":"bitmap","file":"mineinabyss:ui/misc/lowercase/e.png","ascent":9,"height":9,"chars":["\uebbd"]},{"type":"bitmap","file":"mineinabyss:ui/misc/lowercase/f.png","ascent":9,"height":9,"chars":["\uebbe"]},{"type":"bitmap","file":"mineinabyss:ui/misc/lowercase/g.png","ascent":9,"height":9,"chars":["\uebbf"]},{"type":"bitmap","file":"mineinabyss:ui/misc/lowercase/h.png","ascent":9,"height":9,"chars":["\uebc0"]},{"type":"bitmap","file":"mineinabyss:ui/misc/lowercase/i.png","ascent":9,"height":9,"chars":["\uebc1"]},{"type":"bitmap","file":"mineinabyss:ui/misc/lowercase/j.png","ascent":9,"height":9,"chars":["\uebc2"]},{"type":"bitmap","file":"mineinabyss:ui/misc/lowercase/k.png","ascent":9,"height":9,"chars":["\uebc3"]},{"type":"bitmap","file":"mineinabyss:ui/misc/lowercase/l.png","ascent":9,"height":9,"chars":["\uebc4"]},{"type":"bitmap","file":"mineinabyss:ui/misc/lowercase/m.png","ascent":9,"height":9,"chars":["\uebc5"]},{"type":"bitmap","file":"mineinabyss:ui/misc/lowercase/n.png","ascent":9,"height":9,"chars":["\uebc6"]},{"type":"bitmap","file":"mineinabyss:ui/misc/lowercase/o.png","ascent":9,"height":9,"chars":["\uebc7"]},{"type":"bitmap","file":"mineinabyss:ui/misc/lowercase/p.png","ascent":9,"height":9,"chars":["\uebc8"]},{"type":"bitmap","file":"mineinabyss:ui/misc/lowercase/q.png","ascent":9,"height":9,"chars":["\uebc9"]},{"type":"bitmap","file":"mineinabyss:ui/misc/lowercase/r.png","ascent":9,"height":9,"chars":["\uebca"]},{"type":"bitmap","file":"mineinabyss:ui/misc/lowercase/s.png","ascent":9,"height":9,"chars":["\uebcb"]},{"type":"bitmap","file":"mineinabyss:ui/misc/lowercase/t.png","ascent":9,"height":9,"chars":["\uebcc"]},{"type":"bitmap","file":"mineinabyss:ui/misc/lowercase/u.png","ascent":9,"height":9,"chars":["\uebcd"]},{"type":"bitmap","file":"mineinabyss:ui/misc/lowercase/v.png","ascent":9,"height":9,"chars":["\uebce"]},{"type":"bitmap","file":"mineinabyss:ui/misc/lowercase/w.png","ascent":9,"height":9,"chars":["\uebcf"]},{"type":"bitmap","file":"mineinabyss:ui/misc/lowercase/x.png","ascent":9,"height":9,"chars":["\uebd0"]},{"type":"bitmap","file":"mineinabyss:ui/misc/lowercase/y.png","ascent":9,"height":9,"chars":["\uebd1"]},{"type":"bitmap","file":"mineinabyss:ui/misc/lowercase/z.png","ascent":9,"height":9,"chars":["\uebd2"]},{"type":"bitmap","file":"mineinabyss:ui/misc/uppercase/a.png","ascent":9,"height":9,"chars":["\uebd3"]},{"type":"bitmap","file":"mineinabyss:ui/misc/uppercase/b.png","ascent":9,"height":9,"chars":["\uebd4"]},{"type":"bitmap","file":"mineinabyss:ui/misc/uppercase/c.png","ascent":9,"height":9,"chars":["\uebd5"]},{"type":"bitmap","file":"mineinabyss:ui/misc/uppercase/d.png","ascent":9,"height":9,"chars":["\uebd6"]},{"type":"bitmap","file":"mineinabyss:ui/misc/uppercase/e.png","ascent":9,"height":9,"chars":["\uebd7"]},{"type":"bitmap","file":"mineinabyss:ui/misc/uppercase/f.png","ascent":9,"height":9,"chars":["\uebd8"]},{"type":"bitmap","file":"mineinabyss:ui/misc/uppercase/g.png","ascent":9,"height":9,"chars":["\uebd9"]},{"type":"bitmap","file":"mineinabyss:ui/misc/uppercase/h.png","ascent":9,"height":9,"chars":["\uebda"]},{"type":"bitmap","file":"mineinabyss:ui/misc/uppercase/i.png","ascent":9,"height":9,"chars":["\uebdb"]},{"type":"bitmap","file":"mineinabyss:ui/misc/uppercase/j.png","ascent":9,"height":9,"chars":["\uebdc"]},{"type":"bitmap","file":"mineinabyss:ui/misc/uppercase/k.png","ascent":9,"height":9,"chars":["\uebdd"]},{"type":"bitmap","file":"mineinabyss:ui/misc/uppercase/l.png","ascent":9,"height":9,"chars":["\uebde"]},{"type":"bitmap","file":"mineinabyss:ui/misc/uppercase/m.png","ascent":9,"height":9,"chars":["\uebdf"]},{"type":"bitmap","file":"mineinabyss:ui/misc/uppercase/n.png","ascent":9,"height":9,"chars":["\uebe0"]},{"type":"bitmap","file":"mineinabyss:ui/misc/uppercase/o.png","ascent":9,"height":9,"chars":["\uebe1"]},{"type":"bitmap","file":"mineinabyss:ui/misc/uppercase/p.png","ascent":9,"height":9,"chars":["\uebe2"]},{"type":"bitmap","file":"mineinabyss:ui/misc/uppercase/q.png","ascent":9,"height":9,"chars":["\uebe3"]},{"type":"bitmap","file":"mineinabyss:ui/misc/uppercase/r.png","ascent":9,"height":9,"chars":["\uebe4"]},{"type":"bitmap","file":"mineinabyss:ui/misc/uppercase/s.png","ascent":9,"height":9,"chars":["\uebe5"]},{"type":"bitmap","file":"mineinabyss:ui/misc/uppercase/t.png","ascent":9,"height":9,"chars":["\uebe6"]},{"type":"bitmap","file":"mineinabyss:ui/misc/uppercase/u.png","ascent":9,"height":9,"chars":["\uebe7"]},{"type":"bitmap","file":"mineinabyss:ui/misc/uppercase/v.png","ascent":9,"height":9,"chars":["\uebe8"]},{"type":"bitmap","file":"mineinabyss:ui/misc/uppercase/w.png","ascent":9,"height":9,"chars":["\uebe9"]},{"type":"bitmap","file":"mineinabyss:ui/misc/uppercase/x.png","ascent":9,"height":9,"chars":["\uebea"]},{"type":"bitmap","file":"mineinabyss:ui/misc/uppercase/y.png","ascent":9,"height":9,"chars":["\uebeb"]},{"type":"bitmap","file":"mineinabyss:ui/misc/uppercase/z.png","ascent":9,"height":9,"chars":["\uebec"]},{"type":"bitmap","file":"mineinabyss:ui/misc/special/underscore.png","ascent":9,"height":9,"chars":["\uebed"]},{"type":"bitmap","file":"mineinabyss:ui/misc/special/exclamation.png","ascent":9,"height":9,"chars":["\uebee"]},{"type":"bitmap","file":"mineinabyss:ui/misc/special/questionmark.png","ascent":9,"height":9,"chars":["\uebef"]},{"type":"bitmap","file":"mineinabyss:ui/misc/special/parentheses_start.png","ascent":9,"height":9,"chars":["\uebf0"]},{"type":"bitmap","file":"mineinabyss:ui/misc/special/parentheses_end.png","ascent":9,"height":9,"chars":["\uebf1"]},{"type":"bitmap","file":"mineinabyss:ui/misc/special/comma.png","ascent":9,"height":9,"chars":["\uebf2"]},{"type":"bitmap","file":"mineinabyss:ui/misc/special/dot.png","ascent":9,"height":9,"chars":["\uebf3"]},{"type":"bitmap","file":"mineinabyss:ui/misc/special/dollar.png","ascent":9,"height":9,"chars":["\uebf4"]},{"type":"bitmap","file":"mineinabyss:ui/misc/special/plus.png","ascent":9,"height":9,"chars":["\uebf5"]},{"type":"bitmap","file":"mineinabyss:ui/misc/special/minus.png","ascent":9,"height":9,"chars":["\uebf6"]},{"type":"bitmap","file":"mineinabyss:ui/misc/special/hashtag.png","ascent":9,"height":9,"chars":["\uebf7"]},{"type":"bitmap","file":"mineinabyss:ui/misc/special/and.png","ascent":9,"height":9,"chars":["\uebf8"]},{"type":"bitmap","file":"mineinabyss:ui/misc/special/percent.png","ascent":9,"height":9,"chars":["\uebf9"]},{"type":"bitmap","file":"mineinabyss:ui/misc/special/forwardslash.png","ascent":9,"height":9,"chars":["\uebfa"]}]}