{"providers":[{"type":"bitmap","file":"minecraft:gui/container/overrides/chest_1.png","ascent":13,"height":256,"chars":["\uebaf"]},{"type":"bitmap","file":"minecraft:gui/container/overrides/chest_2.png","ascent":13,"height":256,"chars":["\uebb0"]},{"type":"bitmap","file":"minecraft:gui/container/overrides/chest_3.png","ascent":13,"height":256,"chars":["\uebb1"]},{"type":"bitmap","file":"minecraft:gui/container/overrides/chest_4.png","ascent":13,"height":256,"chars":["\uebb2"]},{"type":"bitmap","file":"minecraft:gui/container/overrides/chest_5.png","ascent":13,"height":256,"chars":["\uebb3"]},{"type":"bitmap","file":"minecraft:gui/container/overrides/chest_6.png","ascent":13,"height":256,"chars":["\uebb4"]}]}