{"credit":"Made with Blockbench","textures":{"0":"mineinabyss:equipment/hook_base","1":"mineinabyss:equipment/hook","1_0":"mineinabyss:equipment/climbingrig","particle":"mineinabyss:equipment/climbingrig"},"elements":[{"name":"shaft","from":[7,2,7],"to":[9,10,9],"faces":{"north":{"uv":[2,0,4,8],"texture":"#0"},"east":{"uv":[6,0,8,8],"texture":"#0"},"south":{"uv":[0,0,2,8],"texture":"#0"},"west":{"uv":[4,0,6,8],"texture":"#0"},"up":{"uv":[0,0,2,2],"texture":"#missing"},"down":{"uv":[0,0,2,2],"texture":"#missing"}}},{"name":"metal1","from":[5,10.2,7],"to":[11,11.2,9],"faces":{"north":{"uv":[9.5,4.5,15.5,5.5],"texture":"#1"},"east":{"uv":[0.5,0.5,2.5,1.5],"texture":"#1"},"south":{"uv":[0.5,0.5,6.5,1.5],"texture":"#1"},"west":{"uv":[0.5,0.5,2.5,1.5],"texture":"#1"},"up":{"uv":[0.5,0.5,6.5,2.5],"texture":"#1"},"down":{"uv":[0.5,0.5,6.5,2.5],"texture":"#1"}}},{"name":"metal2","from":[7,10,5],"to":[9,11,11],"faces":{"north":{"uv":[0.5,0.5,2.5,1.5],"texture":"#1"},"east":{"uv":[0.5,0.5,6.5,1.5],"texture":"#1"},"south":{"uv":[0.5,0.5,2.5,1.5],"texture":"#1"},"west":{"uv":[8,5,14,6],"texture":"#1"},"up":{"uv":[3.5,0.5,5.5,6.5],"texture":"#1"},"down":{"uv":[0.5,0.5,2.5,6.5],"texture":"#1"}}},{"name":"extent1","from":[7,9,4],"to":[9,10,5],"faces":{"north":{"uv":[0.5,0.5,2.5,1.5],"texture":"#1"},"east":{"uv":[0.5,0.5,1.5,1.5],"texture":"#1"},"south":{"uv":[0.5,0.5,2.5,1.5],"texture":"#1"},"west":{"uv":[0.5,0.5,1.5,1.5],"texture":"#1"},"up":{"uv":[2.5,1,4.5,2],"texture":"#1"},"down":{"uv":[0.5,0.5,2.5,1.5],"texture":"#1"}}},{"name":"extent2","from":[7,9,11],"to":[9,10,12],"faces":{"north":{"uv":[0.5,0.5,2.5,1.5],"texture":"#1"},"east":{"uv":[0.5,0.5,1.5,1.5],"texture":"#1"},"south":{"uv":[0.5,0.5,2.5,1.5],"texture":"#1"},"west":{"uv":[0.5,0.5,1.5,1.5],"texture":"#1"},"up":{"uv":[0.5,1,2.5,2],"texture":"#1"},"down":{"uv":[0.5,0.5,2.5,1.5],"texture":"#1"}}},{"name":"extent3","from":[11,9.2,7],"to":[12,10.2,9],"faces":{"north":{"uv":[0.5,0.5,1.5,1.5],"texture":"#1"},"east":{"uv":[0.5,0.5,2.5,1.5],"texture":"#1"},"south":{"uv":[0.5,0.5,1.5,1.5],"texture":"#1"},"west":{"uv":[0.5,0.5,2.5,1.5],"texture":"#1"},"up":{"uv":[5.5,1,6.5,3],"texture":"#1"},"down":{"uv":[0.5,0.5,1.5,2.5],"texture":"#1"}}},{"name":"extent4","from":[4,9.2,7],"to":[5,10.2,9],"faces":{"north":{"uv":[0.5,0.5,1.5,1.5],"texture":"#1"},"east":{"uv":[0.5,0.5,2.5,1.5],"texture":"#1"},"south":{"uv":[0.5,0.5,1.5,1.5],"texture":"#1"},"west":{"uv":[0.5,0.5,2.5,1.5],"texture":"#1"},"up":{"uv":[0.5,1.5,1.5,3.5],"texture":"#1"},"down":{"uv":[0.5,0.5,1.5,2.5],"texture":"#1"}}},{"name":"end1","from":[7,5,3],"to":[9,9,4],"faces":{"north":{"uv":[1,0.5,3,4.5],"texture":"#1"},"east":{"uv":[0.5,0.5,1.5,4.5],"texture":"#1"},"south":{"uv":[0.5,0.5,2.5,4.5],"texture":"#1"},"west":{"uv":[0.5,0.5,1.5,4.5],"texture":"#1"},"up":{"uv":[1,0.5,3,1.5],"texture":"#1"},"down":{"uv":[0.5,0.5,2.5,1.5],"texture":"#1"}}},{"name":"end2","from":[7,5,12],"to":[9,9,13],"faces":{"north":{"uv":[0.5,0.5,2.5,4.5],"texture":"#1"},"east":{"uv":[0.5,0.5,1.5,4.5],"texture":"#1"},"south":{"uv":[0.5,0.5,2.5,4.5],"texture":"#1"},"west":{"uv":[0.5,0.5,1.5,4.5],"texture":"#1"},"up":{"uv":[0.5,0.5,2.5,1.5],"texture":"#1"},"down":{"uv":[0.5,0.5,2.5,1.5],"texture":"#1"}}},{"name":"end3","from":[12,5.2,7],"to":[13,9.2,9],"faces":{"north":{"uv":[0.5,0.5,1.5,4.5],"texture":"#1"},"east":{"uv":[0.5,0.5,2.5,4.5],"texture":"#1"},"south":{"uv":[0.5,0.5,1.5,4.5],"texture":"#1"},"west":{"uv":[0.5,0.5,2.5,4.5],"texture":"#1"},"up":{"uv":[4.5,1.5,5.5,3.5],"texture":"#1"},"down":{"uv":[0.5,0.5,1.5,2.5],"texture":"#1"}}},{"name":"end4","from":[3,5.2,7],"to":[4,9.2,9],"faces":{"north":{"uv":[0.5,0.5,1.5,4.5],"texture":"#1"},"east":{"uv":[0.5,0.5,2.5,4.5],"texture":"#1"},"south":{"uv":[0.5,0.5,1.5,4.5],"texture":"#1"},"west":{"uv":[0.5,0.5,2.5,4.5],"texture":"#1"},"up":{"uv":[0.5,0.5,1.5,2.5],"texture":"#1"},"down":{"uv":[0.5,0.5,1.5,2.5],"texture":"#1"}}},{"name":"base1","from":[7,1.29,7],"to":[9,2.01,9],"faces":{"north":{"uv":[1,0.5,3,1.5],"texture":"#1"},"east":{"uv":[1,0.5,3,1.5],"texture":"#1"},"south":{"uv":[1,0.5,3,1.5],"texture":"#1"},"west":{"uv":[1,0.5,3,1.5],"texture":"#1"},"up":{"uv":[1,0.5,3,2.5],"texture":"#1"},"down":{"uv":[1,0.5,3,2.5],"texture":"#1"}}},{"name":"base2","from":[7,0,7],"to":[9,0.72,9],"faces":{"north":{"uv":[1,0.5,3,1.5],"texture":"#1"},"east":{"uv":[1,0.5,3,1.5],"texture":"#1"},"south":{"uv":[1,0.5,3,1.5],"texture":"#1"},"west":{"uv":[1,0.5,3,1.5],"texture":"#1"},"up":{"uv":[1,0.5,3,2.5],"texture":"#1"},"down":{"uv":[1,0.5,3,2.5],"texture":"#1"}}},{"name":"base3","from":[8.44,0.7,7],"to":[9,1.3,9],"faces":{"north":{"uv":[1,0.5,2,1.5],"texture":"#1"},"east":{"uv":[1,1,3,2],"texture":"#1"},"south":{"uv":[1,0.5,2,1.5],"texture":"#1"},"west":{"uv":[1,1,3,2],"texture":"#1"},"up":{"uv":[1,0.5,3,2.5],"texture":"#1"},"down":{"uv":[1,0.5,3,2.5],"texture":"#1"}}},{"name":"base4","from":[7,0.7,7],"to":[7.56,1.3,9],"faces":{"north":{"uv":[1,0.5,2,1.5],"texture":"#1"},"east":{"uv":[1,1,3,2],"texture":"#1"},"south":{"uv":[1,0.5,2,1.5],"texture":"#1"},"west":{"uv":[1,1,3,2],"texture":"#1"},"up":{"uv":[1,0.5,3,2.5],"texture":"#1"},"down":{"uv":[1,0.5,3,2.5],"texture":"#1"}}},{"from":[9,0.38,0.75],"to":[10.25,1.63,1.75],"rotation":{"angle":45,"axis":"y","origin":[15.25,1,5.5]},"faces":{"north":{"uv":[15,10,16,6.5],"rotation":90,"texture":"#1_0"},"east":{"uv":[15,7.5,16,6.5],"rotation":270,"texture":"#1_0"},"south":{"uv":[15,10,16,6.5],"rotation":270,"texture":"#1_0"},"west":{"uv":[15,16,16,15],"rotation":270,"texture":"#1_0"},"up":{"uv":[15,10,16,6.5],"rotation":270,"texture":"#1_0"},"down":{"uv":[15,10,16,6.5],"rotation":270,"texture":"#1_0"}}},{"from":[7.5,0.5,6.75],"to":[8.25,1.5,9.25],"faces":{"north":{"uv":[15,7.5,16,6.5],"rotation":270,"texture":"#1_0"},"east":{"uv":[15,10,16,6.5],"rotation":270,"texture":"#1_0"},"south":{"uv":[15,16,16,15],"rotation":270,"texture":"#1_0"},"west":{"uv":[15,10,16,6.5],"rotation":90,"texture":"#1_0"},"up":{"uv":[16,6.5,15,10],"texture":"#1_0"},"down":{"uv":[16,6.5,15,10],"rotation":180,"texture":"#1_0"}}},{"from":[1,0.63,13],"to":[3.25,1.38,13.75],"rotation":{"angle":45,"axis":"y","origin":[0.25,1,5.5]},"faces":{"north":{"uv":[15,6.5,16,10],"rotation":90,"texture":"#1_0"},"east":{"uv":[15,15,16,16],"rotation":270,"texture":"#1_0"},"south":{"uv":[15,6.5,16,10],"rotation":270,"texture":"#1_0"},"west":{"uv":[15,6.5,16,7.5],"rotation":270,"texture":"#1_0"},"up":{"uv":[15,6.5,16,10],"rotation":270,"texture":"#1_0"},"down":{"uv":[15,6.5,16,10],"rotation":270,"texture":"#1_0"}}},{"from":[3.75,-1,10],"to":[6.25,-0.25,10.75],"rotation":{"angle":22.5,"axis":"z","origin":[2.25,1,4.5]},"faces":{"north":{"uv":[15,6.5,16,12.5],"rotation":270,"texture":"#1_0"},"east":{"uv":[15,6.5,16,7.5],"rotation":270,"texture":"#1_0"},"south":{"uv":[15,6.5,16,12.5],"rotation":90,"texture":"#1_0"},"west":{"uv":[15,15,16,16],"rotation":270,"texture":"#1_0"},"up":{"uv":[15,6.5,16,12.5],"rotation":90,"texture":"#1_0"},"down":{"uv":[15,6.5,16,12.5],"rotation":90,"texture":"#1_0"}}},{"from":[2.5,0.75,10.25],"to":[4,1.5,11],"rotation":{"angle":-22.5,"axis":"z","origin":[2,-1,4.5]},"faces":{"north":{"uv":[15,6.5,16,10],"rotation":270,"texture":"#1_0"},"east":{"uv":[15,6.5,16,7.5],"rotation":270,"texture":"#1_0"},"south":{"uv":[15,6.5,16,10],"rotation":90,"texture":"#1_0"},"west":{"uv":[15,15,16,16],"rotation":270,"texture":"#1_0"},"up":{"uv":[15,6.5,16,10],"rotation":90,"texture":"#1_0"},"down":{"uv":[15,6.5,16,10],"rotation":90,"texture":"#1_0"}}},{"from":[-1.1,0.38,10.35],"to":[3.4,1.13,11.1],"faces":{"north":{"uv":[15,6.5,16,12.5],"rotation":270,"texture":"#1_0"},"east":{"uv":[15,6.5,16,7.5],"rotation":270,"texture":"#1_0"},"south":{"uv":[15,6.5,16,12.5],"rotation":90,"texture":"#1_0"},"west":{"uv":[15,15,16,16],"rotation":270,"texture":"#1_0"},"up":{"uv":[15,6.5,16,12.5],"rotation":90,"texture":"#1_0"},"down":{"uv":[15,6.5,16,12.5],"rotation":90,"texture":"#1_0"}}},{"from":[0.7,0.5,9.45],"to":[3.2,1,10.2],"rotation":{"angle":-45,"axis":"y","origin":[0,-1,5.5]},"faces":{"north":{"uv":[15,6.5,16,10],"rotation":90,"texture":"#1_0"},"east":{"uv":[15,15,16,16],"rotation":270,"texture":"#1_0"},"south":{"uv":[15,6.5,16,10],"rotation":270,"texture":"#1_0"},"west":{"uv":[15,6.5,16,7.5],"rotation":270,"texture":"#1_0"},"up":{"uv":[15,6.5,16,10],"rotation":270,"texture":"#1_0"},"down":{"uv":[15,6.5,16,10],"rotation":270,"texture":"#1_0"}}},{"from":[-3,0.37,6.75],"to":[-2.25,1.12,9.25],"faces":{"north":{"uv":[15,6.5,16,7.5],"rotation":270,"texture":"#1_0"},"east":{"uv":[15,6.5,16,10],"rotation":90,"texture":"#1_0"},"south":{"uv":[15,15,16,16],"rotation":270,"texture":"#1_0"},"west":{"uv":[15,6.5,16,10],"rotation":270,"texture":"#1_0"},"up":{"uv":[15,6.5,16,10],"texture":"#1_0"},"down":{"uv":[15,6.5,16,10],"rotation":180,"texture":"#1_0"}}},{"from":[-3.5,0.38,4.75],"to":[0.5,1.13,5.5],"rotation":{"angle":22.5,"axis":"y","origin":[2,-1,4.5]},"faces":{"north":{"uv":[15,10,16,16],"rotation":270,"texture":"#1_0"},"east":{"uv":[15,6.5,16,7.5],"rotation":270,"texture":"#1_0"},"south":{"uv":[15,10,16,16],"rotation":90,"texture":"#1_0"},"west":{"uv":[15,15,16,16],"rotation":270,"texture":"#1_0"},"up":{"uv":[15,10,16,16],"rotation":90,"texture":"#1_0"},"down":{"uv":[15,10,16,16],"rotation":90,"texture":"#1_0"}}},{"from":[0.65,0.38,5.35],"to":[5.15,1.13,6.1],"faces":{"north":{"uv":[15,6.5,16,12.5],"rotation":270,"texture":"#1_0"},"east":{"uv":[15,6.5,16,7.5],"rotation":270,"texture":"#1_0"},"south":{"uv":[15,6.5,16,12.5],"rotation":90,"texture":"#1_0"},"west":{"uv":[15,15,16,16],"rotation":270,"texture":"#1_0"},"up":{"uv":[15,6.5,16,12.5],"rotation":90,"texture":"#1_0"},"down":{"uv":[15,6.5,16,12.5],"rotation":90,"texture":"#1_0"}}},{"from":[3.5,0.5,1.75],"to":[5.75,1,2.5],"rotation":{"angle":-45,"axis":"y","origin":[0,-1,5.5]},"faces":{"north":{"uv":[15,6.5,16,10],"rotation":90,"texture":"#1_0"},"east":{"uv":[15,15,16,16],"rotation":270,"texture":"#1_0"},"south":{"uv":[15,6.5,16,10],"rotation":270,"texture":"#1_0"},"west":{"uv":[15,6.5,16,7.5],"rotation":270,"texture":"#1_0"},"up":{"uv":[15,6.5,16,10],"rotation":270,"texture":"#1_0"},"down":{"uv":[15,6.5,16,10],"rotation":270,"texture":"#1_0"}}},{"from":[6,0.37,6.75],"to":[6.75,1.12,9.25],"faces":{"north":{"uv":[15,6.5,16,7.5],"rotation":270,"texture":"#1_0"},"east":{"uv":[15,6.5,16,10],"rotation":90,"texture":"#1_0"},"south":{"uv":[15,15,16,16],"rotation":270,"texture":"#1_0"},"west":{"uv":[15,6.5,16,10],"rotation":270,"texture":"#1_0"},"up":{"uv":[15,6.5,16,10],"texture":"#1_0"},"down":{"uv":[15,6.5,16,10],"rotation":180,"texture":"#1_0"}}},{"from":[2,0.63,10],"to":[4.5,1.38,10.75],"rotation":{"angle":22.5,"axis":"y","origin":[2,-0.75,4.5]},"faces":{"north":{"uv":[15,12.5,16,16],"rotation":270,"texture":"#1_0"},"east":{"uv":[15,6.5,16,7.5],"rotation":270,"texture":"#1_0"},"south":{"uv":[15,12.5,16,16],"rotation":90,"texture":"#1_0"},"west":{"uv":[15,15,16,16],"rotation":270,"texture":"#1_0"},"up":{"uv":[15,12.5,16,16],"rotation":90,"texture":"#1_0"},"down":{"uv":[15,12.5,16,16],"rotation":90,"texture":"#1_0"}}},{"from":[-0.1,0.64,9.6],"to":[4.4,1.39,10.35],"faces":{"north":{"uv":[15,6.5,16,12.5],"rotation":270,"texture":"#1_0"},"east":{"uv":[15,6.5,16,7.5],"rotation":270,"texture":"#1_0"},"south":{"uv":[15,6.5,16,12.5],"rotation":90,"texture":"#1_0"},"west":{"uv":[15,15,16,16],"rotation":270,"texture":"#1_0"},"up":{"uv":[15,6.5,16,12.5],"rotation":90,"texture":"#1_0"},"down":{"uv":[15,6.5,16,12.5],"rotation":90,"texture":"#1_0"}}},{"from":[1.95,1,8.7],"to":[4.2,1.5,9.45],"rotation":{"angle":-45,"axis":"y","origin":[1,-0.5,4.75]},"faces":{"north":{"uv":[15,6.5,16,10],"rotation":90,"texture":"#1_0"},"east":{"uv":[15,15,16,16],"rotation":270,"texture":"#1_0"},"south":{"uv":[15,6.5,16,10],"rotation":270,"texture":"#1_0"},"west":{"uv":[15,6.5,16,7.5],"rotation":270,"texture":"#1_0"},"up":{"uv":[15,6.5,16,10],"rotation":270,"texture":"#1_0"},"down":{"uv":[15,6.5,16,10],"rotation":270,"texture":"#1_0"}}},{"from":[-1.75,0.87,7.25],"to":[-1,1.62,8.75],"faces":{"north":{"uv":[15,6.5,16,7.5],"rotation":270,"texture":"#1_0"},"east":{"uv":[15,7.5,16,10],"rotation":90,"texture":"#1_0"},"south":{"uv":[15,15,16,16],"rotation":270,"texture":"#1_0"},"west":{"uv":[15,7.5,16,10],"rotation":90,"texture":"#1_0"},"up":{"uv":[15,7.5,16,10],"texture":"#1_0"},"down":{"uv":[15,7.5,16,10],"texture":"#1_0"}}},{"from":[-2.6,1.14,5.6],"to":[0.9,1.89,6.35],"rotation":{"angle":22.5,"axis":"y","origin":[2,-0.25,4.5]},"faces":{"north":{"uv":[15,6.5,16,11.5],"rotation":270,"texture":"#1_0"},"east":{"uv":[15,6.5,16,7.5],"rotation":270,"texture":"#1_0"},"south":{"uv":[15,6.5,16,11.5],"rotation":90,"texture":"#1_0"},"west":{"uv":[15,15,16,16],"rotation":270,"texture":"#1_0"},"up":{"uv":[15,6.5,16,11.5],"rotation":90,"texture":"#1_0"},"down":{"uv":[15,6.5,16,11.5],"rotation":90,"texture":"#1_0"}}},{"from":[2.45,1.25,5.45],"to":[4.7,1.75,6.2],"rotation":{"angle":-45,"axis":"y","origin":[1,-0.25,4.75]},"faces":{"north":{"uv":[15,6.5,16,10],"rotation":90,"texture":"#1_0"},"east":{"uv":[15,15,16,16],"rotation":270,"texture":"#1_0"},"south":{"uv":[15,6.5,16,10],"rotation":270,"texture":"#1_0"},"west":{"uv":[15,6.5,16,7.5],"rotation":270,"texture":"#1_0"},"up":{"uv":[15,6.5,16,10],"rotation":270,"texture":"#1_0"},"down":{"uv":[15,6.5,16,10],"rotation":270,"texture":"#1_0"}}}],"display":{"thirdperson_righthand":{"rotation":[0,-108,180],"translation":[0.5,-4.5,-0.75],"scale":[0.7,0.7,0.7]},"thirdperson_lefthand":{"rotation":[0,77,180],"translation":[0.5,-4.5,-0.75],"scale":[0.7,0.7,0.7]},"firstperson_righthand":{"rotation":[0,30,-124],"translation":[0,-6,1.5]},"firstperson_lefthand":{"rotation":[0,-133,126],"translation":[1.25,-4,0.25]},"ground":{"translation":[0,0.5,0],"scale":[0.6,0.6,0.6]},"gui":{"rotation":[32,120,0],"translation":[-0.5,2.25,0],"scale":[0.7,0.7,0.7]},"fixed":{"rotation":[0,90,-90],"translation":[0,-4.5,-8]}},"groups":[{"name":"model","children":[0,1,2,3,4,5,6,7,8,9,10,11,12,13,14]},{"name":"rope","children":[15,16,17,18,19,20,21,22,23,24,25,26,27,28,29,30,31,32]}]}