{"credit":"Made with Blockbench","texture_size":[64,32],"textures":{"0":"mineinabyss:relics/flamethrower","particle":"mineinabyss:relics/flamethrower"},"elements":[{"from":[7.125,7.82843,17.249],"to":[8.875,8.45343,18.551],"rotation":{"angle":0,"axis":"z","origin":[8.125,8.32843,17.75]},"faces":{"north":{"uv":[4,8,5.5,9],"rotation":180,"texture":"#0"},"east":{"uv":[4,8,5.5,9],"rotation":180,"texture":"#0"},"south":{"uv":[5.5,8,7,9],"rotation":180,"texture":"#0"},"west":{"uv":[4,8,5.5,9],"rotation":180,"texture":"#0"},"up":{"uv":[4,0,5,1.5],"rotation":180,"texture":"#0"},"down":{"uv":[4,8,5.5,9],"rotation":180,"texture":"#0"}}},{"from":[7.125,4.22856,17.249],"to":[8.875,4.85356,18.551],"rotation":{"angle":0,"axis":"z","origin":[8.125,4.72856,17.75]},"faces":{"north":{"uv":[4,8,5.5,9],"rotation":180,"texture":"#0"},"east":{"uv":[4,8,5.5,9],"rotation":180,"texture":"#0"},"south":{"uv":[5.5,8,7,9],"rotation":180,"texture":"#0"},"west":{"uv":[4,8,5.5,9],"rotation":180,"texture":"#0"},"up":{"uv":[4,0,5,1.5],"rotation":180,"texture":"#0"},"down":{"uv":[4,0,5,1.5],"rotation":270,"texture":"#0"}}},{"from":[9.3724,9.27926,17.25],"to":[11.1224,9.90426,18.55],"rotation":{"angle":-45,"axis":"z","origin":[7.3724,9.77926,17.75]},"faces":{"north":{"uv":[4,8,5.5,9],"rotation":180,"texture":"#0"},"east":{"uv":[4,8,5.5,9],"rotation":180,"texture":"#0"},"south":{"uv":[5.5,8,7,9],"rotation":180,"texture":"#0"},"west":{"uv":[4,8,5.5,9],"rotation":180,"texture":"#0"},"up":{"uv":[4,0,4.75,2],"rotation":270,"texture":"#0"},"down":{"uv":[4,8,5.5,9],"rotation":180,"texture":"#0"}}},{"from":[6.8269,6.73376,17.25],"to":[8.5769,7.35876,18.55],"rotation":{"angle":-45,"axis":"z","origin":[4.8269,7.23376,17.75]},"faces":{"north":{"uv":[4,8,5.5,9],"rotation":180,"texture":"#0"},"east":{"uv":[4,8,5.5,9],"rotation":180,"texture":"#0"},"south":{"uv":[5.5,8,7,9],"rotation":180,"texture":"#0"},"west":{"uv":[4,8,5.5,9],"rotation":180,"texture":"#0"},"up":{"uv":[4,0,5,1.5],"rotation":180,"texture":"#0"},"down":{"uv":[4,0,4.75,2],"rotation":270,"texture":"#0"}}},{"from":[9.48744,5.46599,17.249],"to":[10.11244,7.21599,18.551],"rotation":{"angle":0,"axis":"z","origin":[9.98744,9.21599,17.75]},"faces":{"north":{"uv":[4,8,5.5,9],"rotation":270,"texture":"#0"},"east":{"uv":[4,0,5,1.5],"rotation":270,"texture":"#0"},"south":{"uv":[5.5,8,7,9],"rotation":270,"texture":"#0"},"west":{"uv":[4,8,5.5,9],"rotation":270,"texture":"#0"},"up":{"uv":[4,0,5,1.5],"rotation":270,"texture":"#0"},"down":{"uv":[4,8,5.5,9],"rotation":270,"texture":"#0"}}},{"from":[5.88756,5.46599,17.249],"to":[6.51256,7.21599,18.551],"rotation":{"angle":0,"axis":"z","origin":[6.38756,9.21599,17.75]},"faces":{"north":{"uv":[4,8,5.5,9],"rotation":270,"texture":"#0"},"east":{"uv":[4,8,5.5,9],"rotation":270,"texture":"#0"},"south":{"uv":[5.5,8,7,9],"rotation":270,"texture":"#0"},"west":{"uv":[4,0,5,1.5],"rotation":270,"texture":"#0"},"up":{"uv":[4,0,5,1.5],"rotation":270,"texture":"#0"},"down":{"uv":[4,8,5.5,9],"rotation":270,"texture":"#0"}}},{"from":[10.93826,3.2186,17.25],"to":[11.56326,4.9686,18.55],"rotation":{"angle":-45,"axis":"z","origin":[11.43826,6.9686,17.75]},"faces":{"north":{"uv":[4,8,5.5,9],"rotation":270,"texture":"#0"},"east":{"uv":[4,0,5,1.5],"rotation":270,"texture":"#0"},"south":{"uv":[5.5,8,7,9],"rotation":270,"texture":"#0"},"west":{"uv":[4,8,5.5,9],"rotation":270,"texture":"#0"},"up":{"uv":[4,0,5,1.5],"rotation":270,"texture":"#0"},"down":{"uv":[4,8,5.5,9],"rotation":270,"texture":"#0"}}},{"from":[8.39277,5.76409,17.25],"to":[9.01777,7.51409,18.55],"rotation":{"angle":-45,"axis":"z","origin":[8.89277,9.51409,17.75]},"faces":{"north":{"uv":[4,8,5.5,9],"rotation":270,"texture":"#0"},"east":{"uv":[4,8,5.5,9],"rotation":270,"texture":"#0"},"south":{"uv":[5.5,8,7,9],"rotation":270,"texture":"#0"},"west":{"uv":[4,0,5,1.5],"rotation":270,"texture":"#0"},"up":{"uv":[4,0,5,1.5],"rotation":270,"texture":"#0"},"down":{"uv":[4,8,5.5,9],"rotation":270,"texture":"#0"}}},{"from":[7,4,12.25],"to":[9,5,16.01],"rotation":{"angle":0,"axis":"y","origin":[7,4,9]},"faces":{"north":{"uv":[0,0,2,2],"rotation":180,"texture":"#0"},"east":{"uv":[0,0,2,2],"rotation":180,"texture":"#0"},"south":{"uv":[0,0,2,2],"rotation":180,"texture":"#0"},"west":{"uv":[0,0,2,2],"rotation":180,"texture":"#0"},"up":{"uv":[0,0,2,2],"rotation":180,"texture":"#0"},"down":{"uv":[0,0,2,2],"rotation":180,"texture":"#0"}}},{"from":[8.20711,4.91421,12.25],"to":[10.20711,5.91421,16],"rotation":{"angle":45,"axis":"z","origin":[9.70711,5.41421,9.5]},"faces":{"north":{"uv":[0,0,2,1],"texture":"#0"},"east":{"uv":[0,0,7,1],"texture":"#0"},"south":{"uv":[0,0,2,1],"texture":"#0"},"west":{"uv":[0,0,7,1],"texture":"#0"},"up":{"uv":[0,0,1.75,4.5],"texture":"#0"},"down":{"uv":[0,0,2,7],"texture":"#0"}}},{"from":[8.85355,6.76777,12.25],"to":[9.85355,8.76777,16],"rotation":{"angle":45,"axis":"z","origin":[9.35355,7.76777,9.5]},"faces":{"north":{"uv":[0,0,1,4],"rotation":90,"texture":"#0"},"east":{"uv":[0,0,1,4],"rotation":90,"texture":"#0"},"south":{"uv":[0,0,1,4],"rotation":90,"texture":"#0"},"west":{"uv":[0,0,1,4],"rotation":90,"texture":"#0"},"up":{"uv":[0,0,1,4],"rotation":90,"texture":"#0"},"down":{"uv":[0,0,1,4],"rotation":90,"texture":"#0"}}},{"from":[9.41421,5.41421,12.25],"to":[10.41421,7.41421,16.01],"rotation":{"angle":0,"axis":"z","origin":[9.91421,6.41421,9.5]},"faces":{"north":{"uv":[0,0,2,7],"rotation":270,"texture":"#0"},"east":{"uv":[0,0,2,8],"rotation":270,"texture":"#0"},"south":{"uv":[0,0,2,7],"rotation":270,"texture":"#0"},"west":{"uv":[0,0,2,7],"rotation":270,"texture":"#0"},"up":{"uv":[0,0,1.75,4.5],"rotation":270,"texture":"#0"},"down":{"uv":[0,0,2,7],"rotation":270,"texture":"#0"}}},{"from":[7,7.82843,12.25],"to":[9,8.82843,16.01],"rotation":{"angle":0,"axis":"z","origin":[8,8.32843,9.5]},"faces":{"north":{"uv":[0,0,1,4],"rotation":180,"texture":"#0"},"east":{"uv":[0,0,1,4],"rotation":180,"texture":"#0"},"south":{"uv":[0,0,1,4],"rotation":180,"texture":"#0"},"west":{"uv":[0,0,1,4],"rotation":180,"texture":"#0"},"up":{"uv":[0.25,4,1.25,8],"rotation":180,"texture":"#0"},"down":{"uv":[0,0,1,4],"rotation":180,"texture":"#0"}}},{"from":[6.14645,4.06066,12.25],"to":[7.14645,6.06066,16],"rotation":{"angle":45,"axis":"z","origin":[6.64645,5.06066,9.5]},"faces":{"north":{"uv":[0,0,2,2],"rotation":180,"texture":"#0"},"east":{"uv":[0,0,2,2],"rotation":180,"texture":"#0"},"south":{"uv":[0,0,2,2],"rotation":180,"texture":"#0"},"west":{"uv":[0,0,2,2],"rotation":180,"texture":"#0"},"up":{"uv":[0,0,2,2],"rotation":180,"texture":"#0"},"down":{"uv":[0,0,2,2],"rotation":180,"texture":"#0"}}},{"from":[5.58579,5.41421,12.25],"to":[6.58579,7.41421,16.01],"rotation":{"angle":0,"axis":"z","origin":[6.08579,6.41421,9.5]},"faces":{"north":{"uv":[0,0,2,2],"rotation":180,"texture":"#0"},"east":{"uv":[0,0,2,2],"rotation":180,"texture":"#0"},"south":{"uv":[0,0,2,2],"rotation":180,"texture":"#0"},"west":{"uv":[0,0,2,2],"rotation":180,"texture":"#0"},"up":{"uv":[0,0,2,2],"rotation":180,"texture":"#0"},"down":{"uv":[0,0,2,2],"rotation":180,"texture":"#0"}}},{"from":[5.5,7.62132,12.25],"to":[7.5,8.62132,16],"rotation":{"angle":45,"axis":"z","origin":[7,8.12132,9.5]},"faces":{"north":{"uv":[0,0,1,4],"texture":"#0"},"east":{"uv":[0,0,1,4],"texture":"#0"},"south":{"uv":[0,0,1,4],"texture":"#0"},"west":{"uv":[0,0,1,4],"texture":"#0"},"up":{"uv":[0.5,2.5,1.5,6.5],"texture":"#0"},"down":{"uv":[0,0,1,4],"texture":"#0"}}},{"from":[7.25,4.55,16],"to":[8.75,5.55,17.7501],"rotation":{"angle":0,"axis":"y","origin":[7.25,4.55,8]},"faces":{"north":{"uv":[4,0,5,2],"texture":"#0"},"east":{"uv":[4,0,5,2],"texture":"#0"},"south":{"uv":[6.25,9,7.5,10],"texture":"#0"},"west":{"uv":[4,0,5,2],"texture":"#0"},"up":{"uv":[4,11.5,5,13.5],"texture":"#0"},"down":{"uv":[4,0,5,2],"texture":"#0"}}},{"from":[7.25,7.17132,16],"to":[8.75,8.17132,17.7501],"rotation":{"angle":0,"axis":"y","origin":[7.25,7.17132,8]},"faces":{"north":{"uv":[4,0,5,2],"texture":"#0"},"east":{"uv":[4,0,5,2],"texture":"#0"},"south":{"uv":[6.25,9,7.5,10],"texture":"#0"},"west":{"uv":[4,0,5,2],"texture":"#0"},"up":{"uv":[4,0,5,2],"texture":"#0"},"down":{"uv":[5.25,9,6.25,11],"texture":"#0"}}},{"from":[8.81066,5.61066,16],"to":[9.81066,7.11066,17.7501],"rotation":{"angle":0,"axis":"z","origin":[9.81066,5.61066,8]},"faces":{"north":{"uv":[4,0,5,2],"rotation":270,"texture":"#0"},"east":{"uv":[4,0,5,2],"rotation":270,"texture":"#0"},"south":{"uv":[6.25,9,7.5,10],"rotation":270,"texture":"#0"},"west":{"uv":[5,9,6,11],"rotation":270,"texture":"#0"},"up":{"uv":[4,0,5,2],"rotation":270,"texture":"#0"},"down":{"uv":[4,0,5,2],"rotation":270,"texture":"#0"}}},{"from":[6.18934,5.61066,16],"to":[7.18934,7.11066,17.7501],"rotation":{"angle":0,"axis":"z","origin":[7.18934,5.61066,8]},"faces":{"north":{"uv":[4,0,5,2],"rotation":270,"texture":"#0"},"east":{"uv":[6.25,8,7.25,10],"rotation":270,"texture":"#0"},"south":{"uv":[6.25,9,7.5,10],"rotation":270,"texture":"#0"},"west":{"uv":[4,0,5,2],"rotation":270,"texture":"#0"},"up":{"uv":[4,0,5,2],"rotation":270,"texture":"#0"},"down":{"uv":[4,0,5,2],"rotation":270,"texture":"#0"}}},{"from":[6.95711,5.25711,16],"to":[7.95711,6.75711,17.75],"rotation":{"angle":45,"axis":"z","origin":[7.95711,5.25711,8]},"faces":{"north":{"uv":[4,0,5,2],"rotation":270,"texture":"#0"},"east":{"uv":[4,8,5,10],"rotation":270,"texture":"#0"},"south":{"uv":[6.25,9,7.5,10],"rotation":270,"texture":"#0"},"west":{"uv":[4,0,5,2],"rotation":270,"texture":"#0"},"up":{"uv":[4,0,5,2],"rotation":270,"texture":"#0"},"down":{"uv":[4,0,5,2],"rotation":270,"texture":"#0"}}},{"from":[8.81066,7.11066,16],"to":[9.81066,8.61066,17.75],"rotation":{"angle":45,"axis":"z","origin":[9.81066,7.11066,8]},"faces":{"north":{"uv":[4,0,5,2],"rotation":270,"texture":"#0"},"east":{"uv":[4,0,5,2],"rotation":270,"texture":"#0"},"south":{"uv":[6.25,9,7.5,10],"rotation":270,"texture":"#0"},"west":{"uv":[5.25,8,6.25,10],"rotation":270,"texture":"#0"},"up":{"uv":[4,0,5,2],"rotation":270,"texture":"#0"},"down":{"uv":[4,0,5,2],"rotation":270,"texture":"#0"}}},{"from":[8.17678,4.93388,16],"to":[9.67678,5.93388,17.75],"rotation":{"angle":45,"axis":"z","origin":[8.92678,5.43388,16.5]},"faces":{"north":{"uv":[4,0,5,2],"texture":"#0"},"east":{"uv":[4,0,5,2],"texture":"#0"},"south":{"uv":[6.25,9,7.5,10],"texture":"#0"},"west":{"uv":[4,0,5,2],"texture":"#0"},"up":{"uv":[5.25,8.5,6.25,10.5],"texture":"#0"},"down":{"uv":[4,0,5,2],"texture":"#0"}}},{"from":[6.32322,6.78744,16],"to":[7.82322,7.78744,17.75],"rotation":{"angle":45,"axis":"z","origin":[7.07322,7.28744,16.5]},"faces":{"north":{"uv":[4,0,5,2],"texture":"#0"},"east":{"uv":[4,0,5,2],"texture":"#0"},"south":{"uv":[6.25,9,7.5,10],"texture":"#0"},"west":{"uv":[4,0,5,2],"texture":"#0"},"up":{"uv":[4,0,5,2],"texture":"#0"},"down":{"uv":[4.75,9,5.75,11],"texture":"#0"}}},{"from":[7.225,3.52921,7.91598],"to":[8.475,4.20421,14.66598],"rotation":{"angle":-22.5,"axis":"x","origin":[7.975,4.92921,16.66598]},"faces":{"north":{"uv":[1,0,1.75,8],"rotation":90,"texture":"#0"},"east":{"uv":[1,0,1.75,8],"rotation":90,"texture":"#0"},"south":{"uv":[1,0,1.75,8],"rotation":90,"texture":"#0"},"west":{"uv":[1,0,1.75,8],"rotation":90,"texture":"#0"},"up":{"uv":[1,0,1.75,8],"texture":"#0"},"down":{"uv":[1,0,1.75,8],"texture":"#0"}}},{"from":[7.226,4.2209,11.24723],"to":[8.474,4.6959,12.74723],"rotation":{"angle":-45,"axis":"x","origin":[7.975,5.4209,14.74723]},"faces":{"north":{"uv":[0,0,1,2.5],"texture":"#0"},"east":{"uv":[0,0,1.5,1],"texture":"#0"},"south":{"uv":[0,0,1,2.5],"texture":"#0"},"west":{"uv":[0,0,1.5,1],"texture":"#0"},"up":{"uv":[0,0,1,2.5],"texture":"#0"},"down":{"uv":[0,0,1,2.5],"texture":"#0"}}},{"from":[7.65,4.20421,10.91598],"to":[8.35,4.42921,11.61598],"rotation":{"angle":-22.5,"axis":"x","origin":[7.975,4.92921,16.66598]},"faces":{"north":{"uv":[8,0,8.75,0.5],"texture":"#0"},"east":{"uv":[8,0,8.75,0.5],"texture":"#0"},"south":{"uv":[8,0,8.75,0.5],"texture":"#0"},"west":{"uv":[8,0,8.75,0.5],"texture":"#0"},"up":{"uv":[8,0,8.75,1.5],"texture":"#0"},"down":{"uv":[8,0,8.75,0.5],"texture":"#0"}}},{"from":[7.225,0.2873,0.3678],"to":[8.475,0.9623,9.1178],"rotation":{"angle":0,"axis":"x","origin":[7.85,0.6248,5.7428]},"faces":{"north":{"uv":[0.75,0,1.25,8],"texture":"#0"},"east":{"uv":[0.75,0,1.25,8],"rotation":90,"texture":"#0"},"south":{"uv":[0.75,0,1.25,8],"texture":"#0"},"west":{"uv":[0.75,0,1.25,8],"rotation":90,"texture":"#0"},"up":{"uv":[0.75,0,1.25,8],"texture":"#0"},"down":{"uv":[0.75,0,1.25,8],"texture":"#0"}}},{"from":[7.2249,2.81903,13.84567],"to":[8.4751,3.49403,19.09567],"rotation":{"angle":0,"axis":"x","origin":[7.85,3.15653,15.47067]},"faces":{"north":{"uv":[0,0,2.25,7],"texture":"#0"},"east":{"uv":[0,0,0.5,8],"rotation":90,"texture":"#0"},"south":{"uv":[0,0,2.25,7],"texture":"#0"},"west":{"uv":[0,0,0.5,8],"rotation":90,"texture":"#0"},"up":{"uv":[0,0,0.75,8],"texture":"#0"},"down":{"uv":[0,0,0.75,8],"texture":"#0"}}},{"from":[7.2248,3.51567,18.52752],"to":[8.4752,4.19067,19.52752],"rotation":{"angle":-45,"axis":"x","origin":[7.85,3.85317,19.65252]},"faces":{"north":{"uv":[0,0,1,1.5],"texture":"#0"},"east":{"uv":[0,0,1,1.5],"texture":"#0"},"south":{"uv":[0,0,1,1.5],"texture":"#0"},"west":{"uv":[0,0,1,1.5],"texture":"#0"},"up":{"uv":[0,0,1,1.5],"texture":"#0"},"down":{"uv":[0,0,1,1.5],"texture":"#0"}}},{"from":[7.225,3.52614,19.12778],"to":[8.475,4.32614,19.80278],"rotation":{"angle":0,"axis":"x","origin":[7.85,4.65114,19.46528]},"faces":{"north":{"uv":[0,0,1,1.5],"texture":"#0"},"east":{"uv":[0,0,1,1.5],"texture":"#0"},"south":{"uv":[0,0,1,1.5],"texture":"#0"},"west":{"uv":[0,0,1,1.5],"texture":"#0"},"up":{"uv":[0,0,1,1.5],"texture":"#0"},"down":{"uv":[0,0,1,1.5],"texture":"#0"}}},{"from":[7.625,4.27614,19.25278],"to":[8.075,4.60114,19.70278],"rotation":{"angle":0,"axis":"x","origin":[7.85,4.65114,19.46528]},"faces":{"north":{"uv":[8.25,0.5,8.75,1],"texture":"#0"},"east":{"uv":[8.25,0.5,8.75,1],"texture":"#0"},"south":{"uv":[8.25,0.5,8.75,1],"texture":"#0"},"west":{"uv":[8.25,0.5,8.75,1],"texture":"#0"},"up":{"uv":[8.25,0.5,8.75,1.5],"texture":"#0"},"down":{"uv":[8.25,0.5,8.75,1],"texture":"#0"}}},{"from":[9.415,2.87868,0.62868],"to":[10.415,4.87868,6.87868],"rotation":{"angle":-45,"axis":"x","origin":[9.91421,3.87868,2.87868]},"faces":{"north":{"uv":[0,0,1.125,6.5],"rotation":270,"texture":"#0"},"east":{"uv":[0,0,1.125,6.5],"rotation":270,"texture":"#0"},"south":{"uv":[0,0,1.125,6.5],"rotation":270,"texture":"#0"},"west":{"uv":[0,0,1.125,6.5],"rotation":270,"texture":"#0"},"up":{"uv":[0,0,0.25,5],"rotation":270,"texture":"#0"},"down":{"uv":[0,0,0.25,5],"rotation":270,"texture":"#0"}}},{"from":[5.585,2.87868,0.62868],"to":[6.585,4.87868,6.87868],"rotation":{"angle":-45,"axis":"x","origin":[10.08579,3.87868,2.87868]},"faces":{"north":{"uv":[0,0,0.75,5],"rotation":270,"texture":"#0"},"east":{"uv":[0,0,0.75,5],"rotation":270,"texture":"#0"},"south":{"uv":[0,0,0.75,5],"rotation":270,"texture":"#0"},"west":{"uv":[0,0,0.75,5],"rotation":270,"texture":"#0"},"up":{"uv":[0,0,0.25,5],"rotation":270,"texture":"#0"},"down":{"uv":[0,0,0.25,5],"rotation":270,"texture":"#0"}}},{"from":[7,4.08579,-1.03553],"to":[9,5.08579,6.96447],"rotation":{"angle":-45,"axis":"x","origin":[8,4.58579,1.46447]},"faces":{"north":{"uv":[0,0,0.75,6.5],"rotation":180,"texture":"#0"},"east":{"uv":[0,0,0.25,6.5],"rotation":270,"texture":"#0"},"south":{"uv":[0,0,0.75,6.5],"rotation":180,"texture":"#0"},"west":{"uv":[0,0,0.25,6.5],"rotation":270,"texture":"#0"},"up":{"uv":[0,0,0.75,6.5],"rotation":180,"texture":"#0"},"down":{"uv":[0,0,0.75,6.5],"rotation":180,"texture":"#0"}}},{"from":[9,4.08579,-0.78553],"to":[10,4.68579,5.96447],"rotation":{"angle":-45,"axis":"x","origin":[7,4.58579,1.46447]},"faces":{"north":{"uv":[0,0,0.5,6.5],"rotation":180,"texture":"#0"},"east":{"uv":[0,0,0.25,6.5],"rotation":270,"texture":"#0"},"south":{"uv":[0,0,0.5,6.5],"rotation":180,"texture":"#0"},"west":{"uv":[0,0,0.25,6.5],"rotation":270,"texture":"#0"},"up":{"uv":[0,0,0.5,6.5],"rotation":180,"texture":"#0"},"down":{"uv":[0,0,0.5,6.5],"rotation":180,"texture":"#0"}}},{"from":[6.25,7.23848,4.57574],"to":[7,7.83848,6.57574],"rotation":{"angle":0,"axis":"x","origin":[6.75,7.53848,5.57574]},"faces":{"north":{"uv":[0,0,0.1875,1],"rotation":180,"texture":"#0"},"east":{"uv":[0,0,0.1875,1],"rotation":180,"texture":"#0"},"south":{"uv":[0,0,0.1875,1],"rotation":180,"texture":"#0"},"west":{"uv":[0,0,0.1875,1],"rotation":180,"texture":"#0"},"up":{"uv":[0,0,1.125,6.5],"rotation":180,"texture":"#0"},"down":{"uv":[0,0,0.1875,1],"rotation":180,"texture":"#0"}}},{"from":[9,7.23848,4.57574],"to":[9.75,7.83848,6.57574],"rotation":{"angle":0,"axis":"x","origin":[6.5,7.53848,5.57574]},"faces":{"north":{"uv":[0,0,0.1875,1],"rotation":180,"texture":"#0"},"east":{"uv":[0,0,0.1875,1],"rotation":180,"texture":"#0"},"south":{"uv":[0,0,0.1875,1],"rotation":180,"texture":"#0"},"west":{"uv":[0,0,0.1875,1],"rotation":180,"texture":"#0"},"up":{"uv":[0,0,1.125,6.5],"rotation":180,"texture":"#0"},"down":{"uv":[0,0,0.1875,1],"rotation":180,"texture":"#0"}}},{"from":[6,4.08579,-1.03553],"to":[7,4.68579,5.96447],"rotation":{"angle":-45,"axis":"x","origin":[7,4.58579,1.46447]},"faces":{"north":{"uv":[0,0,0.5,6.5],"rotation":180,"texture":"#0"},"east":{"uv":[0,0,0.25,6.5],"rotation":270,"texture":"#0"},"south":{"uv":[0,0,0.5,6.5],"rotation":180,"texture":"#0"},"west":{"uv":[0,0,0.25,6.5],"rotation":270,"texture":"#0"},"up":{"uv":[0,0,0.5,6.5],"rotation":180,"texture":"#0"},"down":{"uv":[0,0,0.5,6.5],"rotation":180,"texture":"#0"}}},{"from":[5.985,1.29363,-0.56838],"to":[6.985,1.96863,5.68162],"rotation":{"angle":-45,"axis":"x","origin":[6.585,4.86863,1.18162]},"faces":{"north":{"uv":[0,0,0.5,6.5],"rotation":180,"texture":"#0"},"east":{"uv":[0,0,0.25,6.5],"rotation":270,"texture":"#0"},"south":{"uv":[0,0,0.5,6.5],"rotation":180,"texture":"#0"},"west":{"uv":[0,0,0.25,6.5],"rotation":270,"texture":"#0"},"up":{"uv":[0,0,0.5,6.5],"rotation":180,"texture":"#0"},"down":{"uv":[0,0,0.5,6.5],"rotation":180,"texture":"#0"}}},{"from":[8.985,1.29363,-0.56838],"to":[9.985,1.96863,5.68162],"rotation":{"angle":-45,"axis":"x","origin":[6.585,4.86863,1.18162]},"faces":{"north":{"uv":[0,0,0.5,6.5],"rotation":180,"texture":"#0"},"east":{"uv":[0,0,0.25,6.5],"rotation":270,"texture":"#0"},"south":{"uv":[0,0,0.5,6.5],"rotation":180,"texture":"#0"},"west":{"uv":[0,0,0.25,6.5],"rotation":270,"texture":"#0"},"up":{"uv":[0,0,0.5,6.5],"rotation":180,"texture":"#0"},"down":{"uv":[0,0,0.5,6.5],"rotation":180,"texture":"#0"}}},{"from":[7,-0.12868,-2.5],"to":[9,0.87132,3],"rotation":{"angle":-45,"axis":"x","origin":[8,6.12132,-0.65685]},"faces":{"north":{"uv":[0,0,0.5,2.75],"rotation":180,"texture":"#0"},"east":{"uv":[0,0,0.5,2.75],"rotation":180,"texture":"#0"},"south":{"uv":[0,0,0.5,2.75],"rotation":180,"texture":"#0"},"west":{"uv":[0,0,0.5,2.75],"rotation":180,"texture":"#0"},"up":{"uv":[0,0,1.125,6.5],"rotation":180,"texture":"#0"},"down":{"uv":[0,0,0.75,4],"rotation":180,"texture":"#0"}}},{"from":[3.37121,4.414,6.06775],"to":[4.37121,5.416,11.81775],"rotation":{"angle":0,"axis":"y","origin":[3.87121,4.91421,8.81775]},"faces":{"north":{"uv":[0,0,0.75,1.5],"rotation":180,"texture":"#0"},"east":{"uv":[0,0,0.75,7.5],"rotation":90,"texture":"#0"},"south":{"uv":[0,0,0.75,1.5],"rotation":180,"texture":"#0"},"west":{"uv":[0,0,0.75,7.5],"rotation":90,"texture":"#0"},"up":{"uv":[0,0,0.75,7.5],"rotation":180,"texture":"#0"},"down":{"uv":[0,0,0.75,7.5],"rotation":180,"texture":"#0"}}},{"from":[3.47121,4.514,3.81775],"to":[4.27121,5.314,6.06775],"rotation":{"angle":0,"axis":"y","origin":[3.87121,4.91421,8.81775]},"faces":{"north":{"uv":[12,0,12.2,1.125],"rotation":90,"texture":"#0"},"east":{"uv":[12,0,12.2,1.125],"rotation":90,"texture":"#0"},"south":{"uv":[12,0,12.2,1.125],"rotation":90,"texture":"#0"},"west":{"uv":[12,0,12.2,1.125],"rotation":90,"texture":"#0"},"up":{"uv":[12,0,12.2,1.125],"rotation":90,"texture":"#0"},"down":{"uv":[12,0,12.2,1.125],"rotation":90,"texture":"#0"}}},{"from":[4.14955,4.514,3.1801],"to":[4.94955,5.314,4.4301],"rotation":{"angle":-45,"axis":"y","origin":[4.54955,4.914,3.3051]},"faces":{"north":{"uv":[12,0,13.75,5.5],"rotation":90,"texture":"#0"},"east":{"uv":[12,0,13.75,5.5],"rotation":90,"texture":"#0"},"south":{"uv":[12,0,13.75,5.5],"rotation":90,"texture":"#0"},"west":{"uv":[12,0,13.75,5.5],"rotation":90,"texture":"#0"},"up":{"uv":[12,0,13.75,5.5],"rotation":90,"texture":"#0"},"down":{"uv":[12,0,13.75,5.5],"rotation":90,"texture":"#0"}}},{"from":[4.35509,4.514,2.93387],"to":[6.60509,5.314,3.73387],"rotation":{"angle":0,"axis":"y","origin":[5.48009,4.914,3.33387]},"faces":{"north":{"uv":[12,0,13.75,5.5],"rotation":270,"texture":"#0"},"east":{"uv":[12,0,13.75,5.5],"rotation":270,"texture":"#0"},"south":{"uv":[12,0,13.75,5.5],"rotation":270,"texture":"#0"},"west":{"uv":[12,0,13.75,5.5],"rotation":270,"texture":"#0"},"up":{"uv":[12,0,13.75,5.5],"rotation":270,"texture":"#0"},"down":{"uv":[12,0,13.75,5.5],"rotation":270,"texture":"#0"}}},{"from":[3.27121,4.314,11.01775],"to":[4.47121,5.516,11.64275],"rotation":{"angle":0,"axis":"y","origin":[3.87121,4.91421,8.81775]},"faces":{"north":{"uv":[4,0,5,1],"rotation":270,"texture":"#0"},"east":{"uv":[4,0,5,1],"rotation":270,"texture":"#0"},"south":{"uv":[4,0,5,1],"rotation":270,"texture":"#0"},"west":{"uv":[4,0,5,1],"rotation":270,"texture":"#0"},"up":{"uv":[4,0,5,1],"rotation":180,"texture":"#0"},"down":{"uv":[4,0,5,1],"rotation":180,"texture":"#0"}}},{"from":[3.27121,4.314,5.96775],"to":[4.47121,5.516,6.59275],"rotation":{"angle":0,"axis":"y","origin":[3.87121,4.91421,8.81775]},"faces":{"north":{"uv":[4,0,5,1],"rotation":180,"texture":"#0"},"east":{"uv":[4,0,5,1],"rotation":90,"texture":"#0"},"south":{"uv":[4,0,5,1],"rotation":180,"texture":"#0"},"west":{"uv":[4,0,5,1],"rotation":90,"texture":"#0"},"up":{"uv":[4,0,5,1],"rotation":180,"texture":"#0"},"down":{"uv":[4,0,5,1],"rotation":180,"texture":"#0"}}},{"from":[3.62121,4.664,11.81775],"to":[4.12121,5.164,12.11775],"rotation":{"angle":0,"axis":"y","origin":[3.87121,4.91421,8.81775]},"faces":{"north":{"uv":[8.25,8,8.5,8.5],"rotation":270,"texture":"#0"},"east":{"uv":[8.25,8,8.5,8.5],"rotation":270,"texture":"#0"},"south":{"uv":[8.25,8,8.5,8.5],"rotation":270,"texture":"#0"},"west":{"uv":[8.25,8,8.5,8.5],"rotation":270,"texture":"#0"},"up":{"uv":[8.25,8,8.5,8.5],"rotation":270,"texture":"#0"},"down":{"uv":[8.25,8,8.5,8.5],"rotation":270,"texture":"#0"}}},{"from":[3.52121,4.564,12.11775],"to":[4.22121,5.264,12.39275],"rotation":{"angle":0,"axis":"y","origin":[3.87121,4.91421,8.61775]},"faces":{"north":{"uv":[9,4.5,9.25,5.5],"rotation":270,"texture":"#0"},"east":{"uv":[9,4.5,9.25,5.5],"rotation":180,"texture":"#0"},"south":{"uv":[9,4.5,9.25,5.5],"rotation":270,"texture":"#0"},"west":{"uv":[9,4.5,9.25,5.5],"rotation":180,"texture":"#0"},"up":{"uv":[9,4.5,9.25,5.5],"rotation":270,"texture":"#0"},"down":{"uv":[9,4.5,9.25,5.5],"rotation":270,"texture":"#0"}}},{"from":[6.75,9.12843,14.25],"to":[9.25,9.45343,15.25],"rotation":{"angle":0,"axis":"z","origin":[8,7.87843,9.5]},"faces":{"north":{"uv":[8,0,8.625,0.5],"rotation":180,"texture":"#0"},"east":{"uv":[8,0,8.625,0.5],"rotation":180,"texture":"#0"},"south":{"uv":[8,0,8.625,0.5],"rotation":180,"texture":"#0"},"west":{"uv":[8,0,8.625,0.5],"rotation":180,"texture":"#0"},"up":{"uv":[10.5,1.5,11.75,2.5],"rotation":180,"texture":"#0"},"down":{"uv":[9.5,1.5,10.75,2.5],"rotation":180,"texture":"#0"}}},{"from":[8.56569,8.37635,14.25],"to":[11.06569,8.70135,15.25],"rotation":{"angle":-45,"axis":"z","origin":[9.81569,8.25135,14.875]},"faces":{"north":{"uv":[8,0,8.625,0.5],"rotation":180,"texture":"#0"},"east":{"uv":[8,0,8.625,0.5],"rotation":180,"texture":"#0"},"south":{"uv":[8,0,8.625,0.5],"rotation":180,"texture":"#0"},"west":{"uv":[8,0,8.625,0.5],"rotation":180,"texture":"#0"},"up":{"uv":[9.5,1.5,10.75,2.5],"rotation":180,"texture":"#0"},"down":{"uv":[9.5,1.5,10.75,2.5],"rotation":180,"texture":"#0"}}},{"from":[9.71872,7.85438,14.25],"to":[10.06872,8.35438,15],"rotation":{"angle":-45,"axis":"z","origin":[9.86872,8.22938,14.875]},"faces":{"north":{"uv":[8,0,8.0875,0.375],"rotation":180,"texture":"#0"},"east":{"uv":[8,0,8.0875,0.375],"rotation":180,"texture":"#0"},"south":{"uv":[8,0,8.0875,0.375],"rotation":180,"texture":"#0"},"west":{"uv":[8,0,8.0875,0.375],"rotation":180,"texture":"#0"},"up":{"uv":[8,0,8.0875,0.375],"rotation":180,"texture":"#0"},"down":{"uv":[8,0,8.0875,0.375],"rotation":180,"texture":"#0"}}},{"from":[5.91872,7.87938,14.25],"to":[6.26872,8.37938,15],"rotation":{"angle":45,"axis":"z","origin":[6.14372,8.22938,14.875]},"faces":{"north":{"uv":[8,0,8.0875,0.375],"rotation":180,"texture":"#0"},"east":{"uv":[8,0,8.0875,0.375],"rotation":180,"texture":"#0"},"south":{"uv":[8,0,8.0875,0.375],"rotation":180,"texture":"#0"},"west":{"uv":[8,0,8.0875,0.375],"rotation":180,"texture":"#0"},"up":{"uv":[8,0,8.0875,0.375],"rotation":180,"texture":"#0"},"down":{"uv":[8,0,8.0875,0.375],"rotation":180,"texture":"#0"}}},{"from":[5.91872,2.67938,14.25],"to":[6.26872,3.17938,15],"rotation":{"angle":45,"axis":"z","origin":[6.14372,8.22938,14.875]},"faces":{"north":{"uv":[8,0,8.0875,0.375],"rotation":180,"texture":"#0"},"east":{"uv":[8,0,8.0875,0.375],"rotation":180,"texture":"#0"},"south":{"uv":[8,0,8.0875,0.375],"rotation":180,"texture":"#0"},"west":{"uv":[8,0,8.0875,0.375],"rotation":180,"texture":"#0"},"up":{"uv":[8,0,8.0875,0.375],"rotation":180,"texture":"#0"},"down":{"uv":[8,0,8.0875,0.375],"rotation":180,"texture":"#0"}}},{"from":[9.74372,2.72938,14.25],"to":[10.09372,3.22938,15],"rotation":{"angle":-45,"axis":"z","origin":[9.86872,8.22938,14.875]},"faces":{"north":{"uv":[8,0,8.0875,0.375],"rotation":180,"texture":"#0"},"east":{"uv":[8,0,8.0875,0.375],"rotation":180,"texture":"#0"},"south":{"uv":[8,0,8.0875,0.375],"rotation":180,"texture":"#0"},"west":{"uv":[8,0,8.0875,0.375],"rotation":180,"texture":"#0"},"up":{"uv":[8,0,8.0875,0.375],"rotation":180,"texture":"#0"},"down":{"uv":[8,0,8.0875,0.375],"rotation":180,"texture":"#0"}}},{"from":[10.69277,5.18566,14.25],"to":[11.01777,7.68566,15.25],"rotation":{"angle":0,"axis":"z","origin":[10.56777,6.43566,14.875]},"faces":{"north":{"uv":[8,0,8.25,0.1625],"rotation":270,"texture":"#0"},"east":{"uv":[9.5,1.5,10.75,2.5],"rotation":90,"texture":"#0"},"south":{"uv":[8,0,8.25,0.1625],"rotation":270,"texture":"#0"},"west":{"uv":[9.5,1.5,10.75,2.5],"rotation":180,"texture":"#0"},"up":{"uv":[8,0,8.25,0.1625],"rotation":270,"texture":"#0"},"down":{"uv":[8,0,8.25,0.1625],"rotation":270,"texture":"#0"}}},{"from":[9.94069,3.36998,14.25],"to":[10.26569,5.86998,15.25],"rotation":{"angle":-45,"axis":"z","origin":[9.81569,4.61998,14.875]},"faces":{"north":{"uv":[8,0,8.25,0.1625],"rotation":270,"texture":"#0"},"east":{"uv":[8.5,4.5,9.75,5.5],"rotation":90,"texture":"#0"},"south":{"uv":[8,0,8.25,0.1625],"rotation":270,"texture":"#0"},"west":{"uv":[8.5,4.5,9.75,5.5],"rotation":90,"texture":"#0"},"up":{"uv":[9.5,1.5,10.75,2.5],"texture":"#0"},"down":{"uv":[9.5,1.5,10.75,2.5],"rotation":270,"texture":"#0"}}},{"from":[6.75,3.4179,14.25],"to":[9.25,3.7429,15.25],"rotation":{"angle":0,"axis":"z","origin":[8,3.7929,14.875]},"faces":{"north":{"uv":[8,0,8.625,0.5],"texture":"#0"},"east":{"uv":[8,0,8.625,0.5],"texture":"#0"},"south":{"uv":[8,0,8.625,0.5],"texture":"#0"},"west":{"uv":[8,0,8.625,0.5],"texture":"#0"},"up":{"uv":[9.5,1.5,10.75,2.5],"texture":"#0"},"down":{"uv":[9.5,1.5,10.75,2.5],"texture":"#0"}}},{"from":[4.93431,4.16998,14.25],"to":[7.43431,4.49498,15.25],"rotation":{"angle":-45,"axis":"z","origin":[6.18431,4.61998,14.875]},"faces":{"north":{"uv":[8,0,8.625,0.5],"texture":"#0"},"east":{"uv":[8,0,8.625,0.5],"texture":"#0"},"south":{"uv":[8,0,8.625,0.5],"texture":"#0"},"west":{"uv":[8,0,8.625,0.5],"texture":"#0"},"up":{"uv":[9.5,1.5,10.75,2.5],"texture":"#0"},"down":{"uv":[9.5,1.5,10.75,2.5],"texture":"#0"}}},{"from":[4.98223,5.18566,14.25],"to":[5.30723,7.68566,15.25],"rotation":{"angle":0,"axis":"z","origin":[5.43223,6.43566,14.875]},"faces":{"north":{"uv":[8,0,8.25,0.1625],"rotation":90,"texture":"#0"},"east":{"uv":[9.5,1.5,10.75,2.5],"rotation":90,"texture":"#0"},"south":{"uv":[8,0,8.25,0.1625],"rotation":90,"texture":"#0"},"west":{"uv":[9.5,1.5,10.75,2.5],"rotation":90,"texture":"#0"},"up":{"uv":[8,0,8.25,0.1625],"rotation":90,"texture":"#0"},"down":{"uv":[8,0,8.25,0.1625],"rotation":90,"texture":"#0"}}},{"from":[5.73431,7.00135,14.25],"to":[6.05931,9.50135,15.25],"rotation":{"angle":-45,"axis":"z","origin":[6.18431,8.25135,14.875]},"faces":{"north":{"uv":[8,0,8.25,0.1625],"rotation":90,"texture":"#0"},"east":{"uv":[9.5,1.5,10.75,2.5],"rotation":180,"texture":"#0"},"south":{"uv":[8,0,8.25,0.1625],"rotation":90,"texture":"#0"},"west":{"uv":[10.5,1.5,11.75,2.5],"rotation":270,"texture":"#0"},"up":{"uv":[8,0,8.25,0.1625],"rotation":90,"texture":"#0"},"down":{"uv":[8,0,8.25,0.1625],"rotation":90,"texture":"#0"}}},{"from":[7.825,9.45343,5.5],"to":[8.675,10.05343,6.36],"rotation":{"angle":-45,"axis":"y","origin":[8.025,9.62843,5.68]},"faces":{"north":{"uv":[8.25,7,9,8],"rotation":180,"texture":"#0"},"east":{"uv":[8.25,7,9,8],"rotation":180,"texture":"#0"},"south":{"uv":[8.25,7,9,8],"rotation":180,"texture":"#0"},"west":{"uv":[8.25,7,9,8],"rotation":180,"texture":"#0"},"up":{"uv":[9.5,5,10.25,6.5],"rotation":180,"texture":"#0"},"down":{"uv":[8.25,7,9,8],"rotation":180,"texture":"#0"}}},{"from":[6.75,7.62843,4.75],"to":[9.25,9.12843,7.26],"rotation":{"angle":0,"axis":"y","origin":[8,8.50343,6.005]},"faces":{"north":{"uv":[1.5,1,2.75,2.5],"rotation":180,"texture":"#0"},"east":{"uv":[1.5,1,2.75,2.5],"rotation":180,"texture":"#0"},"south":{"uv":[1.5,1,2.75,2.5],"rotation":180,"texture":"#0"},"west":{"uv":[1.5,1,2.75,2.5],"rotation":180,"texture":"#0"},"up":{"uv":[0,0,1.25,2.5],"rotation":180,"texture":"#0"},"down":{"uv":[1.5,1,2.75,2.5],"rotation":180,"texture":"#0"}}},{"from":[7.25,9.12843,5.25],"to":[8.75,9.47843,6.76],"rotation":{"angle":0,"axis":"y","origin":[8,8.50343,6.005]},"faces":{"north":{"uv":[8,0,9,0.5],"rotation":180,"texture":"#0"},"east":{"uv":[8,0,9,0.5],"rotation":180,"texture":"#0"},"south":{"uv":[8,0,9,0.5],"rotation":180,"texture":"#0"},"west":{"uv":[8,0,9,0.5],"rotation":180,"texture":"#0"},"up":{"uv":[8.75,4,9.75,6],"rotation":180,"texture":"#0"},"down":{"uv":[8,0,9,0.5],"rotation":180,"texture":"#0"}}},{"from":[7.725,9.80343,5.25],"to":[8.275,10.40343,6.76],"rotation":{"angle":0,"axis":"y","origin":[8,9.17843,6.005]},"faces":{"north":{"uv":[8,0,8.5,1.5],"rotation":180,"texture":"#0"},"east":{"uv":[8,0,9.25,1],"rotation":180,"texture":"#0"},"south":{"uv":[8,0,8.5,1],"rotation":180,"texture":"#0"},"west":{"uv":[8,0,9.25,1],"rotation":180,"texture":"#0"},"up":{"uv":[8.75,5,9.25,7.5],"rotation":180,"texture":"#0"},"down":{"uv":[8,0,8.5,1.5],"rotation":180,"texture":"#0"}}},{"from":[7.775,10.05343,4.49],"to":[8.225,10.40343,5.25],"rotation":{"angle":0,"axis":"y","origin":[8,9.17843,4.495]},"faces":{"north":{"uv":[8,0,8.1125,0.38],"rotation":180,"texture":"#0"},"east":{"uv":[8,0,8.5,0.5],"rotation":180,"texture":"#0"},"south":{"uv":[8,0,8.1125,0.38],"rotation":180,"texture":"#0"},"west":{"uv":[8,0,8.5,0.5],"rotation":180,"texture":"#0"},"up":{"uv":[11.25,3.5,11.75,5],"rotation":180,"texture":"#0"},"down":{"uv":[8,0,8.1125,0.38],"rotation":180,"texture":"#0"}}},{"from":[7.825,9.55343,3.74],"to":[8.175,10.40343,4.5],"rotation":{"angle":0,"axis":"y","origin":[8,9.17843,3.745]},"faces":{"north":{"uv":[11,4,11.5,6.5],"rotation":180,"texture":"#0"},"east":{"uv":[8,0,8.75,1.5],"rotation":180,"texture":"#0"},"south":{"uv":[8,0,8.75,1.5],"rotation":180,"texture":"#0"},"west":{"uv":[8,0,8.75,1.5],"rotation":180,"texture":"#0"},"up":{"uv":[8,0,8.5,2],"rotation":180,"texture":"#0"},"down":{"uv":[8,0,8.75,1.5],"rotation":180,"texture":"#0"}}},{"from":[10.375,0.87843,2.25],"to":[11.875,2.87843,3.76],"rotation":{"angle":45,"axis":"y","origin":[11.625,2.75343,3.255]},"faces":{"north":{"uv":[0,0,1,2.5],"rotation":180,"texture":"#0"},"east":{"uv":[0,0,1,2.5],"rotation":180,"texture":"#0"},"south":{"uv":[0,0,1,2.5],"rotation":180,"texture":"#0"},"west":{"uv":[0,0,1,2.5],"rotation":180,"texture":"#0"},"up":{"uv":[0,0,1,2.5],"rotation":180,"texture":"#0"},"down":{"uv":[0,0,1,2.5],"rotation":180,"texture":"#0"}}},{"from":[10.45,2.87843,2.225],"to":[11.7,3.27843,3.485],"rotation":{"angle":45,"axis":"y","origin":[11.75,4.75343,3.13]},"faces":{"north":{"uv":[8,0,8.3125,0.63],"rotation":180,"texture":"#0"},"east":{"uv":[8,0,8.3125,0.63],"rotation":180,"texture":"#0"},"south":{"uv":[8,0,8.3125,0.63],"rotation":180,"texture":"#0"},"west":{"uv":[8,0,8.3125,0.63],"rotation":180,"texture":"#0"},"up":{"uv":[8,0,8.3125,0.63],"rotation":180,"texture":"#0"},"down":{"uv":[8,0,8.3125,0.63],"rotation":180,"texture":"#0"}}},{"from":[10.45,2.85343,1.975],"to":[10.7,3.25343,3.485],"rotation":{"angle":0,"axis":"y","origin":[11.075,3.05343,1.855]},"faces":{"north":{"uv":[8,0,8.0625,0.755],"rotation":180,"texture":"#0"},"east":{"uv":[8,0,8.0625,0.755],"rotation":180,"texture":"#0"},"south":{"uv":[8,0,8.0625,0.755],"rotation":180,"texture":"#0"},"west":{"uv":[8,0,8.0625,0.755],"rotation":180,"texture":"#0"},"up":{"uv":[8,0,8.0625,0.755],"rotation":180,"texture":"#0"},"down":{"uv":[8,0,8.0625,0.755],"rotation":180,"texture":"#0"}}},{"from":[10.45,3.27843,2.575],"to":[11.2,3.57843,3.335],"rotation":{"angle":45,"axis":"y","origin":[11.5,5.15343,2.88]},"faces":{"north":{"uv":[0,0,0.75,0.5],"rotation":180,"texture":"#0"},"east":{"uv":[0,0,0.75,0.5],"rotation":180,"texture":"#0"},"south":{"uv":[0,0,0.75,0.5],"rotation":180,"texture":"#0"},"west":{"uv":[0,0,0.75,0.5],"rotation":180,"texture":"#0"},"up":{"uv":[0,0,0.75,1.5],"rotation":180,"texture":"#0"},"down":{"uv":[0,0,0.75,0.5],"rotation":180,"texture":"#0"}}},{"from":[7,0.375,-2.51],"to":[9,1.375,3.02],"rotation":{"angle":0,"axis":"y","origin":[7,0.375,-4]},"faces":{"north":{"uv":[0,0,2,1],"texture":"#0"},"east":{"uv":[0,0,7,1],"texture":"#0"},"south":{"uv":[0,0,2,1],"texture":"#0"},"west":{"uv":[0,0,7,1],"texture":"#0"},"up":{"uv":[0,0,2,7],"texture":"#0"},"down":{"uv":[0,0,2,7],"texture":"#0"}}},{"from":[8.20711,1.28921,-2.5],"to":[10.20711,2.28921,3],"rotation":{"angle":45,"axis":"z","origin":[9.70711,1.78921,-3.5]},"faces":{"north":{"uv":[0,0,2,1],"texture":"#0"},"east":{"uv":[0,0,7,1],"texture":"#0"},"south":{"uv":[0,0,2,1],"texture":"#0"},"west":{"uv":[0,0,7,1],"texture":"#0"},"up":{"uv":[0,0,2,7],"texture":"#0"},"down":{"uv":[0,0,2,7],"texture":"#0"}}},{"from":[8.85355,3.14277,-2.5],"to":[9.85355,5.14277,3],"rotation":{"angle":45,"axis":"z","origin":[9.35355,4.14277,-3.5]},"faces":{"north":{"uv":[0,0,2,1],"rotation":270,"texture":"#0"},"east":{"uv":[0,0,2,7],"rotation":90,"texture":"#0"},"south":{"uv":[0,0,2,1],"rotation":90,"texture":"#0"},"west":{"uv":[0,0,2,7],"rotation":90,"texture":"#0"},"up":{"uv":[0,0,7,1],"rotation":90,"texture":"#0"},"down":{"uv":[0,0,7,1],"rotation":90,"texture":"#0"}}},{"from":[9.41421,1.78921,-2.51],"to":[10.41421,3.78921,3.02],"rotation":{"angle":0,"axis":"z","origin":[9.91421,2.78921,-3.5]},"faces":{"north":{"uv":[0,0,2,7],"rotation":270,"texture":"#0"},"east":{"uv":[0,0,2,8],"rotation":270,"texture":"#0"},"south":{"uv":[0,0,2,7],"rotation":270,"texture":"#0"},"west":{"uv":[0,0,2,7],"rotation":270,"texture":"#0"},"up":{"uv":[0,0,2,7],"rotation":270,"texture":"#0"},"down":{"uv":[0,0,2,7],"rotation":270,"texture":"#0"}}},{"from":[7,4.20343,-2.51],"to":[9,5.20343,3.02],"rotation":{"angle":0,"axis":"z","origin":[8,4.70343,-3.5]},"faces":{"north":{"uv":[0,0,2,1],"rotation":180,"texture":"#0"},"east":{"uv":[0,0,7,1],"rotation":180,"texture":"#0"},"south":{"uv":[0,0,2,1],"rotation":180,"texture":"#0"},"west":{"uv":[0,0,7,1],"rotation":180,"texture":"#0"},"up":{"uv":[0,0,2,7],"rotation":180,"texture":"#0"},"down":{"uv":[0,0,2,7],"rotation":180,"texture":"#0"}}},{"from":[6.45,1.20343,-2.375],"to":[9.45,4.20343,-1.365],"rotation":{"angle":0,"axis":"z","origin":[8.45,2.70343,-3.375]},"faces":{"north":{"uv":[0,8,2,9],"rotation":180,"texture":"#0"},"east":{"uv":[0,0,7,1],"rotation":180,"texture":"#0"},"south":{"uv":[0,0,2,1],"rotation":180,"texture":"#0"},"west":{"uv":[0,0,7,1],"rotation":180,"texture":"#0"},"up":{"uv":[0,0,2,7],"rotation":180,"texture":"#0"},"down":{"uv":[0,0,2,7],"rotation":180,"texture":"#0"}}},{"from":[6.14645,0.43566,-2.5],"to":[7.14645,2.43566,3],"rotation":{"angle":45,"axis":"z","origin":[6.64645,1.43566,-3.5]},"faces":{"north":{"uv":[0,0,2,1],"rotation":270,"texture":"#0"},"east":{"uv":[0,0,2,7],"rotation":90,"texture":"#0"},"south":{"uv":[0,0,2,1],"rotation":90,"texture":"#0"},"west":{"uv":[0,0,2,7],"rotation":90,"texture":"#0"},"up":{"uv":[0,0,7,1],"rotation":90,"texture":"#0"},"down":{"uv":[0,0,7,1],"rotation":90,"texture":"#0"}}},{"from":[5.58579,1.78921,-2.51],"to":[6.58579,3.78921,3.02],"rotation":{"angle":0,"axis":"z","origin":[6.08579,2.78921,-3.5]},"faces":{"north":{"uv":[0,0,2,1],"rotation":90,"texture":"#0"},"east":{"uv":[0,0,2,7],"rotation":270,"texture":"#0"},"south":{"uv":[0,0,2,1],"rotation":270,"texture":"#0"},"west":{"uv":[0,0,2,7],"rotation":270,"texture":"#0"},"up":{"uv":[0,0,7,1],"rotation":270,"texture":"#0"},"down":{"uv":[0,0,7,1],"rotation":270,"texture":"#0"}}},{"from":[5.5,3.99632,-2.5],"to":[7.5,4.99632,3],"rotation":{"angle":45,"axis":"z","origin":[7,4.49632,-3.5]},"faces":{"north":{"uv":[0,0,2,1],"texture":"#0"},"east":{"uv":[0,0,7,1],"texture":"#0"},"south":{"uv":[0,0,2,1],"texture":"#0"},"west":{"uv":[0,0,7,1],"texture":"#0"},"up":{"uv":[0,0,2,7],"texture":"#0"},"down":{"uv":[0,0,2,7],"texture":"#0"}}},{"from":[5.84372,7.37938,11.6],"to":[6.34372,8.07938,12.6],"rotation":{"angle":45,"axis":"z","origin":[6.14372,8.22938,12.225]},"faces":{"north":{"uv":[8,8,8.5,9.5],"rotation":180,"texture":"#0"},"east":{"uv":[8,8,8.5,9.5],"rotation":180,"texture":"#0"},"south":{"uv":[8,8,8.5,9.5],"rotation":180,"texture":"#0"},"west":{"uv":[8,8,8.5,9.5],"rotation":180,"texture":"#0"},"up":{"uv":[8,6,8.5,7.5],"rotation":180,"texture":"#0"},"down":{"uv":[8,8,8.5,9.5],"rotation":180,"texture":"#0"}}},{"from":[9.64372,7.35438,11.6],"to":[10.14372,8.07938,12.6],"rotation":{"angle":-45,"axis":"z","origin":[9.86872,8.22938,12.225]},"faces":{"north":{"uv":[8,8,8.5,9.5],"rotation":180,"texture":"#0"},"east":{"uv":[8,8,8.5,9.5],"rotation":180,"texture":"#0"},"south":{"uv":[8,8,8.5,9.5],"rotation":180,"texture":"#0"},"west":{"uv":[8,8,8.5,9.5],"rotation":180,"texture":"#0"},"up":{"uv":[8,6,8.5,7.5],"rotation":180,"texture":"#0"},"down":{"uv":[8,8,8.5,9.5],"rotation":180,"texture":"#0"}}},{"from":[5.84372,3.17938,11.6],"to":[6.34372,3.92938,12.6],"rotation":{"angle":45,"axis":"z","origin":[6.14372,8.22938,12.225]},"faces":{"north":{"uv":[8,8,8.5,9.5],"rotation":180,"texture":"#0"},"east":{"uv":[8,8,8.5,9.5],"rotation":180,"texture":"#0"},"south":{"uv":[8,8,8.5,9.5],"rotation":180,"texture":"#0"},"west":{"uv":[8,8,8.5,9.5],"rotation":180,"texture":"#0"},"up":{"uv":[8,8,8.5,9.5],"rotation":180,"texture":"#0"},"down":{"uv":[8,8,8.5,9.5],"rotation":180,"texture":"#0"}}},{"from":[9.66872,3.17938,11.6],"to":[10.16872,3.72938,12.6],"rotation":{"angle":-45,"axis":"z","origin":[9.86872,8.22938,12.225]},"faces":{"north":{"uv":[8,8,8.5,9.5],"rotation":180,"texture":"#0"},"east":{"uv":[8,8,8.5,9.5],"rotation":180,"texture":"#0"},"south":{"uv":[8,8,8.5,9.5],"rotation":180,"texture":"#0"},"west":{"uv":[8,8,8.5,9.5],"rotation":180,"texture":"#0"},"up":{"uv":[8,8,8.5,9.5],"rotation":180,"texture":"#0"},"down":{"uv":[8,8,8.5,9.5],"rotation":180,"texture":"#0"}}},{"from":[6.85,8.57843,8.06],"to":[9.1,9.12843,8.99],"rotation":{"angle":0,"axis":"z","origin":[7.75,8.77843,2.375]},"faces":{"north":{"uv":[0,8,1.25,9],"rotation":180,"texture":"#0"},"east":{"uv":[0,8,1.25,9],"rotation":180,"texture":"#0"},"south":{"uv":[0,8,1.25,9],"rotation":180,"texture":"#0"},"west":{"uv":[0,8,1.25,9],"rotation":180,"texture":"#0"},"up":{"uv":[1,2,2.25,3],"rotation":180,"texture":"#0"},"down":{"uv":[0,8,1.25,9],"rotation":180,"texture":"#0"}}},{"from":[8.54194,7.90616,8.075],"to":[10.76694,8.53116,8.985],"rotation":{"angle":-45,"axis":"z","origin":[9.54194,8.15616,2.375]},"faces":{"north":{"uv":[0,8,1.25,9],"rotation":180,"texture":"#0"},"east":{"uv":[0,8,1.25,9],"rotation":180,"texture":"#0"},"south":{"uv":[0,8,1.25,9],"rotation":180,"texture":"#0"},"west":{"uv":[0,8,1.25,9],"rotation":180,"texture":"#0"},"up":{"uv":[0,0,1.25,1],"rotation":180,"texture":"#0"},"down":{"uv":[0,8,1.25,9],"rotation":180,"texture":"#0"}}},{"from":[10.09831,5.30512,8.06],"to":[10.67331,7.55512,8.99],"rotation":{"angle":0,"axis":"z","origin":[10.29831,6.33012,8.48]},"faces":{"north":{"uv":[0,8,0.5,10.5],"rotation":180,"texture":"#0"},"east":{"uv":[0,0,0.5,2.5],"rotation":180,"texture":"#0"},"south":{"uv":[0,8,0.5,10.5],"rotation":180,"texture":"#0"},"west":{"uv":[0,8,0.5,10.5],"rotation":180,"texture":"#0"},"up":{"uv":[0,8,0.5,10.5],"rotation":180,"texture":"#0"},"down":{"uv":[0,8,0.5,10.5],"rotation":180,"texture":"#0"}}},{"from":[9.34194,3.67908,8.075],"to":[9.91694,5.92908,8.985],"rotation":{"angle":-45,"axis":"z","origin":[9.54194,4.70408,8.48]},"faces":{"north":{"uv":[0,8,0.5,10.5],"rotation":180,"texture":"#0"},"east":{"uv":[0,0,0.5,2.5],"rotation":180,"texture":"#0"},"south":{"uv":[0,8,0.5,10.5],"rotation":180,"texture":"#0"},"west":{"uv":[0,8,0.5,10.5],"rotation":180,"texture":"#0"},"up":{"uv":[0,8,0.5,10.5],"rotation":180,"texture":"#0"},"down":{"uv":[0,8,0.5,10.5],"rotation":180,"texture":"#0"}}},{"from":[6.83232,3.71413,8.06],"to":[9.08232,4.28913,8.99],"rotation":{"angle":0,"axis":"z","origin":[7.95732,4.08913,8.48]},"faces":{"north":{"uv":[0,8,1.25,9],"rotation":180,"texture":"#0"},"east":{"uv":[0,8,1.25,9],"rotation":180,"texture":"#0"},"south":{"uv":[0,8,1.25,9],"rotation":180,"texture":"#0"},"west":{"uv":[0,8,1.25,9],"rotation":180,"texture":"#0"},"up":{"uv":[0,8,1.25,9],"rotation":180,"texture":"#0"},"down":{"uv":[0,0,1.25,1],"rotation":180,"texture":"#0"}}},{"from":[5.1477,4.31872,8.075],"to":[7.3727,4.86872,8.985],"rotation":{"angle":-45,"axis":"z","origin":[6.3727,4.66872,8.48]},"faces":{"north":{"uv":[0,8,1.25,9],"rotation":180,"texture":"#0"},"east":{"uv":[0,8,1.25,9],"rotation":180,"texture":"#0"},"south":{"uv":[0,8,1.25,9],"rotation":180,"texture":"#0"},"west":{"uv":[0,8,1.25,9],"rotation":180,"texture":"#0"},"up":{"uv":[0,8,1.25,9],"rotation":180,"texture":"#0"},"down":{"uv":[0,0,1.25,1],"rotation":180,"texture":"#0"}}},{"from":[5.25901,5.28744,8.06],"to":[5.83401,7.53744,8.99],"rotation":{"angle":0,"axis":"z","origin":[5.63401,6.31244,8.48]},"faces":{"north":{"uv":[0,8,0.5,10.5],"rotation":180,"texture":"#0"},"east":{"uv":[0,8,0.5,10.5],"rotation":180,"texture":"#0"},"south":{"uv":[0,8,0.5,10.5],"rotation":180,"texture":"#0"},"west":{"uv":[0,0,0.5,2.5],"rotation":180,"texture":"#0"},"up":{"uv":[0,8,0.5,10.5],"rotation":180,"texture":"#0"},"down":{"uv":[0,8,0.5,10.5],"rotation":180,"texture":"#0"}}},{"from":[5.87396,6.97206,8.075],"to":[6.44896,9.22206,8.985],"rotation":{"angle":-45,"axis":"z","origin":[6.24896,7.99706,8.48]},"faces":{"north":{"uv":[0,8,0.5,10.5],"rotation":180,"texture":"#0"},"east":{"uv":[0,8,0.5,10.5],"rotation":180,"texture":"#0"},"south":{"uv":[0,8,0.5,10.5],"rotation":180,"texture":"#0"},"west":{"uv":[0.5,5.5,1.75,6.5],"rotation":270,"texture":"#0"},"up":{"uv":[0,0,0.5,2.5],"rotation":180,"texture":"#0"},"down":{"uv":[0,8,0.5,10.5],"rotation":180,"texture":"#0"}}},{"from":[7.225,7.27843,8.5],"to":[8.775,8.27843,12.26],"rotation":{"angle":0,"axis":"z","origin":[8.225,7.77843,5.75]},"faces":{"north":{"uv":[4,0,4.75,3.5],"rotation":180,"texture":"#0"},"east":{"uv":[4,0,4.75,3.5],"rotation":180,"texture":"#0"},"south":{"uv":[4,0,4.75,3.5],"rotation":180,"texture":"#0"},"west":{"uv":[4,0,4.75,3.5],"rotation":180,"texture":"#0"},"up":{"uv":[4,0,4.75,3.5],"rotation":180,"texture":"#0"},"down":{"uv":[4,0,4.75,3.5],"rotation":180,"texture":"#0"}}},{"from":[8.19445,6.87687,8.5],"to":[9.74445,7.87687,12.26],"rotation":{"angle":-45,"axis":"z","origin":[8.96945,7.37687,10.38]},"faces":{"north":{"uv":[4,0,4.75,3.5],"rotation":180,"texture":"#0"},"east":{"uv":[4,0,4.75,3.5],"rotation":180,"texture":"#0"},"south":{"uv":[4,0,4.75,3.5],"rotation":180,"texture":"#0"},"west":{"uv":[4,0,4.75,3.5],"rotation":180,"texture":"#0"},"up":{"uv":[4,0,4.75,3.5],"rotation":180,"texture":"#0"},"down":{"uv":[4,0,4.75,3.5],"rotation":180,"texture":"#0"}}},{"from":[8.87102,5.63241,8.5],"to":[9.87102,7.18241,12.26],"rotation":{"angle":0,"axis":"z","origin":[9.37102,6.40741,10.38]},"faces":{"north":{"uv":[4,0,5.75,1.5],"rotation":180,"texture":"#0"},"east":{"uv":[4,0,5.75,1.5],"rotation":180,"texture":"#0"},"south":{"uv":[4,0,5.75,1.5],"rotation":180,"texture":"#0"},"west":{"uv":[4,0,5.75,1.5],"rotation":180,"texture":"#0"},"up":{"uv":[4,0,5.75,1.5],"rotation":180,"texture":"#0"},"down":{"uv":[4,0,5.75,1.5],"rotation":180,"texture":"#0"}}},{"from":[8.46945,4.66296,8.5],"to":[9.46945,6.21296,12.26],"rotation":{"angle":-45,"axis":"z","origin":[8.96945,5.43796,10.38]},"faces":{"north":{"uv":[4,0,5.75,1.5],"rotation":180,"texture":"#0"},"east":{"uv":[4,0,5.75,1.5],"rotation":180,"texture":"#0"},"south":{"uv":[4,0,5.75,1.5],"rotation":180,"texture":"#0"},"west":{"uv":[4,0,5.75,1.5],"rotation":180,"texture":"#0"},"up":{"uv":[4,0,5.75,1.5],"rotation":180,"texture":"#0"},"down":{"uv":[4,0,5.75,1.5],"rotation":180,"texture":"#0"}}},{"from":[7.225,4.5364,8.5],"to":[8.775,5.5364,12.26],"rotation":{"angle":0,"axis":"z","origin":[8,5.0364,10.38]},"faces":{"north":{"uv":[4,0,4.75,3.5],"rotation":180,"texture":"#0"},"east":{"uv":[4,0,4.75,3.5],"rotation":180,"texture":"#0"},"south":{"uv":[4,0,4.75,3.5],"rotation":180,"texture":"#0"},"west":{"uv":[4,0,4.75,3.5],"rotation":180,"texture":"#0"},"up":{"uv":[4,0,4.75,3.5],"rotation":180,"texture":"#0"},"down":{"uv":[4,0,4.75,3.5],"rotation":180,"texture":"#0"}}},{"from":[6.25555,4.93796,8.5],"to":[7.80555,5.93796,12.26],"rotation":{"angle":-45,"axis":"z","origin":[7.03055,5.43796,10.38]},"faces":{"north":{"uv":[4,0,4.75,3.5],"rotation":180,"texture":"#0"},"east":{"uv":[4,0,4.75,3.5],"rotation":180,"texture":"#0"},"south":{"uv":[4,0,4.75,3.5],"rotation":180,"texture":"#0"},"west":{"uv":[4,0,4.75,3.5],"rotation":180,"texture":"#0"},"up":{"uv":[4,0,4.75,3.5],"rotation":180,"texture":"#0"},"down":{"uv":[4,0,4.75,3.5],"rotation":180,"texture":"#0"}}},{"from":[6.12898,5.63241,8.5],"to":[7.12898,7.18241,12.26],"rotation":{"angle":0,"axis":"z","origin":[6.62898,6.40741,10.38]},"faces":{"north":{"uv":[4,0,5.75,1.5],"rotation":180,"texture":"#0"},"east":{"uv":[4,0,5.75,1.5],"rotation":180,"texture":"#0"},"south":{"uv":[4,0,5.75,1.5],"rotation":180,"texture":"#0"},"west":{"uv":[4,0,5.75,1.5],"rotation":180,"texture":"#0"},"up":{"uv":[4,0,5.75,1.5],"rotation":180,"texture":"#0"},"down":{"uv":[4,0,5.75,1.5],"rotation":180,"texture":"#0"}}},{"from":[6.53055,6.60187,8.5],"to":[7.53055,8.15187,12.26],"rotation":{"angle":-45,"axis":"z","origin":[7.03055,7.37687,10.38]},"faces":{"north":{"uv":[4,0,4.75,3.5],"rotation":270,"texture":"#0"},"east":{"uv":[4,0,4.75,3.5],"rotation":270,"texture":"#0"},"south":{"uv":[4,0,4.75,3.5],"rotation":270,"texture":"#0"},"west":{"uv":[4,0,4.75,3.5],"rotation":270,"texture":"#0"},"up":{"uv":[4,0,4.75,3.5],"rotation":270,"texture":"#0"},"down":{"uv":[4,0,4.75,3.5],"rotation":270,"texture":"#0"}}},{"from":[7,4,5],"to":[9,5,8.76],"rotation":{"angle":0,"axis":"y","origin":[7,4,1.75]},"faces":{"north":{"uv":[0,0,2,1],"texture":"#0"},"east":{"uv":[0,0,7,1],"texture":"#0"},"south":{"uv":[0,13.5,2,14.5],"texture":"#0"},"west":{"uv":[0,0,7,1],"texture":"#0"},"up":{"uv":[0,0,2,7],"texture":"#0"},"down":{"uv":[0,0,1.75,2],"rotation":90,"texture":"#0"}}},{"from":[8.20711,4.91421,5],"to":[10.20711,5.91421,8.75],"rotation":{"angle":45,"axis":"z","origin":[9.70711,5.41421,2.25]},"faces":{"north":{"uv":[0,0,2,1],"texture":"#0"},"east":{"uv":[0,0,7,1],"texture":"#0"},"south":{"uv":[0,13.5,2,14.5],"texture":"#0"},"west":{"uv":[0,0,7,1],"texture":"#0"},"up":{"uv":[0,0,2,7],"texture":"#0"},"down":{"uv":[0,0,1.75,2],"rotation":90,"texture":"#0"}}},{"from":[8.85355,6.76777,5],"to":[9.85355,8.76777,8.75],"rotation":{"angle":45,"axis":"z","origin":[9.35355,7.76777,2.25]},"faces":{"north":{"uv":[0,8,1.5,9],"rotation":270,"texture":"#0"},"east":{"uv":[0,0,1,3.5],"rotation":90,"texture":"#0"},"south":{"uv":[0,13.5,2,14.5],"rotation":90,"texture":"#0"},"west":{"uv":[0,0,2,7],"rotation":90,"texture":"#0"},"up":{"uv":[0,0,2.25,2],"rotation":90,"texture":"#0"},"down":{"uv":[0,0,7,1],"rotation":90,"texture":"#0"}}},{"from":[9.41421,5.41421,5],"to":[10.41421,7.41421,8.76],"rotation":{"angle":0,"axis":"z","origin":[9.91421,6.41421,2.25]},"faces":{"north":{"uv":[0,0,2,7],"rotation":270,"texture":"#0"},"east":{"uv":[0,0,1,3.5],"rotation":90,"texture":"#0"},"south":{"uv":[0,13.5,2,20.5],"rotation":270,"texture":"#0"},"west":{"uv":[0,0,2,7],"rotation":270,"texture":"#0"},"up":{"uv":[0,0,2,7],"rotation":270,"texture":"#0"},"down":{"uv":[0,0,2,7],"rotation":270,"texture":"#0"}}},{"from":[7,7.82843,5],"to":[9,8.82843,8.76],"rotation":{"angle":0,"axis":"z","origin":[8,8.32843,2.25]},"faces":{"north":{"uv":[0,0,2,1],"rotation":180,"texture":"#0"},"east":{"uv":[0,0,7,1],"rotation":180,"texture":"#0"},"south":{"uv":[0,13.5,2,14.5],"rotation":180,"texture":"#0"},"west":{"uv":[0,0,7,1],"rotation":180,"texture":"#0"},"up":{"uv":[0,0,1.75,2],"rotation":90,"texture":"#0"},"down":{"uv":[0,0,2,7],"rotation":180,"texture":"#0"}}},{"from":[6.14645,4.06066,5],"to":[7.14645,6.06066,8.75],"rotation":{"angle":45,"axis":"z","origin":[6.64645,5.06066,2.25]},"faces":{"north":{"uv":[0,0,2,1],"rotation":270,"texture":"#0"},"east":{"uv":[0,0,2,7],"rotation":90,"texture":"#0"},"south":{"uv":[0,13.5,2,14.5],"rotation":90,"texture":"#0"},"west":{"uv":[0,0,1,3.5],"rotation":90,"texture":"#0"},"up":{"uv":[0,0,7,1],"rotation":90,"texture":"#0"},"down":{"uv":[0,0,7,1],"rotation":90,"texture":"#0"}}},{"from":[5.58579,5.41421,5],"to":[6.58579,7.41421,8.76],"rotation":{"angle":0,"axis":"z","origin":[6.08579,6.41421,2.25]},"faces":{"north":{"uv":[0,0,2,1],"rotation":90,"texture":"#0"},"east":{"uv":[0,0,2,7],"rotation":270,"texture":"#0"},"south":{"uv":[0,13.5,2,14.5],"rotation":270,"texture":"#0"},"west":{"uv":[0,0,1,3.5],"rotation":90,"texture":"#0"},"up":{"uv":[0,0,7,1],"rotation":270,"texture":"#0"},"down":{"uv":[0,0,7,1],"rotation":270,"texture":"#0"}}},{"from":[5.5,7.62132,5],"to":[7.5,8.62132,8.75],"rotation":{"angle":45,"axis":"z","origin":[7,8.12132,2.25]},"faces":{"north":{"uv":[0,8,2,9],"texture":"#0"},"east":{"uv":[0,0,7,1],"texture":"#0"},"south":{"uv":[0,13.5,2,14.5],"texture":"#0"},"west":{"uv":[0,0,7,1],"texture":"#0"},"up":{"uv":[0,0,1.75,2],"rotation":90,"texture":"#0"},"down":{"uv":[0,0,2,7],"texture":"#0"}}},{"from":[6.45,5.20343,14.875],"to":[9.45,8.20343,15.885],"rotation":{"angle":0,"axis":"z","origin":[8.45,2.70343,-3.375]},"faces":{"north":{"uv":[4,0,5.25,2.5],"rotation":180,"texture":"#0"},"east":{"uv":[4,0,5.25,2.5],"rotation":180,"texture":"#0"},"south":{"uv":[4,14,5,16],"rotation":180,"texture":"#0","tintindex":0},"west":{"uv":[4,0,5.25,2.5],"rotation":180,"texture":"#0"},"up":{"uv":[4,0,5.25,2.5],"rotation":180,"texture":"#0"},"down":{"uv":[4,0,5.25,2.5],"rotation":180,"texture":"#0"}}}],"display":{"thirdperson_righthand":{"rotation":[69,-180,0],"translation":[0,4,3.5],"scale":[0.8,0.8,0.8]},"thirdperson_lefthand":{"rotation":[69,-180,0],"translation":[0,4,3.5],"scale":[0.8,0.8,0.8]},"firstperson_righthand":{"rotation":[10,-180,0],"translation":[-0.5,3,1]},"firstperson_lefthand":{"rotation":[10,-180,0],"translation":[-0.5,3,1]},"ground":{"translation":[0,4,0]},"gui":{"rotation":[19,43,0],"translation":[0,1.75,0],"scale":[0.8,0.8,0.8]},"head":{"rotation":[0,-180,0],"translation":[-4,0.75,-9.5]},"fixed":{"rotation":[0,92,0],"translation":[-0.25,2,-2.25],"scale":[0.8,0.8,0.8]}},"groups":[{"name":"ring","origin":[0,4.12132,0.5],"children":[0,1,2,3,4,5,6,7]},{"name":"main body","origin":[0,4.12132,0.5],"children":[8,9,10,11,12,13,14,15]},{"name":"main body small ext","origin":[-0.17678,2.73744,8.5],"children":[16,17,18,19,20,21,22,23]},{"name":"under-pipe","origin":[0.975,0.1,8],"children":[24,25,26,27,28,29,30,31]},{"name":"slanted body","origin":[0,4.12132,0.5],"children":[32,33,34,35,36,37,38,39,40,41]},{"name":"button holder","origin":[3.87121,5.66421,8.61775],"children":[42,43,44,45,46,47,48,49]},{"name":"big ring","origin":[6.13128,8.30438,14.875],"children":[50,51,52,53,54,55,56,57,58,59,60,61]},{"name":"group","origin":[8,9.17843,5.495],"children":[62,63,64,65,66,67]},{"name":"side-container","origin":[11.5,5.15343,2.88],"children":[68,69,70,71]},{"name":"lower body","origin":[0,4.12132,0.5],"children":[72,73,74,75,76,77,78,79,80]},81,82,83,84,{"name":"small ring","origin":[0,4.12132,0.5],"children":[85,86,87,88,89,90,91,92]},{"name":"main body small","origin":[0,4.12132,0.5],"children":[93,94,95,96,97,98,99,100]},{"name":"main body","origin":[0,4.12132,0.5],"children":[101,102,103,104,105,106,107,108]},109]}