{"credit":"Made with Blockbench","textures":{"0":"mineinabyss:equipment/handle_dark","1":"mineinabyss:equipment/head_bright","2":"mineinabyss:equipment/wood","particle":"mineinabyss:equipment/handle_dark"},"elements":[{"from":[8,0,7],"to":[9,8.4,8],"faces":{"north":{"uv":[9.25,0,10.25,8.39957],"texture":"#2"},"east":{"uv":[14,0.25,15,8.64957],"texture":"#2"},"south":{"uv":[2.25,0.5,3.25,8.89957],"texture":"#2"},"west":{"uv":[9,2,10,10.39957],"texture":"#2"},"up":{"uv":[1.5,5,2.5,6],"texture":"#2"},"down":{"uv":[9,5,10,6],"texture":"#2"}}},{"from":[8.6,6.8,7],"to":[9.7,7.6,8],"rotation":{"angle":22.5,"axis":"z","origin":[7.9,8,7.9]},"faces":{"north":{"uv":[0,0,0.8,1.1],"rotation":270,"texture":"#1"},"east":{"uv":[0,0,1,0.8],"texture":"#1"},"south":{"uv":[0,0,0.8,1.1],"rotation":90,"texture":"#1"},"west":{"uv":[0,0,1,0.8],"rotation":180,"texture":"#1"},"up":{"uv":[0,0,1,1.1],"rotation":90,"texture":"#1"},"down":{"uv":[0,0,1,1.1],"rotation":90,"texture":"#1"}}},{"from":[9.6,7.6,7],"to":[14,8.3,8],"faces":{"north":{"uv":[0,0,4.4,0.8],"texture":"#1"},"east":{"uv":[0,0,1,0.8],"texture":"#1"},"south":{"uv":[0,0,4.4,0.8],"texture":"#1"},"west":{"uv":[0,0,1,0.8],"texture":"#1"},"up":{"uv":[0,0,4.4,1],"texture":"#1"},"down":{"uv":[0,0,4.4,1],"texture":"#1"}}},{"from":[13.4,10,7.1],"to":[15.2,10.6,7.9],"rotation":{"angle":-22.5,"axis":"z","origin":[7.9,8,7.9]},"faces":{"north":{"uv":[0,0,0.8,1.8],"rotation":270,"texture":"#1"},"east":{"uv":[0,0,1,0.8],"texture":"#1"},"south":{"uv":[0,0,0.8,1.8],"rotation":90,"texture":"#1"},"west":{"uv":[0,0,1,0.8],"rotation":180,"texture":"#1"},"up":{"uv":[0,0,1,1.8],"rotation":90,"texture":"#1"},"down":{"uv":[0,0,1,1.8],"rotation":90,"texture":"#1"}}},{"from":[7.9,7.1,6.9],"to":[9.1,8.1,8.1],"faces":{"north":{"uv":[0,0,1.2,1],"texture":"#0"},"east":{"uv":[0,0,1.2,1],"texture":"#0"},"south":{"uv":[0,0,1.2,1],"texture":"#0"},"west":{"uv":[0,0,1.2,1],"texture":"#0"},"up":{"uv":[0,0,1.2,1.2],"texture":"#0"},"down":{"uv":[0,0,1.2,1.2],"texture":"#0"}}}],"display":{"thirdperson_righthand":{"translation":[0.5,6.5,1.5],"rotation":[0,90,0]}},"groups":[{"name":"hand pick2","origin":[0,0,0],"children":[0,1,2,3,4]}]}