{"credit":"Made with Blockbench","textures":{"0":"camelot:excalibur_old","1":"camelot:gate","particle":"camelot:nito_staff","3_0":"camelot:nito_staff"},"elements":[{"name":"portal","from":[14.115,-3.16615,31.52002],"to":[23.115,5.83385,31.52002],"rotation":{"angle":0,"axis":"z","origin":[13.26714,11.12237,21.74579]},"faces":{"north":{"uv":[0,0,16,16],"texture":"#1"},"east":{"uv":[0,0,0,9],"texture":"#1"},"south":{"uv":[0,0,16,16],"texture":"#1"},"west":{"uv":[0,0,0,9],"texture":"#1"},"up":{"uv":[0,0,9,0],"texture":"#1"},"down":{"uv":[0,0,9,0],"texture":"#1"}}},{"from":[18.47886,0.5545,10.78528],"to":[18.72886,2.5545,30.78528],"rotation":{"angle":0,"axis":"x","origin":[13.26714,11.12237,21.74579]},"faces":{"north":{"uv":[0,0,2,0.25],"rotation":270,"texture":"#0"},"east":{"uv":[0,0,5.5,16],"rotation":90,"texture":"#0"},"south":{"uv":[0,0,2,0.25],"rotation":270,"texture":"#0"},"west":{"uv":[0,0,6,16],"rotation":270,"texture":"#0"},"up":{"uv":[0,0,0.25,16],"texture":"#0"},"down":{"uv":[0,0,0.25,16],"rotation":180,"texture":"#0"}}},{"from":[18.46885,6.4011,7.09082],"to":[18.73885,7.4011,8.34082],"rotation":{"angle":-22.5,"axis":"x","origin":[13.26714,11.12237,21.74579]},"faces":{"north":{"uv":[0,0,0.27,1],"texture":"#0"},"east":{"uv":[1,0,4.25,1],"texture":"#0"},"south":{"uv":[0,0,0.27,1],"texture":"#0"},"west":{"uv":[1.5,0,4.25,1],"texture":"#0"},"up":{"uv":[0,0,1.25,0.27],"rotation":90,"texture":"#0"},"down":{"uv":[0,0,1.25,0.27],"rotation":270,"texture":"#0"}}},{"from":[18.47886,12.54258,6.0523],"to":[18.72886,13.29258,6.7823],"rotation":{"angle":-45,"axis":"x","origin":[13.26714,11.12237,21.74579]},"faces":{"north":{"uv":[0,0,0.25,0.75],"texture":"#0"},"east":{"uv":[2.5,0,3.23,0.75],"texture":"#0"},"south":{"uv":[0,0,0.25,0.75],"texture":"#0"},"west":{"uv":[0,0,2.729,2.75],"texture":"#0"},"up":{"uv":[0,0,0.73,0.25],"rotation":90,"texture":"#0"},"down":{"uv":[0,0,0.73,0.25],"rotation":270,"texture":"#0"}}},{"from":[18.39885,-0.50856,18.60344],"to":[18.79886,0.74144,19.83344],"rotation":{"angle":-45,"axis":"x","origin":[13.26714,11.12237,21.74579]},"faces":{"north":{"uv":[12.5,1,12.9,2.25],"texture":"#0"},"east":{"uv":[11.7,8.5,15.429,12.25],"rotation":90,"texture":"#0"},"south":{"uv":[13.5,2,13.9,3.25],"texture":"#0"},"west":{"uv":[11.5,8.5,15.229,12.25],"texture":"#0"},"up":{"uv":[12.5,2,13.73,2.4],"rotation":90,"texture":"#0"},"down":{"uv":[13,2.5,14.23,2.9],"rotation":270,"texture":"#0"}}},{"from":[18.38886,0.67607,27.74813],"to":[18.80885,2.42607,30.47813],"rotation":{"angle":0,"axis":"x","origin":[13.26714,11.12237,21.74579]},"faces":{"north":{"uv":[6.5,3,6.92,8.75],"texture":"#0"},"east":{"uv":[6.5,3.4,12.229,8.65],"rotation":180,"texture":"#0"},"south":{"uv":[6.5,4,6.92,5.75],"texture":"#0"},"west":{"uv":[6.5,3.1,12.229,8.85],"texture":"#0"},"up":{"uv":[6,3.5,8.73,3.92],"rotation":90,"texture":"#0"},"down":{"uv":[6.5,3,9.23,3.42],"rotation":270,"texture":"#0"}}},{"from":[18.46885,-2.83547,14.41375],"to":[18.73885,-1.83547,15.66375],"rotation":{"angle":22.5,"axis":"x","origin":[13.26714,11.12237,21.74579]},"faces":{"north":{"uv":[0,0,0.27,1],"texture":"#0"},"east":{"uv":[1.5,0,4.25,1],"texture":"#0"},"south":{"uv":[0,0,0.27,1],"texture":"#0"},"west":{"uv":[2,0,4.25,1],"texture":"#0"},"up":{"uv":[0,0,1.25,0.27],"rotation":90,"texture":"#0"},"down":{"uv":[0,0,1.25,0.27],"rotation":270,"texture":"#0"}}},{"from":[18.21885,0.05359,30.16962],"to":[18.98885,3.05359,31.41962],"rotation":{"angle":0,"axis":"x","origin":[13.26714,11.12237,21.74579]},"faces":{"north":{"uv":[6,0,9,0.75],"rotation":270,"texture":"#0"},"east":{"uv":[6,13,11.5,15.75],"rotation":90,"texture":"#0"},"south":{"uv":[6.5,0,9.5,0.75],"rotation":270,"texture":"#0"},"west":{"uv":[6,13,11.5,15.75],"rotation":270,"texture":"#0"},"up":{"uv":[0,0,0.75,1.25],"texture":"#0"},"down":{"uv":[0,0,0.75,1.25],"rotation":180,"texture":"#0"}}},{"from":[18.23885,-1.63111,29.83451],"to":[18.98885,0.36889,31.08451],"rotation":{"angle":22.5,"axis":"x","origin":[18.61385,-0.63111,30.45951]},"faces":{"north":{"uv":[7,0,9,0.75],"rotation":270,"texture":"#0"},"east":{"uv":[6,0,10.5,2.75],"rotation":90,"texture":"#0"},"south":{"uv":[7,0,9,0.75],"rotation":270,"texture":"#0"},"west":{"uv":[6,0,10.5,2.75],"rotation":270,"texture":"#0"},"up":{"uv":[0,0,0.75,1.25],"texture":"#0"},"down":{"uv":[8.5,1.5,9.25,2.75],"rotation":180,"texture":"#0"}}},{"from":[18.20886,-1.6306,30.33264],"to":[18.99886,0.3594,30.58264],"rotation":{"angle":22.5,"axis":"x","origin":[18.60386,-0.6356,30.45764]},"faces":{"north":{"uv":[7,0,9,0.75],"rotation":270,"texture":"#0"},"east":{"uv":[14.5,0,16,0.75],"rotation":90,"texture":"#0"},"south":{"uv":[7,0,9,0.75],"rotation":270,"texture":"#0"},"west":{"uv":[14.5,0,16,0.75],"rotation":270,"texture":"#0"},"up":{"uv":[0,0,0.75,1.25],"texture":"#0"},"down":{"uv":[6.5,0,7.25,1.25],"rotation":180,"texture":"#0"}}},{"from":[18.20886,1.95777,30.52776],"to":[18.99886,2.94777,30.77776],"rotation":{"angle":22.5,"axis":"x","origin":[18.60386,2.45277,30.65276]},"faces":{"north":{"uv":[7,0,9,0.75],"rotation":270,"texture":"#0"},"east":{"uv":[14.5,0,16,0.75],"rotation":90,"texture":"#0"},"south":{"uv":[7,0,9,0.75],"rotation":270,"texture":"#0"},"west":{"uv":[14.5,0,16,0.75],"rotation":270,"texture":"#0"},"up":{"uv":[0,0,0.75,1.25],"texture":"#0"},"down":{"uv":[6.5,0,7.25,1.25],"rotation":180,"texture":"#0"}}},{"from":[18.22886,-0.03422,26.34545],"to":[18.97886,1.96578,27.59545],"rotation":{"angle":-22.5,"axis":"x","origin":[13.26714,11.12237,21.74579]},"faces":{"north":{"uv":[6.5,0,8.5,0.75],"rotation":270,"texture":"#0"},"east":{"uv":[6,0,10.5,2.75],"rotation":90,"texture":"#0"},"south":{"uv":[7,0,9,0.75],"rotation":270,"texture":"#0"},"west":{"uv":[6,0,10.5,2.75],"rotation":270,"texture":"#0"},"up":{"uv":[8,0,8.75,1.25],"texture":"#0"},"down":{"uv":[0,0,0.75,1.25],"rotation":180,"texture":"#0"}}},{"from":[18.20886,-0.03422,26.84545],"to":[18.99886,1.95578,27.09545],"rotation":{"angle":-22.5,"axis":"x","origin":[13.26714,11.12237,21.74579]},"faces":{"north":{"uv":[6.5,0,8.5,0.75],"rotation":270,"texture":"#0"},"east":{"uv":[14.5,0,16,0.75],"rotation":90,"texture":"#0"},"south":{"uv":[7,0,9,0.75],"rotation":270,"texture":"#0"},"west":{"uv":[14.5,0,16,0.75],"rotation":270,"texture":"#0"},"up":{"uv":[8,0,8.75,1.25],"texture":"#0"},"down":{"uv":[0,0,0.75,1.25],"rotation":180,"texture":"#0"}}},{"from":[18.20886,-2.45928,25.83687],"to":[18.99886,-1.46928,26.08687],"rotation":{"angle":-22.5,"axis":"x","origin":[13.26714,11.12237,21.74579]},"faces":{"north":{"uv":[6.5,0,8.5,0.75],"rotation":270,"texture":"#0"},"east":{"uv":[14.5,0,16,0.75],"rotation":90,"texture":"#0"},"south":{"uv":[7,0,9,0.75],"rotation":270,"texture":"#0"},"west":{"uv":[14.5,0,16,0.75],"rotation":270,"texture":"#0"},"up":{"uv":[8,0,8.75,1.25],"texture":"#0"},"down":{"uv":[0,0,0.75,1.25],"rotation":180,"texture":"#0"}}},{"from":[4.06038,16.11588,21.13708],"to":[4.56038,16.36588,22.19708],"rotation":{"angle":0,"axis":"x","origin":[13.26714,11.12237,21.74579]},"faces":{"north":{"uv":[2.5,0,3,0.5],"rotation":270,"texture":"#0"},"east":{"uv":[2.5,0,3,0.5],"rotation":270,"texture":"#0"},"south":{"uv":[2.5,0,3,0.5],"rotation":270,"texture":"#0"},"west":{"uv":[2.5,0,3,0.5],"rotation":270,"texture":"#0"},"up":{"uv":[2.5,0,3,0.5],"rotation":270,"texture":"#0"},"down":{"uv":[2.5,0,3,0.5],"rotation":270,"texture":"#0"}}},{"from":[4.06038,14.51098,24.77261],"to":[4.56038,15.26098,25.02261],"rotation":{"angle":-45,"axis":"x","origin":[13.26714,11.12237,21.74579]},"faces":{"north":{"uv":[2.5,0,3,0.5],"rotation":270,"texture":"#0"},"east":{"uv":[2.5,0,3,0.5],"rotation":270,"texture":"#0"},"south":{"uv":[2.5,0,3,0.5],"rotation":270,"texture":"#0"},"west":{"uv":[2.5,0,3,0.5],"rotation":270,"texture":"#0"},"up":{"uv":[2.5,0,3,0.5],"rotation":270,"texture":"#0"},"down":{"uv":[2.5,0,3,0.5],"rotation":270,"texture":"#0"}}},{"from":[4.06038,15.81588,21.37208],"to":[4.56038,16.11588,24.07208],"rotation":{"angle":0,"axis":"x","origin":[13.26714,11.12237,21.74579]},"faces":{"north":{"uv":[2.5,0,3,0.5],"rotation":270,"texture":"#0"},"east":{"uv":[2.5,0,3,0.5],"rotation":270,"texture":"#0"},"south":{"uv":[2.5,0,3,0.5],"rotation":270,"texture":"#0"},"west":{"uv":[2.5,0,3,0.5],"rotation":270,"texture":"#0"},"up":{"uv":[2.5,0,3,0.5],"rotation":270,"texture":"#0"},"down":{"uv":[2.5,0,3,0.5],"rotation":270,"texture":"#0"}}},{"from":[4.06038,13.51098,24.77261],"to":[4.56038,14.51098,25.77261],"rotation":{"angle":-45,"axis":"x","origin":[13.26714,11.12237,21.74579]},"faces":{"north":{"uv":[2.5,0,3,0.5],"rotation":270,"texture":"#0"},"east":{"uv":[2.5,0,3,0.5],"rotation":270,"texture":"#0"},"south":{"uv":[2.5,0,3,0.5],"rotation":270,"texture":"#0"},"west":{"uv":[2.5,0,3,0.5],"rotation":270,"texture":"#0"},"up":{"uv":[2.5,0,3,0.5],"rotation":270,"texture":"#0"},"down":{"uv":[2.5,0,3,0.5],"rotation":270,"texture":"#0"}}},{"from":[4.06038,14.83287,20.69732],"to":[4.56038,15.83287,22.69732],"rotation":{"angle":22.5,"axis":"x","origin":[13.26714,11.12237,21.74579]},"faces":{"north":{"uv":[2.5,0,3,0.5],"rotation":270,"texture":"#0"},"east":{"uv":[2.5,0,3,0.5],"rotation":270,"texture":"#0"},"south":{"uv":[2.5,0,3,0.5],"rotation":270,"texture":"#0"},"west":{"uv":[2.5,0,3,0.5],"rotation":270,"texture":"#0"},"up":{"uv":[2.5,0,3,0.5],"rotation":270,"texture":"#0"},"down":{"uv":[2.5,0,3,0.5],"rotation":270,"texture":"#0"}}},{"from":[4.06038,14.1863,24.04484],"to":[4.56038,16.1863,30.04484],"rotation":{"angle":0,"axis":"x","origin":[13.26714,11.12237,21.74579]},"faces":{"north":{"uv":[2.5,0,3,0.5],"rotation":270,"texture":"#0"},"east":{"uv":[2.5,0,3,0.5],"rotation":270,"texture":"#0"},"south":{"uv":[2.5,0,3,0.5],"rotation":270,"texture":"#0"},"west":{"uv":[2.5,0,3,0.5],"rotation":270,"texture":"#0"},"up":{"uv":[2.5,0,3,0.5],"rotation":270,"texture":"#0"},"down":{"uv":[2.5,0,3,0.5],"rotation":270,"texture":"#0"}}},{"from":[4.01038,14.4363,24.04484],"to":[4.61038,15.9363,30.04484],"rotation":{"angle":0,"axis":"x","origin":[13.26714,11.12237,21.74579]},"faces":{"north":{"uv":[0.375,0,0.975,1.5],"texture":"#0"},"east":{"uv":[0,0,6,16],"rotation":90,"texture":"#0"},"south":{"uv":[0.375,0,0.975,1.5],"texture":"#0"},"west":{"uv":[0,0,6,16],"rotation":90,"texture":"#0"},"up":{"uv":[0.375,0,0.975,6],"rotation":180,"texture":"#0"},"down":{"uv":[0.375,0,0.975,6],"rotation":180,"texture":"#0"}}},{"from":[4.01038,15.06385,20.85165],"to":[4.61038,15.91385,22.60165],"rotation":{"angle":22.5,"axis":"x","origin":[13.26714,11.12237,21.74579]},"faces":{"north":{"uv":[0.375,0,0.975,0.85],"texture":"#0"},"east":{"uv":[0,1,3.25,1.85],"rotation":270,"texture":"#0"},"south":{"uv":[0.375,0,0.975,0.85],"texture":"#0"},"west":{"uv":[0,1,3.25,1.85],"rotation":270,"texture":"#0"},"up":{"uv":[0.375,0,0.975,1.75],"rotation":180,"texture":"#0"},"down":{"uv":[0.375,0,0.975,1.75],"rotation":180,"texture":"#0"}}},{"from":[4.01038,15.6863,21.94484],"to":[4.61038,15.9363,24.04484],"rotation":{"angle":0,"axis":"x","origin":[13.26714,11.12237,21.74579]},"faces":{"north":{"uv":[0.375,0,0.975,0.25],"texture":"#0"},"east":{"uv":[0,1,1.1,1.25],"rotation":90,"texture":"#0"},"south":{"uv":[0.375,0,0.975,0.25],"texture":"#0"},"west":{"uv":[0,1,1.1,1.25],"rotation":90,"texture":"#0"},"up":{"uv":[0.375,0,0.975,2.1],"rotation":180,"texture":"#0"},"down":{"uv":[0.375,0,0.975,2.1],"rotation":180,"texture":"#0"}}},{"from":[4.01038,15.3613,22.19484],"to":[4.61038,15.6863,24.04484],"rotation":{"angle":0,"axis":"x","origin":[13.26714,11.12237,21.74579]},"faces":{"north":{"uv":[0.375,0,0.975,0.325],"texture":"#0"},"east":{"uv":[0.5,0,2.35,7.325],"rotation":90,"texture":"#0"},"south":{"uv":[0.375,0,0.975,0.325],"texture":"#0"},"west":{"uv":[0.5,0,2.35,7.325],"rotation":90,"texture":"#0"},"up":{"uv":[0.375,0,0.975,1.85],"rotation":180,"texture":"#0"},"down":{"uv":[0.375,0,0.975,1.85],"rotation":180,"texture":"#0"}}},{"from":[4.01038,13.45679,25.04506],"to":[4.61038,14.38179,25.29506],"rotation":{"angle":-45,"axis":"x","origin":[13.26714,11.12237,21.74579]},"faces":{"north":{"uv":[0.375,0,0.975,0.925],"texture":"#0"},"east":{"uv":[0,1,0.925,1.25],"rotation":180,"texture":"#0"},"south":{"uv":[0.375,0,0.975,0.925],"rotation":180,"texture":"#0"},"west":{"uv":[0,1,0.925,1.25],"rotation":180,"texture":"#0"},"up":{"uv":[0.375,0,0.975,0.25],"rotation":180,"texture":"#0"},"down":{"uv":[0.375,0,0.975,0.25],"texture":"#0"}}},{"from":[3.81038,15.43046,30.10726],"to":[4.81038,17.53046,31.10726],"rotation":{"angle":-22.5,"axis":"x","origin":[4.31038,16.48046,30.60726]},"faces":{"north":{"uv":[6,1.5,6.5,2],"rotation":90,"texture":"#0"},"east":{"uv":[6,1.5,6.5,2],"rotation":90,"texture":"#0"},"south":{"uv":[6,1.5,6.5,2],"rotation":90,"texture":"#0"},"west":{"uv":[6,1.5,6.5,2],"rotation":90,"texture":"#0"},"up":{"uv":[6,1.5,6.5,2],"rotation":90,"texture":"#0"},"down":{"uv":[6,1.5,6.5,2],"rotation":90,"texture":"#0"}}},{"from":[3.81038,13.71696,30.04484],"to":[4.81038,16.71696,31.04484],"rotation":{"angle":0,"axis":"x","origin":[13.26714,11.12237,21.74579]},"faces":{"north":{"uv":[6,1.5,6.5,2],"rotation":90,"texture":"#0"},"east":{"uv":[6,1.5,6.5,2],"rotation":90,"texture":"#0"},"south":{"uv":[6,1.5,6.5,2],"rotation":90,"texture":"#0"},"west":{"uv":[6,1.5,6.5,2],"rotation":90,"texture":"#0"},"up":{"uv":[6,1.5,6.5,2],"rotation":90,"texture":"#0"},"down":{"uv":[6,1.5,6.5,2],"rotation":90,"texture":"#0"}}},{"from":[3.81038,14.70173,30.47102],"to":[4.81038,15.70173,31.47102],"rotation":{"angle":0,"axis":"x","origin":[13.26714,11.12237,21.74579]},"faces":{"north":{"uv":[6,1.5,6.5,2],"rotation":90,"texture":"#0"},"east":{"uv":[6,1.5,6.5,2],"rotation":90,"texture":"#0"},"south":{"uv":[6,1.5,6.5,2],"rotation":90,"texture":"#0"},"west":{"uv":[6,1.5,6.5,2],"rotation":90,"texture":"#0"},"up":{"uv":[6,1.5,6.5,2],"rotation":90,"texture":"#0"},"down":{"uv":[6,1.5,6.5,2],"rotation":90,"texture":"#0"}}},{"from":[3.81038,16.07909,28.34932],"to":[4.81038,18.17909,29.34932],"rotation":{"angle":22.5,"axis":"x","origin":[13.26714,11.12237,21.74579]},"faces":{"north":{"uv":[6,1.5,6.5,2],"rotation":90,"texture":"#0"},"east":{"uv":[6,1.5,6.5,2],"rotation":90,"texture":"#0"},"south":{"uv":[6,1.5,6.5,2],"rotation":90,"texture":"#0"},"west":{"uv":[6,1.5,6.5,2],"rotation":90,"texture":"#0"},"up":{"uv":[6,1.5,6.5,2],"rotation":90,"texture":"#0"},"down":{"uv":[6,1.5,6.5,2],"rotation":90,"texture":"#0"}}},{"name":"portal","from":[-0.02713,10.97599,31.52002],"to":[8.97287,19.97599,31.52002],"rotation":{"angle":0,"axis":"z","origin":[13.26714,11.12237,21.74579]},"faces":{"north":{"uv":[0,0,16,16],"texture":"#1"},"east":{"uv":[0,0,0,9],"texture":"#1"},"south":{"uv":[0,0,16,16],"texture":"#1"},"west":{"uv":[0,0,0,9],"texture":"#1"},"up":{"uv":[0,0,9,0],"texture":"#1"},"down":{"uv":[0,0,9,0],"texture":"#1"}}},{"name":"portal","from":[9.87236,13.80442,31.52002],"to":[18.87236,22.80442,31.52002],"rotation":{"angle":0,"axis":"z","origin":[13.26714,11.12237,21.74579]},"faces":{"north":{"uv":[0,0,16,16],"texture":"#1"},"east":{"uv":[0,0,0,9],"texture":"#1"},"south":{"uv":[0,0,16,16],"texture":"#1"},"west":{"uv":[0,0,0,9],"texture":"#1"},"up":{"uv":[0,0,9,0],"texture":"#1"},"down":{"uv":[0,0,9,0],"texture":"#1"}}},{"from":[13.95417,17.93586,16.49502],"to":[14.70417,18.68586,31.49502],"rotation":{"angle":0,"axis":"y","origin":[13.26714,11.12237,21.74579]},"faces":{"north":{"uv":[0,0.75,0.75,0],"rotation":180,"texture":"#3_0"},"east":{"uv":[15.75,0,15,15],"rotation":90,"texture":"#3_0"},"south":{"uv":[15,9.75,15.75,9],"texture":"#3_0"},"west":{"uv":[15.75,0,15,15],"rotation":270,"texture":"#3_0"},"up":{"uv":[15.75,0,15,15],"texture":"#3_0"},"down":{"uv":[15.75,0,15,15],"rotation":180,"texture":"#3_0"}}},{"from":[13.95417,15.40783,13.0373],"to":[14.70417,16.15783,14.2873],"rotation":{"angle":22.5,"axis":"x","origin":[13.26714,11.12237,21.74579]},"faces":{"north":{"uv":[0,0.75,0.75,0],"rotation":180,"texture":"#3_0"},"east":{"uv":[0.75,0,0,1.25],"rotation":90,"texture":"#3_0"},"south":{"uv":[0,0.75,0.75,0],"texture":"#3_0"},"west":{"uv":[0.75,0,0,1.25],"rotation":270,"texture":"#3_0"},"up":{"uv":[10,3.25,10.75,2],"rotation":180,"texture":"#3_0"},"down":{"uv":[10,5.25,10.75,4],"texture":"#3_0"}}},{"from":[13.96417,20.09081,17.39856],"to":[14.69417,20.84081,19.14856],"rotation":{"angle":-22.5,"axis":"x","origin":[13.26714,11.12237,21.74579]},"faces":{"north":{"uv":[0.75,0.75,0,0],"rotation":180,"texture":"#3_0"},"east":{"uv":[0,0,1.75,0.75],"texture":"#3_0"},"south":{"uv":[0.75,0.75,0,0],"rotation":180,"texture":"#3_0"},"west":{"uv":[0,0,1.75,0.75],"texture":"#3_0"},"up":{"uv":[10.75,4.75,10,3],"texture":"#3_0"},"down":{"uv":[10.75,4.75,10,3],"texture":"#3_0"}}},{"from":[13.95417,14.74776,16.9533],"to":[14.70417,15.49776,18.9533],"rotation":{"angle":0,"axis":"y","origin":[13.26714,11.12237,21.74579]},"faces":{"north":{"uv":[0,0.75,0.75,0],"rotation":180,"texture":"#3_0"},"east":{"uv":[0.75,0,0,2],"rotation":90,"texture":"#3_0"},"south":{"uv":[0,0.75,0.75,0],"texture":"#3_0"},"west":{"uv":[0.75,0,0,2],"rotation":270,"texture":"#3_0"},"up":{"uv":[10,6,10.75,4],"rotation":180,"texture":"#3_0"},"down":{"uv":[0,2,0.75,0],"texture":"#3_0"}}},{"from":[13.95417,15.27809,17.48363],"to":[14.70417,15.52809,19.48363],"rotation":{"angle":0,"axis":"y","origin":[13.26714,11.12237,21.74579]},"faces":{"north":{"uv":[0,0.25,0.75,0],"rotation":180,"texture":"#3_0"},"east":{"uv":[0.25,0,0,0.5],"rotation":90,"texture":"#3_0"},"south":{"uv":[0,0.25,0.75,0],"texture":"#3_0"},"west":{"uv":[0.25,0,0,0.5],"rotation":270,"texture":"#3_0"},"up":{"uv":[10,5.5,10.75,5],"rotation":180,"texture":"#3_0"},"down":{"uv":[0,0.5,0.75,0],"texture":"#3_0"}}},{"from":[13.95417,15.02809,18.73363],"to":[14.70417,15.27809,19.23363],"rotation":{"angle":0,"axis":"y","origin":[13.26714,11.12237,21.74579]},"faces":{"north":{"uv":[0,0.25,0.75,0],"rotation":180,"texture":"#3_0"},"east":{"uv":[0.25,0,0,0.5],"rotation":90,"texture":"#3_0"},"south":{"uv":[0,0.25,0.75,0],"texture":"#3_0"},"west":{"uv":[0.25,0,0,0.5],"rotation":270,"texture":"#3_0"},"up":{"uv":[0,0.5,0.75,0],"rotation":180,"texture":"#3_0"},"down":{"uv":[0,0.5,0.75,0],"texture":"#3_0"}}},{"from":[13.95417,11.71133,16.95767],"to":[14.70417,12.46133,17.20767],"rotation":{"angle":45,"axis":"x","origin":[13.26714,11.12237,21.74579]},"faces":{"north":{"uv":[0,0.75,0.75,0],"rotation":180,"texture":"#3_0"},"east":{"uv":[0.75,0,0,0.25],"rotation":90,"texture":"#3_0"},"south":{"uv":[0,0.75,0.75,0],"texture":"#3_0"},"west":{"uv":[0.75,0,0,0.25],"rotation":270,"texture":"#3_0"},"up":{"uv":[0,0.25,0.75,0],"rotation":180,"texture":"#3_0"},"down":{"uv":[0,0.25,0.75,0],"texture":"#3_0"}}},{"from":[13.95417,12.63779,14.93073],"to":[14.70417,13.38779,15.93073],"rotation":{"angle":22.5,"axis":"x","origin":[13.26714,11.12237,21.74579]},"faces":{"north":{"uv":[0,0.75,0.75,0],"rotation":180,"texture":"#3_0"},"east":{"uv":[0.75,0,0,1],"rotation":90,"texture":"#3_0"},"south":{"uv":[0,0.75,0.75,0],"texture":"#3_0"},"west":{"uv":[0.75,0,0,1],"rotation":270,"texture":"#3_0"},"up":{"uv":[0,1,0.75,0],"rotation":180,"texture":"#3_0"},"down":{"uv":[0,1,0.75,0],"texture":"#3_0"}}},{"from":[13.9525,17.99858,20.53784],"to":[14.7025,23.99858,21.28784],"rotation":{"angle":-45,"axis":"x","origin":[13.26714,11.12237,21.74579]},"faces":{"north":{"uv":[0,6,0.75,0],"rotation":180,"texture":"#3_0"},"east":{"uv":[6,0,0,0.75],"rotation":90,"texture":"#3_0"},"south":{"uv":[10,8,10.75,2],"texture":"#3_0"},"west":{"uv":[6,0,0,0.75],"rotation":270,"texture":"#3_0"},"up":{"uv":[0,0.75,0.75,0],"rotation":180,"texture":"#3_0"},"down":{"uv":[0,0.75,0.75,0],"texture":"#3_0"}}},{"from":[13.9525,23.99858,20.53784],"to":[14.7025,24.49858,21.03784],"rotation":{"angle":-45,"axis":"x","origin":[13.26714,11.12237,21.74579]},"faces":{"north":{"uv":[0,0.5,0.75,0],"rotation":180,"texture":"#3_0"},"east":{"uv":[0.5,0,0,0.5],"rotation":90,"texture":"#3_0"},"south":{"uv":[10,4.5,10.75,4],"texture":"#3_0"},"west":{"uv":[0.5,0,0,0.5],"rotation":270,"texture":"#3_0"},"up":{"uv":[0,0.5,0.75,0],"rotation":180,"texture":"#3_0"},"down":{"uv":[0,0.5,0.75,0],"texture":"#3_0"}}},{"from":[13.9525,24.49858,20.53784],"to":[14.7025,24.99858,20.78784],"rotation":{"angle":-45,"axis":"x","origin":[13.26714,11.12237,21.74579]},"faces":{"north":{"uv":[0,0.5,0.75,0],"rotation":180,"texture":"#3_0"},"east":{"uv":[0.5,0,0,0.25],"rotation":90,"texture":"#3_0"},"south":{"uv":[10,1.5,10.75,1],"texture":"#3_0"},"west":{"uv":[0.5,0,0,0.25],"rotation":270,"texture":"#3_0"},"up":{"uv":[0,0.25,0.75,0],"rotation":180,"texture":"#3_0"},"down":{"uv":[0,0.25,0.75,0],"texture":"#3_0"}}},{"from":[13.9525,17.49859,21.28784],"to":[14.7025,23.49859,21.53784],"rotation":{"angle":-45,"axis":"x","origin":[13.26714,11.12237,21.74579]},"faces":{"north":{"uv":[0,6,0.75,0],"rotation":180,"texture":"#3_0"},"east":{"uv":[6,0,0,0.25],"rotation":90,"texture":"#3_0"},"south":{"uv":[10,10,10.75,4],"texture":"#3_0"},"west":{"uv":[6,0,0,0.25],"rotation":270,"texture":"#3_0"},"up":{"uv":[0,0.25,0.75,0],"rotation":180,"texture":"#3_0"},"down":{"uv":[0,0.25,0.75,0],"texture":"#3_0"}}},{"from":[13.9525,16.99858,21.53784],"to":[14.7025,22.99858,21.78784],"rotation":{"angle":-45,"axis":"x","origin":[13.26714,11.12237,21.74579]},"faces":{"north":{"uv":[0,6,0.75,0],"rotation":180,"texture":"#3_0"},"east":{"uv":[6,0,0,0.25],"rotation":90,"texture":"#3_0"},"south":{"uv":[10,10,10.75,4],"texture":"#3_0"},"west":{"uv":[6,0,0,0.25],"rotation":270,"texture":"#3_0"},"up":{"uv":[0,0.25,0.75,0],"rotation":180,"texture":"#3_0"},"down":{"uv":[0,0.25,0.75,0],"texture":"#3_0"}}},{"from":[13.9525,16.49858,21.78785],"to":[14.7025,22.49858,22.03785],"rotation":{"angle":-45,"axis":"x","origin":[13.26714,11.12237,21.74579]},"faces":{"north":{"uv":[0,6,0.75,0],"rotation":180,"texture":"#3_0"},"east":{"uv":[6,0,0,0.25],"rotation":90,"texture":"#3_0"},"south":{"uv":[10,10,10.75,4],"texture":"#3_0"},"west":{"uv":[6,0,0,0.25],"rotation":270,"texture":"#3_0"},"up":{"uv":[0,0.25,0.75,0],"rotation":180,"texture":"#3_0"},"down":{"uv":[0,0.25,0.75,0],"texture":"#3_0"}}},{"name":"portal","from":[7.04394,3.90492,25.52002],"to":[16.04394,12.90492,25.52002],"rotation":{"angle":0,"axis":"z","origin":[13.26714,11.12237,21.74579]},"faces":{"north":{"uv":[0,0,16,16],"texture":"#1"},"east":{"uv":[0,0,0,9],"texture":"#1"},"south":{"uv":[0,0,16,16],"texture":"#1"},"west":{"uv":[0,0,0,9],"texture":"#1"},"up":{"uv":[0,0,9,0],"texture":"#1"},"down":{"uv":[0,0,9,0],"texture":"#1"}}},{"from":[13.54518,7.56575,10.47002],"to":[14.29518,8.31575,25.47002],"rotation":{"angle":-45,"axis":"z","origin":[13.26714,11.12237,21.74579]},"faces":{"north":{"uv":[0,0.75,0.75,0],"rotation":180,"texture":"#3_0"},"east":{"uv":[15.75,0,15,15],"rotation":90,"texture":"#3_0"},"south":{"uv":[15,9.75,15.75,9],"texture":"#3_0"},"west":{"uv":[15.75,0,15,15],"rotation":270,"texture":"#3_0"},"up":{"uv":[15.75,0,15,15],"texture":"#3_0"},"down":{"uv":[15.75,0,15,15],"rotation":180,"texture":"#3_0"}}},{"from":[11.22584,12.79007,9.54754],"to":[11.72584,13.79007,12.79754],"rotation":{"angle":-22.5,"axis":"x","origin":[13.26714,11.12237,21.74579]},"faces":{"north":{"uv":[0,0,0.27,1],"texture":"#0"},"east":{"uv":[1,0,4.25,1],"texture":"#0"},"south":{"uv":[0,0,0.27,1],"texture":"#0"},"west":{"uv":[1.5,0,4.25,1],"texture":"#0"},"up":{"uv":[0,0,1.25,0.27],"rotation":90,"texture":"#0"},"down":{"uv":[0,0,1.25,0.27],"rotation":270,"texture":"#0"}}},{"from":[11.22584,3.41938,11.63323],"to":[11.72584,4.41938,14.88323],"rotation":{"angle":22.5,"axis":"x","origin":[13.26714,11.12237,21.74579]},"faces":{"north":{"uv":[0,0,0.27,1],"texture":"#0"},"east":{"uv":[1.5,0,4.25,1],"texture":"#0"},"south":{"uv":[0,0,0.27,1],"texture":"#0"},"west":{"uv":[2,0,4.25,1],"texture":"#0"},"up":{"uv":[0,0,1.25,0.27],"rotation":90,"texture":"#0"},"down":{"uv":[0,0,1.25,0.27],"rotation":270,"texture":"#0"}}},{"from":[11.23417,7.56377,11.59049],"to":[11.72417,9.23877,12.84049],"rotation":{"angle":0,"axis":"x","origin":[13.26714,11.12237,21.74579]},"faces":{"north":{"uv":[13.5,0,14.5,1],"rotation":270,"texture":"#0"},"east":{"uv":[13.5,0,14.5,1],"rotation":270,"texture":"#0"},"south":{"uv":[13.5,0,14.5,1],"rotation":270,"texture":"#0"},"west":{"uv":[13.5,0,14.5,1],"rotation":270,"texture":"#0"},"up":{"uv":[13.5,0,14.5,1],"rotation":270,"texture":"#0"},"down":{"uv":[13.5,0,14.5,1],"rotation":270,"texture":"#0"}}},{"from":[11.23584,17.50507,10.76696],"to":[11.73584,18.25507,11.49696],"rotation":{"angle":-45,"axis":"x","origin":[13.26714,11.12237,21.74579]},"faces":{"north":{"uv":[0,0,0.25,0.75],"texture":"#0"},"east":{"uv":[2.5,0,3.23,0.75],"texture":"#0"},"south":{"uv":[0,0,0.25,0.75],"texture":"#0"},"west":{"uv":[0,0,2.729,2.75],"texture":"#0"},"up":{"uv":[0,0,0.73,0.25],"rotation":90,"texture":"#0"},"down":{"uv":[0,0,0.73,0.25],"rotation":270,"texture":"#0"}}},{"name":"portal","from":[16.76665,6.91013,31.52002],"to":[25.76665,15.91013,31.52002],"rotation":{"angle":0,"axis":"z","origin":[13.26714,11.12237,21.74579]},"faces":{"north":{"uv":[0,0,16,16],"texture":"#1"},"east":{"uv":[0,0,0,9],"texture":"#1"},"south":{"uv":[0,0,16,16],"texture":"#1"},"west":{"uv":[0,0,0,9],"texture":"#1"},"up":{"uv":[0,0,9,0],"texture":"#1"},"down":{"uv":[0,0,9,0],"texture":"#1"}}},{"from":[20.74795,10.97,16.49602],"to":[21.49795,11.72,31.49602],"rotation":{"angle":0,"axis":"y","origin":[13.26714,11.12237,21.74579]},"faces":{"north":{"uv":[14.75,9.5,14,10.5],"rotation":270,"texture":"#0"},"east":{"uv":[15.5,5,16,16],"rotation":90,"texture":"#0"},"south":{"uv":[13.75,7.5,13,8.5],"rotation":270,"texture":"#0"},"west":{"uv":[15.5,5,16,16],"rotation":270,"texture":"#0"},"up":{"uv":[15.5,5,16,16],"texture":"#0"},"down":{"uv":[15.5,5,16,16],"rotation":180,"texture":"#0"}}},{"from":[20.64795,9.97,17.49602],"to":[21.64795,12.97,20.49602],"rotation":{"angle":0,"axis":"y","origin":[13.26714,11.12237,21.74579]},"faces":{"north":{"uv":[15,15,16,16],"texture":"#0"},"east":{"uv":[6.5,4,11.5,8],"texture":"#0"},"south":{"uv":[14,9.5,15,10.5],"texture":"#0"},"west":{"uv":[6.5,4,11.5,8],"rotation":180,"texture":"#0"},"up":{"uv":[15,15,16,16],"texture":"#0"},"down":{"uv":[14,9.5,15,10.5],"texture":"#0"}}},{"from":[20.89795,6.97,17.74602],"to":[21.39795,9.97,20.24602],"rotation":{"angle":0,"axis":"y","origin":[13.26714,11.12237,21.74579]},"faces":{"north":{"uv":[0,0,1,1],"texture":"#missing"},"east":{"uv":[0,0,3,1],"rotation":270,"texture":"#0"},"south":{"uv":[0,0,1,1],"texture":"#missing"},"west":{"uv":[0,0,3,1],"rotation":270,"texture":"#0"},"up":{"uv":[0,0,1,1],"texture":"#missing"},"down":{"uv":[13.5,0.5,14,1.5],"rotation":270,"texture":"#0"}}},{"from":[20.90795,5.75543,18.38953],"to":[21.38795,8.75543,19.63953],"rotation":{"angle":22.5,"axis":"x","origin":[13.26714,11.12237,21.74579]},"faces":{"north":{"uv":[0,0,1,1],"texture":"#missing"},"east":{"uv":[0,1.5,3,2.5],"rotation":270,"texture":"#0"},"south":{"uv":[0,0,1,1],"texture":"#missing"},"west":{"uv":[0,1.5,3,2.5],"rotation":270,"texture":"#0"},"up":{"uv":[0,0,1,1],"texture":"#missing"},"down":{"uv":[13.5,0.5,14,1.5],"rotation":270,"texture":"#0"}}},{"from":[20.90795,7.86001,18.77113],"to":[21.38795,10.86001,20.02113],"rotation":{"angle":-22.5,"axis":"x","origin":[13.26714,11.12237,21.74579]},"faces":{"north":{"uv":[1,0,0,1],"texture":"#missing"},"east":{"uv":[0,2.5,3,1.5],"rotation":270,"texture":"#0"},"south":{"uv":[1,0,0,1],"texture":"#missing"},"west":{"uv":[0,2.5,3,1.5],"rotation":270,"texture":"#0"},"up":{"uv":[0,1,1,0],"texture":"#missing"},"down":{"uv":[14,0.5,13.5,1.5],"rotation":270,"texture":"#0"}}},{"from":[20.91795,4.87959,19.44885],"to":[21.37795,7.87959,20.69885],"rotation":{"angle":45,"axis":"x","origin":[13.26714,11.12237,21.74579]},"faces":{"north":{"uv":[13.5,0.5,14,1.5],"rotation":270,"texture":"#0"},"east":{"uv":[0,0,2.5,1],"rotation":270,"texture":"#0"},"south":{"uv":[0,0,1,1],"texture":"#missing"},"west":{"uv":[0,0,2.5,1],"rotation":270,"texture":"#0"},"up":{"uv":[0,0,1,1],"texture":"#missing"},"down":{"uv":[13.5,0.5,14,1.5],"rotation":270,"texture":"#0"}}},{"from":[20.90795,8.76835,18.90397],"to":[21.36795,11.76835,20.15397],"rotation":{"angle":-45,"axis":"x","origin":[13.26714,11.12237,21.74579]},"faces":{"north":{"uv":[1,0,0,1],"texture":"#missing"},"east":{"uv":[0,1,2.5,0],"rotation":270,"texture":"#0"},"south":{"uv":[13.5,1.5,14,0.5],"rotation":270,"texture":"#0"},"west":{"uv":[0,1,2.5,0],"rotation":270,"texture":"#0"},"up":{"uv":[0,1,1,0],"texture":"#missing"},"down":{"uv":[14,0.5,13.5,1.5],"rotation":270,"texture":"#0"}}}],"display":{"thirdperson_righthand":{"rotation":[3,0,0],"translation":[0,7,0]},"thirdperson_lefthand":{"rotation":[3,0,-90],"translation":[3,3,0]},"firstperson_righthand":{"rotation":[10,0,0],"translation":[-2,10.5,-16]},"firstperson_lefthand":{"rotation":[10,0,-90],"translation":[0.5,7,-16]},"ground":{"rotation":[90,0,0],"translation":[0,25,0]},"gui":{"translation":[-3,-1.5,0],"scale":[0.65,0.65,0.65]},"head":{"rotation":[0,0,45],"translation":[-2.5,8.75,0]},"fixed":{"rotation":[0,0,45],"translation":[-3,-2.75,-23]}},"groups":[{"name":"excalibur","origin":[8,8,8],"children":[0,1,2,3,4,5,6,7,8,9,10,11,12,13]},{"name":"hassan_knife","origin":[8,8,8],"children":[{"name":"blade","origin":[8,13.15412,7.5],"children":[14,15,16,17,18,19,{"name":"inner","origin":[8,8,8],"children":[20,21,22,23,24]}]},{"name":"handle","origin":[8,9.15412,7.03066],"children":[{"name":"guard","origin":[8,9.15412,9.03066],"children":[25,26,27,28]}]},29]},{"name":"nitocris_staff","origin":[8,8,8],"children":[30,31,32,33,34,35,36,37,38,39,40,41,42,43,44]},{"name":"spear","origin":[-3.00063,26.34645,0.91341],"children":[45,46,47,48,49,50]},{"name":"axe","origin":[-8.97917,27.31939,1.27413],"children":[51,52,53,54,55,56,57,58]}]}