{"credit":"Made with Blockbench","textures":{"0":"camelot:item/photon_ray","particle":"camelot:item/photon_ray"},"elements":[{"from":[8.51,22.75261,-5.83082],"to":[9.49,24.25261,-4.33082],"rotation":{"angle":45,"axis":"x","origin":[8.95912,11.91785,6.48867]},"faces":{"north":{"uv":[13.5,0,14.5,1.5],"texture":"#0"},"east":{"uv":[12,0,13.5,1.5],"texture":"#0"},"south":{"uv":[13.5,1,14.5,2.5],"texture":"#0"},"west":{"uv":[12.5,0,14,1.5],"rotation":90,"texture":"#0"},"up":{"uv":[11.5,0,12.5,1.5],"texture":"#0"},"down":{"uv":[13,0,14,1.5],"texture":"#0"}}},{"from":[20.16832,23.06924,6],"to":[21.66832,24.56924,7],"rotation":{"angle":45,"axis":"z","origin":[8.95912,11.91785,6.48867]},"faces":{"north":{"uv":[14.5,0,16,1.5],"texture":"#0"},"east":{"uv":[15,0,16,1.5],"texture":"#0"},"south":{"uv":[14.5,0,16,1.5],"texture":"#0"},"west":{"uv":[15,0,16,1.5],"texture":"#0"},"up":{"uv":[14.5,0,16,1],"texture":"#0"},"down":{"uv":[14.5,0,16,1],"texture":"#0"}}},{"from":[8.5,11.79038,5.4388],"to":[9.5,28.29038,6.4388],"rotation":{"angle":0,"axis":"y","origin":[8.95912,11.91785,6.48867]},"faces":{"north":{"uv":[13.5,0,14.5,16],"texture":"#0"},"east":{"uv":[13,0,14,16],"texture":"#0"},"south":{"uv":[13,0,14,16],"texture":"#0"},"west":{"uv":[13.5,0,14.5,16],"texture":"#0"},"up":{"uv":[13,1.5,14,2.5],"texture":"#0"},"down":{"uv":[13,14.5,14,15.5],"texture":"#0"}}},{"from":[8.5,11.79038,6.56012],"to":[9.5,28.29038,7.56012],"rotation":{"angle":0,"axis":"y","origin":[8.95912,11.91785,6.48867]},"faces":{"north":{"uv":[12,0,13,16],"texture":"#0"},"east":{"uv":[11.5,0,12.5,16],"texture":"#0"},"south":{"uv":[12,0,13,16],"texture":"#0"},"west":{"uv":[12,0,13,16],"texture":"#0"},"up":{"uv":[0,0,1,1],"texture":"#0"},"down":{"uv":[0,0,1,1],"texture":"#0"}}},{"from":[7.93934,11.78984,6],"to":[8.93934,28.78984,7],"rotation":{"angle":0,"axis":"y","origin":[8.95912,11.91785,6.48867]},"faces":{"north":{"uv":[15,0,16,16],"texture":"#0"},"east":{"uv":[15,0,16,16],"texture":"#0"},"south":{"uv":[15,0,16,16],"texture":"#0"},"west":{"uv":[15,0,16,16],"texture":"#0"},"up":{"uv":[15,0,16,1],"texture":"#0"},"down":{"uv":[15,0,16,1],"texture":"#0"}}},{"from":[9.06066,11.78984,6],"to":[10.06066,28.78984,7],"rotation":{"angle":0,"axis":"y","origin":[8.95912,11.91785,6.48867]},"faces":{"north":{"uv":[15,0,16,16],"texture":"#0"},"east":{"uv":[15,0,16,16],"texture":"#0"},"south":{"uv":[15,0,16,16],"texture":"#0"},"west":{"uv":[15,0,16,16],"texture":"#0"},"up":{"uv":[15,2,16,3],"texture":"#0"},"down":{"uv":[15,0,16,1],"texture":"#0"}}},{"from":[7.68934,11.28984,5.25],"to":[10.28934,11.78984,7.75],"rotation":{"angle":0,"axis":"y","origin":[8.95912,11.91785,6.48867]},"faces":{"north":{"uv":[0,0,2.6,0.5],"texture":"#0"},"east":{"uv":[0,0,2.5,0.5],"texture":"#0"},"south":{"uv":[0,0,2.6,0.5],"texture":"#0"},"west":{"uv":[0,0,2.5,0.5],"texture":"#0"},"up":{"uv":[4.5,7,7.1,9.5],"texture":"#0"},"down":{"uv":[0,0,2.6,2.5],"texture":"#0"}}},{"from":[7.089,11.87694,6.25],"to":[7.589,13.22694,6.75],"rotation":{"angle":22.5,"axis":"z","origin":[8.95912,11.91785,6.48867]},"faces":{"north":{"uv":[0,0,1.35,0.5],"rotation":270,"texture":"#0"},"east":{"uv":[4,3.5,5.35,4],"rotation":90,"texture":"#0"},"south":{"uv":[0,0,1.35,0.5],"rotation":90,"texture":"#0"},"west":{"uv":[6.5,0.5,7.85,1],"rotation":90,"texture":"#0"},"up":{"uv":[0,0,0.5,0.5],"rotation":90,"texture":"#0"},"down":{"uv":[0,0,0.5,0.5],"rotation":90,"texture":"#0"}}},{"from":[8.73934,11.88417,4.6011],"to":[9.23934,13.23417,5.1011],"rotation":{"angle":-22.5,"axis":"x","origin":[8.95912,11.91785,6.48867]},"faces":{"north":{"uv":[7,0,8.35,0.5],"rotation":90,"texture":"#0"},"east":{"uv":[0,0,1.35,0.5],"rotation":270,"texture":"#0"},"south":{"uv":[3.5,4,4.85,4.5],"rotation":90,"texture":"#0"},"west":{"uv":[0,0,1.35,0.5],"rotation":90,"texture":"#0"},"up":{"uv":[0,0,0.5,0.5],"rotation":180,"texture":"#0"},"down":{"uv":[0,0,0.5,0.5],"texture":"#0"}}},{"from":[8.73934,11.88252,7.87226],"to":[9.23934,13.23252,8.37226],"rotation":{"angle":22.5,"axis":"x","origin":[8.95912,11.91785,6.48867]},"faces":{"north":{"uv":[4,3,5.35,3.5],"rotation":90,"texture":"#0"},"east":{"uv":[0,0,1.35,0.5],"rotation":270,"texture":"#0"},"south":{"uv":[7,0,8.35,0.5],"rotation":90,"texture":"#0"},"west":{"uv":[0,0,1.35,0.5],"rotation":90,"texture":"#0"},"up":{"uv":[0,0,0.5,0.5],"rotation":180,"texture":"#0"},"down":{"uv":[0,0,0.5,0.5],"texture":"#0"}}},{"from":[10.41503,11.93271,6.25],"to":[10.91503,13.28271,6.75],"rotation":{"angle":-22.5,"axis":"z","origin":[8.95912,11.91785,6.48867]},"faces":{"north":{"uv":[0,0,1.35,0.5],"rotation":270,"texture":"#0"},"east":{"uv":[7,0,8.35,0.5],"rotation":90,"texture":"#0"},"south":{"uv":[0,0,1.35,0.5],"rotation":90,"texture":"#0"},"west":{"uv":[3.5,3.5,4.85,4],"rotation":90,"texture":"#0"},"up":{"uv":[0,0,0.5,0.5],"rotation":90,"texture":"#0"},"down":{"uv":[0,0,0.5,0.5],"rotation":90,"texture":"#0"}}},{"from":[7.73232,13.49295,6.25],"to":[8.48232,13.84295,6.75],"rotation":{"angle":45,"axis":"z","origin":[8.95912,11.91785,6.48867]},"faces":{"north":{"uv":[0,0,0.35,0.75],"rotation":270,"texture":"#0"},"east":{"uv":[0,0,0.35,0.5],"rotation":90,"texture":"#0"},"south":{"uv":[0,0,0.35,0.75],"rotation":90,"texture":"#0"},"west":{"uv":[0,0,0.35,0.5],"rotation":90,"texture":"#0"},"up":{"uv":[0,0,0.5,0.75],"rotation":90,"texture":"#0"},"down":{"uv":[4.5,8,5,8.75],"rotation":90,"texture":"#0"}}},{"from":[8.73934,13.50631,5.24851],"to":[9.23934,13.85631,5.99851],"rotation":{"angle":-45,"axis":"x","origin":[8.95912,11.91785,6.48867]},"faces":{"north":{"uv":[0,0,0.35,0.5],"rotation":90,"texture":"#0"},"east":{"uv":[0,0,0.35,0.75],"rotation":270,"texture":"#0"},"south":{"uv":[0,0,0.35,0.5],"rotation":90,"texture":"#0"},"west":{"uv":[0,0,0.35,0.75],"rotation":90,"texture":"#0"},"up":{"uv":[6.5,0,7,0.75],"rotation":180,"texture":"#0"},"down":{"uv":[5,7,5.5,7.25],"texture":"#0"}}},{"from":[8.73934,13.50327,6.97578],"to":[9.23934,13.85327,7.72578],"rotation":{"angle":45,"axis":"x","origin":[8.95912,11.91785,6.48867]},"faces":{"north":{"uv":[0,0,0.35,0.5],"rotation":90,"texture":"#0"},"east":{"uv":[0,0,0.35,0.75],"rotation":270,"texture":"#0"},"south":{"uv":[0,0,0.35,0.5],"rotation":90,"texture":"#0"},"west":{"uv":[0,0,0.35,0.75],"rotation":90,"texture":"#0"},"up":{"uv":[7,1,7.5,1.75],"rotation":180,"texture":"#0"},"down":{"uv":[6,7.5,6.5,8.25],"texture":"#0"}}},{"from":[9.49384,13.57731,6.25],"to":[10.24384,13.92731,6.75],"rotation":{"angle":-45,"axis":"z","origin":[8.95912,11.91785,6.48867]},"faces":{"north":{"uv":[0,0,0.35,0.75],"rotation":270,"texture":"#0"},"east":{"uv":[0,0,0.35,0.5],"rotation":90,"texture":"#0"},"south":{"uv":[0,0,0.35,0.75],"rotation":90,"texture":"#0"},"west":{"uv":[0,0,0.35,0.5],"rotation":90,"texture":"#0"},"up":{"uv":[7,0,7.5,0.75],"rotation":90,"texture":"#0"},"down":{"uv":[3.5,3.5,4.5,3.75],"texture":"#0"}}},{"from":[9.79047,15.15821,6.25],"to":[10.54047,15.50821,6.75],"rotation":{"angle":45,"axis":"z","origin":[8.95912,11.91785,6.48867]},"faces":{"north":{"uv":[0,0,0.35,0.75],"rotation":270,"texture":"#0"},"east":{"uv":[0,0,0.35,0.5],"rotation":90,"texture":"#0"},"south":{"uv":[0,0,0.35,0.75],"rotation":90,"texture":"#0"},"west":{"uv":[0,0,0.35,0.5],"rotation":90,"texture":"#0"},"up":{"uv":[7.5,0,8,0.75],"rotation":90,"texture":"#0"},"down":{"uv":[4.5,8,5,8.75],"rotation":90,"texture":"#0"}}},{"from":[8.73934,15.17156,7.30666],"to":[9.23934,15.52156,8.05666],"rotation":{"angle":-45,"axis":"x","origin":[8.95912,11.91785,6.48867]},"faces":{"north":{"uv":[0,0,0.35,0.5],"rotation":90,"texture":"#0"},"east":{"uv":[0,0,0.35,0.75],"rotation":270,"texture":"#0"},"south":{"uv":[0,0,0.35,0.5],"rotation":90,"texture":"#0"},"west":{"uv":[0,0,0.35,0.75],"rotation":90,"texture":"#0"},"up":{"uv":[0,0,0.5,0.75],"rotation":180,"texture":"#0"},"down":{"uv":[6,7,6.5,7.25],"texture":"#0"}}},{"from":[8.73934,15.16852,4.91763],"to":[9.23934,15.51852,5.66763],"rotation":{"angle":45,"axis":"x","origin":[8.95912,11.91785,6.48867]},"faces":{"north":{"uv":[0,0,0.35,0.5],"rotation":90,"texture":"#0"},"east":{"uv":[0,0,0.35,0.75],"rotation":270,"texture":"#0"},"south":{"uv":[0,0,0.35,0.5],"rotation":90,"texture":"#0"},"west":{"uv":[0,0,0.35,0.75],"rotation":90,"texture":"#0"},"up":{"uv":[9.5,0,10,0.75],"rotation":180,"texture":"#0"},"down":{"uv":[6,7.5,6.5,8.25],"texture":"#0"}}},{"from":[7.43569,15.24256,6.25],"to":[8.18569,15.59256,6.75],"rotation":{"angle":-45,"axis":"z","origin":[8.95912,11.91785,6.48867]},"faces":{"north":{"uv":[0,0,0.35,0.75],"rotation":270,"texture":"#0"},"east":{"uv":[0,0,0.35,0.5],"rotation":90,"texture":"#0"},"south":{"uv":[0,0,0.35,0.75],"rotation":90,"texture":"#0"},"west":{"uv":[0,0,0.35,0.5],"rotation":90,"texture":"#0"},"up":{"uv":[6.5,0,7,0.75],"rotation":90,"texture":"#0"},"down":{"uv":[4.5,8,5,8.75],"rotation":90,"texture":"#0"}}},{"from":[7.00821,12.69447,6.25],"to":[7.50821,15.04447,6.75],"rotation":{"angle":0,"axis":"y","origin":[8.95912,11.91785,6.48867]},"faces":{"north":{"uv":[1.14,2.5,3.49,3],"rotation":270,"texture":"#0"},"east":{"uv":[0,3.5,2.35,4],"rotation":90,"texture":"#0"},"south":{"uv":[0,2.5,2.35,3],"rotation":90,"texture":"#0"},"west":{"uv":[7.5,0,9.85,0.5],"rotation":90,"texture":"#0"},"up":{"uv":[0,0,0.5,0.5],"rotation":90,"texture":"#0"},"down":{"uv":[0,0,0.5,0.5],"rotation":90,"texture":"#0"}}},{"from":[8.73934,12.69447,4.51887],"to":[9.23934,15.04447,5.01887],"rotation":{"angle":0,"axis":"y","origin":[8.95912,11.91785,6.48867]},"faces":{"north":{"uv":[7.5,0,9.85,0.5],"rotation":90,"texture":"#0"},"east":{"uv":[1.14,2.5,3.49,3],"rotation":270,"texture":"#0"},"south":{"uv":[0,4,2.35,4.5],"rotation":90,"texture":"#0"},"west":{"uv":[0,2.5,2.35,3],"rotation":90,"texture":"#0"},"up":{"uv":[0,0,0.5,0.5],"rotation":180,"texture":"#0"},"down":{"uv":[0,0,0.5,0.5],"texture":"#0"}}},{"from":[8.73934,12.69447,7.95416],"to":[9.23934,15.04447,8.45416],"rotation":{"angle":0,"axis":"y","origin":[8.95912,11.91785,6.48867]},"faces":{"north":{"uv":[0,3,2.35,3.5],"rotation":90,"texture":"#0"},"east":{"uv":[1.14,2.5,3.49,3],"rotation":270,"texture":"#0"},"south":{"uv":[7.5,0,9.85,0.5],"rotation":90,"texture":"#0"},"west":{"uv":[0,2.5,2.35,3],"rotation":90,"texture":"#0"},"up":{"uv":[0,0,0.5,0.5],"rotation":180,"texture":"#0"},"down":{"uv":[0,0,0.5,0.5],"texture":"#0"}}},{"from":[10.51064,12.71316,6.25],"to":[11.01064,15.06316,6.75],"rotation":{"angle":0,"axis":"y","origin":[8.95912,11.91785,6.48867]},"faces":{"north":{"uv":[1.1,2.5,3.6,3],"rotation":270,"texture":"#0"},"east":{"uv":[7.5,0,9.85,0.5],"rotation":90,"texture":"#0"},"south":{"uv":[0,2.5,2.35,3],"rotation":90,"texture":"#0"},"west":{"uv":[0,3.5,2.35,4],"rotation":90,"texture":"#0"},"up":{"uv":[0,0,0.5,0.5],"rotation":90,"texture":"#0"},"down":{"uv":[0,0,0.5,0.5],"rotation":90,"texture":"#0"}}},{"from":[7.66568,10.56655,6.25],"to":[9.01568,11.06655,6.75],"rotation":{"angle":-22.5,"axis":"z","origin":[8.95912,11.91785,6.48867]},"faces":{"north":{"uv":[0,0,1.35,0.5],"texture":"#0"},"east":{"uv":[0,0,0.5,0.5],"texture":"#0"},"south":{"uv":[0,0,1.35,0.5],"texture":"#0"},"west":{"uv":[0,0,0.5,0.5],"texture":"#0"},"up":{"uv":[3,3.5,4.35,4],"texture":"#0"},"down":{"uv":[0,0,1.35,0.5],"texture":"#0"}}},{"from":[8.73934,10.55932,5.17778],"to":[9.23934,11.05932,6.52778],"rotation":{"angle":22.5,"axis":"x","origin":[8.95912,11.91785,6.48867]},"faces":{"north":{"uv":[0,0,0.5,0.5],"texture":"#0"},"east":{"uv":[0,0,1.35,0.5],"texture":"#0"},"south":{"uv":[0,0,0.5,0.5],"texture":"#0"},"west":{"uv":[0,0,1.35,0.5],"texture":"#0"},"up":{"uv":[4,4,5.35,4.5],"rotation":90,"texture":"#0"},"down":{"uv":[0,0,1.35,0.5],"rotation":270,"texture":"#0"}}},{"from":[8.73934,10.56097,6.44558],"to":[9.23934,11.06097,7.79558],"rotation":{"angle":-22.5,"axis":"x","origin":[8.95912,11.91785,6.48867]},"faces":{"north":{"uv":[0,0,0.5,0.5],"texture":"#0"},"east":{"uv":[0,0,1.35,0.5],"texture":"#0"},"south":{"uv":[0,0,0.5,0.5],"texture":"#0"},"west":{"uv":[0,0,1.35,0.5],"texture":"#0"},"up":{"uv":[4.5,3,5.85,3.5],"rotation":90,"texture":"#0"},"down":{"uv":[0,0,1.35,0.5],"rotation":270,"texture":"#0"}}},{"from":[7.85212,7.81428,6.275],"to":[8.10212,9.33928,6.7],"rotation":{"angle":0,"axis":"y","origin":[8.95912,11.91785,6.48867]},"faces":{"north":{"uv":[5.5,5,6.8,5.225],"rotation":90,"texture":"#0"},"east":{"uv":[5,5.5,6.3,5.925],"rotation":270,"texture":"#0"},"south":{"uv":[5,5.5,6.3,5.725],"rotation":270,"texture":"#0"},"west":{"uv":[5,4.5,6.3,4.925],"rotation":270,"texture":"#0"},"up":{"uv":[5,6,5.425,6.225],"rotation":270,"texture":"#0"},"down":{"uv":[5.5,5,5.925,5.225],"rotation":270,"texture":"#0"}}},{"from":[8.77878,7.81428,5.37334],"to":[9.20378,9.33928,5.62334],"rotation":{"angle":0,"axis":"y","origin":[8.95912,11.91785,6.48867]},"faces":{"north":{"uv":[5.5,5,6.8,5.225],"rotation":270,"texture":"#0"},"east":{"uv":[5,5.5,6.3,5.925],"rotation":90,"texture":"#0"},"south":{"uv":[5,5.5,6.3,5.725],"rotation":270,"texture":"#0"},"west":{"uv":[5,4.5,6.3,4.925],"rotation":270,"texture":"#0"},"up":{"uv":[5,6,5.425,6.225],"texture":"#0"},"down":{"uv":[5.5,5,5.925,5.225],"rotation":180,"texture":"#0"}}},{"from":[8.77878,7.81428,7.33909],"to":[9.20378,9.33928,7.58909],"rotation":{"angle":0,"axis":"y","origin":[8.95912,11.91785,6.48867]},"faces":{"north":{"uv":[5.5,5,6.8,5.225],"rotation":270,"texture":"#0"},"east":{"uv":[5,5.5,6.3,5.925],"rotation":90,"texture":"#0"},"south":{"uv":[5,5.5,6.3,5.725],"rotation":270,"texture":"#0"},"west":{"uv":[5,4.5,6.3,4.925],"rotation":270,"texture":"#0"},"up":{"uv":[5,6,5.425,6.225],"texture":"#0"},"down":{"uv":[5.5,5,5.925,5.225],"rotation":180,"texture":"#0"}}},{"from":[9.86787,7.81428,6.275],"to":[10.11787,9.33928,6.7],"rotation":{"angle":0,"axis":"y","origin":[8.95912,11.91785,6.48867]},"faces":{"north":{"uv":[5.5,5,6.8,5.225],"rotation":90,"texture":"#0"},"east":{"uv":[5,5.5,6.3,5.925],"rotation":270,"texture":"#0"},"south":{"uv":[5,5.5,6.3,5.725],"rotation":270,"texture":"#0"},"west":{"uv":[5,4.5,6.3,4.925],"rotation":270,"texture":"#0"},"up":{"uv":[5,6,5.425,6.225],"rotation":270,"texture":"#0"},"down":{"uv":[5.5,5,5.925,5.225],"rotation":270,"texture":"#0"}}},{"from":[11.7346,8.66307,5.32027],"to":[12.2596,9.18807,5.62027],"rotation":{"angle":-45,"axis":"z","origin":[8.95912,11.91785,6.48867]},"faces":{"north":{"uv":[5.5,5,6.8,5.225],"rotation":270,"texture":"#0"},"east":{"uv":[5,5.5,6.3,5.925],"rotation":90,"texture":"#0"},"south":{"uv":[5,5.5,6.3,5.725],"rotation":270,"texture":"#0"},"west":{"uv":[5,4.5,6.3,4.925],"rotation":270,"texture":"#0"},"up":{"uv":[5,6,5.425,6.225],"texture":"#0"},"down":{"uv":[5.5,5,5.925,5.225],"rotation":180,"texture":"#0"}}},{"from":[11.7346,8.66307,7.34527],"to":[12.2596,9.18807,7.64527],"rotation":{"angle":-45,"axis":"z","origin":[8.95912,11.91785,6.48867]},"faces":{"north":{"uv":[5.5,5,6.8,5.225],"rotation":270,"texture":"#0"},"east":{"uv":[5,5.5,6.3,5.925],"rotation":90,"texture":"#0"},"south":{"uv":[5,5.5,6.3,5.725],"rotation":270,"texture":"#0"},"west":{"uv":[5,4.5,6.3,4.925],"rotation":270,"texture":"#0"},"up":{"uv":[5,6,5.425,6.225],"texture":"#0"},"down":{"uv":[5.5,5,5.925,5.225],"rotation":180,"texture":"#0"}}},{"from":[9.87405,8.64115,3.2101],"to":[10.17405,9.16615,3.7351],"rotation":{"angle":-45,"axis":"x","origin":[8.95912,11.91785,6.48867]},"faces":{"north":{"uv":[5.5,5,6.8,5.225],"rotation":90,"texture":"#0"},"east":{"uv":[5,5.5,6.3,5.925],"rotation":270,"texture":"#0"},"south":{"uv":[5,5.5,6.3,5.725],"rotation":270,"texture":"#0"},"west":{"uv":[5,4.5,6.3,4.925],"rotation":270,"texture":"#0"},"up":{"uv":[5,6,5.425,6.225],"rotation":270,"texture":"#0"},"down":{"uv":[5.5,5,5.925,5.225],"rotation":270,"texture":"#0"}}},{"from":[7.79905,8.64115,3.2101],"to":[8.09905,9.16615,3.7351],"rotation":{"angle":-45,"axis":"x","origin":[8.95912,11.91785,6.48867]},"faces":{"north":{"uv":[5.5,5,6.8,5.225],"rotation":90,"texture":"#0"},"east":{"uv":[5,5.5,6.3,5.925],"rotation":270,"texture":"#0"},"south":{"uv":[5,5.5,6.3,5.725],"rotation":270,"texture":"#0"},"west":{"uv":[5,4.5,6.3,4.925],"rotation":270,"texture":"#0"},"up":{"uv":[5,6,5.425,6.225],"rotation":270,"texture":"#0"},"down":{"uv":[5.5,5,5.925,5.225],"rotation":270,"texture":"#0"}}},{"from":[8.87316,9.71193,6.125],"to":[9.12316,10.41193,6.85],"rotation":{"angle":-22.5,"axis":"z","origin":[8.95912,11.91785,6.48867]},"faces":{"north":{"uv":[5,6,5.7,6.25],"rotation":90,"texture":"#0"},"east":{"uv":[6,4.5,6.7,5.225],"rotation":270,"texture":"#0"},"south":{"uv":[5,6,5.7,6.25],"rotation":270,"texture":"#0"},"west":{"uv":[5,5,5.7,5.725],"rotation":270,"texture":"#0"},"up":{"uv":[5,5,5.725,5.25],"rotation":270,"texture":"#0"},"down":{"uv":[5.5,5.5,6.225,5.75],"rotation":270,"texture":"#0"}}},{"from":[8.62878,9.70874,6.39502],"to":[9.35378,10.40874,6.64502],"rotation":{"angle":22.5,"axis":"x","origin":[8.95912,11.91785,6.48867]},"faces":{"north":{"uv":[5,5,5.7,5.725],"rotation":270,"texture":"#0"},"east":{"uv":[5.5,5,6.2,5.25],"rotation":90,"texture":"#0"},"south":{"uv":[5.5,5,6.2,5.725],"rotation":270,"texture":"#0"},"west":{"uv":[6,6,6.7,6.25],"rotation":270,"texture":"#0"},"up":{"uv":[5,6,5.725,6.25],"texture":"#0"},"down":{"uv":[0,0,0.725,0.25],"rotation":180,"texture":"#0"}}},{"from":[8.62878,9.71903,6.30748],"to":[9.35378,10.41903,6.55748],"rotation":{"angle":-22.5,"axis":"x","origin":[8.95912,11.91785,6.48867]},"faces":{"north":{"uv":[5,5,5.7,5.725],"rotation":270,"texture":"#0"},"east":{"uv":[5.5,5,6.2,5.25],"rotation":90,"texture":"#0"},"south":{"uv":[5.5,5,6.2,5.725],"rotation":270,"texture":"#0"},"west":{"uv":[6,6,6.7,6.25],"rotation":270,"texture":"#0"},"up":{"uv":[5,6,5.725,6.25],"texture":"#0"},"down":{"uv":[0,0,0.725,0.25],"rotation":180,"texture":"#0"}}},{"from":[8.83073,9.69716,6.125],"to":[9.08073,10.39716,6.85],"rotation":{"angle":22.5,"axis":"z","origin":[8.95912,11.91785,6.48867]},"faces":{"north":{"uv":[5,5,5.7,5.725],"rotation":90,"texture":"#0"},"east":{"uv":[5.5,5,6.2,5.25],"rotation":270,"texture":"#0"},"south":{"uv":[5.5,5,6.2,5.725],"rotation":270,"texture":"#0"},"west":{"uv":[6,6,6.7,6.25],"rotation":270,"texture":"#0"},"up":{"uv":[5,6,5.725,6.25],"rotation":270,"texture":"#0"},"down":{"uv":[0,0,0.725,0.25],"rotation":270,"texture":"#0"}}},{"from":[8.92316,9.11193,6.275],"to":[9.14816,10.41193,6.7],"rotation":{"angle":-22.5,"axis":"z","origin":[8.95912,11.91785,6.48867]},"faces":{"north":{"uv":[5.5,5,6.8,5.225],"rotation":90,"texture":"#0"},"east":{"uv":[5,5.5,6.3,5.925],"rotation":270,"texture":"#0"},"south":{"uv":[5,5.5,6.3,5.725],"rotation":270,"texture":"#0"},"west":{"uv":[5,4.5,6.3,4.925],"rotation":270,"texture":"#0"},"up":{"uv":[5,6,5.425,6.225],"rotation":270,"texture":"#0"},"down":{"uv":[5.5,5,5.925,5.225],"rotation":270,"texture":"#0"}}},{"from":[8.77878,9.10874,6.44502],"to":[9.20378,10.40874,6.67002],"rotation":{"angle":22.5,"axis":"x","origin":[8.95912,11.91785,6.48867]},"faces":{"north":{"uv":[5.5,5,6.8,5.225],"rotation":270,"texture":"#0"},"east":{"uv":[5,5.5,6.3,5.925],"rotation":90,"texture":"#0"},"south":{"uv":[5,5.5,6.3,5.725],"rotation":270,"texture":"#0"},"west":{"uv":[5,4.5,6.3,4.925],"rotation":270,"texture":"#0"},"up":{"uv":[5,6,5.425,6.225],"texture":"#0"},"down":{"uv":[5.5,5,5.925,5.225],"rotation":180,"texture":"#0"}}},{"from":[8.77878,9.11445,6.29354],"to":[9.20378,10.41445,6.51854],"rotation":{"angle":-22.5,"axis":"x","origin":[8.95912,11.91785,6.48867]},"faces":{"north":{"uv":[5.5,5,6.8,5.225],"rotation":270,"texture":"#0"},"east":{"uv":[5,5.5,6.3,5.925],"rotation":90,"texture":"#0"},"south":{"uv":[5,5.5,6.3,5.725],"rotation":270,"texture":"#0"},"west":{"uv":[5,4.5,6.3,4.925],"rotation":270,"texture":"#0"},"up":{"uv":[5,6,5.425,6.225],"texture":"#0"},"down":{"uv":[5.5,5,5.925,5.225],"rotation":180,"texture":"#0"}}},{"from":[8.81789,9.09213,6.275],"to":[9.04289,10.39213,6.7],"rotation":{"angle":22.5,"axis":"z","origin":[8.95912,11.91785,6.48867]},"faces":{"north":{"uv":[5.5,5,6.8,5.225],"rotation":90,"texture":"#0"},"east":{"uv":[5,5.5,6.3,5.925],"rotation":270,"texture":"#0"},"south":{"uv":[5,5.5,6.3,5.725],"rotation":270,"texture":"#0"},"west":{"uv":[5,4.5,6.3,4.925],"rotation":270,"texture":"#0"},"up":{"uv":[5,6,5.425,6.225],"rotation":270,"texture":"#0"},"down":{"uv":[5.5,5,5.925,5.225],"rotation":270,"texture":"#0"}}},{"from":[7.66568,10.56655,6.25],"to":[9.01568,11.06655,6.75],"rotation":{"angle":-22.5,"axis":"z","origin":[8.95912,11.91785,6.48867]},"faces":{"north":{"uv":[0,0,1.35,0.5],"texture":"#0"},"east":{"uv":[0,0,0.5,0.5],"texture":"#0"},"south":{"uv":[0,0,1.35,0.5],"texture":"#0"},"west":{"uv":[0,0,0.5,0.5],"texture":"#0"},"up":{"uv":[0,0,1.35,0.5],"texture":"#0"},"down":{"uv":[0,0,1.35,0.5],"texture":"#0"}}},{"from":[7.66568,10.56655,6.25],"to":[9.01568,11.06655,6.75],"rotation":{"angle":-22.5,"axis":"z","origin":[8.95912,11.91785,6.48867]},"faces":{"north":{"uv":[0,0,1.35,0.5],"texture":"#0"},"east":{"uv":[0,0,0.5,0.5],"texture":"#0"},"south":{"uv":[0,0,1.35,0.5],"texture":"#0"},"west":{"uv":[0,0,0.5,0.5],"texture":"#0"},"up":{"uv":[0,0,1.35,0.5],"texture":"#0"},"down":{"uv":[0,0,1.35,0.5],"texture":"#0"}}},{"from":[9.00266,10.54531,6.25],"to":[10.35266,11.04531,6.75],"rotation":{"angle":22.5,"axis":"z","origin":[8.95912,11.91785,6.48867]},"faces":{"north":{"uv":[0,0,1.35,0.5],"texture":"#0"},"east":{"uv":[0,0,0.5,0.5],"texture":"#0"},"south":{"uv":[0,0,1.35,0.5],"texture":"#0"},"west":{"uv":[0,0,0.5,0.5],"texture":"#0"},"up":{"uv":[4,3.5,5.35,4],"texture":"#0"},"down":{"uv":[0,0,1.35,0.5],"texture":"#0"}}},{"from":[7.93934,11.03984,5.5],"to":[10.03934,11.28984,7.5],"rotation":{"angle":0,"axis":"y","origin":[8.95912,11.91785,6.48867]},"faces":{"north":{"uv":[0,0,2.1,0.25],"texture":"#0"},"east":{"uv":[0,0,2,0.25],"texture":"#0"},"south":{"uv":[0,0,2.1,0.25],"texture":"#0"},"west":{"uv":[0,0,2,0.25],"texture":"#0"},"up":{"uv":[0,0,2.1,2],"texture":"#0"},"down":{"uv":[0,0,2.1,2],"texture":"#0"}}},{"from":[8.33934,10.78984,5.85],"to":[9.63934,11.03984,7.1],"rotation":{"angle":0,"axis":"y","origin":[8.95912,11.91785,6.48867]},"faces":{"north":{"uv":[0,0,1.3,0.25],"texture":"#0"},"east":{"uv":[0,0,1.25,0.25],"texture":"#0"},"south":{"uv":[0,0,1.3,0.25],"texture":"#0"},"west":{"uv":[0,0,1.25,0.25],"texture":"#0"},"up":{"uv":[0,0,1.3,1.25],"texture":"#0"},"down":{"uv":[0,0,1.3,1.25],"texture":"#0"}}},{"from":[8.33934,10.41484,5.85],"to":[9.63934,10.66484,7.1],"rotation":{"angle":0,"axis":"y","origin":[8.95912,11.91785,6.48867]},"faces":{"north":{"uv":[0,0,1.3,0.25],"texture":"#0"},"east":{"uv":[0,0,1.25,0.25],"texture":"#0"},"south":{"uv":[0,0,1.3,0.25],"texture":"#0"},"west":{"uv":[0,0,1.25,0.25],"texture":"#0"},"up":{"uv":[0,0,1.3,1.25],"texture":"#0"},"down":{"uv":[0,0,1.3,1.25],"texture":"#0"}}},{"from":[8.38934,10.66484,5.925],"to":[9.61434,10.78984,7.05],"rotation":{"angle":0,"axis":"y","origin":[8.95912,11.91785,6.48867]},"faces":{"north":{"uv":[0,0,1.225,0.125],"texture":"#0"},"east":{"uv":[0,0,1.125,0.125],"texture":"#0"},"south":{"uv":[0,0,1.225,0.125],"texture":"#0"},"west":{"uv":[0,0,1.125,0.125],"texture":"#0"},"up":{"uv":[0,0,1.225,1.125],"texture":"#0"},"down":{"uv":[0,0,1.225,1.125],"texture":"#0"}}},{"from":[8.38934,10.28984,5.925],"to":[9.61434,10.41484,7.05],"rotation":{"angle":0,"axis":"y","origin":[8.95912,11.91785,6.48867]},"faces":{"north":{"uv":[0,0,1.225,0.125],"texture":"#0"},"east":{"uv":[0,0,1.125,0.125],"texture":"#0"},"south":{"uv":[0,0,1.225,0.125],"texture":"#0"},"west":{"uv":[0,0,1.125,0.125],"texture":"#0"},"up":{"uv":[0,0,1.225,1.125],"texture":"#0"},"down":{"uv":[0,0,1.225,1.125],"texture":"#0"}}},{"from":[8.43934,10.16484,5.975],"to":[9.56434,10.28984,6.975],"rotation":{"angle":0,"axis":"y","origin":[8.95912,11.91785,6.48867]},"faces":{"north":{"uv":[0,0,1.125,0.125],"texture":"#0"},"east":{"uv":[0,0,1,0.125],"texture":"#0"},"south":{"uv":[0,0,1.125,0.125],"texture":"#0"},"west":{"uv":[0,0,1,0.125],"texture":"#0"},"up":{"uv":[0,0,1.125,1],"texture":"#0"},"down":{"uv":[0,0,1.125,1],"texture":"#0"}}},{"from":[8.51434,10.03984,6.05],"to":[9.48934,10.16484,6.9],"rotation":{"angle":0,"axis":"y","origin":[8.95912,11.91785,6.48867]},"faces":{"north":{"uv":[0,0,0.975,0.125],"texture":"#0"},"east":{"uv":[0,0,0.85,0.125],"texture":"#0"},"south":{"uv":[0,0,0.975,0.125],"texture":"#0"},"west":{"uv":[0,0,0.85,0.125],"texture":"#0"},"up":{"uv":[0,0,0.975,0.85],"texture":"#0"},"down":{"uv":[0,0,0.975,0.85],"texture":"#0"}}},{"from":[8.51434,9.28984,6.05],"to":[9.48934,9.66484,6.9],"rotation":{"angle":0,"axis":"y","origin":[8.95912,11.91785,6.48867]},"faces":{"north":{"uv":[0,0,0.975,0.375],"texture":"#0"},"east":{"uv":[0,0,0.85,0.375],"texture":"#0"},"south":{"uv":[0,0,0.975,0.375],"texture":"#0"},"west":{"uv":[0,0,0.85,0.375],"texture":"#0"},"up":{"uv":[0,0,0.975,0.85],"texture":"#0"},"down":{"uv":[5.5,0.5,6.475,1.35],"texture":"#0"}}},{"from":[8.61434,2.16484,6.125],"to":[9.38934,9.53984,6.825],"rotation":{"angle":0,"axis":"y","origin":[8.95912,11.91785,6.48867]},"faces":{"north":{"uv":[8,2,8.775,9.875],"texture":"#0"},"east":{"uv":[8,2,8.7,9.875],"texture":"#0"},"south":{"uv":[7.5,2,8.275,9.875],"texture":"#0"},"west":{"uv":[9,2,9.7,9.875],"texture":"#0"},"up":{"uv":[0,0,0.775,0.7],"texture":"#0"},"down":{"uv":[5.5,0,6.275,0.7],"texture":"#0"}}},{"from":[8.61434,9.66484,6.125],"to":[9.38934,10.03984,6.825],"rotation":{"angle":0,"axis":"y","origin":[8.95912,11.91785,6.48867]},"faces":{"north":{"uv":[0,10,1,10.875],"texture":"#0"},"east":{"uv":[0,10,1,10.875],"texture":"#0"},"south":{"uv":[0,10,1,10.875],"texture":"#0"},"west":{"uv":[0,10,1,10.875],"texture":"#0"},"up":{"uv":[0,0,0.775,0.7],"texture":"#0"},"down":{"uv":[0,0,0.775,0.7],"texture":"#0"}}},{"from":[8.71434,1.38984,6.2],"to":[9.26434,2.16484,6.75],"rotation":{"angle":0,"axis":"y","origin":[8.95912,11.91785,6.48867]},"faces":{"north":{"uv":[0,0,0.55,0.775],"texture":"#0"},"east":{"uv":[0,0,0.55,0.775],"texture":"#0"},"south":{"uv":[0,0,0.55,0.775],"texture":"#0"},"west":{"uv":[0,0,0.55,0.775],"texture":"#0"},"up":{"uv":[0,0,0.55,0.55],"texture":"#0"},"down":{"uv":[5.5,1.5,6.05,2.05],"texture":"#0"}}},{"from":[8.21434,2.88984,5.7],"to":[9.76434,2.91484,7.25],"rotation":{"angle":0,"axis":"y","origin":[8.95912,11.91785,6.48867]},"faces":{"north":{"uv":[5,5,6.55,5.025],"texture":"#0"},"east":{"uv":[5,4.5,6.55,4.525],"texture":"#0"},"south":{"uv":[5,5,6.55,5.025],"texture":"#0"},"west":{"uv":[5,5.5,6.55,5.525],"texture":"#0"},"up":{"uv":[5,5,6.55,6.55],"texture":"#0"},"down":{"uv":[5,5,6.55,6.55],"texture":"#0"}}}],"display":{"thirdperson_righthand":{"rotation":[0,-180,0],"translation":[1.25,1,-0.25],"scale":[1.2,1.2,1.2]},"thirdperson_lefthand":{"rotation":[0,-180,0],"translation":[-1.5,1,-0.5],"scale":[1.2,1.2,1.2]},"firstperson_righthand":{"rotation":[0,-156,0],"translation":[0,2,0],"scale":[0.81,0.81,0.81]},"firstperson_lefthand":{"rotation":[0,-160,0],"translation":[0,1.75,0],"scale":[0.81,0.81,0.81]},"ground":{"rotation":[68,31,0],"translation":[0,0,-9],"scale":[1.5,1.5,1.5]},"gui":{"rotation":[45,60,-92],"translation":[-2,-3.25,0],"scale":[0.77,0.77,0.77]},"head":{"rotation":[120,0,0],"translation":[-8.25,-23,-8.75],"scale":[2,2,2]},"fixed":{"rotation":[-180,90,0],"translation":[4.25,19.75,-6.75],"scale":[2.5,2.52734,2.5]}}}